ISO-10303-21;
HEADER;
FILE_DESCRIPTION(('STEP AP242'),'1');
FILE_NAME('0015453216.stp','2025-01-20T22:33:07',('TraceParts'),('TraceParts S.A.'),'Spatial InterOp 3D',' ',' ');
FILE_SCHEMA(('AP242_MANAGED_MODEL_BASED_3D_ENGINEERING_MIM_LF  {1 0 10303 442 1 1 4}'));
ENDSEC;
DATA;
#1=PRODUCT_DEFINITION_CONTEXT('',#10,'design');
#2=APPLICATION_PROTOCOL_DEFINITION('INTERNATIONAL STANDARD','ap242_managed_model_based_3d_engineering',2014,#10);
#3=PRODUCT_CATEGORY_RELATIONSHIP('NONE','NONE',#11,#12);
#4=SHAPE_DEFINITION_REPRESENTATION(#13,#14);
#5=SHAPE_DEFINITION_REPRESENTATION(#13,#15);
#6= (GEOMETRIC_REPRESENTATION_CONTEXT(3)GLOBAL_UNCERTAINTY_ASSIGNED_CONTEXT((#18))GLOBAL_UNIT_ASSIGNED_CONTEXT((#20,#21,#22))REPRESENTATION_CONTEXT('NONE','WORKSPACE'));
#10=APPLICATION_CONTEXT('managed model based 3d engineering');
#11=PRODUCT_CATEGORY('part','NONE');
#12=PRODUCT_RELATED_PRODUCT_CATEGORY('detail',' ',(#24));
#13=PRODUCT_DEFINITION_SHAPE('NONE','NONE',#25);
#14=ADVANCED_BREP_SHAPE_REPRESENTATION('0015453216_1',(#26,#27),#6);
#15=GEOMETRICALLY_BOUNDED_SURFACE_SHAPE_REPRESENTATION('1',(#28,#29),#6);
#18=UNCERTAINTY_MEASURE_WITH_UNIT(LENGTH_MEASURE(1.0E-06),#20,'','');
#20= (CONVERSION_BASED_UNIT('MILLIMETRE',#32)LENGTH_UNIT()NAMED_UNIT(#35));
#21= (NAMED_UNIT(#37)PLANE_ANGLE_UNIT()SI_UNIT($,.RADIAN.));
#22= (NAMED_UNIT(#37)SOLID_ANGLE_UNIT()SI_UNIT($,.STERADIAN.));
#24=PRODUCT('0015453216_1','0015453216_1','PART-0015453216_1-DESC',(#43));
#25=PRODUCT_DEFINITION('','NONE',#44,#1);
#26=MANIFOLD_SOLID_BREP('0015453216_1',#45);
#27=AXIS2_PLACEMENT_3D('',#46,#47,#48);
#28=GEOMETRIC_SET('1',(#49,#50,#51,#52,#53,#54,#55,#56,#57,#58,#59,#60,#61,#62,#63,#64,#65,#66,#67,#68,#69,#70,#71,#72,#73,#74,#75,#76,#77,#78,#79,#80,#81,#82,#83,#84,#85,#86,#87,#88,#89,#90,#91,#92,#93,#94,#95,#96,#97,#98,#99,#100,#101,#102,#103,#104,#105,#106,#107,#108,#109,#110,#111,#112));
#29=AXIS2_PLACEMENT_3D('',#113,#114,#115);
#32=LENGTH_MEASURE_WITH_UNIT(LENGTH_MEASURE(1.0),#116);
#35=DIMENSIONAL_EXPONENTS(1.0,0.0,0.0,0.0,0.0,0.0,0.0);
#37=DIMENSIONAL_EXPONENTS(0.0,0.0,0.0,0.0,0.0,0.0,0.0);
#43=PRODUCT_CONTEXT('',#10,'mechanical');
#44=PRODUCT_DEFINITION_FORMATION_WITH_SPECIFIED_SOURCE(' ','NONE',#24,.NOT_KNOWN.);
#45=CLOSED_SHELL('',(#117,#118,#119,#120,#121,#122,#123,#124,#125,#126,#127,#128,#129,#130,#131,#132,#133,#134,#135,#136,#137,#138,#139,#140,#141,#142,#143,#144,#145,#146,#147,#148,#149,#150,#151,#152,#153,#154,#155,#156,#157,#158,#159,#160,#161,#162,#163,#164,#165,#166,#167,#168,#169,#170,#171,#172,#173,#174,#175,#176,#177,#178,#179,#180,#181,#182,#183,#184,#185,#186,#187,#188,#189,#190,#191,#192,#193,#194,#195,#196,#197,#198,#199,#200,#201,#202,#203,#204,#205,#206,#207,#208,#209,#210,#211,#212,#213,#214,#215,#216,#217,#218,#219,#220,#221,#222,#223,#224,#225,#226,#227,#228,#229,#230,#231,#232,#233,#234,#235,#236,#237,#238,#239,#240,#241,#242,#243,#244,#245,#246,#247,#248,#249,#250,#251,#252,#253,#254,#255,#256,#257,#258,#259,#260,#261,#262,#263,#264,#265,#266,#267,#268,#269,#270,#271,#272,#273,#274,#275,#276,#277,#278,#279,#280,#281,#282,#283,#284,#285,#286,#287,#288,#289,#290,#291,#292,#293,#294,#295,#296,#297,#298,#299,#300,#301,#302,#303,#304,#305,#306,#307,#308,#309,#310,#311,#312,#313,#314,#315,#316,#317,#318,#319,#320,#321,#322,#323,#324,#325,#326,#327,#328,#329,#330,#331,#332,#333,#334,#335,#336,#337,#338,#339,#340,#341,#342,#343,#344,#345,#346,#347,#348,#349,#350,#351,#352,#353,#354,#355,#356,#357,#358,#359,#360,#361,#362,#363,#364,#365,#366,#367,#368,#369,#370,#371,#372,#373,#374,#375,#376,#377,#378,#379,#380,#381,#382,#383,#384,#385,#386,#387,#388,#389,#390,#391,#392,#393,#394,#395,#396,#397,#398,#399,#400,#401,#402,#403,#404,#405,#406,#407,#408,#409,#410,#411,#412,#413,#414,#415,#416,#417,#418,#419,#420,#421,#422,#423,#424,#425,#426,#427,#428,#429,#430,#431,#432,#433,#434,#435,#436,#437,#438,#439,#440,#441,#442,#443,#444,#445,#446,#447,#448,#449,#450,#451,#452,#453,#454,#455,#456,#457,#458,#459,#460,#461,#462,#463,#464,#465,#466,#467,#468,#469,#470,#471,#472,#473,#474,#475,#476,#477,#478,#479,#480,#481,#482,#483,#484,#485,#486,#487,#488,#489,#490,#491,#492,#493,#494,#495,#496,#497,#498,#499,#500,#501,#502,#503,#504,#505,#506,#507,#508,#509,#510,#511,#512,#513,#514,#515,#516,#517,#518,#519,#520,#521,#522,#523,#524,#525,#526,#527,#528,#529,#530,#531,#532,#533,#534,#535,#536,#537,#538,#539,#540,#541,#542,#543,#544,#545,#546,#547,#548,#549,#550,#551,#552,#553,#554,#555,#556,#557,#558,#559,#560,#561,#562,#563,#564,#565,#566,#567,#568,#569,#570,#571,#572,#573,#574,#575,#576,#577,#578,#579,#580,#581,#582,#583,#584,#585,#586,#587,#588,#589,#590,#591,#592,#593,#594,#595,#596,#597,#598,#599,#600,#601,#602,#603,#604,#605,#606,#607,#608,#609,#610,#611,#612,#613,#614,#615,#616,#617,#618,#619,#620,#621,#622,#623,#624,#625,#626,#627,#628,#629,#630,#631,#632,#633,#634,#635,#636,#637,#638,#639,#640,#641,#642,#643,#644,#645));
#46=CARTESIAN_POINT('',(0.0,0.0,0.0));
#47=DIRECTION('',(0.0,0.0,1.0));
#48=DIRECTION('',(1.0,0.0,0.0));
#49=COMPOSITE_CURVE('0015453216_2',(#646),.U.);
#50=COMPOSITE_CURVE('0015453216_3',(#647),.U.);
#51=COMPOSITE_CURVE('0015453216_4',(#648),.U.);
#52=COMPOSITE_CURVE('0015453216_5',(#649),.U.);
#53=COMPOSITE_CURVE('0015453216_6',(#650),.U.);
#54=COMPOSITE_CURVE('0015453216_7',(#651),.U.);
#55=COMPOSITE_CURVE('0015453216_8',(#652),.U.);
#56=COMPOSITE_CURVE('0015453216_9',(#653),.U.);
#57=COMPOSITE_CURVE('0015453216_10',(#654),.U.);
#58=COMPOSITE_CURVE('0015453216_11',(#655),.U.);
#59=COMPOSITE_CURVE('0015453216_12',(#656),.U.);
#60=COMPOSITE_CURVE('0015453216_13',(#657),.U.);
#61=COMPOSITE_CURVE('0015453216_14',(#658),.U.);
#62=COMPOSITE_CURVE('0015453216_15',(#659),.U.);
#63=COMPOSITE_CURVE('0015453216_16',(#660),.U.);
#64=COMPOSITE_CURVE('0015453216_17',(#661),.U.);
#65=COMPOSITE_CURVE('0015453216_18',(#662),.U.);
#66=COMPOSITE_CURVE('0015453216_19',(#663),.U.);
#67=COMPOSITE_CURVE('0015453216_20',(#664),.U.);
#68=COMPOSITE_CURVE('0015453216_21',(#665),.U.);
#69=COMPOSITE_CURVE('0015453216_22',(#666),.U.);
#70=COMPOSITE_CURVE('0015453216_23',(#667),.U.);
#71=COMPOSITE_CURVE('0015453216_24',(#668),.U.);
#72=COMPOSITE_CURVE('0015453216_25',(#669),.U.);
#73=COMPOSITE_CURVE('0015453216_26',(#670),.U.);
#74=COMPOSITE_CURVE('0015453216_27',(#671),.U.);
#75=COMPOSITE_CURVE('0015453216_28',(#672),.U.);
#76=COMPOSITE_CURVE('0015453216_29',(#673),.U.);
#77=COMPOSITE_CURVE('0015453216_30',(#674),.U.);
#78=COMPOSITE_CURVE('0015453216_31',(#675),.U.);
#79=COMPOSITE_CURVE('0015453216_32',(#676),.U.);
#80=COMPOSITE_CURVE('0015453216_33',(#677),.U.);
#81=COMPOSITE_CURVE('0015453216_34',(#678),.U.);
#82=COMPOSITE_CURVE('0015453216_35',(#679),.U.);
#83=COMPOSITE_CURVE('0015453216_36',(#680),.U.);
#84=COMPOSITE_CURVE('0015453216_37',(#681),.U.);
#85=COMPOSITE_CURVE('0015453216_38',(#682),.U.);
#86=COMPOSITE_CURVE('0015453216_39',(#683),.U.);
#87=COMPOSITE_CURVE('0015453216_40',(#684),.U.);
#88=COMPOSITE_CURVE('0015453216_41',(#685),.U.);
#89=COMPOSITE_CURVE('0015453216_42',(#686),.U.);
#90=COMPOSITE_CURVE('0015453216_43',(#687),.U.);
#91=COMPOSITE_CURVE('0015453216_44',(#688),.U.);
#92=COMPOSITE_CURVE('0015453216_45',(#689),.U.);
#93=COMPOSITE_CURVE('0015453216_46',(#690),.U.);
#94=COMPOSITE_CURVE('0015453216_47',(#691),.U.);
#95=COMPOSITE_CURVE('0015453216_48',(#692),.U.);
#96=COMPOSITE_CURVE('0015453216_49',(#693),.U.);
#97=COMPOSITE_CURVE('0015453216_50',(#694),.U.);
#98=COMPOSITE_CURVE('0015453216_51',(#695),.U.);
#99=COMPOSITE_CURVE('0015453216_52',(#696),.U.);
#100=COMPOSITE_CURVE('0015453216_53',(#697),.U.);
#101=COMPOSITE_CURVE('0015453216_54',(#698),.U.);
#102=COMPOSITE_CURVE('0015453216_55',(#699),.U.);
#103=COMPOSITE_CURVE('0015453216_56',(#700),.U.);
#104=COMPOSITE_CURVE('0015453216_57',(#701),.U.);
#105=COMPOSITE_CURVE('0015453216_58',(#702),.U.);
#106=COMPOSITE_CURVE('0015453216_59',(#703),.U.);
#107=COMPOSITE_CURVE('0015453216_60',(#704),.U.);
#108=COMPOSITE_CURVE('0015453216_61',(#705),.U.);
#109=COMPOSITE_CURVE('0015453216_62',(#706),.U.);
#110=COMPOSITE_CURVE('0015453216_63',(#707),.U.);
#111=COMPOSITE_CURVE('0015453216_64',(#708),.U.);
#112=COMPOSITE_CURVE('0015453216_65',(#709),.U.);
#113=CARTESIAN_POINT('',(0.0,0.0,0.0));
#114=DIRECTION('',(0.0,0.0,1.0));
#115=DIRECTION('',(1.0,0.0,0.0));
#116= (NAMED_UNIT(#35)LENGTH_UNIT()SI_UNIT(.MILLI.,.METRE.));
#117=ADVANCED_FACE('',(#711),#712,.F.);
#118=ADVANCED_FACE('',(#713),#714,.F.);
#119=ADVANCED_FACE('',(#715),#716,.F.);
#120=ADVANCED_FACE('',(#717),#718,.F.);
#121=ADVANCED_FACE('',(#719),#720,.F.);
#122=ADVANCED_FACE('',(#721),#722,.F.);
#123=ADVANCED_FACE('',(#723),#724,.F.);
#124=ADVANCED_FACE('',(#725),#726,.F.);
#125=ADVANCED_FACE('',(#727),#728,.F.);
#126=ADVANCED_FACE('',(#729),#730,.F.);
#127=ADVANCED_FACE('',(#731),#732,.F.);
#128=ADVANCED_FACE('',(#733),#734,.F.);
#129=ADVANCED_FACE('',(#735),#736,.F.);
#130=ADVANCED_FACE('',(#737),#738,.F.);
#131=ADVANCED_FACE('',(#739),#740,.F.);
#132=ADVANCED_FACE('',(#741),#742,.F.);
#133=ADVANCED_FACE('',(#743),#744,.F.);
#134=ADVANCED_FACE('',(#745),#746,.F.);
#135=ADVANCED_FACE('',(#747),#748,.F.);
#136=ADVANCED_FACE('',(#749),#750,.F.);
#137=ADVANCED_FACE('',(#751),#752,.F.);
#138=ADVANCED_FACE('',(#753),#754,.F.);
#139=ADVANCED_FACE('',(#755),#756,.F.);
#140=ADVANCED_FACE('',(#757),#758,.F.);
#141=ADVANCED_FACE('',(#759),#760,.F.);
#142=ADVANCED_FACE('',(#761),#762,.F.);
#143=ADVANCED_FACE('',(#763),#764,.F.);
#144=ADVANCED_FACE('',(#765),#766,.F.);
#145=ADVANCED_FACE('',(#767),#768,.T.);
#146=ADVANCED_FACE('',(#769,#770,#771,#772,#773,#774,#775,#776,#777,#778,#779,#780,#781,#782,#783,#784,#785,#786,#787,#788,#789,#790,#791,#792),#793,.F.);
#147=ADVANCED_FACE('',(#794),#795,.F.);
#148=ADVANCED_FACE('',(#796),#797,.F.);
#149=ADVANCED_FACE('',(#798),#799,.T.);
#150=ADVANCED_FACE('',(#800),#801,.T.);
#151=ADVANCED_FACE('',(#802),#803,.F.);
#152=ADVANCED_FACE('',(#804),#805,.F.);
#153=ADVANCED_FACE('',(#806),#807,.T.);
#154=ADVANCED_FACE('',(#808),#809,.T.);
#155=ADVANCED_FACE('',(#810),#811,.T.);
#156=ADVANCED_FACE('',(#812),#813,.T.);
#157=ADVANCED_FACE('',(#814),#815,.T.);
#158=ADVANCED_FACE('',(#816),#817,.T.);
#159=ADVANCED_FACE('',(#818),#819,.T.);
#160=ADVANCED_FACE('',(#820),#821,.T.);
#161=ADVANCED_FACE('',(#822),#823,.F.);
#162=ADVANCED_FACE('',(#824),#825,.T.);
#163=ADVANCED_FACE('',(#826),#827,.T.);
#164=ADVANCED_FACE('',(#828),#829,.F.);
#165=ADVANCED_FACE('',(#830),#831,.T.);
#166=ADVANCED_FACE('',(#832),#833,.F.);
#167=ADVANCED_FACE('',(#834),#835,.T.);
#168=ADVANCED_FACE('',(#836),#837,.T.);
#169=ADVANCED_FACE('',(#838),#839,.F.);
#170=ADVANCED_FACE('',(#840),#841,.F.);
#171=ADVANCED_FACE('',(#842),#843,.F.);
#172=ADVANCED_FACE('',(#844),#845,.T.);
#173=ADVANCED_FACE('',(#846),#847,.T.);
#174=ADVANCED_FACE('',(#848),#849,.T.);
#175=ADVANCED_FACE('',(#850),#851,.T.);
#176=ADVANCED_FACE('',(#852),#853,.T.);
#177=ADVANCED_FACE('',(#854),#855,.T.);
#178=ADVANCED_FACE('',(#856),#857,.T.);
#179=ADVANCED_FACE('',(#858),#859,.T.);
#180=ADVANCED_FACE('',(#860),#861,.T.);
#181=ADVANCED_FACE('',(#862),#863,.F.);
#182=ADVANCED_FACE('',(#864),#865,.T.);
#183=ADVANCED_FACE('',(#866),#867,.T.);
#184=ADVANCED_FACE('',(#868),#869,.T.);
#185=ADVANCED_FACE('',(#870),#871,.F.);
#186=ADVANCED_FACE('',(#872),#873,.F.);
#187=ADVANCED_FACE('',(#874),#875,.F.);
#188=ADVANCED_FACE('',(#876),#877,.F.);
#189=ADVANCED_FACE('',(#878),#879,.F.);
#190=ADVANCED_FACE('',(#880),#881,.F.);
#191=ADVANCED_FACE('',(#882),#883,.F.);
#192=ADVANCED_FACE('',(#884),#885,.T.);
#193=ADVANCED_FACE('',(#886),#887,.T.);
#194=ADVANCED_FACE('',(#888),#889,.F.);
#195=ADVANCED_FACE('',(#890),#891,.T.);
#196=ADVANCED_FACE('',(#892),#893,.T.);
#197=ADVANCED_FACE('',(#894),#895,.T.);
#198=ADVANCED_FACE('',(#896),#897,.F.);
#199=ADVANCED_FACE('',(#898),#899,.T.);
#200=ADVANCED_FACE('',(#900),#901,.T.);
#201=ADVANCED_FACE('',(#902),#903,.T.);
#202=ADVANCED_FACE('',(#904),#905,.T.);
#203=ADVANCED_FACE('',(#906),#907,.T.);
#204=ADVANCED_FACE('',(#908),#909,.T.);
#205=ADVANCED_FACE('',(#910),#911,.T.);
#206=ADVANCED_FACE('',(#912),#913,.T.);
#207=ADVANCED_FACE('',(#914),#915,.F.);
#208=ADVANCED_FACE('',(#916),#917,.T.);
#209=ADVANCED_FACE('',(#918),#919,.T.);
#210=ADVANCED_FACE('',(#920),#921,.T.);
#211=ADVANCED_FACE('',(#922),#923,.F.);
#212=ADVANCED_FACE('',(#924),#925,.F.);
#213=ADVANCED_FACE('',(#926),#927,.F.);
#214=ADVANCED_FACE('',(#928),#929,.F.);
#215=ADVANCED_FACE('',(#930),#931,.F.);
#216=ADVANCED_FACE('',(#932),#933,.F.);
#217=ADVANCED_FACE('',(#934),#935,.F.);
#218=ADVANCED_FACE('',(#936),#937,.T.);
#219=ADVANCED_FACE('',(#938),#939,.T.);
#220=ADVANCED_FACE('',(#940),#941,.F.);
#221=ADVANCED_FACE('',(#942),#943,.T.);
#222=ADVANCED_FACE('',(#944),#945,.T.);
#223=ADVANCED_FACE('',(#946),#947,.T.);
#224=ADVANCED_FACE('',(#948),#949,.F.);
#225=ADVANCED_FACE('',(#950),#951,.T.);
#226=ADVANCED_FACE('',(#952),#953,.T.);
#227=ADVANCED_FACE('',(#954),#955,.T.);
#228=ADVANCED_FACE('',(#956),#957,.T.);
#229=ADVANCED_FACE('',(#958),#959,.T.);
#230=ADVANCED_FACE('',(#960),#961,.T.);
#231=ADVANCED_FACE('',(#962),#963,.T.);
#232=ADVANCED_FACE('',(#964),#965,.T.);
#233=ADVANCED_FACE('',(#966),#967,.T.);
#234=ADVANCED_FACE('',(#968),#969,.T.);
#235=ADVANCED_FACE('',(#970),#971,.T.);
#236=ADVANCED_FACE('',(#972),#973,.T.);
#237=ADVANCED_FACE('',(#974),#975,.T.);
#238=ADVANCED_FACE('',(#976),#977,.F.);
#239=ADVANCED_FACE('',(#978),#979,.T.);
#240=ADVANCED_FACE('',(#980),#981,.T.);
#241=ADVANCED_FACE('',(#982),#983,.T.);
#242=ADVANCED_FACE('',(#984),#985,.F.);
#243=ADVANCED_FACE('',(#986),#987,.F.);
#244=ADVANCED_FACE('',(#988),#989,.F.);
#245=ADVANCED_FACE('',(#990),#991,.F.);
#246=ADVANCED_FACE('',(#992),#993,.F.);
#247=ADVANCED_FACE('',(#994),#995,.F.);
#248=ADVANCED_FACE('',(#996),#997,.F.);
#249=ADVANCED_FACE('',(#998),#999,.T.);
#250=ADVANCED_FACE('',(#1000),#1001,.T.);
#251=ADVANCED_FACE('',(#1002),#1003,.F.);
#252=ADVANCED_FACE('',(#1004),#1005,.T.);
#253=ADVANCED_FACE('',(#1006),#1007,.T.);
#254=ADVANCED_FACE('',(#1008),#1009,.T.);
#255=ADVANCED_FACE('',(#1010),#1011,.F.);
#256=ADVANCED_FACE('',(#1012),#1013,.T.);
#257=ADVANCED_FACE('',(#1014),#1015,.T.);
#258=ADVANCED_FACE('',(#1016),#1017,.T.);
#259=ADVANCED_FACE('',(#1018),#1019,.T.);
#260=ADVANCED_FACE('',(#1020),#1021,.T.);
#261=ADVANCED_FACE('',(#1022),#1023,.T.);
#262=ADVANCED_FACE('',(#1024),#1025,.T.);
#263=ADVANCED_FACE('',(#1026),#1027,.T.);
#264=ADVANCED_FACE('',(#1028),#1029,.T.);
#265=ADVANCED_FACE('',(#1030),#1031,.T.);
#266=ADVANCED_FACE('',(#1032),#1033,.T.);
#267=ADVANCED_FACE('',(#1034),#1035,.T.);
#268=ADVANCED_FACE('',(#1036),#1037,.T.);
#269=ADVANCED_FACE('',(#1038),#1039,.F.);
#270=ADVANCED_FACE('',(#1040),#1041,.F.);
#271=ADVANCED_FACE('',(#1042),#1043,.F.);
#272=ADVANCED_FACE('',(#1044),#1045,.T.);
#273=ADVANCED_FACE('',(#1046),#1047,.F.);
#274=ADVANCED_FACE('',(#1048),#1049,.F.);
#275=ADVANCED_FACE('',(#1050),#1051,.F.);
#276=ADVANCED_FACE('',(#1052),#1053,.F.);
#277=ADVANCED_FACE('',(#1054),#1055,.F.);
#278=ADVANCED_FACE('',(#1056),#1057,.F.);
#279=ADVANCED_FACE('',(#1058),#1059,.F.);
#280=ADVANCED_FACE('',(#1060),#1061,.T.);
#281=ADVANCED_FACE('',(#1062),#1063,.T.);
#282=ADVANCED_FACE('',(#1064),#1065,.T.);
#283=ADVANCED_FACE('',(#1066),#1067,.T.);
#284=ADVANCED_FACE('',(#1068),#1069,.T.);
#285=ADVANCED_FACE('',(#1070),#1071,.F.);
#286=ADVANCED_FACE('',(#1072),#1073,.T.);
#287=ADVANCED_FACE('',(#1074),#1075,.F.);
#288=ADVANCED_FACE('',(#1076),#1077,.T.);
#289=ADVANCED_FACE('',(#1078),#1079,.T.);
#290=ADVANCED_FACE('',(#1080),#1081,.T.);
#291=ADVANCED_FACE('',(#1082),#1083,.T.);
#292=ADVANCED_FACE('',(#1084),#1085,.T.);
#293=ADVANCED_FACE('',(#1086),#1087,.T.);
#294=ADVANCED_FACE('',(#1088),#1089,.T.);
#295=ADVANCED_FACE('',(#1090),#1091,.T.);
#296=ADVANCED_FACE('',(#1092),#1093,.T.);
#297=ADVANCED_FACE('',(#1094),#1095,.T.);
#298=ADVANCED_FACE('',(#1096),#1097,.T.);
#299=ADVANCED_FACE('',(#1098),#1099,.T.);
#300=ADVANCED_FACE('',(#1100),#1101,.F.);
#301=ADVANCED_FACE('',(#1102),#1103,.F.);
#302=ADVANCED_FACE('',(#1104),#1105,.F.);
#303=ADVANCED_FACE('',(#1106),#1107,.T.);
#304=ADVANCED_FACE('',(#1108),#1109,.F.);
#305=ADVANCED_FACE('',(#1110),#1111,.F.);
#306=ADVANCED_FACE('',(#1112),#1113,.F.);
#307=ADVANCED_FACE('',(#1114),#1115,.F.);
#308=ADVANCED_FACE('',(#1116),#1117,.F.);
#309=ADVANCED_FACE('',(#1118),#1119,.F.);
#310=ADVANCED_FACE('',(#1120),#1121,.F.);
#311=ADVANCED_FACE('',(#1122),#1123,.T.);
#312=ADVANCED_FACE('',(#1124),#1125,.T.);
#313=ADVANCED_FACE('',(#1126),#1127,.T.);
#314=ADVANCED_FACE('',(#1128),#1129,.T.);
#315=ADVANCED_FACE('',(#1130),#1131,.T.);
#316=ADVANCED_FACE('',(#1132),#1133,.F.);
#317=ADVANCED_FACE('',(#1134),#1135,.T.);
#318=ADVANCED_FACE('',(#1136),#1137,.F.);
#319=ADVANCED_FACE('',(#1138),#1139,.T.);
#320=ADVANCED_FACE('',(#1140),#1141,.T.);
#321=ADVANCED_FACE('',(#1142),#1143,.T.);
#322=ADVANCED_FACE('',(#1144),#1145,.T.);
#323=ADVANCED_FACE('',(#1146),#1147,.T.);
#324=ADVANCED_FACE('',(#1148),#1149,.T.);
#325=ADVANCED_FACE('',(#1150),#1151,.T.);
#326=ADVANCED_FACE('',(#1152),#1153,.T.);
#327=ADVANCED_FACE('',(#1154),#1155,.T.);
#328=ADVANCED_FACE('',(#1156),#1157,.T.);
#329=ADVANCED_FACE('',(#1158),#1159,.T.);
#330=ADVANCED_FACE('',(#1160),#1161,.T.);
#331=ADVANCED_FACE('',(#1162),#1163,.F.);
#332=ADVANCED_FACE('',(#1164),#1165,.F.);
#333=ADVANCED_FACE('',(#1166),#1167,.F.);
#334=ADVANCED_FACE('',(#1168),#1169,.T.);
#335=ADVANCED_FACE('',(#1170),#1171,.F.);
#336=ADVANCED_FACE('',(#1172),#1173,.F.);
#337=ADVANCED_FACE('',(#1174),#1175,.F.);
#338=ADVANCED_FACE('',(#1176),#1177,.F.);
#339=ADVANCED_FACE('',(#1178),#1179,.F.);
#340=ADVANCED_FACE('',(#1180),#1181,.F.);
#341=ADVANCED_FACE('',(#1182),#1183,.F.);
#342=ADVANCED_FACE('',(#1184),#1185,.T.);
#343=ADVANCED_FACE('',(#1186),#1187,.T.);
#344=ADVANCED_FACE('',(#1188),#1189,.T.);
#345=ADVANCED_FACE('',(#1190),#1191,.T.);
#346=ADVANCED_FACE('',(#1192),#1193,.T.);
#347=ADVANCED_FACE('',(#1194),#1195,.F.);
#348=ADVANCED_FACE('',(#1196),#1197,.T.);
#349=ADVANCED_FACE('',(#1198),#1199,.F.);
#350=ADVANCED_FACE('',(#1200),#1201,.T.);
#351=ADVANCED_FACE('',(#1202),#1203,.T.);
#352=ADVANCED_FACE('',(#1204),#1205,.T.);
#353=ADVANCED_FACE('',(#1206),#1207,.T.);
#354=ADVANCED_FACE('',(#1208),#1209,.T.);
#355=ADVANCED_FACE('',(#1210),#1211,.T.);
#356=ADVANCED_FACE('',(#1212),#1213,.T.);
#357=ADVANCED_FACE('',(#1214),#1215,.T.);
#358=ADVANCED_FACE('',(#1216),#1217,.T.);
#359=ADVANCED_FACE('',(#1218),#1219,.T.);
#360=ADVANCED_FACE('',(#1220),#1221,.T.);
#361=ADVANCED_FACE('',(#1222),#1223,.T.);
#362=ADVANCED_FACE('',(#1224),#1225,.F.);
#363=ADVANCED_FACE('',(#1226),#1227,.F.);
#364=ADVANCED_FACE('',(#1228),#1229,.F.);
#365=ADVANCED_FACE('',(#1230),#1231,.T.);
#366=ADVANCED_FACE('',(#1232),#1233,.F.);
#367=ADVANCED_FACE('',(#1234),#1235,.F.);
#368=ADVANCED_FACE('',(#1236),#1237,.F.);
#369=ADVANCED_FACE('',(#1238),#1239,.F.);
#370=ADVANCED_FACE('',(#1240),#1241,.F.);
#371=ADVANCED_FACE('',(#1242),#1243,.F.);
#372=ADVANCED_FACE('',(#1244),#1245,.F.);
#373=ADVANCED_FACE('',(#1246),#1247,.T.);
#374=ADVANCED_FACE('',(#1248),#1249,.T.);
#375=ADVANCED_FACE('',(#1250),#1251,.T.);
#376=ADVANCED_FACE('',(#1252),#1253,.T.);
#377=ADVANCED_FACE('',(#1254),#1255,.T.);
#378=ADVANCED_FACE('',(#1256),#1257,.F.);
#379=ADVANCED_FACE('',(#1258),#1259,.T.);
#380=ADVANCED_FACE('',(#1260),#1261,.F.);
#381=ADVANCED_FACE('',(#1262),#1263,.T.);
#382=ADVANCED_FACE('',(#1264),#1265,.T.);
#383=ADVANCED_FACE('',(#1266),#1267,.T.);
#384=ADVANCED_FACE('',(#1268),#1269,.T.);
#385=ADVANCED_FACE('',(#1270),#1271,.T.);
#386=ADVANCED_FACE('',(#1272),#1273,.T.);
#387=ADVANCED_FACE('',(#1274),#1275,.T.);
#388=ADVANCED_FACE('',(#1276),#1277,.T.);
#389=ADVANCED_FACE('',(#1278),#1279,.T.);
#390=ADVANCED_FACE('',(#1280),#1281,.T.);
#391=ADVANCED_FACE('',(#1282),#1283,.T.);
#392=ADVANCED_FACE('',(#1284),#1285,.T.);
#393=ADVANCED_FACE('',(#1286),#1287,.F.);
#394=ADVANCED_FACE('',(#1288),#1289,.F.);
#395=ADVANCED_FACE('',(#1290),#1291,.F.);
#396=ADVANCED_FACE('',(#1292),#1293,.T.);
#397=ADVANCED_FACE('',(#1294),#1295,.F.);
#398=ADVANCED_FACE('',(#1296),#1297,.F.);
#399=ADVANCED_FACE('',(#1298),#1299,.F.);
#400=ADVANCED_FACE('',(#1300),#1301,.F.);
#401=ADVANCED_FACE('',(#1302),#1303,.F.);
#402=ADVANCED_FACE('',(#1304),#1305,.F.);
#403=ADVANCED_FACE('',(#1306),#1307,.F.);
#404=ADVANCED_FACE('',(#1308),#1309,.T.);
#405=ADVANCED_FACE('',(#1310),#1311,.T.);
#406=ADVANCED_FACE('',(#1312),#1313,.T.);
#407=ADVANCED_FACE('',(#1314),#1315,.T.);
#408=ADVANCED_FACE('',(#1316),#1317,.T.);
#409=ADVANCED_FACE('',(#1318),#1319,.F.);
#410=ADVANCED_FACE('',(#1320),#1321,.T.);
#411=ADVANCED_FACE('',(#1322),#1323,.F.);
#412=ADVANCED_FACE('',(#1324),#1325,.T.);
#413=ADVANCED_FACE('',(#1326),#1327,.T.);
#414=ADVANCED_FACE('',(#1328),#1329,.T.);
#415=ADVANCED_FACE('',(#1330),#1331,.T.);
#416=ADVANCED_FACE('',(#1332),#1333,.T.);
#417=ADVANCED_FACE('',(#1334),#1335,.T.);
#418=ADVANCED_FACE('',(#1336),#1337,.T.);
#419=ADVANCED_FACE('',(#1338),#1339,.T.);
#420=ADVANCED_FACE('',(#1340),#1341,.T.);
#421=ADVANCED_FACE('',(#1342),#1343,.T.);
#422=ADVANCED_FACE('',(#1344),#1345,.T.);
#423=ADVANCED_FACE('',(#1346),#1347,.F.);
#424=ADVANCED_FACE('',(#1348),#1349,.F.);
#425=ADVANCED_FACE('',(#1350),#1351,.F.);
#426=ADVANCED_FACE('',(#1352),#1353,.F.);
#427=ADVANCED_FACE('',(#1354),#1355,.F.);
#428=ADVANCED_FACE('',(#1356),#1357,.F.);
#429=ADVANCED_FACE('',(#1358),#1359,.F.);
#430=ADVANCED_FACE('',(#1360),#1361,.F.);
#431=ADVANCED_FACE('',(#1362),#1363,.T.);
#432=ADVANCED_FACE('',(#1364),#1365,.T.);
#433=ADVANCED_FACE('',(#1366),#1367,.T.);
#434=ADVANCED_FACE('',(#1368),#1369,.T.);
#435=ADVANCED_FACE('',(#1370),#1371,.F.);
#436=ADVANCED_FACE('',(#1372),#1373,.F.);
#437=ADVANCED_FACE('',(#1374),#1375,.F.);
#438=ADVANCED_FACE('',(#1376),#1377,.T.);
#439=ADVANCED_FACE('',(#1378),#1379,.T.);
#440=ADVANCED_FACE('',(#1380),#1381,.T.);
#441=ADVANCED_FACE('',(#1382),#1383,.T.);
#442=ADVANCED_FACE('',(#1384),#1385,.T.);
#443=ADVANCED_FACE('',(#1386),#1387,.F.);
#444=ADVANCED_FACE('',(#1388),#1389,.T.);
#445=ADVANCED_FACE('',(#1390),#1391,.T.);
#446=ADVANCED_FACE('',(#1392),#1393,.F.);
#447=ADVANCED_FACE('',(#1394),#1395,.T.);
#448=ADVANCED_FACE('',(#1396),#1397,.F.);
#449=ADVANCED_FACE('',(#1398),#1399,.F.);
#450=ADVANCED_FACE('',(#1400),#1401,.F.);
#451=ADVANCED_FACE('',(#1402),#1403,.F.);
#452=ADVANCED_FACE('',(#1404),#1405,.F.);
#453=ADVANCED_FACE('',(#1406),#1407,.F.);
#454=ADVANCED_FACE('',(#1408),#1409,.F.);
#455=ADVANCED_FACE('',(#1410),#1411,.T.);
#456=ADVANCED_FACE('',(#1412),#1413,.F.);
#457=ADVANCED_FACE('',(#1414),#1415,.F.);
#458=ADVANCED_FACE('',(#1416),#1417,.T.);
#459=ADVANCED_FACE('',(#1418),#1419,.F.);
#460=ADVANCED_FACE('',(#1420),#1421,.T.);
#461=ADVANCED_FACE('',(#1422),#1423,.T.);
#462=ADVANCED_FACE('',(#1424),#1425,.T.);
#463=ADVANCED_FACE('',(#1426),#1427,.T.);
#464=ADVANCED_FACE('',(#1428),#1429,.F.);
#465=ADVANCED_FACE('',(#1430),#1431,.F.);
#466=ADVANCED_FACE('',(#1432),#1433,.F.);
#467=ADVANCED_FACE('',(#1434),#1435,.T.);
#468=ADVANCED_FACE('',(#1436),#1437,.T.);
#469=ADVANCED_FACE('',(#1438),#1439,.T.);
#470=ADVANCED_FACE('',(#1440),#1441,.T.);
#471=ADVANCED_FACE('',(#1442),#1443,.T.);
#472=ADVANCED_FACE('',(#1444),#1445,.F.);
#473=ADVANCED_FACE('',(#1446),#1447,.T.);
#474=ADVANCED_FACE('',(#1448),#1449,.T.);
#475=ADVANCED_FACE('',(#1450),#1451,.F.);
#476=ADVANCED_FACE('',(#1452),#1453,.T.);
#477=ADVANCED_FACE('',(#1454),#1455,.F.);
#478=ADVANCED_FACE('',(#1456),#1457,.F.);
#479=ADVANCED_FACE('',(#1458),#1459,.F.);
#480=ADVANCED_FACE('',(#1460),#1461,.F.);
#481=ADVANCED_FACE('',(#1462),#1463,.F.);
#482=ADVANCED_FACE('',(#1464),#1465,.F.);
#483=ADVANCED_FACE('',(#1466),#1467,.F.);
#484=ADVANCED_FACE('',(#1468),#1469,.T.);
#485=ADVANCED_FACE('',(#1470),#1471,.F.);
#486=ADVANCED_FACE('',(#1472),#1473,.F.);
#487=ADVANCED_FACE('',(#1474),#1475,.T.);
#488=ADVANCED_FACE('',(#1476),#1477,.F.);
#489=ADVANCED_FACE('',(#1478),#1479,.F.);
#490=ADVANCED_FACE('',(#1480),#1481,.T.);
#491=ADVANCED_FACE('',(#1482),#1483,.T.);
#492=ADVANCED_FACE('',(#1484),#1485,.T.);
#493=ADVANCED_FACE('',(#1486),#1487,.T.);
#494=ADVANCED_FACE('',(#1488),#1489,.T.);
#495=ADVANCED_FACE('',(#1490),#1491,.F.);
#496=ADVANCED_FACE('',(#1492),#1493,.F.);
#497=ADVANCED_FACE('',(#1494),#1495,.F.);
#498=ADVANCED_FACE('',(#1496),#1497,.T.);
#499=ADVANCED_FACE('',(#1498),#1499,.T.);
#500=ADVANCED_FACE('',(#1500),#1501,.T.);
#501=ADVANCED_FACE('',(#1502),#1503,.T.);
#502=ADVANCED_FACE('',(#1504),#1505,.T.);
#503=ADVANCED_FACE('',(#1506),#1507,.F.);
#504=ADVANCED_FACE('',(#1508),#1509,.T.);
#505=ADVANCED_FACE('',(#1510),#1511,.T.);
#506=ADVANCED_FACE('',(#1512),#1513,.F.);
#507=ADVANCED_FACE('',(#1514),#1515,.T.);
#508=ADVANCED_FACE('',(#1516),#1517,.T.);
#509=ADVANCED_FACE('',(#1518),#1519,.F.);
#510=ADVANCED_FACE('',(#1520),#1521,.F.);
#511=ADVANCED_FACE('',(#1522),#1523,.F.);
#512=ADVANCED_FACE('',(#1524),#1525,.F.);
#513=ADVANCED_FACE('',(#1526),#1527,.F.);
#514=ADVANCED_FACE('',(#1528),#1529,.F.);
#515=ADVANCED_FACE('',(#1530),#1531,.F.);
#516=ADVANCED_FACE('',(#1532),#1533,.F.);
#517=ADVANCED_FACE('',(#1534),#1535,.F.);
#518=ADVANCED_FACE('',(#1536),#1537,.F.);
#519=ADVANCED_FACE('',(#1538),#1539,.T.);
#520=ADVANCED_FACE('',(#1540),#1541,.T.);
#521=ADVANCED_FACE('',(#1542),#1543,.T.);
#522=ADVANCED_FACE('',(#1544),#1545,.T.);
#523=ADVANCED_FACE('',(#1546),#1547,.T.);
#524=ADVANCED_FACE('',(#1548),#1549,.F.);
#525=ADVANCED_FACE('',(#1550),#1551,.F.);
#526=ADVANCED_FACE('',(#1552),#1553,.F.);
#527=ADVANCED_FACE('',(#1554),#1555,.T.);
#528=ADVANCED_FACE('',(#1556),#1557,.T.);
#529=ADVANCED_FACE('',(#1558),#1559,.T.);
#530=ADVANCED_FACE('',(#1560),#1561,.T.);
#531=ADVANCED_FACE('',(#1562),#1563,.T.);
#532=ADVANCED_FACE('',(#1564),#1565,.F.);
#533=ADVANCED_FACE('',(#1566),#1567,.T.);
#534=ADVANCED_FACE('',(#1568),#1569,.T.);
#535=ADVANCED_FACE('',(#1570),#1571,.F.);
#536=ADVANCED_FACE('',(#1572),#1573,.T.);
#537=ADVANCED_FACE('',(#1574),#1575,.T.);
#538=ADVANCED_FACE('',(#1576),#1577,.F.);
#539=ADVANCED_FACE('',(#1578),#1579,.F.);
#540=ADVANCED_FACE('',(#1580),#1581,.F.);
#541=ADVANCED_FACE('',(#1582),#1583,.F.);
#542=ADVANCED_FACE('',(#1584),#1585,.F.);
#543=ADVANCED_FACE('',(#1586),#1587,.F.);
#544=ADVANCED_FACE('',(#1588),#1589,.F.);
#545=ADVANCED_FACE('',(#1590),#1591,.F.);
#546=ADVANCED_FACE('',(#1592),#1593,.F.);
#547=ADVANCED_FACE('',(#1594),#1595,.F.);
#548=ADVANCED_FACE('',(#1596),#1597,.T.);
#549=ADVANCED_FACE('',(#1598),#1599,.T.);
#550=ADVANCED_FACE('',(#1600),#1601,.T.);
#551=ADVANCED_FACE('',(#1602),#1603,.T.);
#552=ADVANCED_FACE('',(#1604),#1605,.T.);
#553=ADVANCED_FACE('',(#1606),#1607,.F.);
#554=ADVANCED_FACE('',(#1608),#1609,.F.);
#555=ADVANCED_FACE('',(#1610),#1611,.F.);
#556=ADVANCED_FACE('',(#1612),#1613,.T.);
#557=ADVANCED_FACE('',(#1614),#1615,.T.);
#558=ADVANCED_FACE('',(#1616),#1617,.T.);
#559=ADVANCED_FACE('',(#1618),#1619,.T.);
#560=ADVANCED_FACE('',(#1620),#1621,.T.);
#561=ADVANCED_FACE('',(#1622),#1623,.F.);
#562=ADVANCED_FACE('',(#1624),#1625,.T.);
#563=ADVANCED_FACE('',(#1626),#1627,.T.);
#564=ADVANCED_FACE('',(#1628),#1629,.F.);
#565=ADVANCED_FACE('',(#1630),#1631,.T.);
#566=ADVANCED_FACE('',(#1632),#1633,.T.);
#567=ADVANCED_FACE('',(#1634),#1635,.F.);
#568=ADVANCED_FACE('',(#1636),#1637,.F.);
#569=ADVANCED_FACE('',(#1638),#1639,.F.);
#570=ADVANCED_FACE('',(#1640),#1641,.F.);
#571=ADVANCED_FACE('',(#1642),#1643,.F.);
#572=ADVANCED_FACE('',(#1644),#1645,.F.);
#573=ADVANCED_FACE('',(#1646),#1647,.F.);
#574=ADVANCED_FACE('',(#1648),#1649,.F.);
#575=ADVANCED_FACE('',(#1650),#1651,.F.);
#576=ADVANCED_FACE('',(#1652),#1653,.F.);
#577=ADVANCED_FACE('',(#1654),#1655,.T.);
#578=ADVANCED_FACE('',(#1656),#1657,.T.);
#579=ADVANCED_FACE('',(#1658),#1659,.T.);
#580=ADVANCED_FACE('',(#1660),#1661,.T.);
#581=ADVANCED_FACE('',(#1662),#1663,.T.);
#582=ADVANCED_FACE('',(#1664),#1665,.F.);
#583=ADVANCED_FACE('',(#1666),#1667,.F.);
#584=ADVANCED_FACE('',(#1668),#1669,.F.);
#585=ADVANCED_FACE('',(#1670),#1671,.T.);
#586=ADVANCED_FACE('',(#1672),#1673,.T.);
#587=ADVANCED_FACE('',(#1674),#1675,.T.);
#588=ADVANCED_FACE('',(#1676),#1677,.T.);
#589=ADVANCED_FACE('',(#1678),#1679,.T.);
#590=ADVANCED_FACE('',(#1680),#1681,.F.);
#591=ADVANCED_FACE('',(#1682),#1683,.T.);
#592=ADVANCED_FACE('',(#1684),#1685,.T.);
#593=ADVANCED_FACE('',(#1686),#1687,.F.);
#594=ADVANCED_FACE('',(#1688),#1689,.T.);
#595=ADVANCED_FACE('',(#1690),#1691,.T.);
#596=ADVANCED_FACE('',(#1692),#1693,.F.);
#597=ADVANCED_FACE('',(#1694),#1695,.F.);
#598=ADVANCED_FACE('',(#1696),#1697,.F.);
#599=ADVANCED_FACE('',(#1698),#1699,.F.);
#600=ADVANCED_FACE('',(#1700),#1701,.F.);
#601=ADVANCED_FACE('',(#1702),#1703,.F.);
#602=ADVANCED_FACE('',(#1704),#1705,.F.);
#603=ADVANCED_FACE('',(#1706),#1707,.F.);
#604=ADVANCED_FACE('',(#1708),#1709,.F.);
#605=ADVANCED_FACE('',(#1710),#1711,.T.);
#606=ADVANCED_FACE('',(#1712),#1713,.T.);
#607=ADVANCED_FACE('',(#1714),#1715,.T.);
#608=ADVANCED_FACE('',(#1716),#1717,.T.);
#609=ADVANCED_FACE('',(#1718),#1719,.F.);
#610=ADVANCED_FACE('',(#1720),#1721,.F.);
#611=ADVANCED_FACE('',(#1722),#1723,.F.);
#612=ADVANCED_FACE('',(#1724),#1725,.T.);
#613=ADVANCED_FACE('',(#1726),#1727,.T.);
#614=ADVANCED_FACE('',(#1728),#1729,.T.);
#615=ADVANCED_FACE('',(#1730),#1731,.T.);
#616=ADVANCED_FACE('',(#1732),#1733,.T.);
#617=ADVANCED_FACE('',(#1734),#1735,.F.);
#618=ADVANCED_FACE('',(#1736),#1737,.T.);
#619=ADVANCED_FACE('',(#1738),#1739,.T.);
#620=ADVANCED_FACE('',(#1740),#1741,.F.);
#621=ADVANCED_FACE('',(#1742),#1743,.T.);
#622=ADVANCED_FACE('',(#1744),#1745,.F.);
#623=ADVANCED_FACE('',(#1746),#1747,.F.);
#624=ADVANCED_FACE('',(#1748),#1749,.F.);
#625=ADVANCED_FACE('',(#1750),#1751,.F.);
#626=ADVANCED_FACE('',(#1752),#1753,.F.);
#627=ADVANCED_FACE('',(#1754),#1755,.F.);
#628=ADVANCED_FACE('',(#1756),#1757,.F.);
#629=ADVANCED_FACE('',(#1758),#1759,.F.);
#630=ADVANCED_FACE('',(#1760),#1761,.T.);
#631=ADVANCED_FACE('',(#1762),#1763,.F.);
#632=ADVANCED_FACE('',(#1764),#1765,.T.);
#633=ADVANCED_FACE('',(#1766),#1767,.F.);
#634=ADVANCED_FACE('',(#1768),#1769,.F.);
#635=ADVANCED_FACE('',(#1770),#1771,.F.);
#636=ADVANCED_FACE('',(#1772),#1773,.F.);
#637=ADVANCED_FACE('',(#1774),#1775,.F.);
#638=ADVANCED_FACE('',(#1776),#1777,.F.);
#639=ADVANCED_FACE('',(#1778),#1779,.F.);
#640=ADVANCED_FACE('',(#1780),#1781,.F.);
#641=ADVANCED_FACE('',(#1782),#1783,.F.);
#642=ADVANCED_FACE('',(#1784),#1785,.F.);
#643=ADVANCED_FACE('',(#1786),#1787,.F.);
#644=ADVANCED_FACE('',(#1788),#1789,.F.);
#645=ADVANCED_FACE('',(#1790),#1791,.F.);
#646=COMPOSITE_CURVE_SEGMENT(.CONTINUOUS.,.T.,#1792);
#647=COMPOSITE_CURVE_SEGMENT(.CONTINUOUS.,.T.,#1793);
#648=COMPOSITE_CURVE_SEGMENT(.CONTINUOUS.,.T.,#1794);
#649=COMPOSITE_CURVE_SEGMENT(.CONTINUOUS.,.T.,#1795);
#650=COMPOSITE_CURVE_SEGMENT(.CONTINUOUS.,.T.,#1796);
#651=COMPOSITE_CURVE_SEGMENT(.CONTINUOUS.,.T.,#1797);
#652=COMPOSITE_CURVE_SEGMENT(.CONTINUOUS.,.T.,#1798);
#653=COMPOSITE_CURVE_SEGMENT(.CONTINUOUS.,.T.,#1799);
#654=COMPOSITE_CURVE_SEGMENT(.CONTINUOUS.,.T.,#1800);
#655=COMPOSITE_CURVE_SEGMENT(.CONTINUOUS.,.T.,#1801);
#656=COMPOSITE_CURVE_SEGMENT(.CONTINUOUS.,.T.,#1802);
#657=COMPOSITE_CURVE_SEGMENT(.CONTINUOUS.,.T.,#1803);
#658=COMPOSITE_CURVE_SEGMENT(.CONTINUOUS.,.T.,#1804);
#659=COMPOSITE_CURVE_SEGMENT(.CONTINUOUS.,.T.,#1805);
#660=COMPOSITE_CURVE_SEGMENT(.CONTINUOUS.,.T.,#1806);
#661=COMPOSITE_CURVE_SEGMENT(.CONTINUOUS.,.T.,#1807);
#662=COMPOSITE_CURVE_SEGMENT(.CONTINUOUS.,.T.,#1808);
#663=COMPOSITE_CURVE_SEGMENT(.CONTINUOUS.,.T.,#1809);
#664=COMPOSITE_CURVE_SEGMENT(.CONTINUOUS.,.T.,#1810);
#665=COMPOSITE_CURVE_SEGMENT(.CONTINUOUS.,.T.,#1811);
#666=COMPOSITE_CURVE_SEGMENT(.CONTINUOUS.,.T.,#1812);
#667=COMPOSITE_CURVE_SEGMENT(.CONTINUOUS.,.T.,#1813);
#668=COMPOSITE_CURVE_SEGMENT(.CONTINUOUS.,.T.,#1814);
#669=COMPOSITE_CURVE_SEGMENT(.CONTINUOUS.,.T.,#1815);
#670=COMPOSITE_CURVE_SEGMENT(.CONTINUOUS.,.T.,#1816);
#671=COMPOSITE_CURVE_SEGMENT(.CONTINUOUS.,.T.,#1817);
#672=COMPOSITE_CURVE_SEGMENT(.CONTINUOUS.,.T.,#1818);
#673=COMPOSITE_CURVE_SEGMENT(.CONTINUOUS.,.T.,#1819);
#674=COMPOSITE_CURVE_SEGMENT(.CONTINUOUS.,.T.,#1820);
#675=COMPOSITE_CURVE_SEGMENT(.CONTINUOUS.,.T.,#1821);
#676=COMPOSITE_CURVE_SEGMENT(.CONTINUOUS.,.T.,#1822);
#677=COMPOSITE_CURVE_SEGMENT(.CONTINUOUS.,.T.,#1823);
#678=COMPOSITE_CURVE_SEGMENT(.CONTINUOUS.,.T.,#1824);
#679=COMPOSITE_CURVE_SEGMENT(.CONTINUOUS.,.T.,#1825);
#680=COMPOSITE_CURVE_SEGMENT(.CONTINUOUS.,.T.,#1826);
#681=COMPOSITE_CURVE_SEGMENT(.CONTINUOUS.,.T.,#1827);
#682=COMPOSITE_CURVE_SEGMENT(.CONTINUOUS.,.T.,#1828);
#683=COMPOSITE_CURVE_SEGMENT(.CONTINUOUS.,.T.,#1829);
#684=COMPOSITE_CURVE_SEGMENT(.CONTINUOUS.,.T.,#1830);
#685=COMPOSITE_CURVE_SEGMENT(.CONTINUOUS.,.T.,#1831);
#686=COMPOSITE_CURVE_SEGMENT(.CONTINUOUS.,.T.,#1832);
#687=COMPOSITE_CURVE_SEGMENT(.CONTINUOUS.,.T.,#1833);
#688=COMPOSITE_CURVE_SEGMENT(.CONTINUOUS.,.T.,#1834);
#689=COMPOSITE_CURVE_SEGMENT(.CONTINUOUS.,.T.,#1835);
#690=COMPOSITE_CURVE_SEGMENT(.CONTINUOUS.,.T.,#1836);
#691=COMPOSITE_CURVE_SEGMENT(.CONTINUOUS.,.T.,#1837);
#692=COMPOSITE_CURVE_SEGMENT(.CONTINUOUS.,.T.,#1838);
#693=COMPOSITE_CURVE_SEGMENT(.CONTINUOUS.,.T.,#1839);
#694=COMPOSITE_CURVE_SEGMENT(.CONTINUOUS.,.T.,#1840);
#695=COMPOSITE_CURVE_SEGMENT(.CONTINUOUS.,.T.,#1841);
#696=COMPOSITE_CURVE_SEGMENT(.CONTINUOUS.,.T.,#1842);
#697=COMPOSITE_CURVE_SEGMENT(.CONTINUOUS.,.T.,#1843);
#698=COMPOSITE_CURVE_SEGMENT(.CONTINUOUS.,.T.,#1844);
#699=COMPOSITE_CURVE_SEGMENT(.CONTINUOUS.,.T.,#1845);
#700=COMPOSITE_CURVE_SEGMENT(.CONTINUOUS.,.T.,#1846);
#701=COMPOSITE_CURVE_SEGMENT(.CONTINUOUS.,.T.,#1847);
#702=COMPOSITE_CURVE_SEGMENT(.CONTINUOUS.,.T.,#1848);
#703=COMPOSITE_CURVE_SEGMENT(.CONTINUOUS.,.T.,#1849);
#704=COMPOSITE_CURVE_SEGMENT(.CONTINUOUS.,.T.,#1850);
#705=COMPOSITE_CURVE_SEGMENT(.CONTINUOUS.,.T.,#1851);
#706=COMPOSITE_CURVE_SEGMENT(.CONTINUOUS.,.T.,#1852);
#707=COMPOSITE_CURVE_SEGMENT(.CONTINUOUS.,.T.,#1853);
#708=COMPOSITE_CURVE_SEGMENT(.CONTINUOUS.,.T.,#1854);
#709=COMPOSITE_CURVE_SEGMENT(.CONTINUOUS.,.T.,#1855);
#711=FACE_OUTER_BOUND('',#1856,.T.);
#712=PLANE('',#1857);
#713=FACE_OUTER_BOUND('',#1858,.T.);
#714=PLANE('',#1859);
#715=FACE_OUTER_BOUND('',#1860,.T.);
#716=PLANE('',#1861);
#717=FACE_OUTER_BOUND('',#1862,.T.);
#718=PLANE('',#1863);
#719=FACE_OUTER_BOUND('',#1864,.T.);
#720=PLANE('',#1865);
#721=FACE_OUTER_BOUND('',#1866,.T.);
#722=PLANE('',#1867);
#723=FACE_OUTER_BOUND('',#1868,.T.);
#724=PLANE('',#1869);
#725=FACE_OUTER_BOUND('',#1870,.T.);
#726=PLANE('',#1871);
#727=FACE_OUTER_BOUND('',#1872,.T.);
#728=PLANE('',#1873);
#729=FACE_OUTER_BOUND('',#1874,.T.);
#730=PLANE('',#1875);
#731=FACE_OUTER_BOUND('',#1876,.T.);
#732=PLANE('',#1877);
#733=FACE_OUTER_BOUND('',#1878,.T.);
#734=PLANE('',#1879);
#735=FACE_OUTER_BOUND('',#1880,.T.);
#736=PLANE('',#1881);
#737=FACE_OUTER_BOUND('',#1882,.T.);
#738=PLANE('',#1883);
#739=FACE_OUTER_BOUND('',#1884,.T.);
#740=PLANE('',#1885);
#741=FACE_OUTER_BOUND('',#1886,.T.);
#742=PLANE('',#1887);
#743=FACE_OUTER_BOUND('',#1888,.T.);
#744=PLANE('',#1889);
#745=FACE_OUTER_BOUND('',#1890,.T.);
#746=PLANE('',#1891);
#747=FACE_OUTER_BOUND('',#1892,.T.);
#748=PLANE('',#1893);
#749=FACE_OUTER_BOUND('',#1894,.T.);
#750=PLANE('',#1895);
#751=FACE_OUTER_BOUND('',#1896,.T.);
#752=PLANE('',#1897);
#753=FACE_OUTER_BOUND('',#1898,.T.);
#754=PLANE('',#1899);
#755=FACE_OUTER_BOUND('',#1900,.T.);
#756=PLANE('',#1901);
#757=FACE_OUTER_BOUND('',#1902,.T.);
#758=PLANE('',#1903);
#759=FACE_OUTER_BOUND('',#1904,.T.);
#760=PLANE('',#1905);
#761=FACE_OUTER_BOUND('',#1906,.T.);
#762=PLANE('',#1907);
#763=FACE_OUTER_BOUND('',#1908,.T.);
#764=PLANE('',#1909);
#765=FACE_OUTER_BOUND('',#1910,.T.);
#766=PLANE('',#1911);
#767=FACE_OUTER_BOUND('',#1912,.T.);
#768=PLANE('',#1913);
#769=FACE_OUTER_BOUND('',#1914,.T.);
#770=FACE_BOUND('',#1915,.T.);
#771=FACE_BOUND('',#1916,.T.);
#772=FACE_BOUND('',#1917,.T.);
#773=FACE_BOUND('',#1918,.T.);
#774=FACE_BOUND('',#1919,.T.);
#775=FACE_BOUND('',#1920,.T.);
#776=FACE_BOUND('',#1921,.T.);
#777=FACE_BOUND('',#1922,.T.);
#778=FACE_BOUND('',#1923,.T.);
#779=FACE_BOUND('',#1924,.T.);
#780=FACE_BOUND('',#1925,.T.);
#781=FACE_BOUND('',#1926,.T.);
#782=FACE_BOUND('',#1927,.T.);
#783=FACE_BOUND('',#1928,.T.);
#784=FACE_BOUND('',#1929,.T.);
#785=FACE_BOUND('',#1930,.T.);
#786=FACE_BOUND('',#1931,.T.);
#787=FACE_BOUND('',#1932,.T.);
#788=FACE_BOUND('',#1933,.T.);
#789=FACE_BOUND('',#1934,.T.);
#790=FACE_BOUND('',#1935,.T.);
#791=FACE_BOUND('',#1936,.T.);
#792=FACE_BOUND('',#1937,.T.);
#793=PLANE('',#1938);
#794=FACE_OUTER_BOUND('',#1939,.T.);
#795=PLANE('',#1940);
#796=FACE_OUTER_BOUND('',#1941,.T.);
#797=PLANE('',#1942);
#798=FACE_OUTER_BOUND('',#1943,.T.);
#799=PLANE('',#1944);
#800=FACE_OUTER_BOUND('',#1945,.T.);
#801=PLANE('',#1946);
#802=FACE_OUTER_BOUND('',#1947,.T.);
#803=PLANE('',#1948);
#804=FACE_OUTER_BOUND('',#1949,.T.);
#805=PLANE('',#1950);
#806=FACE_OUTER_BOUND('',#1951,.T.);
#807=PLANE('',#1952);
#808=FACE_OUTER_BOUND('',#1953,.T.);
#809=PLANE('',#1954);
#810=FACE_OUTER_BOUND('',#1955,.T.);
#811=PLANE('',#1956);
#812=FACE_OUTER_BOUND('',#1957,.T.);
#813=PLANE('',#1958);
#814=FACE_OUTER_BOUND('',#1959,.T.);
#815=CYLINDRICAL_SURFACE('',#1960,0.508);
#816=FACE_OUTER_BOUND('',#1961,.T.);
#817=PLANE('',#1962);
#818=FACE_OUTER_BOUND('',#1963,.T.);
#819=PLANE('',#1964);
#820=FACE_OUTER_BOUND('',#1965,.T.);
#821=PLANE('',#1966);
#822=FACE_OUTER_BOUND('',#1967,.T.);
#823=CYLINDRICAL_SURFACE('',#1968,0.254);
#824=FACE_OUTER_BOUND('',#1969,.T.);
#825=PLANE('',#1970);
#826=FACE_OUTER_BOUND('',#1971,.T.);
#827=PLANE('',#1972);
#828=FACE_OUTER_BOUND('',#1973,.T.);
#829=PLANE('',#1974);
#830=FACE_OUTER_BOUND('',#1975,.T.);
#831=PLANE('',#1976);
#832=FACE_OUTER_BOUND('',#1977,.T.);
#833=PLANE('',#1978);
#834=FACE_OUTER_BOUND('',#1979,.T.);
#835=PLANE('',#1980);
#836=FACE_OUTER_BOUND('',#1981,.T.);
#837=PLANE('',#1982);
#838=FACE_OUTER_BOUND('',#1983,.T.);
#839=PLANE('',#1984);
#840=FACE_OUTER_BOUND('',#1985,.T.);
#841=PLANE('',#1986);
#842=FACE_OUTER_BOUND('',#1987,.T.);
#843=PLANE('',#1988);
#844=FACE_OUTER_BOUND('',#1989,.T.);
#845=PLANE('',#1990);
#846=FACE_OUTER_BOUND('',#1991,.T.);
#847=PLANE('',#1992);
#848=FACE_OUTER_BOUND('',#1993,.T.);
#849=PLANE('',#1994);
#850=FACE_OUTER_BOUND('',#1995,.T.);
#851=PLANE('',#1996);
#852=FACE_OUTER_BOUND('',#1997,.T.);
#853=PLANE('',#1998);
#854=FACE_OUTER_BOUND('',#1999,.T.);
#855=PLANE('',#2000);
#856=FACE_OUTER_BOUND('',#2001,.T.);
#857=PLANE('',#2002);
#858=FACE_OUTER_BOUND('',#2003,.T.);
#859=PLANE('',#2004);
#860=FACE_OUTER_BOUND('',#2005,.T.);
#861=PLANE('',#2006);
#862=FACE_OUTER_BOUND('',#2007,.T.);
#863=PLANE('',#2008);
#864=FACE_OUTER_BOUND('',#2009,.T.);
#865=PLANE('',#2010);
#866=FACE_OUTER_BOUND('',#2011,.T.);
#867=PLANE('',#2012);
#868=FACE_OUTER_BOUND('',#2013,.T.);
#869=PLANE('',#2014);
#870=FACE_OUTER_BOUND('',#2015,.T.);
#871=PLANE('',#2016);
#872=FACE_OUTER_BOUND('',#2017,.T.);
#873=PLANE('',#2018);
#874=FACE_OUTER_BOUND('',#2019,.T.);
#875=PLANE('',#2020);
#876=FACE_OUTER_BOUND('',#2021,.T.);
#877=CYLINDRICAL_SURFACE('',#2022,0.254);
#878=FACE_OUTER_BOUND('',#2023,.T.);
#879=PLANE('',#2024);
#880=FACE_OUTER_BOUND('',#2025,.T.);
#881=PLANE('',#2026);
#882=FACE_OUTER_BOUND('',#2027,.T.);
#883=PLANE('',#2028);
#884=FACE_OUTER_BOUND('',#2029,.T.);
#885=CYLINDRICAL_SURFACE('',#2030,0.504000000000016);
#886=FACE_OUTER_BOUND('',#2031,.T.);
#887=PLANE('',#2032);
#888=FACE_OUTER_BOUND('',#2033,.T.);
#889=PLANE('',#2034);
#890=FACE_OUTER_BOUND('',#2035,.T.);
#891=PLANE('',#2036);
#892=FACE_OUTER_BOUND('',#2037,.T.);
#893=PLANE('',#2038);
#894=FACE_OUTER_BOUND('',#2039,.T.);
#895=PLANE('',#2040);
#896=FACE_OUTER_BOUND('',#2041,.T.);
#897=PLANE('',#2042);
#898=FACE_OUTER_BOUND('',#2043,.T.);
#899=PLANE('',#2044);
#900=FACE_OUTER_BOUND('',#2045,.T.);
#901=PLANE('',#2046);
#902=FACE_OUTER_BOUND('',#2047,.T.);
#903=PLANE('',#2048);
#904=FACE_OUTER_BOUND('',#2049,.T.);
#905=PLANE('',#2050);
#906=FACE_OUTER_BOUND('',#2051,.T.);
#907=PLANE('',#2052);
#908=FACE_OUTER_BOUND('',#2053,.T.);
#909=PLANE('',#2054);
#910=FACE_OUTER_BOUND('',#2055,.T.);
#911=PLANE('',#2056);
#912=FACE_OUTER_BOUND('',#2057,.T.);
#913=PLANE('',#2058);
#914=FACE_OUTER_BOUND('',#2059,.T.);
#915=PLANE('',#2060);
#916=FACE_OUTER_BOUND('',#2061,.T.);
#917=PLANE('',#2062);
#918=FACE_OUTER_BOUND('',#2063,.T.);
#919=PLANE('',#2064);
#920=FACE_OUTER_BOUND('',#2065,.T.);
#921=PLANE('',#2066);
#922=FACE_OUTER_BOUND('',#2067,.T.);
#923=PLANE('',#2068);
#924=FACE_OUTER_BOUND('',#2069,.T.);
#925=PLANE('',#2070);
#926=FACE_OUTER_BOUND('',#2071,.T.);
#927=PLANE('',#2072);
#928=FACE_OUTER_BOUND('',#2073,.T.);
#929=CYLINDRICAL_SURFACE('',#2074,0.254);
#930=FACE_OUTER_BOUND('',#2075,.T.);
#931=PLANE('',#2076);
#932=FACE_OUTER_BOUND('',#2077,.T.);
#933=PLANE('',#2078);
#934=FACE_OUTER_BOUND('',#2079,.T.);
#935=PLANE('',#2080);
#936=FACE_OUTER_BOUND('',#2081,.T.);
#937=CYLINDRICAL_SURFACE('',#2082,0.504000000000016);
#938=FACE_OUTER_BOUND('',#2083,.T.);
#939=PLANE('',#2084);
#940=FACE_OUTER_BOUND('',#2085,.T.);
#941=PLANE('',#2086);
#942=FACE_OUTER_BOUND('',#2087,.T.);
#943=PLANE('',#2088);
#944=FACE_OUTER_BOUND('',#2089,.T.);
#945=PLANE('',#2090);
#946=FACE_OUTER_BOUND('',#2091,.T.);
#947=PLANE('',#2092);
#948=FACE_OUTER_BOUND('',#2093,.T.);
#949=PLANE('',#2094);
#950=FACE_OUTER_BOUND('',#2095,.T.);
#951=PLANE('',#2096);
#952=FACE_OUTER_BOUND('',#2097,.T.);
#953=PLANE('',#2098);
#954=FACE_OUTER_BOUND('',#2099,.T.);
#955=B_SPLINE_SURFACE_WITH_KNOTS('',3,3,((#2100,#2101,#2102,#2103),(#2104,#2105,#2106,#2107),(#2108,#2109,#2110,#2111),(#2112,#2113,#2114,#2115),(#2116,#2117,#2118,#2119),(#2120,#2121,#2122,#2123)),.UNSPECIFIED.,.F.,.F.,.F.,(4,1,1,4),(4,4),(-0.00252780076188719,0.0,1.0,1.00252780076212),(-0.00252780076177621,1.00252780076205),.UNSPECIFIED.);
#956=FACE_OUTER_BOUND('',#2124,.T.);
#957=PLANE('',#2125);
#958=FACE_OUTER_BOUND('',#2126,.T.);
#959=PLANE('',#2127);
#960=FACE_OUTER_BOUND('',#2128,.T.);
#961=PLANE('',#2129);
#962=FACE_OUTER_BOUND('',#2130,.T.);
#963=PLANE('',#2131);
#964=FACE_OUTER_BOUND('',#2132,.T.);
#965=PLANE('',#2133);
#966=FACE_OUTER_BOUND('',#2134,.T.);
#967=PLANE('',#2135);
#968=FACE_OUTER_BOUND('',#2136,.T.);
#969=PLANE('',#2137);
#970=FACE_OUTER_BOUND('',#2138,.T.);
#971=PLANE('',#2139);
#972=FACE_OUTER_BOUND('',#2140,.T.);
#973=PLANE('',#2141);
#974=FACE_OUTER_BOUND('',#2142,.T.);
#975=PLANE('',#2143);
#976=FACE_OUTER_BOUND('',#2144,.T.);
#977=PLANE('',#2145);
#978=FACE_OUTER_BOUND('',#2146,.T.);
#979=PLANE('',#2147);
#980=FACE_OUTER_BOUND('',#2148,.T.);
#981=PLANE('',#2149);
#982=FACE_OUTER_BOUND('',#2150,.T.);
#983=PLANE('',#2151);
#984=FACE_OUTER_BOUND('',#2152,.T.);
#985=PLANE('',#2153);
#986=FACE_OUTER_BOUND('',#2154,.T.);
#987=PLANE('',#2155);
#988=FACE_OUTER_BOUND('',#2156,.T.);
#989=PLANE('',#2157);
#990=FACE_OUTER_BOUND('',#2158,.T.);
#991=CYLINDRICAL_SURFACE('',#2159,0.254);
#992=FACE_OUTER_BOUND('',#2160,.T.);
#993=PLANE('',#2161);
#994=FACE_OUTER_BOUND('',#2162,.T.);
#995=PLANE('',#2163);
#996=FACE_OUTER_BOUND('',#2164,.T.);
#997=PLANE('',#2165);
#998=FACE_OUTER_BOUND('',#2166,.T.);
#999=CYLINDRICAL_SURFACE('',#2167,0.504000000000016);
#1000=FACE_OUTER_BOUND('',#2168,.T.);
#1001=PLANE('',#2169);
#1002=FACE_OUTER_BOUND('',#2170,.T.);
#1003=PLANE('',#2171);
#1004=FACE_OUTER_BOUND('',#2172,.T.);
#1005=PLANE('',#2173);
#1006=FACE_OUTER_BOUND('',#2174,.T.);
#1007=PLANE('',#2175);
#1008=FACE_OUTER_BOUND('',#2176,.T.);
#1009=PLANE('',#2177);
#1010=FACE_OUTER_BOUND('',#2178,.T.);
#1011=PLANE('',#2179);
#1012=FACE_OUTER_BOUND('',#2180,.T.);
#1013=PLANE('',#2181);
#1014=FACE_OUTER_BOUND('',#2182,.T.);
#1015=PLANE('',#2183);
#1016=FACE_OUTER_BOUND('',#2184,.T.);
#1017=B_SPLINE_SURFACE_WITH_KNOTS('',3,3,((#2185,#2186,#2187,#2188),(#2189,#2190,#2191,#2192),(#2193,#2194,#2195,#2196),(#2197,#2198,#2199,#2200),(#2201,#2202,#2203,#2204),(#2205,#2206,#2207,#2208)),.UNSPECIFIED.,.F.,.F.,.F.,(4,1,1,4),(4,4),(-0.00252780076176973,0.0,1.0,1.00252780076213),(-0.00252780076177709,1.00252780076205),.UNSPECIFIED.);
#1018=FACE_OUTER_BOUND('',#2209,.T.);
#1019=PLANE('',#2210);
#1020=FACE_OUTER_BOUND('',#2211,.T.);
#1021=PLANE('',#2212);
#1022=FACE_OUTER_BOUND('',#2213,.T.);
#1023=PLANE('',#2214);
#1024=FACE_OUTER_BOUND('',#2215,.T.);
#1025=PLANE('',#2216);
#1026=FACE_OUTER_BOUND('',#2217,.T.);
#1027=PLANE('',#2218);
#1028=FACE_OUTER_BOUND('',#2219,.T.);
#1029=PLANE('',#2220);
#1030=FACE_OUTER_BOUND('',#2221,.T.);
#1031=PLANE('',#2222);
#1032=FACE_OUTER_BOUND('',#2223,.T.);
#1033=B_SPLINE_SURFACE_WITH_KNOTS('',3,3,((#2224,#2225,#2226,#2227),(#2228,#2229,#2230,#2231),(#2232,#2233,#2234,#2235),(#2236,#2237,#2238,#2239),(#2240,#2241,#2242,#2243),(#2244,#2245,#2246,#2247)),.UNSPECIFIED.,.F.,.F.,.F.,(4,1,1,4),(4,4),(-0.0025278007617697,0.0,1.0,1.00252780076202),(-0.00252780076177693,1.00252780076205),.UNSPECIFIED.);
#1034=FACE_OUTER_BOUND('',#2248,.T.);
#1035=PLANE('',#2249);
#1036=FACE_OUTER_BOUND('',#2250,.T.);
#1037=PLANE('',#2251);
#1038=FACE_OUTER_BOUND('',#2252,.T.);
#1039=PLANE('',#2253);
#1040=FACE_OUTER_BOUND('',#2254,.T.);
#1041=PLANE('',#2255);
#1042=FACE_OUTER_BOUND('',#2256,.T.);
#1043=PLANE('',#2257);
#1044=FACE_OUTER_BOUND('',#2258,.T.);
#1045=PLANE('',#2259);
#1046=FACE_OUTER_BOUND('',#2260,.T.);
#1047=PLANE('',#2261);
#1048=FACE_OUTER_BOUND('',#2262,.T.);
#1049=PLANE('',#2263);
#1050=FACE_OUTER_BOUND('',#2264,.T.);
#1051=PLANE('',#2265);
#1052=FACE_OUTER_BOUND('',#2266,.T.);
#1053=CYLINDRICAL_SURFACE('',#2267,0.254);
#1054=FACE_OUTER_BOUND('',#2268,.T.);
#1055=PLANE('',#2269);
#1056=FACE_OUTER_BOUND('',#2270,.T.);
#1057=PLANE('',#2271);
#1058=FACE_OUTER_BOUND('',#2272,.T.);
#1059=PLANE('',#2273);
#1060=FACE_OUTER_BOUND('',#2274,.T.);
#1061=CYLINDRICAL_SURFACE('',#2275,0.504000000000016);
#1062=FACE_OUTER_BOUND('',#2276,.T.);
#1063=PLANE('',#2277);
#1064=FACE_OUTER_BOUND('',#2278,.T.);
#1065=PLANE('',#2279);
#1066=FACE_OUTER_BOUND('',#2280,.T.);
#1067=PLANE('',#2281);
#1068=FACE_OUTER_BOUND('',#2282,.T.);
#1069=PLANE('',#2283);
#1070=FACE_OUTER_BOUND('',#2284,.T.);
#1071=PLANE('',#2285);
#1072=FACE_OUTER_BOUND('',#2286,.T.);
#1073=PLANE('',#2287);
#1074=FACE_OUTER_BOUND('',#2288,.T.);
#1075=PLANE('',#2289);
#1076=FACE_OUTER_BOUND('',#2290,.T.);
#1077=PLANE('',#2291);
#1078=FACE_OUTER_BOUND('',#2292,.T.);
#1079=PLANE('',#2293);
#1080=FACE_OUTER_BOUND('',#2294,.T.);
#1081=PLANE('',#2295);
#1082=FACE_OUTER_BOUND('',#2296,.T.);
#1083=PLANE('',#2297);
#1084=FACE_OUTER_BOUND('',#2298,.T.);
#1085=PLANE('',#2299);
#1086=FACE_OUTER_BOUND('',#2300,.T.);
#1087=PLANE('',#2301);
#1088=FACE_OUTER_BOUND('',#2302,.T.);
#1089=PLANE('',#2303);
#1090=FACE_OUTER_BOUND('',#2304,.T.);
#1091=PLANE('',#2305);
#1092=FACE_OUTER_BOUND('',#2306,.T.);
#1093=PLANE('',#2307);
#1094=FACE_OUTER_BOUND('',#2308,.T.);
#1095=B_SPLINE_SURFACE_WITH_KNOTS('',3,3,((#2309,#2310,#2311,#2312),(#2313,#2314,#2315,#2316),(#2317,#2318,#2319,#2320),(#2321,#2322,#2323,#2324),(#2325,#2326,#2327,#2328),(#2329,#2330,#2331,#2332)),.UNSPECIFIED.,.F.,.F.,.F.,(4,1,1,4),(4,4),(-0.00252780076175283,0.0,1.0,1.00252780076192),(-0.00252780076177715,1.00252780076204),.UNSPECIFIED.);
#1096=FACE_OUTER_BOUND('',#2333,.T.);
#1097=PLANE('',#2334);
#1098=FACE_OUTER_BOUND('',#2335,.T.);
#1099=PLANE('',#2336);
#1100=FACE_OUTER_BOUND('',#2337,.T.);
#1101=PLANE('',#2338);
#1102=FACE_OUTER_BOUND('',#2339,.T.);
#1103=PLANE('',#2340);
#1104=FACE_OUTER_BOUND('',#2341,.T.);
#1105=PLANE('',#2342);
#1106=FACE_OUTER_BOUND('',#2343,.T.);
#1107=PLANE('',#2344);
#1108=FACE_OUTER_BOUND('',#2345,.T.);
#1109=PLANE('',#2346);
#1110=FACE_OUTER_BOUND('',#2347,.T.);
#1111=PLANE('',#2348);
#1112=FACE_OUTER_BOUND('',#2349,.T.);
#1113=PLANE('',#2350);
#1114=FACE_OUTER_BOUND('',#2351,.T.);
#1115=CYLINDRICAL_SURFACE('',#2352,0.254);
#1116=FACE_OUTER_BOUND('',#2353,.T.);
#1117=PLANE('',#2354);
#1118=FACE_OUTER_BOUND('',#2355,.T.);
#1119=PLANE('',#2356);
#1120=FACE_OUTER_BOUND('',#2357,.T.);
#1121=PLANE('',#2358);
#1122=FACE_OUTER_BOUND('',#2359,.T.);
#1123=CYLINDRICAL_SURFACE('',#2360,0.504000000000016);
#1124=FACE_OUTER_BOUND('',#2361,.T.);
#1125=PLANE('',#2362);
#1126=FACE_OUTER_BOUND('',#2363,.T.);
#1127=PLANE('',#2364);
#1128=FACE_OUTER_BOUND('',#2365,.T.);
#1129=PLANE('',#2366);
#1130=FACE_OUTER_BOUND('',#2367,.T.);
#1131=PLANE('',#2368);
#1132=FACE_OUTER_BOUND('',#2369,.T.);
#1133=PLANE('',#2370);
#1134=FACE_OUTER_BOUND('',#2371,.T.);
#1135=PLANE('',#2372);
#1136=FACE_OUTER_BOUND('',#2373,.T.);
#1137=PLANE('',#2374);
#1138=FACE_OUTER_BOUND('',#2375,.T.);
#1139=PLANE('',#2376);
#1140=FACE_OUTER_BOUND('',#2377,.T.);
#1141=PLANE('',#2378);
#1142=FACE_OUTER_BOUND('',#2379,.T.);
#1143=PLANE('',#2380);
#1144=FACE_OUTER_BOUND('',#2381,.T.);
#1145=PLANE('',#2382);
#1146=FACE_OUTER_BOUND('',#2383,.T.);
#1147=PLANE('',#2384);
#1148=FACE_OUTER_BOUND('',#2385,.T.);
#1149=PLANE('',#2386);
#1150=FACE_OUTER_BOUND('',#2387,.T.);
#1151=PLANE('',#2388);
#1152=FACE_OUTER_BOUND('',#2389,.T.);
#1153=PLANE('',#2390);
#1154=FACE_OUTER_BOUND('',#2391,.T.);
#1155=PLANE('',#2392);
#1156=FACE_OUTER_BOUND('',#2393,.T.);
#1157=B_SPLINE_SURFACE_WITH_KNOTS('',3,3,((#2394,#2395,#2396,#2397),(#2398,#2399,#2400,#2401),(#2402,#2403,#2404,#2405),(#2406,#2407,#2408,#2409),(#2410,#2411,#2412,#2413),(#2414,#2415,#2416,#2417)),.UNSPECIFIED.,.F.,.F.,.F.,(4,1,1,4),(4,4),(-0.00252780076176759,0.0,1.0,1.00252780076213),(-0.00252780076177544,1.00252780076204),.UNSPECIFIED.);
#1158=FACE_OUTER_BOUND('',#2418,.T.);
#1159=PLANE('',#2419);
#1160=FACE_OUTER_BOUND('',#2420,.T.);
#1161=PLANE('',#2421);
#1162=FACE_OUTER_BOUND('',#2422,.T.);
#1163=PLANE('',#2423);
#1164=FACE_OUTER_BOUND('',#2424,.T.);
#1165=PLANE('',#2425);
#1166=FACE_OUTER_BOUND('',#2426,.T.);
#1167=PLANE('',#2427);
#1168=FACE_OUTER_BOUND('',#2428,.T.);
#1169=PLANE('',#2429);
#1170=FACE_OUTER_BOUND('',#2430,.T.);
#1171=PLANE('',#2431);
#1172=FACE_OUTER_BOUND('',#2432,.T.);
#1173=PLANE('',#2433);
#1174=FACE_OUTER_BOUND('',#2434,.T.);
#1175=PLANE('',#2435);
#1176=FACE_OUTER_BOUND('',#2436,.T.);
#1177=CYLINDRICAL_SURFACE('',#2437,0.254);
#1178=FACE_OUTER_BOUND('',#2438,.T.);
#1179=PLANE('',#2439);
#1180=FACE_OUTER_BOUND('',#2440,.T.);
#1181=PLANE('',#2441);
#1182=FACE_OUTER_BOUND('',#2442,.T.);
#1183=PLANE('',#2443);
#1184=FACE_OUTER_BOUND('',#2444,.T.);
#1185=CYLINDRICAL_SURFACE('',#2445,0.504000000000016);
#1186=FACE_OUTER_BOUND('',#2446,.T.);
#1187=PLANE('',#2447);
#1188=FACE_OUTER_BOUND('',#2448,.T.);
#1189=PLANE('',#2449);
#1190=FACE_OUTER_BOUND('',#2450,.T.);
#1191=PLANE('',#2451);
#1192=FACE_OUTER_BOUND('',#2452,.T.);
#1193=PLANE('',#2453);
#1194=FACE_OUTER_BOUND('',#2454,.T.);
#1195=PLANE('',#2455);
#1196=FACE_OUTER_BOUND('',#2456,.T.);
#1197=PLANE('',#2457);
#1198=FACE_OUTER_BOUND('',#2458,.T.);
#1199=PLANE('',#2459);
#1200=FACE_OUTER_BOUND('',#2460,.T.);
#1201=PLANE('',#2461);
#1202=FACE_OUTER_BOUND('',#2462,.T.);
#1203=PLANE('',#2463);
#1204=FACE_OUTER_BOUND('',#2464,.T.);
#1205=PLANE('',#2465);
#1206=FACE_OUTER_BOUND('',#2466,.T.);
#1207=PLANE('',#2467);
#1208=FACE_OUTER_BOUND('',#2468,.T.);
#1209=PLANE('',#2469);
#1210=FACE_OUTER_BOUND('',#2470,.T.);
#1211=PLANE('',#2471);
#1212=FACE_OUTER_BOUND('',#2472,.T.);
#1213=PLANE('',#2473);
#1214=FACE_OUTER_BOUND('',#2474,.T.);
#1215=PLANE('',#2475);
#1216=FACE_OUTER_BOUND('',#2476,.T.);
#1217=PLANE('',#2477);
#1218=FACE_OUTER_BOUND('',#2478,.T.);
#1219=B_SPLINE_SURFACE_WITH_KNOTS('',3,3,((#2479,#2480,#2481,#2482),(#2483,#2484,#2485,#2486),(#2487,#2488,#2489,#2490),(#2491,#2492,#2493,#2494),(#2495,#2496,#2497,#2498),(#2499,#2500,#2501,#2502)),.UNSPECIFIED.,.F.,.F.,.F.,(4,1,1,4),(4,4),(-0.00252780076176968,0.0,1.0,1.00252780076177),(-0.00252780076177704,1.00252780076204),.UNSPECIFIED.);
#1220=FACE_OUTER_BOUND('',#2503,.T.);
#1221=PLANE('',#2504);
#1222=FACE_OUTER_BOUND('',#2505,.T.);
#1223=PLANE('',#2506);
#1224=FACE_OUTER_BOUND('',#2507,.T.);
#1225=PLANE('',#2508);
#1226=FACE_OUTER_BOUND('',#2509,.T.);
#1227=PLANE('',#2510);
#1228=FACE_OUTER_BOUND('',#2511,.T.);
#1229=PLANE('',#2512);
#1230=FACE_OUTER_BOUND('',#2513,.T.);
#1231=PLANE('',#2514);
#1232=FACE_OUTER_BOUND('',#2515,.T.);
#1233=PLANE('',#2516);
#1234=FACE_OUTER_BOUND('',#2517,.T.);
#1235=PLANE('',#2518);
#1236=FACE_OUTER_BOUND('',#2519,.T.);
#1237=PLANE('',#2520);
#1238=FACE_OUTER_BOUND('',#2521,.T.);
#1239=CYLINDRICAL_SURFACE('',#2522,0.254);
#1240=FACE_OUTER_BOUND('',#2523,.T.);
#1241=PLANE('',#2524);
#1242=FACE_OUTER_BOUND('',#2525,.T.);
#1243=PLANE('',#2526);
#1244=FACE_OUTER_BOUND('',#2527,.T.);
#1245=PLANE('',#2528);
#1246=FACE_OUTER_BOUND('',#2529,.T.);
#1247=CYLINDRICAL_SURFACE('',#2530,0.504000000000016);
#1248=FACE_OUTER_BOUND('',#2531,.T.);
#1249=PLANE('',#2532);
#1250=FACE_OUTER_BOUND('',#2533,.T.);
#1251=PLANE('',#2534);
#1252=FACE_OUTER_BOUND('',#2535,.T.);
#1253=PLANE('',#2536);
#1254=FACE_OUTER_BOUND('',#2537,.T.);
#1255=PLANE('',#2538);
#1256=FACE_OUTER_BOUND('',#2539,.T.);
#1257=PLANE('',#2540);
#1258=FACE_OUTER_BOUND('',#2541,.T.);
#1259=PLANE('',#2542);
#1260=FACE_OUTER_BOUND('',#2543,.T.);
#1261=PLANE('',#2544);
#1262=FACE_OUTER_BOUND('',#2545,.T.);
#1263=PLANE('',#2546);
#1264=FACE_OUTER_BOUND('',#2547,.T.);
#1265=PLANE('',#2548);
#1266=FACE_OUTER_BOUND('',#2549,.T.);
#1267=PLANE('',#2550);
#1268=FACE_OUTER_BOUND('',#2551,.T.);
#1269=PLANE('',#2552);
#1270=FACE_OUTER_BOUND('',#2553,.T.);
#1271=PLANE('',#2554);
#1272=FACE_OUTER_BOUND('',#2555,.T.);
#1273=PLANE('',#2556);
#1274=FACE_OUTER_BOUND('',#2557,.T.);
#1275=PLANE('',#2558);
#1276=FACE_OUTER_BOUND('',#2559,.T.);
#1277=PLANE('',#2560);
#1278=FACE_OUTER_BOUND('',#2561,.T.);
#1279=PLANE('',#2562);
#1280=FACE_OUTER_BOUND('',#2563,.T.);
#1281=B_SPLINE_SURFACE_WITH_KNOTS('',3,3,((#2564,#2565,#2566,#2567),(#2568,#2569,#2570,#2571),(#2572,#2573,#2574,#2575),(#2576,#2577,#2578,#2579),(#2580,#2581,#2582,#2583),(#2584,#2585,#2586,#2587)),.UNSPECIFIED.,.F.,.F.,.F.,(4,1,1,4),(4,4),(-0.00252780076189675,0.0,1.0,1.00252780076177),(-0.00252780076177674,1.00252780076204),.UNSPECIFIED.);
#1282=FACE_OUTER_BOUND('',#2588,.T.);
#1283=PLANE('',#2589);
#1284=FACE_OUTER_BOUND('',#2590,.T.);
#1285=PLANE('',#2591);
#1286=FACE_OUTER_BOUND('',#2592,.T.);
#1287=PLANE('',#2593);
#1288=FACE_OUTER_BOUND('',#2594,.T.);
#1289=PLANE('',#2595);
#1290=FACE_OUTER_BOUND('',#2596,.T.);
#1291=PLANE('',#2597);
#1292=FACE_OUTER_BOUND('',#2598,.T.);
#1293=PLANE('',#2599);
#1294=FACE_OUTER_BOUND('',#2600,.T.);
#1295=PLANE('',#2601);
#1296=FACE_OUTER_BOUND('',#2602,.T.);
#1297=PLANE('',#2603);
#1298=FACE_OUTER_BOUND('',#2604,.T.);
#1299=PLANE('',#2605);
#1300=FACE_OUTER_BOUND('',#2606,.T.);
#1301=CYLINDRICAL_SURFACE('',#2607,0.254);
#1302=FACE_OUTER_BOUND('',#2608,.T.);
#1303=PLANE('',#2609);
#1304=FACE_OUTER_BOUND('',#2610,.T.);
#1305=PLANE('',#2611);
#1306=FACE_OUTER_BOUND('',#2612,.T.);
#1307=PLANE('',#2613);
#1308=FACE_OUTER_BOUND('',#2614,.T.);
#1309=CYLINDRICAL_SURFACE('',#2615,0.504000000000016);
#1310=FACE_OUTER_BOUND('',#2616,.T.);
#1311=PLANE('',#2617);
#1312=FACE_OUTER_BOUND('',#2618,.T.);
#1313=PLANE('',#2619);
#1314=FACE_OUTER_BOUND('',#2620,.T.);
#1315=PLANE('',#2621);
#1316=FACE_OUTER_BOUND('',#2622,.T.);
#1317=PLANE('',#2623);
#1318=FACE_OUTER_BOUND('',#2624,.T.);
#1319=PLANE('',#2625);
#1320=FACE_OUTER_BOUND('',#2626,.T.);
#1321=PLANE('',#2627);
#1322=FACE_OUTER_BOUND('',#2628,.T.);
#1323=PLANE('',#2629);
#1324=FACE_OUTER_BOUND('',#2630,.T.);
#1325=PLANE('',#2631);
#1326=FACE_OUTER_BOUND('',#2632,.T.);
#1327=PLANE('',#2633);
#1328=FACE_OUTER_BOUND('',#2634,.T.);
#1329=PLANE('',#2635);
#1330=FACE_OUTER_BOUND('',#2636,.T.);
#1331=PLANE('',#2637);
#1332=FACE_OUTER_BOUND('',#2638,.T.);
#1333=PLANE('',#2639);
#1334=FACE_OUTER_BOUND('',#2640,.T.);
#1335=PLANE('',#2641);
#1336=FACE_OUTER_BOUND('',#2642,.T.);
#1337=PLANE('',#2643);
#1338=FACE_OUTER_BOUND('',#2644,.T.);
#1339=PLANE('',#2645);
#1340=FACE_OUTER_BOUND('',#2646,.T.);
#1341=PLANE('',#2647);
#1342=FACE_OUTER_BOUND('',#2648,.T.);
#1343=B_SPLINE_SURFACE_WITH_KNOTS('',3,3,((#2649,#2650,#2651,#2652),(#2653,#2654,#2655,#2656),(#2657,#2658,#2659,#2660),(#2661,#2662,#2663,#2664),(#2665,#2666,#2667,#2668),(#2669,#2670,#2671,#2672)),.UNSPECIFIED.,.F.,.F.,.F.,(4,1,1,4),(4,4),(-0.00252780076188783,0.0,1.0,1.00252780076177),(-0.00252780076177096,1.00252780076205),.UNSPECIFIED.);
#1344=FACE_OUTER_BOUND('',#2673,.T.);
#1345=PLANE('',#2674);
#1346=FACE_OUTER_BOUND('',#2675,.T.);
#1347=PLANE('',#2676);
#1348=FACE_OUTER_BOUND('',#2677,.T.);
#1349=PLANE('',#2678);
#1350=FACE_OUTER_BOUND('',#2679,.T.);
#1351=PLANE('',#2680);
#1352=FACE_OUTER_BOUND('',#2681,.T.);
#1353=PLANE('',#2682);
#1354=FACE_OUTER_BOUND('',#2683,.T.);
#1355=PLANE('',#2684);
#1356=FACE_OUTER_BOUND('',#2685,.T.);
#1357=PLANE('',#2686);
#1358=FACE_OUTER_BOUND('',#2687,.T.);
#1359=PLANE('',#2688);
#1360=FACE_OUTER_BOUND('',#2689,.T.);
#1361=PLANE('',#2690);
#1362=FACE_OUTER_BOUND('',#2691,.T.);
#1363=PLANE('',#2692);
#1364=FACE_OUTER_BOUND('',#2693,.T.);
#1365=PLANE('',#2694);
#1366=FACE_OUTER_BOUND('',#2695,.T.);
#1367=PLANE('',#2696);
#1368=FACE_OUTER_BOUND('',#2697,.T.);
#1369=PLANE('',#2698);
#1370=FACE_OUTER_BOUND('',#2699,.T.);
#1371=PLANE('',#2700);
#1372=FACE_OUTER_BOUND('',#2701,.T.);
#1373=PLANE('',#2702);
#1374=FACE_OUTER_BOUND('',#2703,.T.);
#1375=CYLINDRICAL_SURFACE('',#2704,0.254);
#1376=FACE_OUTER_BOUND('',#2705,.T.);
#1377=PLANE('',#2706);
#1378=FACE_OUTER_BOUND('',#2707,.T.);
#1379=PLANE('',#2708);
#1380=FACE_OUTER_BOUND('',#2709,.T.);
#1381=PLANE('',#2710);
#1382=FACE_OUTER_BOUND('',#2711,.T.);
#1383=CYLINDRICAL_SURFACE('',#2712,0.508);
#1384=FACE_OUTER_BOUND('',#2713,.T.);
#1385=PLANE('',#2714);
#1386=FACE_OUTER_BOUND('',#2715,.T.);
#1387=PLANE('',#2716);
#1388=FACE_OUTER_BOUND('',#2717,.T.);
#1389=PLANE('',#2718);
#1390=FACE_OUTER_BOUND('',#2719,.T.);
#1391=PLANE('',#2720);
#1392=FACE_OUTER_BOUND('',#2721,.T.);
#1393=PLANE('',#2722);
#1394=FACE_OUTER_BOUND('',#2723,.T.);
#1395=PLANE('',#2724);
#1396=FACE_OUTER_BOUND('',#2725,.T.);
#1397=PLANE('',#2726);
#1398=FACE_OUTER_BOUND('',#2727,.T.);
#1399=PLANE('',#2728);
#1400=FACE_OUTER_BOUND('',#2729,.T.);
#1401=PLANE('',#2730);
#1402=FACE_OUTER_BOUND('',#2731,.T.);
#1403=PLANE('',#2732);
#1404=FACE_OUTER_BOUND('',#2733,.T.);
#1405=PLANE('',#2734);
#1406=FACE_OUTER_BOUND('',#2735,.T.);
#1407=PLANE('',#2736);
#1408=FACE_OUTER_BOUND('',#2737,.T.);
#1409=PLANE('',#2738);
#1410=FACE_OUTER_BOUND('',#2739,.T.);
#1411=PLANE('',#2740);
#1412=FACE_OUTER_BOUND('',#2741,.T.);
#1413=PLANE('',#2742);
#1414=FACE_OUTER_BOUND('',#2743,.T.);
#1415=PLANE('',#2744);
#1416=FACE_OUTER_BOUND('',#2745,.T.);
#1417=PLANE('',#2746);
#1418=FACE_OUTER_BOUND('',#2747,.T.);
#1419=PLANE('',#2748);
#1420=FACE_OUTER_BOUND('',#2749,.T.);
#1421=PLANE('',#2750);
#1422=FACE_OUTER_BOUND('',#2751,.T.);
#1423=PLANE('',#2752);
#1424=FACE_OUTER_BOUND('',#2753,.T.);
#1425=PLANE('',#2754);
#1426=FACE_OUTER_BOUND('',#2755,.T.);
#1427=PLANE('',#2756);
#1428=FACE_OUTER_BOUND('',#2757,.T.);
#1429=PLANE('',#2758);
#1430=FACE_OUTER_BOUND('',#2759,.T.);
#1431=PLANE('',#2760);
#1432=FACE_OUTER_BOUND('',#2761,.T.);
#1433=CYLINDRICAL_SURFACE('',#2762,0.254);
#1434=FACE_OUTER_BOUND('',#2763,.T.);
#1435=PLANE('',#2764);
#1436=FACE_OUTER_BOUND('',#2765,.T.);
#1437=PLANE('',#2766);
#1438=FACE_OUTER_BOUND('',#2767,.T.);
#1439=PLANE('',#2768);
#1440=FACE_OUTER_BOUND('',#2769,.T.);
#1441=CYLINDRICAL_SURFACE('',#2770,0.508);
#1442=FACE_OUTER_BOUND('',#2771,.T.);
#1443=PLANE('',#2772);
#1444=FACE_OUTER_BOUND('',#2773,.T.);
#1445=PLANE('',#2774);
#1446=FACE_OUTER_BOUND('',#2775,.T.);
#1447=PLANE('',#2776);
#1448=FACE_OUTER_BOUND('',#2777,.T.);
#1449=PLANE('',#2778);
#1450=FACE_OUTER_BOUND('',#2779,.T.);
#1451=PLANE('',#2780);
#1452=FACE_OUTER_BOUND('',#2781,.T.);
#1453=PLANE('',#2782);
#1454=FACE_OUTER_BOUND('',#2783,.T.);
#1455=PLANE('',#2784);
#1456=FACE_OUTER_BOUND('',#2785,.T.);
#1457=PLANE('',#2786);
#1458=FACE_OUTER_BOUND('',#2787,.T.);
#1459=PLANE('',#2788);
#1460=FACE_OUTER_BOUND('',#2789,.T.);
#1461=PLANE('',#2790);
#1462=FACE_OUTER_BOUND('',#2791,.T.);
#1463=PLANE('',#2792);
#1464=FACE_OUTER_BOUND('',#2793,.T.);
#1465=PLANE('',#2794);
#1466=FACE_OUTER_BOUND('',#2795,.T.);
#1467=PLANE('',#2796);
#1468=FACE_OUTER_BOUND('',#2797,.T.);
#1469=PLANE('',#2798);
#1470=FACE_OUTER_BOUND('',#2799,.T.);
#1471=PLANE('',#2800);
#1472=FACE_OUTER_BOUND('',#2801,.T.);
#1473=PLANE('',#2802);
#1474=FACE_OUTER_BOUND('',#2803,.T.);
#1475=PLANE('',#2804);
#1476=FACE_OUTER_BOUND('',#2805,.T.);
#1477=PLANE('',#2806);
#1478=FACE_OUTER_BOUND('',#2807,.T.);
#1479=PLANE('',#2808);
#1480=FACE_OUTER_BOUND('',#2809,.T.);
#1481=PLANE('',#2810);
#1482=FACE_OUTER_BOUND('',#2811,.T.);
#1483=PLANE('',#2812);
#1484=FACE_OUTER_BOUND('',#2813,.T.);
#1485=PLANE('',#2814);
#1486=FACE_OUTER_BOUND('',#2815,.T.);
#1487=PLANE('',#2816);
#1488=FACE_OUTER_BOUND('',#2817,.T.);
#1489=PLANE('',#2818);
#1490=FACE_OUTER_BOUND('',#2819,.T.);
#1491=PLANE('',#2820);
#1492=FACE_OUTER_BOUND('',#2821,.T.);
#1493=PLANE('',#2822);
#1494=FACE_OUTER_BOUND('',#2823,.T.);
#1495=CYLINDRICAL_SURFACE('',#2824,0.254);
#1496=FACE_OUTER_BOUND('',#2825,.T.);
#1497=PLANE('',#2826);
#1498=FACE_OUTER_BOUND('',#2827,.T.);
#1499=PLANE('',#2828);
#1500=FACE_OUTER_BOUND('',#2829,.T.);
#1501=PLANE('',#2830);
#1502=FACE_OUTER_BOUND('',#2831,.T.);
#1503=CYLINDRICAL_SURFACE('',#2832,0.508);
#1504=FACE_OUTER_BOUND('',#2833,.T.);
#1505=PLANE('',#2834);
#1506=FACE_OUTER_BOUND('',#2835,.T.);
#1507=PLANE('',#2836);
#1508=FACE_OUTER_BOUND('',#2837,.T.);
#1509=PLANE('',#2838);
#1510=FACE_OUTER_BOUND('',#2839,.T.);
#1511=PLANE('',#2840);
#1512=FACE_OUTER_BOUND('',#2841,.T.);
#1513=PLANE('',#2842);
#1514=FACE_OUTER_BOUND('',#2843,.T.);
#1515=PLANE('',#2844);
#1516=FACE_OUTER_BOUND('',#2845,.T.);
#1517=PLANE('',#2846);
#1518=FACE_OUTER_BOUND('',#2847,.T.);
#1519=PLANE('',#2848);
#1520=FACE_OUTER_BOUND('',#2849,.T.);
#1521=PLANE('',#2850);
#1522=FACE_OUTER_BOUND('',#2851,.T.);
#1523=PLANE('',#2852);
#1524=FACE_OUTER_BOUND('',#2853,.T.);
#1525=PLANE('',#2854);
#1526=FACE_OUTER_BOUND('',#2855,.T.);
#1527=PLANE('',#2856);
#1528=FACE_OUTER_BOUND('',#2857,.T.);
#1529=PLANE('',#2858);
#1530=FACE_OUTER_BOUND('',#2859,.T.);
#1531=PLANE('',#2860);
#1532=FACE_OUTER_BOUND('',#2861,.T.);
#1533=PLANE('',#2862);
#1534=FACE_OUTER_BOUND('',#2863,.T.);
#1535=PLANE('',#2864);
#1536=FACE_OUTER_BOUND('',#2865,.T.);
#1537=PLANE('',#2866);
#1538=FACE_OUTER_BOUND('',#2867,.T.);
#1539=PLANE('',#2868);
#1540=FACE_OUTER_BOUND('',#2869,.T.);
#1541=PLANE('',#2870);
#1542=FACE_OUTER_BOUND('',#2871,.T.);
#1543=PLANE('',#2872);
#1544=FACE_OUTER_BOUND('',#2873,.T.);
#1545=PLANE('',#2874);
#1546=FACE_OUTER_BOUND('',#2875,.T.);
#1547=PLANE('',#2876);
#1548=FACE_OUTER_BOUND('',#2877,.T.);
#1549=PLANE('',#2878);
#1550=FACE_OUTER_BOUND('',#2879,.T.);
#1551=PLANE('',#2880);
#1552=FACE_OUTER_BOUND('',#2881,.T.);
#1553=CYLINDRICAL_SURFACE('',#2882,0.254);
#1554=FACE_OUTER_BOUND('',#2883,.T.);
#1555=PLANE('',#2884);
#1556=FACE_OUTER_BOUND('',#2885,.T.);
#1557=PLANE('',#2886);
#1558=FACE_OUTER_BOUND('',#2887,.T.);
#1559=PLANE('',#2888);
#1560=FACE_OUTER_BOUND('',#2889,.T.);
#1561=CYLINDRICAL_SURFACE('',#2890,0.508);
#1562=FACE_OUTER_BOUND('',#2891,.T.);
#1563=PLANE('',#2892);
#1564=FACE_OUTER_BOUND('',#2893,.T.);
#1565=PLANE('',#2894);
#1566=FACE_OUTER_BOUND('',#2895,.T.);
#1567=PLANE('',#2896);
#1568=FACE_OUTER_BOUND('',#2897,.T.);
#1569=PLANE('',#2898);
#1570=FACE_OUTER_BOUND('',#2899,.T.);
#1571=PLANE('',#2900);
#1572=FACE_OUTER_BOUND('',#2901,.T.);
#1573=PLANE('',#2902);
#1574=FACE_OUTER_BOUND('',#2903,.T.);
#1575=PLANE('',#2904);
#1576=FACE_OUTER_BOUND('',#2905,.T.);
#1577=PLANE('',#2906);
#1578=FACE_OUTER_BOUND('',#2907,.T.);
#1579=PLANE('',#2908);
#1580=FACE_OUTER_BOUND('',#2909,.T.);
#1581=PLANE('',#2910);
#1582=FACE_OUTER_BOUND('',#2911,.T.);
#1583=PLANE('',#2912);
#1584=FACE_OUTER_BOUND('',#2913,.T.);
#1585=PLANE('',#2914);
#1586=FACE_OUTER_BOUND('',#2915,.T.);
#1587=PLANE('',#2916);
#1588=FACE_OUTER_BOUND('',#2917,.T.);
#1589=PLANE('',#2918);
#1590=FACE_OUTER_BOUND('',#2919,.T.);
#1591=PLANE('',#2920);
#1592=FACE_OUTER_BOUND('',#2921,.T.);
#1593=PLANE('',#2922);
#1594=FACE_OUTER_BOUND('',#2923,.T.);
#1595=PLANE('',#2924);
#1596=FACE_OUTER_BOUND('',#2925,.T.);
#1597=PLANE('',#2926);
#1598=FACE_OUTER_BOUND('',#2927,.T.);
#1599=PLANE('',#2928);
#1600=FACE_OUTER_BOUND('',#2929,.T.);
#1601=PLANE('',#2930);
#1602=FACE_OUTER_BOUND('',#2931,.T.);
#1603=PLANE('',#2932);
#1604=FACE_OUTER_BOUND('',#2933,.T.);
#1605=PLANE('',#2934);
#1606=FACE_OUTER_BOUND('',#2935,.T.);
#1607=PLANE('',#2936);
#1608=FACE_OUTER_BOUND('',#2937,.T.);
#1609=PLANE('',#2938);
#1610=FACE_OUTER_BOUND('',#2939,.T.);
#1611=CYLINDRICAL_SURFACE('',#2940,0.254);
#1612=FACE_OUTER_BOUND('',#2941,.T.);
#1613=PLANE('',#2942);
#1614=FACE_OUTER_BOUND('',#2943,.T.);
#1615=PLANE('',#2944);
#1616=FACE_OUTER_BOUND('',#2945,.T.);
#1617=PLANE('',#2946);
#1618=FACE_OUTER_BOUND('',#2947,.T.);
#1619=CYLINDRICAL_SURFACE('',#2948,0.508);
#1620=FACE_OUTER_BOUND('',#2949,.T.);
#1621=PLANE('',#2950);
#1622=FACE_OUTER_BOUND('',#2951,.T.);
#1623=PLANE('',#2952);
#1624=FACE_OUTER_BOUND('',#2953,.T.);
#1625=PLANE('',#2954);
#1626=FACE_OUTER_BOUND('',#2955,.T.);
#1627=PLANE('',#2956);
#1628=FACE_OUTER_BOUND('',#2957,.T.);
#1629=PLANE('',#2958);
#1630=FACE_OUTER_BOUND('',#2959,.T.);
#1631=PLANE('',#2960);
#1632=FACE_OUTER_BOUND('',#2961,.T.);
#1633=PLANE('',#2962);
#1634=FACE_OUTER_BOUND('',#2963,.T.);
#1635=PLANE('',#2964);
#1636=FACE_OUTER_BOUND('',#2965,.T.);
#1637=PLANE('',#2966);
#1638=FACE_OUTER_BOUND('',#2967,.T.);
#1639=PLANE('',#2968);
#1640=FACE_OUTER_BOUND('',#2969,.T.);
#1641=PLANE('',#2970);
#1642=FACE_OUTER_BOUND('',#2971,.T.);
#1643=PLANE('',#2972);
#1644=FACE_OUTER_BOUND('',#2973,.T.);
#1645=PLANE('',#2974);
#1646=FACE_OUTER_BOUND('',#2975,.T.);
#1647=PLANE('',#2976);
#1648=FACE_OUTER_BOUND('',#2977,.T.);
#1649=PLANE('',#2978);
#1650=FACE_OUTER_BOUND('',#2979,.T.);
#1651=PLANE('',#2980);
#1652=FACE_OUTER_BOUND('',#2981,.T.);
#1653=PLANE('',#2982);
#1654=FACE_OUTER_BOUND('',#2983,.T.);
#1655=PLANE('',#2984);
#1656=FACE_OUTER_BOUND('',#2985,.T.);
#1657=PLANE('',#2986);
#1658=FACE_OUTER_BOUND('',#2987,.T.);
#1659=PLANE('',#2988);
#1660=FACE_OUTER_BOUND('',#2989,.T.);
#1661=PLANE('',#2990);
#1662=FACE_OUTER_BOUND('',#2991,.T.);
#1663=PLANE('',#2992);
#1664=FACE_OUTER_BOUND('',#2993,.T.);
#1665=PLANE('',#2994);
#1666=FACE_OUTER_BOUND('',#2995,.T.);
#1667=PLANE('',#2996);
#1668=FACE_OUTER_BOUND('',#2997,.T.);
#1669=CYLINDRICAL_SURFACE('',#2998,0.254);
#1670=FACE_OUTER_BOUND('',#2999,.T.);
#1671=PLANE('',#3000);
#1672=FACE_OUTER_BOUND('',#3001,.T.);
#1673=PLANE('',#3002);
#1674=FACE_OUTER_BOUND('',#3003,.T.);
#1675=PLANE('',#3004);
#1676=FACE_OUTER_BOUND('',#3005,.T.);
#1677=CYLINDRICAL_SURFACE('',#3006,0.508);
#1678=FACE_OUTER_BOUND('',#3007,.T.);
#1679=PLANE('',#3008);
#1680=FACE_OUTER_BOUND('',#3009,.T.);
#1681=PLANE('',#3010);
#1682=FACE_OUTER_BOUND('',#3011,.T.);
#1683=PLANE('',#3012);
#1684=FACE_OUTER_BOUND('',#3013,.T.);
#1685=PLANE('',#3014);
#1686=FACE_OUTER_BOUND('',#3015,.T.);
#1687=PLANE('',#3016);
#1688=FACE_OUTER_BOUND('',#3017,.T.);
#1689=PLANE('',#3018);
#1690=FACE_OUTER_BOUND('',#3019,.T.);
#1691=PLANE('',#3020);
#1692=FACE_OUTER_BOUND('',#3021,.T.);
#1693=PLANE('',#3022);
#1694=FACE_OUTER_BOUND('',#3023,.T.);
#1695=PLANE('',#3024);
#1696=FACE_OUTER_BOUND('',#3025,.T.);
#1697=PLANE('',#3026);
#1698=FACE_OUTER_BOUND('',#3027,.T.);
#1699=PLANE('',#3028);
#1700=FACE_OUTER_BOUND('',#3029,.T.);
#1701=PLANE('',#3030);
#1702=FACE_OUTER_BOUND('',#3031,.T.);
#1703=PLANE('',#3032);
#1704=FACE_OUTER_BOUND('',#3033,.T.);
#1705=PLANE('',#3034);
#1706=FACE_OUTER_BOUND('',#3035,.T.);
#1707=PLANE('',#3036);
#1708=FACE_OUTER_BOUND('',#3037,.T.);
#1709=PLANE('',#3038);
#1710=FACE_OUTER_BOUND('',#3039,.T.);
#1711=PLANE('',#3040);
#1712=FACE_OUTER_BOUND('',#3041,.T.);
#1713=PLANE('',#3042);
#1714=FACE_OUTER_BOUND('',#3043,.T.);
#1715=PLANE('',#3044);
#1716=FACE_OUTER_BOUND('',#3045,.T.);
#1717=PLANE('',#3046);
#1718=FACE_OUTER_BOUND('',#3047,.T.);
#1719=PLANE('',#3048);
#1720=FACE_OUTER_BOUND('',#3049,.T.);
#1721=PLANE('',#3050);
#1722=FACE_OUTER_BOUND('',#3051,.T.);
#1723=CYLINDRICAL_SURFACE('',#3052,0.254);
#1724=FACE_OUTER_BOUND('',#3053,.T.);
#1725=PLANE('',#3054);
#1726=FACE_OUTER_BOUND('',#3055,.T.);
#1727=PLANE('',#3056);
#1728=FACE_OUTER_BOUND('',#3057,.T.);
#1729=PLANE('',#3058);
#1730=FACE_OUTER_BOUND('',#3059,.T.);
#1731=CYLINDRICAL_SURFACE('',#3060,0.508);
#1732=FACE_OUTER_BOUND('',#3061,.T.);
#1733=PLANE('',#3062);
#1734=FACE_OUTER_BOUND('',#3063,.T.);
#1735=PLANE('',#3064);
#1736=FACE_OUTER_BOUND('',#3065,.T.);
#1737=PLANE('',#3066);
#1738=FACE_OUTER_BOUND('',#3067,.T.);
#1739=PLANE('',#3068);
#1740=FACE_OUTER_BOUND('',#3069,.T.);
#1741=PLANE('',#3070);
#1742=FACE_OUTER_BOUND('',#3071,.T.);
#1743=PLANE('',#3072);
#1744=FACE_OUTER_BOUND('',#3073,.T.);
#1745=PLANE('',#3074);
#1746=FACE_OUTER_BOUND('',#3075,.T.);
#1747=PLANE('',#3076);
#1748=FACE_OUTER_BOUND('',#3077,.T.);
#1749=PLANE('',#3078);
#1750=FACE_OUTER_BOUND('',#3079,.T.);
#1751=PLANE('',#3080);
#1752=FACE_OUTER_BOUND('',#3081,.T.);
#1753=PLANE('',#3082);
#1754=FACE_OUTER_BOUND('',#3083,.T.);
#1755=PLANE('',#3084);
#1756=FACE_OUTER_BOUND('',#3085,.T.);
#1757=PLANE('',#3086);
#1758=FACE_OUTER_BOUND('',#3087,.T.);
#1759=PLANE('',#3088);
#1760=FACE_OUTER_BOUND('',#3089,.T.);
#1761=PLANE('',#3090);
#1762=FACE_OUTER_BOUND('',#3091,.T.);
#1763=PLANE('',#3092);
#1764=FACE_OUTER_BOUND('',#3093,.T.);
#1765=PLANE('',#3094);
#1766=FACE_OUTER_BOUND('',#3095,.T.);
#1767=PLANE('',#3096);
#1768=FACE_OUTER_BOUND('',#3097,.T.);
#1769=PLANE('',#3098);
#1770=FACE_OUTER_BOUND('',#3099,.T.);
#1771=PLANE('',#3100);
#1772=FACE_OUTER_BOUND('',#3101,.T.);
#1773=PLANE('',#3102);
#1774=FACE_OUTER_BOUND('',#3103,.T.);
#1775=PLANE('',#3104);
#1776=FACE_OUTER_BOUND('',#3105,.T.);
#1777=PLANE('',#3106);
#1778=FACE_OUTER_BOUND('',#3107,.T.);
#1779=PLANE('',#3108);
#1780=FACE_OUTER_BOUND('',#3109,.T.);
#1781=PLANE('',#3110);
#1782=FACE_OUTER_BOUND('',#3111,.T.);
#1783=PLANE('',#3112);
#1784=FACE_OUTER_BOUND('',#3113,.T.);
#1785=PLANE('',#3114);
#1786=FACE_OUTER_BOUND('',#3115,.T.);
#1787=PLANE('',#3116);
#1788=FACE_OUTER_BOUND('',#3117,.T.);
#1789=PLANE('',#3118);
#1790=FACE_OUTER_BOUND('',#3119,.T.);
#1791=PLANE('',#3120);
#1792=TRIMMED_CURVE('',#3121,(PARAMETER_VALUE(0.0)),(PARAMETER_VALUE(1.0)),.T.,.UNSPECIFIED.);
#1793=TRIMMED_CURVE('',#3122,(PARAMETER_VALUE(0.0)),(PARAMETER_VALUE(1.0)),.T.,.UNSPECIFIED.);
#1794=TRIMMED_CURVE('',#3123,(PARAMETER_VALUE(0.0)),(PARAMETER_VALUE(1.0)),.T.,.UNSPECIFIED.);
#1795=TRIMMED_CURVE('',#3124,(PARAMETER_VALUE(0.0)),(PARAMETER_VALUE(1.0)),.T.,.UNSPECIFIED.);
#1796=TRIMMED_CURVE('',#3125,(PARAMETER_VALUE(0.0)),(PARAMETER_VALUE(1.0)),.T.,.UNSPECIFIED.);
#1797=TRIMMED_CURVE('',#3126,(PARAMETER_VALUE(0.0)),(PARAMETER_VALUE(1.0)),.T.,.UNSPECIFIED.);
#1798=TRIMMED_CURVE('',#3127,(PARAMETER_VALUE(0.0)),(PARAMETER_VALUE(1.0)),.T.,.UNSPECIFIED.);
#1799=TRIMMED_CURVE('',#3128,(PARAMETER_VALUE(0.0)),(PARAMETER_VALUE(1.0)),.T.,.UNSPECIFIED.);
#1800=TRIMMED_CURVE('',#3129,(PARAMETER_VALUE(0.0)),(PARAMETER_VALUE(1.0)),.T.,.UNSPECIFIED.);
#1801=TRIMMED_CURVE('',#3130,(PARAMETER_VALUE(0.0)),(PARAMETER_VALUE(1.0)),.T.,.UNSPECIFIED.);
#1802=TRIMMED_CURVE('',#3131,(PARAMETER_VALUE(0.0)),(PARAMETER_VALUE(1.0)),.T.,.UNSPECIFIED.);
#1803=TRIMMED_CURVE('',#3132,(PARAMETER_VALUE(0.0)),(PARAMETER_VALUE(1.0)),.T.,.UNSPECIFIED.);
#1804=TRIMMED_CURVE('',#3133,(PARAMETER_VALUE(0.0)),(PARAMETER_VALUE(1.0)),.T.,.UNSPECIFIED.);
#1805=TRIMMED_CURVE('',#3134,(PARAMETER_VALUE(0.0)),(PARAMETER_VALUE(1.0)),.T.,.UNSPECIFIED.);
#1806=TRIMMED_CURVE('',#3135,(PARAMETER_VALUE(0.0)),(PARAMETER_VALUE(1.0)),.T.,.UNSPECIFIED.);
#1807=TRIMMED_CURVE('',#3136,(PARAMETER_VALUE(0.0)),(PARAMETER_VALUE(1.0)),.T.,.UNSPECIFIED.);
#1808=TRIMMED_CURVE('',#3137,(PARAMETER_VALUE(0.0)),(PARAMETER_VALUE(1.0)),.T.,.UNSPECIFIED.);
#1809=TRIMMED_CURVE('',#3138,(PARAMETER_VALUE(0.0)),(PARAMETER_VALUE(1.0)),.T.,.UNSPECIFIED.);
#1810=TRIMMED_CURVE('',#3139,(PARAMETER_VALUE(0.0)),(PARAMETER_VALUE(1.0)),.T.,.UNSPECIFIED.);
#1811=TRIMMED_CURVE('',#3140,(PARAMETER_VALUE(0.0)),(PARAMETER_VALUE(1.0)),.T.,.UNSPECIFIED.);
#1812=TRIMMED_CURVE('',#3141,(PARAMETER_VALUE(0.0)),(PARAMETER_VALUE(1.0)),.T.,.UNSPECIFIED.);
#1813=TRIMMED_CURVE('',#3142,(PARAMETER_VALUE(0.0)),(PARAMETER_VALUE(1.0)),.T.,.UNSPECIFIED.);
#1814=TRIMMED_CURVE('',#3143,(PARAMETER_VALUE(0.0)),(PARAMETER_VALUE(1.0)),.T.,.UNSPECIFIED.);
#1815=TRIMMED_CURVE('',#3144,(PARAMETER_VALUE(0.0)),(PARAMETER_VALUE(1.0)),.T.,.UNSPECIFIED.);
#1816=TRIMMED_CURVE('',#3145,(PARAMETER_VALUE(0.0)),(PARAMETER_VALUE(1.0)),.T.,.UNSPECIFIED.);
#1817=TRIMMED_CURVE('',#3146,(PARAMETER_VALUE(0.0)),(PARAMETER_VALUE(1.0)),.T.,.UNSPECIFIED.);
#1818=TRIMMED_CURVE('',#3147,(PARAMETER_VALUE(0.0)),(PARAMETER_VALUE(1.0)),.T.,.UNSPECIFIED.);
#1819=TRIMMED_CURVE('',#3148,(PARAMETER_VALUE(0.0)),(PARAMETER_VALUE(1.0)),.T.,.UNSPECIFIED.);
#1820=TRIMMED_CURVE('',#3149,(PARAMETER_VALUE(0.0)),(PARAMETER_VALUE(1.0)),.T.,.UNSPECIFIED.);
#1821=TRIMMED_CURVE('',#3150,(PARAMETER_VALUE(0.0)),(PARAMETER_VALUE(1.0)),.T.,.UNSPECIFIED.);
#1822=TRIMMED_CURVE('',#3151,(PARAMETER_VALUE(0.0)),(PARAMETER_VALUE(1.0)),.T.,.UNSPECIFIED.);
#1823=TRIMMED_CURVE('',#3152,(PARAMETER_VALUE(0.0)),(PARAMETER_VALUE(1.0)),.T.,.UNSPECIFIED.);
#1824=TRIMMED_CURVE('',#3153,(PARAMETER_VALUE(0.0)),(PARAMETER_VALUE(1.0)),.T.,.UNSPECIFIED.);
#1825=TRIMMED_CURVE('',#3154,(PARAMETER_VALUE(0.0)),(PARAMETER_VALUE(1.0)),.T.,.UNSPECIFIED.);
#1826=TRIMMED_CURVE('',#3155,(PARAMETER_VALUE(0.0)),(PARAMETER_VALUE(1.0)),.T.,.UNSPECIFIED.);
#1827=TRIMMED_CURVE('',#3156,(PARAMETER_VALUE(0.0)),(PARAMETER_VALUE(1.0)),.T.,.UNSPECIFIED.);
#1828=TRIMMED_CURVE('',#3157,(PARAMETER_VALUE(0.0)),(PARAMETER_VALUE(1.0)),.T.,.UNSPECIFIED.);
#1829=TRIMMED_CURVE('',#3158,(PARAMETER_VALUE(0.0)),(PARAMETER_VALUE(1.0)),.T.,.UNSPECIFIED.);
#1830=TRIMMED_CURVE('',#3159,(PARAMETER_VALUE(0.0)),(PARAMETER_VALUE(1.0)),.T.,.UNSPECIFIED.);
#1831=TRIMMED_CURVE('',#3160,(PARAMETER_VALUE(0.0)),(PARAMETER_VALUE(1.0)),.T.,.UNSPECIFIED.);
#1832=TRIMMED_CURVE('',#3161,(PARAMETER_VALUE(0.0)),(PARAMETER_VALUE(1.0)),.T.,.UNSPECIFIED.);
#1833=TRIMMED_CURVE('',#3162,(PARAMETER_VALUE(0.0)),(PARAMETER_VALUE(1.0)),.T.,.UNSPECIFIED.);
#1834=TRIMMED_CURVE('',#3163,(PARAMETER_VALUE(0.0)),(PARAMETER_VALUE(1.0)),.T.,.UNSPECIFIED.);
#1835=TRIMMED_CURVE('',#3164,(PARAMETER_VALUE(0.0)),(PARAMETER_VALUE(1.0)),.T.,.UNSPECIFIED.);
#1836=TRIMMED_CURVE('',#3165,(PARAMETER_VALUE(0.0)),(PARAMETER_VALUE(1.0)),.T.,.UNSPECIFIED.);
#1837=TRIMMED_CURVE('',#3166,(PARAMETER_VALUE(0.0)),(PARAMETER_VALUE(1.0)),.T.,.UNSPECIFIED.);
#1838=TRIMMED_CURVE('',#3167,(PARAMETER_VALUE(0.0)),(PARAMETER_VALUE(1.0)),.T.,.UNSPECIFIED.);
#1839=TRIMMED_CURVE('',#3168,(PARAMETER_VALUE(0.0)),(PARAMETER_VALUE(1.0)),.T.,.UNSPECIFIED.);
#1840=TRIMMED_CURVE('',#3169,(PARAMETER_VALUE(0.0)),(PARAMETER_VALUE(1.0)),.T.,.UNSPECIFIED.);
#1841=TRIMMED_CURVE('',#3170,(PARAMETER_VALUE(0.0)),(PARAMETER_VALUE(1.0)),.T.,.UNSPECIFIED.);
#1842=TRIMMED_CURVE('',#3171,(PARAMETER_VALUE(0.0)),(PARAMETER_VALUE(1.0)),.T.,.UNSPECIFIED.);
#1843=TRIMMED_CURVE('',#3172,(PARAMETER_VALUE(0.0)),(PARAMETER_VALUE(1.0)),.T.,.UNSPECIFIED.);
#1844=TRIMMED_CURVE('',#3173,(PARAMETER_VALUE(0.0)),(PARAMETER_VALUE(1.0)),.T.,.UNSPECIFIED.);
#1845=TRIMMED_CURVE('',#3174,(PARAMETER_VALUE(0.0)),(PARAMETER_VALUE(1.0)),.T.,.UNSPECIFIED.);
#1846=TRIMMED_CURVE('',#3175,(PARAMETER_VALUE(0.0)),(PARAMETER_VALUE(1.0)),.T.,.UNSPECIFIED.);
#1847=TRIMMED_CURVE('',#3176,(PARAMETER_VALUE(0.0)),(PARAMETER_VALUE(1.0)),.T.,.UNSPECIFIED.);
#1848=TRIMMED_CURVE('',#3177,(PARAMETER_VALUE(0.0)),(PARAMETER_VALUE(1.0)),.T.,.UNSPECIFIED.);
#1849=TRIMMED_CURVE('',#3178,(PARAMETER_VALUE(0.0)),(PARAMETER_VALUE(1.0)),.T.,.UNSPECIFIED.);
#1850=TRIMMED_CURVE('',#3179,(PARAMETER_VALUE(0.0)),(PARAMETER_VALUE(1.0)),.T.,.UNSPECIFIED.);
#1851=TRIMMED_CURVE('',#3180,(PARAMETER_VALUE(0.0)),(PARAMETER_VALUE(1.0)),.T.,.UNSPECIFIED.);
#1852=TRIMMED_CURVE('',#3181,(PARAMETER_VALUE(0.0)),(PARAMETER_VALUE(1.0)),.T.,.UNSPECIFIED.);
#1853=TRIMMED_CURVE('',#3182,(PARAMETER_VALUE(0.0)),(PARAMETER_VALUE(1.0)),.T.,.UNSPECIFIED.);
#1854=TRIMMED_CURVE('',#3183,(PARAMETER_VALUE(0.0)),(PARAMETER_VALUE(1.0)),.T.,.UNSPECIFIED.);
#1855=TRIMMED_CURVE('',#3184,(PARAMETER_VALUE(0.0)),(PARAMETER_VALUE(1.0)),.T.,.UNSPECIFIED.);
#1856=EDGE_LOOP('',(#3185,#3186,#3187,#3188));
#1857=AXIS2_PLACEMENT_3D('',#3189,#3190,#3191);
#1858=EDGE_LOOP('',(#3192,#3193,#3194,#3195));
#1859=AXIS2_PLACEMENT_3D('',#3196,#3197,#3198);
#1860=EDGE_LOOP('',(#3199,#3200,#3201,#3202));
#1861=AXIS2_PLACEMENT_3D('',#3203,#3204,#3205);
#1862=EDGE_LOOP('',(#3206,#3207,#3208,#3209));
#1863=AXIS2_PLACEMENT_3D('',#3210,#3211,#3212);
#1864=EDGE_LOOP('',(#3213,#3214,#3215,#3216));
#1865=AXIS2_PLACEMENT_3D('',#3217,#3218,#3219);
#1866=EDGE_LOOP('',(#3220,#3221,#3222,#3223));
#1867=AXIS2_PLACEMENT_3D('',#3224,#3225,#3226);
#1868=EDGE_LOOP('',(#3227,#3228,#3229,#3230));
#1869=AXIS2_PLACEMENT_3D('',#3231,#3232,#3233);
#1870=EDGE_LOOP('',(#3234,#3235,#3236,#3237));
#1871=AXIS2_PLACEMENT_3D('',#3238,#3239,#3240);
#1872=EDGE_LOOP('',(#3241,#3242,#3243,#3244));
#1873=AXIS2_PLACEMENT_3D('',#3245,#3246,#3247);
#1874=EDGE_LOOP('',(#3248,#3249,#3250,#3251));
#1875=AXIS2_PLACEMENT_3D('',#3252,#3253,#3254);
#1876=EDGE_LOOP('',(#3255,#3256,#3257,#3258));
#1877=AXIS2_PLACEMENT_3D('',#3259,#3260,#3261);
#1878=EDGE_LOOP('',(#3262,#3263,#3264,#3265));
#1879=AXIS2_PLACEMENT_3D('',#3266,#3267,#3268);
#1880=EDGE_LOOP('',(#3269,#3270,#3271,#3272));
#1881=AXIS2_PLACEMENT_3D('',#3273,#3274,#3275);
#1882=EDGE_LOOP('',(#3276,#3277,#3278,#3279));
#1883=AXIS2_PLACEMENT_3D('',#3280,#3281,#3282);
#1884=EDGE_LOOP('',(#3283,#3284,#3285,#3286));
#1885=AXIS2_PLACEMENT_3D('',#3287,#3288,#3289);
#1886=EDGE_LOOP('',(#3290,#3291,#3292,#3293));
#1887=AXIS2_PLACEMENT_3D('',#3294,#3295,#3296);
#1888=EDGE_LOOP('',(#3297,#3298,#3299,#3300));
#1889=AXIS2_PLACEMENT_3D('',#3301,#3302,#3303);
#1890=EDGE_LOOP('',(#3304,#3305,#3306,#3307));
#1891=AXIS2_PLACEMENT_3D('',#3308,#3309,#3310);
#1892=EDGE_LOOP('',(#3311,#3312,#3313,#3314));
#1893=AXIS2_PLACEMENT_3D('',#3315,#3316,#3317);
#1894=EDGE_LOOP('',(#3318,#3319,#3320,#3321));
#1895=AXIS2_PLACEMENT_3D('',#3322,#3323,#3324);
#1896=EDGE_LOOP('',(#3325,#3326,#3327,#3328));
#1897=AXIS2_PLACEMENT_3D('',#3329,#3330,#3331);
#1898=EDGE_LOOP('',(#3332,#3333,#3334,#3335));
#1899=AXIS2_PLACEMENT_3D('',#3336,#3337,#3338);
#1900=EDGE_LOOP('',(#3339,#3340,#3341,#3342));
#1901=AXIS2_PLACEMENT_3D('',#3343,#3344,#3345);
#1902=EDGE_LOOP('',(#3346,#3347,#3348,#3349));
#1903=AXIS2_PLACEMENT_3D('',#3350,#3351,#3352);
#1904=EDGE_LOOP('',(#3353,#3354,#3355,#3356));
#1905=AXIS2_PLACEMENT_3D('',#3357,#3358,#3359);
#1906=EDGE_LOOP('',(#3360,#3361,#3362,#3363));
#1907=AXIS2_PLACEMENT_3D('',#3364,#3365,#3366);
#1908=EDGE_LOOP('',(#3367,#3368,#3369,#3370));
#1909=AXIS2_PLACEMENT_3D('',#3371,#3372,#3373);
#1910=EDGE_LOOP('',(#3374,#3375,#3376,#3377));
#1911=AXIS2_PLACEMENT_3D('',#3378,#3379,#3380);
#1912=EDGE_LOOP('',(#3381,#3382,#3383,#3384,#3385,#3386,#3387,#3388));
#1913=AXIS2_PLACEMENT_3D('',#3389,#3390,#3391);
#1914=EDGE_LOOP('',(#3392,#3393,#3394,#3395,#3396,#3397,#3398,#3399,#3400,#3401,#3402,#3403));
#1915=EDGE_LOOP('',(#3404,#3405,#3406,#3407));
#1916=EDGE_LOOP('',(#3408,#3409,#3410,#3411));
#1917=EDGE_LOOP('',(#3412,#3413,#3414,#3415));
#1918=EDGE_LOOP('',(#3416,#3417,#3418,#3419));
#1919=EDGE_LOOP('',(#3420,#3421,#3422,#3423));
#1920=EDGE_LOOP('',(#3424,#3425,#3426,#3427));
#1921=EDGE_LOOP('',(#3428,#3429,#3430,#3431));
#1922=EDGE_LOOP('',(#3432,#3433,#3434,#3435));
#1923=EDGE_LOOP('',(#3436,#3437,#3438,#3439));
#1924=EDGE_LOOP('',(#3440,#3441,#3442,#3443));
#1925=EDGE_LOOP('',(#3444,#3445,#3446,#3447));
#1926=EDGE_LOOP('',(#3448,#3449,#3450,#3451));
#1927=EDGE_LOOP('',(#3452,#3453,#3454,#3455));
#1928=EDGE_LOOP('',(#3456,#3457,#3458,#3459));
#1929=EDGE_LOOP('',(#3460,#3461,#3462,#3463));
#1930=EDGE_LOOP('',(#3464,#3465,#3466,#3467));
#1931=EDGE_LOOP('',(#3468,#3469,#3470,#3471));
#1932=EDGE_LOOP('',(#3472,#3473,#3474,#3475));
#1933=EDGE_LOOP('',(#3476,#3477,#3478,#3479));
#1934=EDGE_LOOP('',(#3480,#3481,#3482,#3483));
#1935=EDGE_LOOP('',(#3484,#3485,#3486,#3487));
#1936=EDGE_LOOP('',(#3488,#3489,#3490,#3491));
#1937=EDGE_LOOP('',(#3492,#3493,#3494,#3495));
#1938=AXIS2_PLACEMENT_3D('',#3496,#3497,#3498);
#1939=EDGE_LOOP('',(#3499,#3500,#3501,#3502));
#1940=AXIS2_PLACEMENT_3D('',#3503,#3504,#3505);
#1941=EDGE_LOOP('',(#3506,#3507,#3508,#3509));
#1942=AXIS2_PLACEMENT_3D('',#3510,#3511,#3512);
#1943=EDGE_LOOP('',(#3513,#3514,#3515,#3516,#3517,#3518,#3519,#3520,#3521,#3522,#3523,#3524,#3525,#3526,#3527,#3528,#3529,#3530,#3531,#3532,#3533,#3534,#3535,#3536,#3537,#3538,#3539,#3540,#3541,#3542,#3543,#3544,#3545,#3546,#3547,#3548));
#1944=AXIS2_PLACEMENT_3D('',#3549,#3550,#3551);
#1945=EDGE_LOOP('',(#3552,#3553,#3554,#3555,#3556,#3557));
#1946=AXIS2_PLACEMENT_3D('',#3558,#3559,#3560);
#1947=EDGE_LOOP('',(#3561,#3562,#3563,#3564,#3565,#3566,#3567,#3568));
#1948=AXIS2_PLACEMENT_3D('',#3569,#3570,#3571);
#1949=EDGE_LOOP('',(#3572,#3573,#3574,#3575));
#1950=AXIS2_PLACEMENT_3D('',#3576,#3577,#3578);
#1951=EDGE_LOOP('',(#3579,#3580,#3581,#3582));
#1952=AXIS2_PLACEMENT_3D('',#3583,#3584,#3585);
#1953=EDGE_LOOP('',(#3586,#3587,#3588,#3589,#3590,#3591,#3592));
#1954=AXIS2_PLACEMENT_3D('',#3593,#3594,#3595);
#1955=EDGE_LOOP('',(#3596,#3597,#3598,#3599,#3600,#3601,#3602,#3603));
#1956=AXIS2_PLACEMENT_3D('',#3604,#3605,#3606);
#1957=EDGE_LOOP('',(#3607,#3608,#3609,#3610));
#1958=AXIS2_PLACEMENT_3D('',#3611,#3612,#3613);
#1959=EDGE_LOOP('',(#3614,#3615,#3616,#3617));
#1960=AXIS2_PLACEMENT_3D('',#3618,#3619,#3620);
#1961=EDGE_LOOP('',(#3621,#3622,#3623,#3624));
#1962=AXIS2_PLACEMENT_3D('',#3625,#3626,#3627);
#1963=EDGE_LOOP('',(#3628,#3629,#3630,#3631));
#1964=AXIS2_PLACEMENT_3D('',#3632,#3633,#3634);
#1965=EDGE_LOOP('',(#3635,#3636,#3637,#3638));
#1966=AXIS2_PLACEMENT_3D('',#3639,#3640,#3641);
#1967=EDGE_LOOP('',(#3642,#3643,#3644,#3645));
#1968=AXIS2_PLACEMENT_3D('',#3646,#3647,#3648);
#1969=EDGE_LOOP('',(#3649,#3650,#3651,#3652,#3653,#3654,#3655,#3656));
#1970=AXIS2_PLACEMENT_3D('',#3657,#3658,#3659);
#1971=EDGE_LOOP('',(#3660,#3661,#3662,#3663,#3664,#3665));
#1972=AXIS2_PLACEMENT_3D('',#3666,#3667,#3668);
#1973=EDGE_LOOP('',(#3669,#3670,#3671,#3672,#3673,#3674));
#1974=AXIS2_PLACEMENT_3D('',#3675,#3676,#3677);
#1975=EDGE_LOOP('',(#3678,#3679,#3680,#3681,#3682));
#1976=AXIS2_PLACEMENT_3D('',#3683,#3684,#3685);
#1977=EDGE_LOOP('',(#3686,#3687,#3688,#3689));
#1978=AXIS2_PLACEMENT_3D('',#3690,#3691,#3692);
#1979=EDGE_LOOP('',(#3693,#3694,#3695,#3696));
#1980=AXIS2_PLACEMENT_3D('',#3697,#3698,#3699);
#1981=EDGE_LOOP('',(#3700,#3701,#3702,#3703));
#1982=AXIS2_PLACEMENT_3D('',#3704,#3705,#3706);
#1983=EDGE_LOOP('',(#3707,#3708,#3709,#3710,#3711,#3712,#3713,#3714));
#1984=AXIS2_PLACEMENT_3D('',#3715,#3716,#3717);
#1985=EDGE_LOOP('',(#3718,#3719,#3720));
#1986=AXIS2_PLACEMENT_3D('',#3721,#3722,#3723);
#1987=EDGE_LOOP('',(#3724,#3725,#3726,#3727));
#1988=AXIS2_PLACEMENT_3D('',#3728,#3729,#3730);
#1989=EDGE_LOOP('',(#3731,#3732,#3733,#3734,#3735,#3736,#3737,#3738,#3739,#3740,#3741,#3742,#3743,#3744,#3745,#3746,#3747,#3748,#3749,#3750,#3751,#3752,#3753,#3754,#3755,#3756,#3757,#3758,#3759,#3760,#3761,#3762,#3763,#3764,#3765,#3766,#3767,#3768,#3769,#3770,#3771,#3772,#3773,#3774,#3775,#3776,#3777,#3778,#3779,#3780,#3781,#3782,#3783,#3784,#3785,#3786,#3787,#3788,#3789,#3790,#3791,#3792,#3793,#3794,#3795,#3796,#3797,#3798,#3799,#3800,#3801,#3802,#3803,#3804,#3805,#3806,#3807,#3808,#3809,#3810,#3811,#3812,#3813,#3814,#3815,#3816,#3817,#3818,#3819,#3820,#3821,#3822,#3823,#3824,#3825,#3826,#3827,#3828,#3829,#3830,#3831,#3832,#3833,#3834,#3835,#3836,#3837,#3838,#3839,#3840,#3841,#3842,#3843,#3844,#3845,#3846,#3847,#3848,#3849,#3850,#3851,#3852,#3853,#3854,#3855,#3856,#3857,#3858,#3859,#3860,#3861,#3862));
#1990=AXIS2_PLACEMENT_3D('',#3863,#3864,#3865);
#1991=EDGE_LOOP('',(#3866,#3867,#3868,#3869,#3870,#3871,#3872));
#1992=AXIS2_PLACEMENT_3D('',#3873,#3874,#3875);
#1993=EDGE_LOOP('',(#3876,#3877,#3878,#3879));
#1994=AXIS2_PLACEMENT_3D('',#3880,#3881,#3882);
#1995=EDGE_LOOP('',(#3883,#3884,#3885,#3886));
#1996=AXIS2_PLACEMENT_3D('',#3887,#3888,#3889);
#1997=EDGE_LOOP('',(#3890,#3891,#3892,#3893,#3894,#3895));
#1998=AXIS2_PLACEMENT_3D('',#3896,#3897,#3898);
#1999=EDGE_LOOP('',(#3899,#3900,#3901,#3902));
#2000=AXIS2_PLACEMENT_3D('',#3903,#3904,#3905);
#2001=EDGE_LOOP('',(#3906,#3907,#3908,#3909));
#2002=AXIS2_PLACEMENT_3D('',#3910,#3911,#3912);
#2003=EDGE_LOOP('',(#3913,#3914,#3915,#3916));
#2004=AXIS2_PLACEMENT_3D('',#3917,#3918,#3919);
#2005=EDGE_LOOP('',(#3920,#3921,#3922,#3923));
#2006=AXIS2_PLACEMENT_3D('',#3924,#3925,#3926);
#2007=EDGE_LOOP('',(#3927,#3928,#3929,#3930,#3931,#3932,#3933,#3934,#3935));
#2008=AXIS2_PLACEMENT_3D('',#3936,#3937,#3938);
#2009=EDGE_LOOP('',(#3939,#3940,#3941,#3942));
#2010=AXIS2_PLACEMENT_3D('',#3943,#3944,#3945);
#2011=EDGE_LOOP('',(#3946,#3947,#3948,#3949,#3950,#3951,#3952));
#2012=AXIS2_PLACEMENT_3D('',#3953,#3954,#3955);
#2013=EDGE_LOOP('',(#3956,#3957,#3958,#3959,#3960,#3961,#3962,#3963));
#2014=AXIS2_PLACEMENT_3D('',#3964,#3965,#3966);
#2015=EDGE_LOOP('',(#3967,#3968,#3969,#3970));
#2016=AXIS2_PLACEMENT_3D('',#3971,#3972,#3973);
#2017=EDGE_LOOP('',(#3974,#3975,#3976,#3977,#3978,#3979,#3980,#3981));
#2018=AXIS2_PLACEMENT_3D('',#3982,#3983,#3984);
#2019=EDGE_LOOP('',(#3985,#3986,#3987,#3988));
#2020=AXIS2_PLACEMENT_3D('',#3989,#3990,#3991);
#2021=EDGE_LOOP('',(#3992,#3993,#3994,#3995));
#2022=AXIS2_PLACEMENT_3D('',#3996,#3997,#3998);
#2023=EDGE_LOOP('',(#3999,#4000,#4001,#4002));
#2024=AXIS2_PLACEMENT_3D('',#4003,#4004,#4005);
#2025=EDGE_LOOP('',(#4006,#4007,#4008,#4009));
#2026=AXIS2_PLACEMENT_3D('',#4010,#4011,#4012);
#2027=EDGE_LOOP('',(#4013,#4014,#4015,#4016));
#2028=AXIS2_PLACEMENT_3D('',#4017,#4018,#4019);
#2029=EDGE_LOOP('',(#4020,#4021,#4022,#4023));
#2030=AXIS2_PLACEMENT_3D('',#4024,#4025,#4026);
#2031=EDGE_LOOP('',(#4027,#4028,#4029,#4030,#4031));
#2032=AXIS2_PLACEMENT_3D('',#4032,#4033,#4034);
#2033=EDGE_LOOP('',(#4035,#4036,#4037,#4038));
#2034=AXIS2_PLACEMENT_3D('',#4039,#4040,#4041);
#2035=EDGE_LOOP('',(#4042,#4043,#4044,#4045));
#2036=AXIS2_PLACEMENT_3D('',#4046,#4047,#4048);
#2037=EDGE_LOOP('',(#4049,#4050,#4051,#4052,#4053,#4054));
#2038=AXIS2_PLACEMENT_3D('',#4055,#4056,#4057);
#2039=EDGE_LOOP('',(#4058,#4059,#4060,#4061,#4062,#4063));
#2040=AXIS2_PLACEMENT_3D('',#4064,#4065,#4066);
#2041=EDGE_LOOP('',(#4067,#4068,#4069,#4070,#4071,#4072));
#2042=AXIS2_PLACEMENT_3D('',#4073,#4074,#4075);
#2043=EDGE_LOOP('',(#4076,#4077,#4078,#4079,#4080,#4081,#4082,#4083,#4084,#4085,#4086,#4087,#4088,#4089,#4090,#4091,#4092,#4093,#4094,#4095,#4096,#4097,#4098,#4099,#4100,#4101,#4102,#4103,#4104,#4105,#4106,#4107,#4108,#4109,#4110,#4111));
#2044=AXIS2_PLACEMENT_3D('',#4112,#4113,#4114);
#2045=EDGE_LOOP('',(#4115,#4116,#4117,#4118,#4119,#4120));
#2046=AXIS2_PLACEMENT_3D('',#4121,#4122,#4123);
#2047=EDGE_LOOP('',(#4124,#4125,#4126,#4127));
#2048=AXIS2_PLACEMENT_3D('',#4128,#4129,#4130);
#2049=EDGE_LOOP('',(#4131,#4132,#4133,#4134));
#2050=AXIS2_PLACEMENT_3D('',#4135,#4136,#4137);
#2051=EDGE_LOOP('',(#4138,#4139,#4140,#4141,#4142,#4143,#4144));
#2052=AXIS2_PLACEMENT_3D('',#4145,#4146,#4147);
#2053=EDGE_LOOP('',(#4148,#4149,#4150,#4151));
#2054=AXIS2_PLACEMENT_3D('',#4152,#4153,#4154);
#2055=EDGE_LOOP('',(#4155,#4156,#4157,#4158));
#2056=AXIS2_PLACEMENT_3D('',#4159,#4160,#4161);
#2057=EDGE_LOOP('',(#4162,#4163,#4164,#4165));
#2058=AXIS2_PLACEMENT_3D('',#4166,#4167,#4168);
#2059=EDGE_LOOP('',(#4169,#4170,#4171,#4172,#4173,#4174,#4175,#4176,#4177));
#2060=AXIS2_PLACEMENT_3D('',#4178,#4179,#4180);
#2061=EDGE_LOOP('',(#4181,#4182,#4183,#4184));
#2062=AXIS2_PLACEMENT_3D('',#4185,#4186,#4187);
#2063=EDGE_LOOP('',(#4188,#4189,#4190,#4191,#4192,#4193,#4194));
#2064=AXIS2_PLACEMENT_3D('',#4195,#4196,#4197);
#2065=EDGE_LOOP('',(#4198,#4199,#4200,#4201,#4202,#4203,#4204,#4205));
#2066=AXIS2_PLACEMENT_3D('',#4206,#4207,#4208);
#2067=EDGE_LOOP('',(#4209,#4210,#4211,#4212));
#2068=AXIS2_PLACEMENT_3D('',#4213,#4214,#4215);
#2069=EDGE_LOOP('',(#4216,#4217,#4218,#4219,#4220,#4221,#4222,#4223));
#2070=AXIS2_PLACEMENT_3D('',#4224,#4225,#4226);
#2071=EDGE_LOOP('',(#4227,#4228,#4229,#4230));
#2072=AXIS2_PLACEMENT_3D('',#4231,#4232,#4233);
#2073=EDGE_LOOP('',(#4234,#4235,#4236,#4237));
#2074=AXIS2_PLACEMENT_3D('',#4238,#4239,#4240);
#2075=EDGE_LOOP('',(#4241,#4242,#4243,#4244));
#2076=AXIS2_PLACEMENT_3D('',#4245,#4246,#4247);
#2077=EDGE_LOOP('',(#4248,#4249,#4250,#4251));
#2078=AXIS2_PLACEMENT_3D('',#4252,#4253,#4254);
#2079=EDGE_LOOP('',(#4255,#4256,#4257,#4258));
#2080=AXIS2_PLACEMENT_3D('',#4259,#4260,#4261);
#2081=EDGE_LOOP('',(#4262,#4263,#4264,#4265));
#2082=AXIS2_PLACEMENT_3D('',#4266,#4267,#4268);
#2083=EDGE_LOOP('',(#4269,#4270,#4271,#4272,#4273));
#2084=AXIS2_PLACEMENT_3D('',#4274,#4275,#4276);
#2085=EDGE_LOOP('',(#4277,#4278,#4279,#4280));
#2086=AXIS2_PLACEMENT_3D('',#4281,#4282,#4283);
#2087=EDGE_LOOP('',(#4284,#4285,#4286,#4287));
#2088=AXIS2_PLACEMENT_3D('',#4288,#4289,#4290);
#2089=EDGE_LOOP('',(#4291,#4292,#4293,#4294,#4295,#4296));
#2090=AXIS2_PLACEMENT_3D('',#4297,#4298,#4299);
#2091=EDGE_LOOP('',(#4300,#4301,#4302,#4303,#4304,#4305));
#2092=AXIS2_PLACEMENT_3D('',#4306,#4307,#4308);
#2093=EDGE_LOOP('',(#4309,#4310,#4311,#4312,#4313,#4314));
#2094=AXIS2_PLACEMENT_3D('',#4315,#4316,#4317);
#2095=EDGE_LOOP('',(#4318,#4319,#4320,#4321));
#2096=AXIS2_PLACEMENT_3D('',#4322,#4323,#4324);
#2097=EDGE_LOOP('',(#4325,#4326,#4327,#4328));
#2098=AXIS2_PLACEMENT_3D('',#4329,#4330,#4331);
#2099=EDGE_LOOP('',(#4332,#4333,#4334,#4335));
#2100=CARTESIAN_POINT('',(7.0640814373446,0.572132825802473,8.33042952632775));
#2101=CARTESIAN_POINT('',(7.1502150661379,0.48826214431743,8.43254317544199));
#2102=CARTESIAN_POINT('',(7.23634869493307,0.404391462832195,8.53465682455805));
#2103=CARTESIAN_POINT('',(7.32248232372833,0.32052078134695,8.63677047367229));
#2104=CARTESIAN_POINT('',(7.06290540678458,0.572132833564763,8.33042952632775));
#2105=CARTESIAN_POINT('',(7.14889563491747,0.48826112331552,8.43254317544199));
#2106=CARTESIAN_POINT('',(7.23488586305221,0.404389413066084,8.53465682455805));
#2107=CARTESIAN_POINT('',(7.32087609118706,0.320517702816638,8.63677047367229));
#2108=CARTESIAN_POINT('',(6.59649074754961,0.572135912095143,8.33042952632775));
#2109=CARTESIAN_POINT('',(6.62560815924944,0.487856193142347,8.43254317544199));
#2110=CARTESIAN_POINT('',(6.65472557094927,0.403576474189357,8.53465682455805));
#2111=CARTESIAN_POINT('',(6.68384298264906,0.319296755236357,8.63677047367229));
#2112=CARTESIAN_POINT('',(6.12890005775452,0.572138998387683,8.33042952632775));
#2113=CARTESIAN_POINT('',(6.10100125236105,0.487450241967212,8.43254317544199));
#2114=CARTESIAN_POINT('',(6.07310244696748,0.402761485546548,8.53465682455805));
#2115=CARTESIAN_POINT('',(6.04520364157202,0.318072729125874,8.63677047367229));
#2116=CARTESIAN_POINT('',(5.66248539851924,0.572142076918064,8.33042952632775));
#2117=CARTESIAN_POINT('',(5.57771377669098,0.48704531179404,8.43254317544199));
#2118=CARTESIAN_POINT('',(5.49294215486447,0.401948546669833,8.53465682455805));
#2119=CARTESIAN_POINT('',(5.40817053303614,0.316851781545802,8.63677047367229));
#2120=CARTESIAN_POINT('',(5.66130936795911,0.572142084680354,8.33042952632775));
#2121=CARTESIAN_POINT('',(5.57639434547042,0.487044290792128,8.43254317544199));
#2122=CARTESIAN_POINT('',(5.49147932298348,0.401946496903722,8.53465682455805));
#2123=CARTESIAN_POINT('',(5.40656430049473,0.31684870301549,8.63677047367229));
#2124=EDGE_LOOP('',(#4336,#4337,#4338,#4339));
#2125=AXIS2_PLACEMENT_3D('',#4340,#4341,#4342);
#2126=EDGE_LOOP('',(#4343,#4344,#4345,#4346));
#2127=AXIS2_PLACEMENT_3D('',#4347,#4348,#4349);
#2128=EDGE_LOOP('',(#4350,#4351,#4352,#4353));
#2129=AXIS2_PLACEMENT_3D('',#4354,#4355,#4356);
#2130=EDGE_LOOP('',(#4357,#4358,#4359,#4360,#4361,#4362));
#2131=AXIS2_PLACEMENT_3D('',#4363,#4364,#4365);
#2132=EDGE_LOOP('',(#4366,#4367,#4368,#4369));
#2133=AXIS2_PLACEMENT_3D('',#4370,#4371,#4372);
#2134=EDGE_LOOP('',(#4373,#4374,#4375,#4376));
#2135=AXIS2_PLACEMENT_3D('',#4377,#4378,#4379);
#2136=EDGE_LOOP('',(#4380,#4381,#4382,#4383,#4384,#4385,#4386));
#2137=AXIS2_PLACEMENT_3D('',#4387,#4388,#4389);
#2138=EDGE_LOOP('',(#4390,#4391,#4392,#4393));
#2139=AXIS2_PLACEMENT_3D('',#4394,#4395,#4396);
#2140=EDGE_LOOP('',(#4397,#4398,#4399,#4400));
#2141=AXIS2_PLACEMENT_3D('',#4401,#4402,#4403);
#2142=EDGE_LOOP('',(#4404,#4405,#4406,#4407));
#2143=AXIS2_PLACEMENT_3D('',#4408,#4409,#4410);
#2144=EDGE_LOOP('',(#4411,#4412,#4413,#4414,#4415,#4416,#4417,#4418,#4419));
#2145=AXIS2_PLACEMENT_3D('',#4420,#4421,#4422);
#2146=EDGE_LOOP('',(#4423,#4424,#4425,#4426));
#2147=AXIS2_PLACEMENT_3D('',#4427,#4428,#4429);
#2148=EDGE_LOOP('',(#4430,#4431,#4432,#4433,#4434,#4435,#4436));
#2149=AXIS2_PLACEMENT_3D('',#4437,#4438,#4439);
#2150=EDGE_LOOP('',(#4440,#4441,#4442,#4443,#4444,#4445,#4446,#4447));
#2151=AXIS2_PLACEMENT_3D('',#4448,#4449,#4450);
#2152=EDGE_LOOP('',(#4451,#4452,#4453,#4454));
#2153=AXIS2_PLACEMENT_3D('',#4455,#4456,#4457);
#2154=EDGE_LOOP('',(#4458,#4459,#4460,#4461,#4462,#4463,#4464,#4465));
#2155=AXIS2_PLACEMENT_3D('',#4466,#4467,#4468);
#2156=EDGE_LOOP('',(#4469,#4470,#4471,#4472));
#2157=AXIS2_PLACEMENT_3D('',#4473,#4474,#4475);
#2158=EDGE_LOOP('',(#4476,#4477,#4478,#4479));
#2159=AXIS2_PLACEMENT_3D('',#4480,#4481,#4482);
#2160=EDGE_LOOP('',(#4483,#4484,#4485,#4486));
#2161=AXIS2_PLACEMENT_3D('',#4487,#4488,#4489);
#2162=EDGE_LOOP('',(#4490,#4491,#4492,#4493));
#2163=AXIS2_PLACEMENT_3D('',#4494,#4495,#4496);
#2164=EDGE_LOOP('',(#4497,#4498,#4499,#4500));
#2165=AXIS2_PLACEMENT_3D('',#4501,#4502,#4503);
#2166=EDGE_LOOP('',(#4504,#4505,#4506,#4507));
#2167=AXIS2_PLACEMENT_3D('',#4508,#4509,#4510);
#2168=EDGE_LOOP('',(#4511,#4512,#4513,#4514,#4515));
#2169=AXIS2_PLACEMENT_3D('',#4516,#4517,#4518);
#2170=EDGE_LOOP('',(#4519,#4520,#4521,#4522));
#2171=AXIS2_PLACEMENT_3D('',#4523,#4524,#4525);
#2172=EDGE_LOOP('',(#4526,#4527,#4528,#4529));
#2173=AXIS2_PLACEMENT_3D('',#4530,#4531,#4532);
#2174=EDGE_LOOP('',(#4533,#4534,#4535,#4536,#4537,#4538));
#2175=AXIS2_PLACEMENT_3D('',#4539,#4540,#4541);
#2176=EDGE_LOOP('',(#4542,#4543,#4544,#4545,#4546,#4547));
#2177=AXIS2_PLACEMENT_3D('',#4548,#4549,#4550);
#2178=EDGE_LOOP('',(#4551,#4552,#4553,#4554,#4555,#4556));
#2179=AXIS2_PLACEMENT_3D('',#4557,#4558,#4559);
#2180=EDGE_LOOP('',(#4560,#4561,#4562,#4563));
#2181=AXIS2_PLACEMENT_3D('',#4564,#4565,#4566);
#2182=EDGE_LOOP('',(#4567,#4568,#4569,#4570));
#2183=AXIS2_PLACEMENT_3D('',#4571,#4572,#4573);
#2184=EDGE_LOOP('',(#4574,#4575,#4576,#4577));
#2185=CARTESIAN_POINT('',(4.52408143734444,0.572132825802473,8.33042952632775));
#2186=CARTESIAN_POINT('',(4.61021506613772,0.48826214431743,8.43254317544199));
#2187=CARTESIAN_POINT('',(4.69634869493286,0.404391462832196,8.53465682455805));
#2188=CARTESIAN_POINT('',(4.7824823237281,0.32052078134695,8.63677047367229));
#2189=CARTESIAN_POINT('',(4.52290540678447,0.572132833564763,8.33042952632775));
#2190=CARTESIAN_POINT('',(4.60889563491734,0.48826112331552,8.43254317544199));
#2191=CARTESIAN_POINT('',(4.69488586305208,0.404389413066085,8.53465682455805));
#2192=CARTESIAN_POINT('',(4.78087609118691,0.320517702816638,8.63677047367229));
#2193=CARTESIAN_POINT('',(4.05649074754956,0.572135912095144,8.33042952632775));
#2194=CARTESIAN_POINT('',(4.08560815924938,0.487856193142347,8.43254317544199));
#2195=CARTESIAN_POINT('',(4.1147255709492,0.403576474189358,8.53465682455805));
#2196=CARTESIAN_POINT('',(4.14384298264898,0.319296755236358,8.63677047367229));
#2197=CARTESIAN_POINT('',(3.58890005775452,0.572138998387683,8.33042952632775));
#2198=CARTESIAN_POINT('',(3.56100125236105,0.487450241967212,8.43254317544199));
#2199=CARTESIAN_POINT('',(3.53310244696748,0.402761485546549,8.53465682455805));
#2200=CARTESIAN_POINT('',(3.50520364157202,0.318072729125875,8.63677047367229));
#2201=CARTESIAN_POINT('',(3.12248539851924,0.572142076918064,8.33042952632775));
#2202=CARTESIAN_POINT('',(3.03771377669098,0.48704531179404,8.43254317544199));
#2203=CARTESIAN_POINT('',(2.95294215486447,0.401948546669834,8.53465682455805));
#2204=CARTESIAN_POINT('',(2.86817053303614,0.316851781545803,8.63677047367229));
#2205=CARTESIAN_POINT('',(3.12130936795911,0.572142084680354,8.33042952632775));
#2206=CARTESIAN_POINT('',(3.03639434547042,0.487044290792129,8.43254317544199));
#2207=CARTESIAN_POINT('',(2.95147932298348,0.401946496903722,8.53465682455805));
#2208=CARTESIAN_POINT('',(2.86656430049473,0.316848703015491,8.63677047367229));
#2209=EDGE_LOOP('',(#4578,#4579,#4580,#4581));
#2210=AXIS2_PLACEMENT_3D('',#4582,#4583,#4584);
#2211=EDGE_LOOP('',(#4585,#4586,#4587,#4588));
#2212=AXIS2_PLACEMENT_3D('',#4589,#4590,#4591);
#2213=EDGE_LOOP('',(#4592,#4593,#4594,#4595));
#2214=AXIS2_PLACEMENT_3D('',#4596,#4597,#4598);
#2215=EDGE_LOOP('',(#4599,#4600,#4601,#4602,#4603,#4604));
#2216=AXIS2_PLACEMENT_3D('',#4605,#4606,#4607);
#2217=EDGE_LOOP('',(#4608,#4609,#4610,#4611));
#2218=AXIS2_PLACEMENT_3D('',#4612,#4613,#4614);
#2219=EDGE_LOOP('',(#4615,#4616,#4617,#4618));
#2220=AXIS2_PLACEMENT_3D('',#4619,#4620,#4621);
#2221=EDGE_LOOP('',(#4622,#4623,#4624,#4625));
#2222=AXIS2_PLACEMENT_3D('',#4626,#4627,#4628);
#2223=EDGE_LOOP('',(#4629,#4630,#4631,#4632));
#2224=CARTESIAN_POINT('',(1.98408143734388,0.572132825802473,8.33042952632775));
#2225=CARTESIAN_POINT('',(2.07021506613827,0.48826214431743,8.43254317544199));
#2226=CARTESIAN_POINT('',(2.15634869493266,0.404391462832195,8.53465682455805));
#2227=CARTESIAN_POINT('',(2.24248232372705,0.320520781346949,8.63677047367229));
#2228=CARTESIAN_POINT('',(1.98290540678392,0.572132833564763,8.33042952632775));
#2229=CARTESIAN_POINT('',(2.0688956349179,0.488261123315519,8.43254317544199));
#2230=CARTESIAN_POINT('',(2.15488586305188,0.404389413066083,8.53465682455805));
#2231=CARTESIAN_POINT('',(2.24087609118586,0.320517702816636,8.63677047367229));
#2232=CARTESIAN_POINT('',(1.51649074754887,0.572135912095144,8.33042952632775));
#2233=CARTESIAN_POINT('',(1.54560815924916,0.487856193142347,8.43254317544199));
#2234=CARTESIAN_POINT('',(1.57472557094963,0.403576474189357,8.53465682455805));
#2235=CARTESIAN_POINT('',(1.60384298264991,0.319296755236356,8.63677047367229));
#2236=CARTESIAN_POINT('',(1.04890005775402,0.572138998387683,8.33042952632775));
#2237=CARTESIAN_POINT('',(1.02100125236035,0.487450241967212,8.43254317544199));
#2238=CARTESIAN_POINT('',(0.993102446966689,0.402761485546548,8.53465682455805));
#2239=CARTESIAN_POINT('',(0.965203641573022,0.318072729125874,8.63677047367229));
#2240=CARTESIAN_POINT('',(0.58248539851905,0.572142076918064,8.33042952632775));
#2241=CARTESIAN_POINT('',(0.497713776691867,0.487045311794039,8.43254317544199));
#2242=CARTESIAN_POINT('',(0.412942154864497,0.401948546669833,8.53465682455805));
#2243=CARTESIAN_POINT('',(0.328170533037118,0.316851781545802,8.63677047367229));
#2244=CARTESIAN_POINT('',(0.581309367958967,0.572142084680354,8.33042952632775));
#2245=CARTESIAN_POINT('',(0.496394345471364,0.487044290792128,8.43254317544199));
#2246=CARTESIAN_POINT('',(0.411479322983574,0.401946496903721,8.53465682455805));
#2247=CARTESIAN_POINT('',(0.326564300495774,0.31684870301549,8.63677047367229));
#2248=EDGE_LOOP('',(#4633,#4634,#4635,#4636));
#2249=AXIS2_PLACEMENT_3D('',#4637,#4638,#4639);
#2250=EDGE_LOOP('',(#4640,#4641,#4642,#4643));
#2251=AXIS2_PLACEMENT_3D('',#4644,#4645,#4646);
#2252=EDGE_LOOP('',(#4647,#4648,#4649,#4650,#4651,#4652,#4653,#4654,#4655));
#2253=AXIS2_PLACEMENT_3D('',#4656,#4657,#4658);
#2254=EDGE_LOOP('',(#4659,#4660,#4661,#4662));
#2255=AXIS2_PLACEMENT_3D('',#4663,#4664,#4665);
#2256=EDGE_LOOP('',(#4666,#4667,#4668,#4669,#4670,#4671,#4672));
#2257=AXIS2_PLACEMENT_3D('',#4673,#4674,#4675);
#2258=EDGE_LOOP('',(#4676,#4677,#4678,#4679,#4680,#4681,#4682,#4683));
#2259=AXIS2_PLACEMENT_3D('',#4684,#4685,#4686);
#2260=EDGE_LOOP('',(#4687,#4688,#4689,#4690));
#2261=AXIS2_PLACEMENT_3D('',#4691,#4692,#4693);
#2262=EDGE_LOOP('',(#4694,#4695,#4696,#4697,#4698,#4699,#4700,#4701));
#2263=AXIS2_PLACEMENT_3D('',#4702,#4703,#4704);
#2264=EDGE_LOOP('',(#4705,#4706,#4707,#4708));
#2265=AXIS2_PLACEMENT_3D('',#4709,#4710,#4711);
#2266=EDGE_LOOP('',(#4712,#4713,#4714,#4715));
#2267=AXIS2_PLACEMENT_3D('',#4716,#4717,#4718);
#2268=EDGE_LOOP('',(#4719,#4720,#4721,#4722));
#2269=AXIS2_PLACEMENT_3D('',#4723,#4724,#4725);
#2270=EDGE_LOOP('',(#4726,#4727,#4728,#4729));
#2271=AXIS2_PLACEMENT_3D('',#4730,#4731,#4732);
#2272=EDGE_LOOP('',(#4733,#4734,#4735,#4736));
#2273=AXIS2_PLACEMENT_3D('',#4737,#4738,#4739);
#2274=EDGE_LOOP('',(#4740,#4741,#4742,#4743));
#2275=AXIS2_PLACEMENT_3D('',#4744,#4745,#4746);
#2276=EDGE_LOOP('',(#4747,#4748,#4749,#4750,#4751));
#2277=AXIS2_PLACEMENT_3D('',#4752,#4753,#4754);
#2278=EDGE_LOOP('',(#4755,#4756,#4757,#4758,#4759,#4760));
#2279=AXIS2_PLACEMENT_3D('',#4761,#4762,#4763);
#2280=EDGE_LOOP('',(#4764,#4765,#4766,#4767,#4768,#4769));
#2281=AXIS2_PLACEMENT_3D('',#4770,#4771,#4772);
#2282=EDGE_LOOP('',(#4773,#4774,#4775,#4776));
#2283=AXIS2_PLACEMENT_3D('',#4777,#4778,#4779);
#2284=EDGE_LOOP('',(#4780,#4781,#4782,#4783));
#2285=AXIS2_PLACEMENT_3D('',#4784,#4785,#4786);
#2286=EDGE_LOOP('',(#4787,#4788,#4789,#4790));
#2287=AXIS2_PLACEMENT_3D('',#4791,#4792,#4793);
#2288=EDGE_LOOP('',(#4794,#4795,#4796,#4797,#4798,#4799));
#2289=AXIS2_PLACEMENT_3D('',#4800,#4801,#4802);
#2290=EDGE_LOOP('',(#4803,#4804,#4805,#4806,#4807,#4808,#4809));
#2291=AXIS2_PLACEMENT_3D('',#4810,#4811,#4812);
#2292=EDGE_LOOP('',(#4813,#4814,#4815,#4816));
#2293=AXIS2_PLACEMENT_3D('',#4817,#4818,#4819);
#2294=EDGE_LOOP('',(#4820,#4821,#4822,#4823));
#2295=AXIS2_PLACEMENT_3D('',#4824,#4825,#4826);
#2296=EDGE_LOOP('',(#4827,#4828,#4829,#4830));
#2297=AXIS2_PLACEMENT_3D('',#4831,#4832,#4833);
#2298=EDGE_LOOP('',(#4834,#4835,#4836,#4837));
#2299=AXIS2_PLACEMENT_3D('',#4838,#4839,#4840);
#2300=EDGE_LOOP('',(#4841,#4842,#4843,#4844,#4845,#4846));
#2301=AXIS2_PLACEMENT_3D('',#4847,#4848,#4849);
#2302=EDGE_LOOP('',(#4850,#4851,#4852,#4853));
#2303=AXIS2_PLACEMENT_3D('',#4854,#4855,#4856);
#2304=EDGE_LOOP('',(#4857,#4858,#4859,#4860));
#2305=AXIS2_PLACEMENT_3D('',#4861,#4862,#4863);
#2306=EDGE_LOOP('',(#4864,#4865,#4866,#4867));
#2307=AXIS2_PLACEMENT_3D('',#4868,#4869,#4870);
#2308=EDGE_LOOP('',(#4871,#4872,#4873,#4874));
#2309=CARTESIAN_POINT('',(-0.555918562656129,0.572132825802473,8.33042952632775));
#2310=CARTESIAN_POINT('',(-0.469784933861739,0.488262144317431,8.43254317544199));
#2311=CARTESIAN_POINT('',(-0.383651305067354,0.404391462832197,8.53465682455805));
#2312=CARTESIAN_POINT('',(-0.297517676272964,0.320520781346952,8.63677047367229));
#2313=CARTESIAN_POINT('',(-0.55709459321609,0.572132833564763,8.33042952632775));
#2314=CARTESIAN_POINT('',(-0.471104365082105,0.488261123315521,8.43254317544199));
#2315=CARTESIAN_POINT('',(-0.385114136948127,0.404389413066086,8.53465682455805));
#2316=CARTESIAN_POINT('',(-0.299123908814141,0.32051770281664,8.63677047367229));
#2317=CARTESIAN_POINT('',(-1.02350925245109,0.572135912095144,8.33042952632775));
#2318=CARTESIAN_POINT('',(-0.994391840750629,0.487856193142348,8.43254317544199));
#2319=CARTESIAN_POINT('',(-0.965274429050344,0.403576474189359,8.53465682455805));
#2320=CARTESIAN_POINT('',(-0.936157017349881,0.319296755236359,8.63677047367229));
#2321=CARTESIAN_POINT('',(-1.49109994224593,0.572138998387683,8.33042952632775));
#2322=CARTESIAN_POINT('',(-1.51899874763959,0.487450241967213,8.43254317544199));
#2323=CARTESIAN_POINT('',(-1.54689755303325,0.40276148554655,8.53465682455805));
#2324=CARTESIAN_POINT('',(-1.57479635842691,0.318072729125877,8.63677047367229));
#2325=CARTESIAN_POINT('',(-1.95751460148086,0.572142076918064,8.33042952632775));
#2326=CARTESIAN_POINT('',(-2.04228622330803,0.487045311794041,8.43254317544199));
#2327=CARTESIAN_POINT('',(-2.12705784513539,0.401948546669835,8.53465682455805));
#2328=CARTESIAN_POINT('',(-2.21182946696275,0.316851781545805,8.63677047367229));
#2329=CARTESIAN_POINT('',(-1.9586906320409,0.572142084680354,8.33042952632775));
#2330=CARTESIAN_POINT('',(-2.04360565452848,0.48704429079213,8.43254317544199));
#2331=CARTESIAN_POINT('',(-2.12852067701626,0.401946496903724,8.53465682455805));
#2332=CARTESIAN_POINT('',(-2.21343569950404,0.316848703015494,8.63677047367229));
#2333=EDGE_LOOP('',(#4875,#4876,#4877,#4878));
#2334=AXIS2_PLACEMENT_3D('',#4879,#4880,#4881);
#2335=EDGE_LOOP('',(#4882,#4883,#4884,#4885));
#2336=AXIS2_PLACEMENT_3D('',#4886,#4887,#4888);
#2337=EDGE_LOOP('',(#4889,#4890,#4891,#4892,#4893,#4894,#4895,#4896,#4897));
#2338=AXIS2_PLACEMENT_3D('',#4898,#4899,#4900);
#2339=EDGE_LOOP('',(#4901,#4902,#4903,#4904));
#2340=AXIS2_PLACEMENT_3D('',#4905,#4906,#4907);
#2341=EDGE_LOOP('',(#4908,#4909,#4910,#4911,#4912,#4913,#4914));
#2342=AXIS2_PLACEMENT_3D('',#4915,#4916,#4917);
#2343=EDGE_LOOP('',(#4918,#4919,#4920,#4921,#4922,#4923,#4924,#4925));
#2344=AXIS2_PLACEMENT_3D('',#4926,#4927,#4928);
#2345=EDGE_LOOP('',(#4929,#4930,#4931,#4932));
#2346=AXIS2_PLACEMENT_3D('',#4933,#4934,#4935);
#2347=EDGE_LOOP('',(#4936,#4937,#4938,#4939,#4940,#4941,#4942,#4943));
#2348=AXIS2_PLACEMENT_3D('',#4944,#4945,#4946);
#2349=EDGE_LOOP('',(#4947,#4948,#4949,#4950));
#2350=AXIS2_PLACEMENT_3D('',#4951,#4952,#4953);
#2351=EDGE_LOOP('',(#4954,#4955,#4956,#4957));
#2352=AXIS2_PLACEMENT_3D('',#4958,#4959,#4960);
#2353=EDGE_LOOP('',(#4961,#4962,#4963,#4964));
#2354=AXIS2_PLACEMENT_3D('',#4965,#4966,#4967);
#2355=EDGE_LOOP('',(#4968,#4969,#4970,#4971));
#2356=AXIS2_PLACEMENT_3D('',#4972,#4973,#4974);
#2357=EDGE_LOOP('',(#4975,#4976,#4977,#4978));
#2358=AXIS2_PLACEMENT_3D('',#4979,#4980,#4981);
#2359=EDGE_LOOP('',(#4982,#4983,#4984,#4985));
#2360=AXIS2_PLACEMENT_3D('',#4986,#4987,#4988);
#2361=EDGE_LOOP('',(#4989,#4990,#4991,#4992,#4993));
#2362=AXIS2_PLACEMENT_3D('',#4994,#4995,#4996);
#2363=EDGE_LOOP('',(#4997,#4998,#4999,#5000,#5001,#5002));
#2364=AXIS2_PLACEMENT_3D('',#5003,#5004,#5005);
#2365=EDGE_LOOP('',(#5006,#5007,#5008,#5009,#5010,#5011));
#2366=AXIS2_PLACEMENT_3D('',#5012,#5013,#5014);
#2367=EDGE_LOOP('',(#5015,#5016,#5017,#5018));
#2368=AXIS2_PLACEMENT_3D('',#5019,#5020,#5021);
#2369=EDGE_LOOP('',(#5022,#5023,#5024,#5025));
#2370=AXIS2_PLACEMENT_3D('',#5026,#5027,#5028);
#2371=EDGE_LOOP('',(#5029,#5030,#5031,#5032));
#2372=AXIS2_PLACEMENT_3D('',#5033,#5034,#5035);
#2373=EDGE_LOOP('',(#5036,#5037,#5038,#5039,#5040,#5041));
#2374=AXIS2_PLACEMENT_3D('',#5042,#5043,#5044);
#2375=EDGE_LOOP('',(#5045,#5046,#5047,#5048,#5049,#5050,#5051));
#2376=AXIS2_PLACEMENT_3D('',#5052,#5053,#5054);
#2377=EDGE_LOOP('',(#5055,#5056,#5057,#5058));
#2378=AXIS2_PLACEMENT_3D('',#5059,#5060,#5061);
#2379=EDGE_LOOP('',(#5062,#5063,#5064,#5065));
#2380=AXIS2_PLACEMENT_3D('',#5066,#5067,#5068);
#2381=EDGE_LOOP('',(#5069,#5070,#5071,#5072));
#2382=AXIS2_PLACEMENT_3D('',#5073,#5074,#5075);
#2383=EDGE_LOOP('',(#5076,#5077,#5078,#5079));
#2384=AXIS2_PLACEMENT_3D('',#5080,#5081,#5082);
#2385=EDGE_LOOP('',(#5083,#5084,#5085,#5086,#5087,#5088));
#2386=AXIS2_PLACEMENT_3D('',#5089,#5090,#5091);
#2387=EDGE_LOOP('',(#5092,#5093,#5094,#5095));
#2388=AXIS2_PLACEMENT_3D('',#5096,#5097,#5098);
#2389=EDGE_LOOP('',(#5099,#5100,#5101,#5102));
#2390=AXIS2_PLACEMENT_3D('',#5103,#5104,#5105);
#2391=EDGE_LOOP('',(#5106,#5107,#5108,#5109));
#2392=AXIS2_PLACEMENT_3D('',#5110,#5111,#5112);
#2393=EDGE_LOOP('',(#5113,#5114,#5115,#5116));
#2394=CARTESIAN_POINT('',(-3.09591856265556,0.572132825802473,8.33042952632775));
#2395=CARTESIAN_POINT('',(-3.00978493386228,0.48826214431743,8.43254317544199));
#2396=CARTESIAN_POINT('',(-2.92365130506714,0.404391462832196,8.53465682455805));
#2397=CARTESIAN_POINT('',(-2.8375176762719,0.320520781346951,8.63677047367229));
#2398=CARTESIAN_POINT('',(-3.09709459321553,0.572132833564763,8.33042952632775));
#2399=CARTESIAN_POINT('',(-3.01110436508266,0.48826112331552,8.43254317544199));
#2400=CARTESIAN_POINT('',(-2.92511413694792,0.404389413066085,8.53465682455805));
#2401=CARTESIAN_POINT('',(-2.83912390881309,0.320517702816639,8.63677047367229));
#2402=CARTESIAN_POINT('',(-3.56350925245044,0.572135912095143,8.33042952632775));
#2403=CARTESIAN_POINT('',(-3.53439184075062,0.487856193142347,8.43254317544199));
#2404=CARTESIAN_POINT('',(-3.5052744290508,0.403576474189358,8.53465682455805));
#2405=CARTESIAN_POINT('',(-3.47615701735102,0.319296755236358,8.63677047367229));
#2406=CARTESIAN_POINT('',(-4.03109994224548,0.572138998387683,8.33042952632775));
#2407=CARTESIAN_POINT('',(-4.05899874763895,0.487450241967212,8.43254317544199));
#2408=CARTESIAN_POINT('',(-4.08689755303252,0.402761485546549,8.53465682455805));
#2409=CARTESIAN_POINT('',(-4.11479635842798,0.318072729125876,8.63677047367229));
#2410=CARTESIAN_POINT('',(-4.49751460148076,0.572142076918063,8.33042952632775));
#2411=CARTESIAN_POINT('',(-4.58228622330902,0.48704531179404,8.43254317544199));
#2412=CARTESIAN_POINT('',(-4.66705784513553,0.401948546669834,8.53465682455805));
#2413=CARTESIAN_POINT('',(-4.75182946696386,0.316851781545804,8.63677047367229));
#2414=CARTESIAN_POINT('',(-4.49869063204089,0.572142084680354,8.33042952632775));
#2415=CARTESIAN_POINT('',(-4.58360565452958,0.487044290792129,8.43254317544199));
#2416=CARTESIAN_POINT('',(-4.66852067701652,0.401946496903723,8.53465682455805));
#2417=CARTESIAN_POINT('',(-4.75343569950527,0.316848703015492,8.63677047367229));
#2418=EDGE_LOOP('',(#5117,#5118,#5119,#5120));
#2419=AXIS2_PLACEMENT_3D('',#5121,#5122,#5123);
#2420=EDGE_LOOP('',(#5124,#5125,#5126,#5127));
#2421=AXIS2_PLACEMENT_3D('',#5128,#5129,#5130);
#2422=EDGE_LOOP('',(#5131,#5132,#5133,#5134,#5135,#5136,#5137,#5138,#5139));
#2423=AXIS2_PLACEMENT_3D('',#5140,#5141,#5142);
#2424=EDGE_LOOP('',(#5143,#5144,#5145,#5146));
#2425=AXIS2_PLACEMENT_3D('',#5147,#5148,#5149);
#2426=EDGE_LOOP('',(#5150,#5151,#5152,#5153,#5154,#5155,#5156));
#2427=AXIS2_PLACEMENT_3D('',#5157,#5158,#5159);
#2428=EDGE_LOOP('',(#5160,#5161,#5162,#5163,#5164,#5165,#5166,#5167));
#2429=AXIS2_PLACEMENT_3D('',#5168,#5169,#5170);
#2430=EDGE_LOOP('',(#5171,#5172,#5173,#5174));
#2431=AXIS2_PLACEMENT_3D('',#5175,#5176,#5177);
#2432=EDGE_LOOP('',(#5178,#5179,#5180,#5181,#5182,#5183,#5184,#5185));
#2433=AXIS2_PLACEMENT_3D('',#5186,#5187,#5188);
#2434=EDGE_LOOP('',(#5189,#5190,#5191,#5192));
#2435=AXIS2_PLACEMENT_3D('',#5193,#5194,#5195);
#2436=EDGE_LOOP('',(#5196,#5197,#5198,#5199));
#2437=AXIS2_PLACEMENT_3D('',#5200,#5201,#5202);
#2438=EDGE_LOOP('',(#5203,#5204,#5205,#5206));
#2439=AXIS2_PLACEMENT_3D('',#5207,#5208,#5209);
#2440=EDGE_LOOP('',(#5210,#5211,#5212,#5213));
#2441=AXIS2_PLACEMENT_3D('',#5214,#5215,#5216);
#2442=EDGE_LOOP('',(#5217,#5218,#5219,#5220));
#2443=AXIS2_PLACEMENT_3D('',#5221,#5222,#5223);
#2444=EDGE_LOOP('',(#5224,#5225,#5226,#5227));
#2445=AXIS2_PLACEMENT_3D('',#5228,#5229,#5230);
#2446=EDGE_LOOP('',(#5231,#5232,#5233,#5234,#5235));
#2447=AXIS2_PLACEMENT_3D('',#5236,#5237,#5238);
#2448=EDGE_LOOP('',(#5239,#5240,#5241,#5242,#5243,#5244));
#2449=AXIS2_PLACEMENT_3D('',#5245,#5246,#5247);
#2450=EDGE_LOOP('',(#5248,#5249,#5250,#5251,#5252,#5253));
#2451=AXIS2_PLACEMENT_3D('',#5254,#5255,#5256);
#2452=EDGE_LOOP('',(#5257,#5258,#5259,#5260));
#2453=AXIS2_PLACEMENT_3D('',#5261,#5262,#5263);
#2454=EDGE_LOOP('',(#5264,#5265,#5266,#5267));
#2455=AXIS2_PLACEMENT_3D('',#5268,#5269,#5270);
#2456=EDGE_LOOP('',(#5271,#5272,#5273,#5274));
#2457=AXIS2_PLACEMENT_3D('',#5275,#5276,#5277);
#2458=EDGE_LOOP('',(#5278,#5279,#5280,#5281,#5282,#5283));
#2459=AXIS2_PLACEMENT_3D('',#5284,#5285,#5286);
#2460=EDGE_LOOP('',(#5287,#5288,#5289,#5290,#5291,#5292,#5293));
#2461=AXIS2_PLACEMENT_3D('',#5294,#5295,#5296);
#2462=EDGE_LOOP('',(#5297,#5298,#5299,#5300));
#2463=AXIS2_PLACEMENT_3D('',#5301,#5302,#5303);
#2464=EDGE_LOOP('',(#5304,#5305,#5306,#5307));
#2465=AXIS2_PLACEMENT_3D('',#5308,#5309,#5310);
#2466=EDGE_LOOP('',(#5311,#5312,#5313,#5314));
#2467=AXIS2_PLACEMENT_3D('',#5315,#5316,#5317);
#2468=EDGE_LOOP('',(#5318,#5319,#5320,#5321));
#2469=AXIS2_PLACEMENT_3D('',#5322,#5323,#5324);
#2470=EDGE_LOOP('',(#5325,#5326,#5327,#5328,#5329,#5330));
#2471=AXIS2_PLACEMENT_3D('',#5331,#5332,#5333);
#2472=EDGE_LOOP('',(#5334,#5335,#5336,#5337));
#2473=AXIS2_PLACEMENT_3D('',#5338,#5339,#5340);
#2474=EDGE_LOOP('',(#5341,#5342,#5343,#5344));
#2475=AXIS2_PLACEMENT_3D('',#5345,#5346,#5347);
#2476=EDGE_LOOP('',(#5348,#5349,#5350,#5351));
#2477=AXIS2_PLACEMENT_3D('',#5352,#5353,#5354);
#2478=EDGE_LOOP('',(#5355,#5356,#5357,#5358));
#2479=CARTESIAN_POINT('',(-5.63591856265556,0.572132825802473,8.33042952632775));
#2480=CARTESIAN_POINT('',(-5.54978493386228,0.488262144317431,8.43254317544199));
#2481=CARTESIAN_POINT('',(-5.46365130506714,0.404391462832196,8.53465682455805));
#2482=CARTESIAN_POINT('',(-5.3775176762719,0.320520781346951,8.63677047367229));
#2483=CARTESIAN_POINT('',(-5.63709459321553,0.572132833564763,8.33042952632775));
#2484=CARTESIAN_POINT('',(-5.55110436508266,0.48826112331552,8.43254317544199));
#2485=CARTESIAN_POINT('',(-5.46511413694792,0.404389413066085,8.53465682455805));
#2486=CARTESIAN_POINT('',(-5.37912390881309,0.320517702816639,8.63677047367229));
#2487=CARTESIAN_POINT('',(-6.10350925245044,0.572135912095144,8.33042952632775));
#2488=CARTESIAN_POINT('',(-6.07439184075062,0.487856193142347,8.43254317544199));
#2489=CARTESIAN_POINT('',(-6.0452744290508,0.403576474189358,8.53465682455805));
#2490=CARTESIAN_POINT('',(-6.01615701735102,0.319296755236358,8.63677047367229));
#2491=CARTESIAN_POINT('',(-6.57109994224531,0.572138998387683,8.33042952632775));
#2492=CARTESIAN_POINT('',(-6.59899874763876,0.487450241967213,8.43254317544199));
#2493=CARTESIAN_POINT('',(-6.62689755303231,0.40276148554655,8.53465682455805));
#2494=CARTESIAN_POINT('',(-6.65479635842775,0.318072729125876,8.63677047367229));
#2495=CARTESIAN_POINT('',(-7.03751460148042,0.572142076918064,8.33042952632775));
#2496=CARTESIAN_POINT('',(-7.12228622330864,0.48704531179404,8.43254317544199));
#2497=CARTESIAN_POINT('',(-7.20705784513511,0.401948546669835,8.53465682455805));
#2498=CARTESIAN_POINT('',(-7.2918294669634,0.316851781545805,8.63677047367229));
#2499=CARTESIAN_POINT('',(-7.03869063204039,0.572142084680354,8.33042952632775));
#2500=CARTESIAN_POINT('',(-7.12360565452902,0.48704429079213,8.43254317544199));
#2501=CARTESIAN_POINT('',(-7.2085206770159,0.401946496903724,8.53465682455805));
#2502=CARTESIAN_POINT('',(-7.29343569950459,0.316848703015493,8.63677047367229));
#2503=EDGE_LOOP('',(#5359,#5360,#5361,#5362));
#2504=AXIS2_PLACEMENT_3D('',#5363,#5364,#5365);
#2505=EDGE_LOOP('',(#5366,#5367,#5368,#5369));
#2506=AXIS2_PLACEMENT_3D('',#5370,#5371,#5372);
#2507=EDGE_LOOP('',(#5373,#5374,#5375,#5376,#5377,#5378,#5379,#5380,#5381));
#2508=AXIS2_PLACEMENT_3D('',#5382,#5383,#5384);
#2509=EDGE_LOOP('',(#5385,#5386,#5387,#5388));
#2510=AXIS2_PLACEMENT_3D('',#5389,#5390,#5391);
#2511=EDGE_LOOP('',(#5392,#5393,#5394,#5395,#5396,#5397,#5398));
#2512=AXIS2_PLACEMENT_3D('',#5399,#5400,#5401);
#2513=EDGE_LOOP('',(#5402,#5403,#5404,#5405,#5406,#5407,#5408,#5409));
#2514=AXIS2_PLACEMENT_3D('',#5410,#5411,#5412);
#2515=EDGE_LOOP('',(#5413,#5414,#5415,#5416));
#2516=AXIS2_PLACEMENT_3D('',#5417,#5418,#5419);
#2517=EDGE_LOOP('',(#5420,#5421,#5422,#5423,#5424,#5425,#5426,#5427));
#2518=AXIS2_PLACEMENT_3D('',#5428,#5429,#5430);
#2519=EDGE_LOOP('',(#5431,#5432,#5433,#5434));
#2520=AXIS2_PLACEMENT_3D('',#5435,#5436,#5437);
#2521=EDGE_LOOP('',(#5438,#5439,#5440,#5441));
#2522=AXIS2_PLACEMENT_3D('',#5442,#5443,#5444);
#2523=EDGE_LOOP('',(#5445,#5446,#5447,#5448));
#2524=AXIS2_PLACEMENT_3D('',#5449,#5450,#5451);
#2525=EDGE_LOOP('',(#5452,#5453,#5454,#5455));
#2526=AXIS2_PLACEMENT_3D('',#5456,#5457,#5458);
#2527=EDGE_LOOP('',(#5459,#5460,#5461,#5462));
#2528=AXIS2_PLACEMENT_3D('',#5463,#5464,#5465);
#2529=EDGE_LOOP('',(#5466,#5467,#5468,#5469));
#2530=AXIS2_PLACEMENT_3D('',#5470,#5471,#5472);
#2531=EDGE_LOOP('',(#5473,#5474,#5475,#5476,#5477));
#2532=AXIS2_PLACEMENT_3D('',#5478,#5479,#5480);
#2533=EDGE_LOOP('',(#5481,#5482,#5483,#5484,#5485,#5486));
#2534=AXIS2_PLACEMENT_3D('',#5487,#5488,#5489);
#2535=EDGE_LOOP('',(#5490,#5491,#5492,#5493,#5494,#5495));
#2536=AXIS2_PLACEMENT_3D('',#5496,#5497,#5498);
#2537=EDGE_LOOP('',(#5499,#5500,#5501,#5502));
#2538=AXIS2_PLACEMENT_3D('',#5503,#5504,#5505);
#2539=EDGE_LOOP('',(#5506,#5507,#5508,#5509));
#2540=AXIS2_PLACEMENT_3D('',#5510,#5511,#5512);
#2541=EDGE_LOOP('',(#5513,#5514,#5515,#5516));
#2542=AXIS2_PLACEMENT_3D('',#5517,#5518,#5519);
#2543=EDGE_LOOP('',(#5520,#5521,#5522,#5523,#5524,#5525));
#2544=AXIS2_PLACEMENT_3D('',#5526,#5527,#5528);
#2545=EDGE_LOOP('',(#5529,#5530,#5531,#5532,#5533,#5534,#5535));
#2546=AXIS2_PLACEMENT_3D('',#5536,#5537,#5538);
#2547=EDGE_LOOP('',(#5539,#5540,#5541,#5542));
#2548=AXIS2_PLACEMENT_3D('',#5543,#5544,#5545);
#2549=EDGE_LOOP('',(#5546,#5547,#5548,#5549));
#2550=AXIS2_PLACEMENT_3D('',#5550,#5551,#5552);
#2551=EDGE_LOOP('',(#5553,#5554,#5555,#5556));
#2552=AXIS2_PLACEMENT_3D('',#5557,#5558,#5559);
#2553=EDGE_LOOP('',(#5560,#5561,#5562,#5563));
#2554=AXIS2_PLACEMENT_3D('',#5564,#5565,#5566);
#2555=EDGE_LOOP('',(#5567,#5568,#5569,#5570,#5571,#5572));
#2556=AXIS2_PLACEMENT_3D('',#5573,#5574,#5575);
#2557=EDGE_LOOP('',(#5576,#5577,#5578,#5579));
#2558=AXIS2_PLACEMENT_3D('',#5580,#5581,#5582);
#2559=EDGE_LOOP('',(#5583,#5584,#5585,#5586));
#2560=AXIS2_PLACEMENT_3D('',#5587,#5588,#5589);
#2561=EDGE_LOOP('',(#5590,#5591,#5592,#5593));
#2562=AXIS2_PLACEMENT_3D('',#5594,#5595,#5596);
#2563=EDGE_LOOP('',(#5597,#5598,#5599,#5600));
#2564=CARTESIAN_POINT('',(-8.17591856265539,0.572132825802473,8.33042952632775));
#2565=CARTESIAN_POINT('',(-8.08978493386209,0.488262144317431,8.43254317544199));
#2566=CARTESIAN_POINT('',(-8.00365130506693,0.404391462832197,8.53465682455805));
#2567=CARTESIAN_POINT('',(-7.91751767627167,0.320520781346952,8.63677047367229));
#2568=CARTESIAN_POINT('',(-8.17709459321542,0.572132833564763,8.33042952632775));
#2569=CARTESIAN_POINT('',(-8.09110436508253,0.48826112331552,8.43254317544199));
#2570=CARTESIAN_POINT('',(-8.00511413694779,0.404389413066085,8.53465682455805));
#2571=CARTESIAN_POINT('',(-7.91912390881294,0.320517702816639,8.63677047367229));
#2572=CARTESIAN_POINT('',(-8.64350925245039,0.572135912095144,8.33042952632775));
#2573=CARTESIAN_POINT('',(-8.61439184075056,0.487856193142347,8.43254317544199));
#2574=CARTESIAN_POINT('',(-8.58527442905073,0.403576474189359,8.53465682455805));
#2575=CARTESIAN_POINT('',(-8.55615701735094,0.319296755236359,8.63677047367229));
#2576=CARTESIAN_POINT('',(-9.11109994224532,0.572138998387683,8.33042952632775));
#2577=CARTESIAN_POINT('',(-9.13899874763876,0.487450241967213,8.43254317544199));
#2578=CARTESIAN_POINT('',(-9.16689755303231,0.40276148554655,8.53465682455805));
#2579=CARTESIAN_POINT('',(-9.19479635842775,0.318072729125877,8.63677047367229));
#2580=CARTESIAN_POINT('',(-9.57751460148042,0.572142076918064,8.33042952632775));
#2581=CARTESIAN_POINT('',(-9.66228622330864,0.487045311794041,8.43254317544199));
#2582=CARTESIAN_POINT('',(-9.74705784513512,0.401948546669835,8.53465682455805));
#2583=CARTESIAN_POINT('',(-9.83182946696341,0.316851781545805,8.63677047367229));
#2584=CARTESIAN_POINT('',(-9.5786906320404,0.572142084680354,8.33042952632775));
#2585=CARTESIAN_POINT('',(-9.66360565452903,0.48704429079213,8.43254317544199));
#2586=CARTESIAN_POINT('',(-9.7485206770159,0.401946496903724,8.53465682455805));
#2587=CARTESIAN_POINT('',(-9.83343569950459,0.316848703015493,8.63677047367229));
#2588=EDGE_LOOP('',(#5601,#5602,#5603,#5604));
#2589=AXIS2_PLACEMENT_3D('',#5605,#5606,#5607);
#2590=EDGE_LOOP('',(#5608,#5609,#5610,#5611));
#2591=AXIS2_PLACEMENT_3D('',#5612,#5613,#5614);
#2592=EDGE_LOOP('',(#5615,#5616,#5617,#5618,#5619,#5620,#5621,#5622,#5623));
#2593=AXIS2_PLACEMENT_3D('',#5624,#5625,#5626);
#2594=EDGE_LOOP('',(#5627,#5628,#5629,#5630));
#2595=AXIS2_PLACEMENT_3D('',#5631,#5632,#5633);
#2596=EDGE_LOOP('',(#5634,#5635,#5636,#5637,#5638,#5639,#5640));
#2597=AXIS2_PLACEMENT_3D('',#5641,#5642,#5643);
#2598=EDGE_LOOP('',(#5644,#5645,#5646,#5647,#5648,#5649,#5650,#5651));
#2599=AXIS2_PLACEMENT_3D('',#5652,#5653,#5654);
#2600=EDGE_LOOP('',(#5655,#5656,#5657,#5658));
#2601=AXIS2_PLACEMENT_3D('',#5659,#5660,#5661);
#2602=EDGE_LOOP('',(#5662,#5663,#5664,#5665,#5666,#5667,#5668,#5669));
#2603=AXIS2_PLACEMENT_3D('',#5670,#5671,#5672);
#2604=EDGE_LOOP('',(#5673,#5674,#5675,#5676));
#2605=AXIS2_PLACEMENT_3D('',#5677,#5678,#5679);
#2606=EDGE_LOOP('',(#5680,#5681,#5682,#5683));
#2607=AXIS2_PLACEMENT_3D('',#5684,#5685,#5686);
#2608=EDGE_LOOP('',(#5687,#5688,#5689,#5690));
#2609=AXIS2_PLACEMENT_3D('',#5691,#5692,#5693);
#2610=EDGE_LOOP('',(#5694,#5695,#5696,#5697));
#2611=AXIS2_PLACEMENT_3D('',#5698,#5699,#5700);
#2612=EDGE_LOOP('',(#5701,#5702,#5703,#5704));
#2613=AXIS2_PLACEMENT_3D('',#5705,#5706,#5707);
#2614=EDGE_LOOP('',(#5708,#5709,#5710,#5711));
#2615=AXIS2_PLACEMENT_3D('',#5712,#5713,#5714);
#2616=EDGE_LOOP('',(#5715,#5716,#5717,#5718,#5719));
#2617=AXIS2_PLACEMENT_3D('',#5720,#5721,#5722);
#2618=EDGE_LOOP('',(#5723,#5724,#5725,#5726,#5727,#5728));
#2619=AXIS2_PLACEMENT_3D('',#5729,#5730,#5731);
#2620=EDGE_LOOP('',(#5732,#5733,#5734,#5735,#5736,#5737));
#2621=AXIS2_PLACEMENT_3D('',#5738,#5739,#5740);
#2622=EDGE_LOOP('',(#5741,#5742,#5743,#5744));
#2623=AXIS2_PLACEMENT_3D('',#5745,#5746,#5747);
#2624=EDGE_LOOP('',(#5748,#5749,#5750,#5751));
#2625=AXIS2_PLACEMENT_3D('',#5752,#5753,#5754);
#2626=EDGE_LOOP('',(#5755,#5756,#5757,#5758));
#2627=AXIS2_PLACEMENT_3D('',#5759,#5760,#5761);
#2628=EDGE_LOOP('',(#5762,#5763,#5764,#5765,#5766,#5767));
#2629=AXIS2_PLACEMENT_3D('',#5768,#5769,#5770);
#2630=EDGE_LOOP('',(#5771,#5772,#5773,#5774,#5775,#5776,#5777));
#2631=AXIS2_PLACEMENT_3D('',#5778,#5779,#5780);
#2632=EDGE_LOOP('',(#5781,#5782,#5783,#5784));
#2633=AXIS2_PLACEMENT_3D('',#5785,#5786,#5787);
#2634=EDGE_LOOP('',(#5788,#5789,#5790,#5791));
#2635=AXIS2_PLACEMENT_3D('',#5792,#5793,#5794);
#2636=EDGE_LOOP('',(#5795,#5796,#5797,#5798));
#2637=AXIS2_PLACEMENT_3D('',#5799,#5800,#5801);
#2638=EDGE_LOOP('',(#5802,#5803,#5804,#5805));
#2639=AXIS2_PLACEMENT_3D('',#5806,#5807,#5808);
#2640=EDGE_LOOP('',(#5809,#5810,#5811,#5812,#5813,#5814,#5815,#5816));
#2641=AXIS2_PLACEMENT_3D('',#5817,#5818,#5819);
#2642=EDGE_LOOP('',(#5820,#5821,#5822,#5823));
#2643=AXIS2_PLACEMENT_3D('',#5824,#5825,#5826);
#2644=EDGE_LOOP('',(#5827,#5828,#5829,#5830));
#2645=AXIS2_PLACEMENT_3D('',#5831,#5832,#5833);
#2646=EDGE_LOOP('',(#5834,#5835,#5836,#5837));
#2647=AXIS2_PLACEMENT_3D('',#5838,#5839,#5840);
#2648=EDGE_LOOP('',(#5841,#5842,#5843,#5844));
#2649=CARTESIAN_POINT('',(9.60408143734461,0.572132825802472,8.33042952632775));
#2650=CARTESIAN_POINT('',(9.69021506613791,0.48826214431743,8.43254317544199));
#2651=CARTESIAN_POINT('',(9.77634869493307,0.404391462832196,8.53465682455805));
#2652=CARTESIAN_POINT('',(9.86248232372833,0.320520781346951,8.63677047367229));
#2653=CARTESIAN_POINT('',(9.60290540678458,0.572132833564761,8.33042952632775));
#2654=CARTESIAN_POINT('',(9.68889563491747,0.488261123315519,8.43254317544199));
#2655=CARTESIAN_POINT('',(9.77488586305221,0.404389413066084,8.53465682455805));
#2656=CARTESIAN_POINT('',(9.86087609118706,0.320517702816639,8.63677047367229));
#2657=CARTESIAN_POINT('',(9.13649074754961,0.572135912095142,8.33042952632775));
#2658=CARTESIAN_POINT('',(9.16560815924944,0.487856193142346,8.43254317544199));
#2659=CARTESIAN_POINT('',(9.19472557094927,0.403576474189357,8.53465682455805));
#2660=CARTESIAN_POINT('',(9.2238429826491,0.319296755236358,8.63677047367229));
#2661=CARTESIAN_POINT('',(8.66890005775468,0.572138998387681,8.33042952632775));
#2662=CARTESIAN_POINT('',(8.64100125236125,0.487450241967211,8.43254317544199));
#2663=CARTESIAN_POINT('',(8.61310244696781,0.402761485546549,8.53465682455805));
#2664=CARTESIAN_POINT('',(8.58520364157437,0.318072729125876,8.63677047367229));
#2665=CARTESIAN_POINT('',(8.20248539851958,0.572142076918062,8.33042952632775));
#2666=CARTESIAN_POINT('',(8.11771377669135,0.487045311794039,8.43254317544199));
#2667=CARTESIAN_POINT('',(8.03294215486489,0.401948546669834,8.53465682455805));
#2668=CARTESIAN_POINT('',(7.94817053303667,0.316851781545804,8.63677047367229));
#2669=CARTESIAN_POINT('',(8.2013093679596,0.572142084680352,8.33042952632775));
#2670=CARTESIAN_POINT('',(8.11639434547098,0.487044290792128,8.43254317544199));
#2671=CARTESIAN_POINT('',(8.03147932298411,0.401946496903723,8.53465682455805));
#2672=CARTESIAN_POINT('',(7.94656430049548,0.316848703015493,8.63677047367229));
#2673=EDGE_LOOP('',(#5845,#5846,#5847,#5848));
#2674=AXIS2_PLACEMENT_3D('',#5849,#5850,#5851);
#2675=EDGE_LOOP('',(#5852,#5853,#5854,#5855,#5856,#5857,#5858));
#2676=AXIS2_PLACEMENT_3D('',#5859,#5860,#5861);
#2677=EDGE_LOOP('',(#5862,#5863,#5864,#5865));
#2678=AXIS2_PLACEMENT_3D('',#5866,#5867,#5868);
#2679=EDGE_LOOP('',(#5869,#5870,#5871,#5872));
#2680=AXIS2_PLACEMENT_3D('',#5873,#5874,#5875);
#2681=EDGE_LOOP('',(#5876,#5877,#5878,#5879));
#2682=AXIS2_PLACEMENT_3D('',#5880,#5881,#5882);
#2683=EDGE_LOOP('',(#5883,#5884,#5885,#5886));
#2684=AXIS2_PLACEMENT_3D('',#5887,#5888,#5889);
#2685=EDGE_LOOP('',(#5890,#5891,#5892,#5893));
#2686=AXIS2_PLACEMENT_3D('',#5894,#5895,#5896);
#2687=EDGE_LOOP('',(#5897,#5898,#5899,#5900));
#2688=AXIS2_PLACEMENT_3D('',#5901,#5902,#5903);
#2689=EDGE_LOOP('',(#5904,#5905,#5906,#5907,#5908,#5909,#5910));
#2690=AXIS2_PLACEMENT_3D('',#5911,#5912,#5913);
#2691=EDGE_LOOP('',(#5914,#5915,#5916,#5917));
#2692=AXIS2_PLACEMENT_3D('',#5918,#5919,#5920);
#2693=EDGE_LOOP('',(#5921,#5922,#5923,#5924,#5925,#5926,#5927));
#2694=AXIS2_PLACEMENT_3D('',#5928,#5929,#5930);
#2695=EDGE_LOOP('',(#5931,#5932,#5933,#5934,#5935,#5936,#5937,#5938));
#2696=AXIS2_PLACEMENT_3D('',#5939,#5940,#5941);
#2697=EDGE_LOOP('',(#5942,#5943,#5944,#5945));
#2698=AXIS2_PLACEMENT_3D('',#5946,#5947,#5948);
#2699=EDGE_LOOP('',(#5949,#5950,#5951,#5952,#5953,#5954,#5955,#5956));
#2700=AXIS2_PLACEMENT_3D('',#5957,#5958,#5959);
#2701=EDGE_LOOP('',(#5960,#5961,#5962,#5963));
#2702=AXIS2_PLACEMENT_3D('',#5964,#5965,#5966);
#2703=EDGE_LOOP('',(#5967,#5968,#5969,#5970));
#2704=AXIS2_PLACEMENT_3D('',#5971,#5972,#5973);
#2705=EDGE_LOOP('',(#5974,#5975,#5976,#5977));
#2706=AXIS2_PLACEMENT_3D('',#5978,#5979,#5980);
#2707=EDGE_LOOP('',(#5981,#5982,#5983,#5984));
#2708=AXIS2_PLACEMENT_3D('',#5985,#5986,#5987);
#2709=EDGE_LOOP('',(#5988,#5989,#5990,#5991));
#2710=AXIS2_PLACEMENT_3D('',#5992,#5993,#5994);
#2711=EDGE_LOOP('',(#5995,#5996,#5997,#5998));
#2712=AXIS2_PLACEMENT_3D('',#5999,#6000,#6001);
#2713=EDGE_LOOP('',(#6002,#6003,#6004,#6005,#6006));
#2714=AXIS2_PLACEMENT_3D('',#6007,#6008,#6009);
#2715=EDGE_LOOP('',(#6010,#6011,#6012,#6013));
#2716=AXIS2_PLACEMENT_3D('',#6014,#6015,#6016);
#2717=EDGE_LOOP('',(#6017,#6018,#6019,#6020));
#2718=AXIS2_PLACEMENT_3D('',#6021,#6022,#6023);
#2719=EDGE_LOOP('',(#6024,#6025,#6026,#6027,#6028,#6029));
#2720=AXIS2_PLACEMENT_3D('',#6030,#6031,#6032);
#2721=EDGE_LOOP('',(#6033,#6034,#6035,#6036,#6037,#6038));
#2722=AXIS2_PLACEMENT_3D('',#6039,#6040,#6041);
#2723=EDGE_LOOP('',(#6042,#6043,#6044,#6045,#6046,#6047));
#2724=AXIS2_PLACEMENT_3D('',#6048,#6049,#6050);
#2725=EDGE_LOOP('',(#6051,#6052,#6053,#6054,#6055,#6056,#6057,#6058));
#2726=AXIS2_PLACEMENT_3D('',#6059,#6060,#6061);
#2727=EDGE_LOOP('',(#6062,#6063,#6064));
#2728=AXIS2_PLACEMENT_3D('',#6065,#6066,#6067);
#2729=EDGE_LOOP('',(#6068,#6069,#6070,#6071));
#2730=AXIS2_PLACEMENT_3D('',#6072,#6073,#6074);
#2731=EDGE_LOOP('',(#6075,#6076,#6077,#6078));
#2732=AXIS2_PLACEMENT_3D('',#6079,#6080,#6081);
#2733=EDGE_LOOP('',(#6082,#6083,#6084,#6085));
#2734=AXIS2_PLACEMENT_3D('',#6086,#6087,#6088);
#2735=EDGE_LOOP('',(#6089,#6090,#6091,#6092));
#2736=AXIS2_PLACEMENT_3D('',#6093,#6094,#6095);
#2737=EDGE_LOOP('',(#6096,#6097,#6098,#6099));
#2738=AXIS2_PLACEMENT_3D('',#6100,#6101,#6102);
#2739=EDGE_LOOP('',(#6103,#6104,#6105,#6106,#6107,#6108,#6109,#6110));
#2740=AXIS2_PLACEMENT_3D('',#6111,#6112,#6113);
#2741=EDGE_LOOP('',(#6114,#6115,#6116,#6117));
#2742=AXIS2_PLACEMENT_3D('',#6118,#6119,#6120);
#2743=EDGE_LOOP('',(#6121,#6122,#6123,#6124));
#2744=AXIS2_PLACEMENT_3D('',#6125,#6126,#6127);
#2745=EDGE_LOOP('',(#6128,#6129,#6130,#6131));
#2746=AXIS2_PLACEMENT_3D('',#6132,#6133,#6134);
#2747=EDGE_LOOP('',(#6135,#6136,#6137,#6138,#6139,#6140,#6141));
#2748=AXIS2_PLACEMENT_3D('',#6142,#6143,#6144);
#2749=EDGE_LOOP('',(#6145,#6146,#6147,#6148));
#2750=AXIS2_PLACEMENT_3D('',#6149,#6150,#6151);
#2751=EDGE_LOOP('',(#6152,#6153,#6154,#6155,#6156,#6157,#6158));
#2752=AXIS2_PLACEMENT_3D('',#6159,#6160,#6161);
#2753=EDGE_LOOP('',(#6162,#6163,#6164,#6165,#6166,#6167,#6168,#6169));
#2754=AXIS2_PLACEMENT_3D('',#6170,#6171,#6172);
#2755=EDGE_LOOP('',(#6173,#6174,#6175,#6176));
#2756=AXIS2_PLACEMENT_3D('',#6177,#6178,#6179);
#2757=EDGE_LOOP('',(#6180,#6181,#6182,#6183,#6184,#6185,#6186,#6187));
#2758=AXIS2_PLACEMENT_3D('',#6188,#6189,#6190);
#2759=EDGE_LOOP('',(#6191,#6192,#6193,#6194));
#2760=AXIS2_PLACEMENT_3D('',#6195,#6196,#6197);
#2761=EDGE_LOOP('',(#6198,#6199,#6200,#6201));
#2762=AXIS2_PLACEMENT_3D('',#6202,#6203,#6204);
#2763=EDGE_LOOP('',(#6205,#6206,#6207,#6208));
#2764=AXIS2_PLACEMENT_3D('',#6209,#6210,#6211);
#2765=EDGE_LOOP('',(#6212,#6213,#6214,#6215));
#2766=AXIS2_PLACEMENT_3D('',#6216,#6217,#6218);
#2767=EDGE_LOOP('',(#6219,#6220,#6221,#6222));
#2768=AXIS2_PLACEMENT_3D('',#6223,#6224,#6225);
#2769=EDGE_LOOP('',(#6226,#6227,#6228,#6229));
#2770=AXIS2_PLACEMENT_3D('',#6230,#6231,#6232);
#2771=EDGE_LOOP('',(#6233,#6234,#6235,#6236,#6237));
#2772=AXIS2_PLACEMENT_3D('',#6238,#6239,#6240);
#2773=EDGE_LOOP('',(#6241,#6242,#6243,#6244));
#2774=AXIS2_PLACEMENT_3D('',#6245,#6246,#6247);
#2775=EDGE_LOOP('',(#6248,#6249,#6250,#6251));
#2776=AXIS2_PLACEMENT_3D('',#6252,#6253,#6254);
#2777=EDGE_LOOP('',(#6255,#6256,#6257,#6258,#6259,#6260));
#2778=AXIS2_PLACEMENT_3D('',#6261,#6262,#6263);
#2779=EDGE_LOOP('',(#6264,#6265,#6266,#6267,#6268,#6269));
#2780=AXIS2_PLACEMENT_3D('',#6270,#6271,#6272);
#2781=EDGE_LOOP('',(#6273,#6274,#6275,#6276,#6277,#6278));
#2782=AXIS2_PLACEMENT_3D('',#6279,#6280,#6281);
#2783=EDGE_LOOP('',(#6282,#6283,#6284,#6285,#6286,#6287,#6288,#6289));
#2784=AXIS2_PLACEMENT_3D('',#6290,#6291,#6292);
#2785=EDGE_LOOP('',(#6293,#6294,#6295));
#2786=AXIS2_PLACEMENT_3D('',#6296,#6297,#6298);
#2787=EDGE_LOOP('',(#6299,#6300,#6301,#6302));
#2788=AXIS2_PLACEMENT_3D('',#6303,#6304,#6305);
#2789=EDGE_LOOP('',(#6306,#6307,#6308,#6309));
#2790=AXIS2_PLACEMENT_3D('',#6310,#6311,#6312);
#2791=EDGE_LOOP('',(#6313,#6314,#6315,#6316));
#2792=AXIS2_PLACEMENT_3D('',#6317,#6318,#6319);
#2793=EDGE_LOOP('',(#6320,#6321,#6322,#6323));
#2794=AXIS2_PLACEMENT_3D('',#6324,#6325,#6326);
#2795=EDGE_LOOP('',(#6327,#6328,#6329,#6330));
#2796=AXIS2_PLACEMENT_3D('',#6331,#6332,#6333);
#2797=EDGE_LOOP('',(#6334,#6335,#6336,#6337,#6338,#6339,#6340,#6341));
#2798=AXIS2_PLACEMENT_3D('',#6342,#6343,#6344);
#2799=EDGE_LOOP('',(#6345,#6346,#6347,#6348));
#2800=AXIS2_PLACEMENT_3D('',#6349,#6350,#6351);
#2801=EDGE_LOOP('',(#6352,#6353,#6354,#6355));
#2802=AXIS2_PLACEMENT_3D('',#6356,#6357,#6358);
#2803=EDGE_LOOP('',(#6359,#6360,#6361,#6362));
#2804=AXIS2_PLACEMENT_3D('',#6363,#6364,#6365);
#2805=EDGE_LOOP('',(#6366,#6367,#6368,#6369,#6370,#6371,#6372));
#2806=AXIS2_PLACEMENT_3D('',#6373,#6374,#6375);
#2807=EDGE_LOOP('',(#6376,#6377,#6378,#6379));
#2808=AXIS2_PLACEMENT_3D('',#6380,#6381,#6382);
#2809=EDGE_LOOP('',(#6383,#6384,#6385,#6386,#6387,#6388,#6389,#6390));
#2810=AXIS2_PLACEMENT_3D('',#6391,#6392,#6393);
#2811=EDGE_LOOP('',(#6394,#6395,#6396,#6397));
#2812=AXIS2_PLACEMENT_3D('',#6398,#6399,#6400);
#2813=EDGE_LOOP('',(#6401,#6402,#6403,#6404,#6405,#6406,#6407));
#2814=AXIS2_PLACEMENT_3D('',#6408,#6409,#6410);
#2815=EDGE_LOOP('',(#6411,#6412,#6413,#6414,#6415,#6416,#6417,#6418));
#2816=AXIS2_PLACEMENT_3D('',#6419,#6420,#6421);
#2817=EDGE_LOOP('',(#6422,#6423,#6424,#6425));
#2818=AXIS2_PLACEMENT_3D('',#6426,#6427,#6428);
#2819=EDGE_LOOP('',(#6429,#6430,#6431,#6432,#6433,#6434,#6435,#6436));
#2820=AXIS2_PLACEMENT_3D('',#6437,#6438,#6439);
#2821=EDGE_LOOP('',(#6440,#6441,#6442,#6443));
#2822=AXIS2_PLACEMENT_3D('',#6444,#6445,#6446);
#2823=EDGE_LOOP('',(#6447,#6448,#6449,#6450));
#2824=AXIS2_PLACEMENT_3D('',#6451,#6452,#6453);
#2825=EDGE_LOOP('',(#6454,#6455,#6456,#6457));
#2826=AXIS2_PLACEMENT_3D('',#6458,#6459,#6460);
#2827=EDGE_LOOP('',(#6461,#6462,#6463,#6464));
#2828=AXIS2_PLACEMENT_3D('',#6465,#6466,#6467);
#2829=EDGE_LOOP('',(#6468,#6469,#6470,#6471));
#2830=AXIS2_PLACEMENT_3D('',#6472,#6473,#6474);
#2831=EDGE_LOOP('',(#6475,#6476,#6477,#6478));
#2832=AXIS2_PLACEMENT_3D('',#6479,#6480,#6481);
#2833=EDGE_LOOP('',(#6482,#6483,#6484,#6485,#6486));
#2834=AXIS2_PLACEMENT_3D('',#6487,#6488,#6489);
#2835=EDGE_LOOP('',(#6490,#6491,#6492,#6493,#6494,#6495));
#2836=AXIS2_PLACEMENT_3D('',#6496,#6497,#6498);
#2837=EDGE_LOOP('',(#6499,#6500,#6501,#6502,#6503,#6504));
#2838=AXIS2_PLACEMENT_3D('',#6505,#6506,#6507);
#2839=EDGE_LOOP('',(#6508,#6509,#6510,#6511));
#2840=AXIS2_PLACEMENT_3D('',#6512,#6513,#6514);
#2841=EDGE_LOOP('',(#6515,#6516,#6517,#6518));
#2842=AXIS2_PLACEMENT_3D('',#6519,#6520,#6521);
#2843=EDGE_LOOP('',(#6522,#6523,#6524,#6525));
#2844=AXIS2_PLACEMENT_3D('',#6526,#6527,#6528);
#2845=EDGE_LOOP('',(#6529,#6530,#6531,#6532,#6533,#6534));
#2846=AXIS2_PLACEMENT_3D('',#6535,#6536,#6537);
#2847=EDGE_LOOP('',(#6538,#6539,#6540,#6541,#6542,#6543,#6544,#6545));
#2848=AXIS2_PLACEMENT_3D('',#6546,#6547,#6548);
#2849=EDGE_LOOP('',(#6549,#6550,#6551));
#2850=AXIS2_PLACEMENT_3D('',#6552,#6553,#6554);
#2851=EDGE_LOOP('',(#6555,#6556,#6557,#6558));
#2852=AXIS2_PLACEMENT_3D('',#6559,#6560,#6561);
#2853=EDGE_LOOP('',(#6562,#6563,#6564,#6565));
#2854=AXIS2_PLACEMENT_3D('',#6566,#6567,#6568);
#2855=EDGE_LOOP('',(#6569,#6570,#6571,#6572));
#2856=AXIS2_PLACEMENT_3D('',#6573,#6574,#6575);
#2857=EDGE_LOOP('',(#6576,#6577,#6578,#6579));
#2858=AXIS2_PLACEMENT_3D('',#6580,#6581,#6582);
#2859=EDGE_LOOP('',(#6583,#6584,#6585,#6586));
#2860=AXIS2_PLACEMENT_3D('',#6587,#6588,#6589);
#2861=EDGE_LOOP('',(#6590,#6591,#6592,#6593));
#2862=AXIS2_PLACEMENT_3D('',#6594,#6595,#6596);
#2863=EDGE_LOOP('',(#6597,#6598,#6599,#6600,#6601,#6602,#6603));
#2864=AXIS2_PLACEMENT_3D('',#6604,#6605,#6606);
#2865=EDGE_LOOP('',(#6607,#6608,#6609,#6610));
#2866=AXIS2_PLACEMENT_3D('',#6611,#6612,#6613);
#2867=EDGE_LOOP('',(#6614,#6615,#6616,#6617,#6618,#6619,#6620,#6621));
#2868=AXIS2_PLACEMENT_3D('',#6622,#6623,#6624);
#2869=EDGE_LOOP('',(#6625,#6626,#6627,#6628));
#2870=AXIS2_PLACEMENT_3D('',#6629,#6630,#6631);
#2871=EDGE_LOOP('',(#6632,#6633,#6634,#6635,#6636,#6637,#6638));
#2872=AXIS2_PLACEMENT_3D('',#6639,#6640,#6641);
#2873=EDGE_LOOP('',(#6642,#6643,#6644,#6645,#6646,#6647,#6648,#6649));
#2874=AXIS2_PLACEMENT_3D('',#6650,#6651,#6652);
#2875=EDGE_LOOP('',(#6653,#6654,#6655,#6656));
#2876=AXIS2_PLACEMENT_3D('',#6657,#6658,#6659);
#2877=EDGE_LOOP('',(#6660,#6661,#6662,#6663,#6664,#6665,#6666,#6667));
#2878=AXIS2_PLACEMENT_3D('',#6668,#6669,#6670);
#2879=EDGE_LOOP('',(#6671,#6672,#6673,#6674));
#2880=AXIS2_PLACEMENT_3D('',#6675,#6676,#6677);
#2881=EDGE_LOOP('',(#6678,#6679,#6680,#6681));
#2882=AXIS2_PLACEMENT_3D('',#6682,#6683,#6684);
#2883=EDGE_LOOP('',(#6685,#6686,#6687,#6688));
#2884=AXIS2_PLACEMENT_3D('',#6689,#6690,#6691);
#2885=EDGE_LOOP('',(#6692,#6693,#6694,#6695));
#2886=AXIS2_PLACEMENT_3D('',#6696,#6697,#6698);
#2887=EDGE_LOOP('',(#6699,#6700,#6701,#6702));
#2888=AXIS2_PLACEMENT_3D('',#6703,#6704,#6705);
#2889=EDGE_LOOP('',(#6706,#6707,#6708,#6709));
#2890=AXIS2_PLACEMENT_3D('',#6710,#6711,#6712);
#2891=EDGE_LOOP('',(#6713,#6714,#6715,#6716,#6717));
#2892=AXIS2_PLACEMENT_3D('',#6718,#6719,#6720);
#2893=EDGE_LOOP('',(#6721,#6722,#6723,#6724,#6725,#6726));
#2894=AXIS2_PLACEMENT_3D('',#6727,#6728,#6729);
#2895=EDGE_LOOP('',(#6730,#6731,#6732,#6733,#6734,#6735));
#2896=AXIS2_PLACEMENT_3D('',#6736,#6737,#6738);
#2897=EDGE_LOOP('',(#6739,#6740,#6741,#6742));
#2898=AXIS2_PLACEMENT_3D('',#6743,#6744,#6745);
#2899=EDGE_LOOP('',(#6746,#6747,#6748,#6749));
#2900=AXIS2_PLACEMENT_3D('',#6750,#6751,#6752);
#2901=EDGE_LOOP('',(#6753,#6754,#6755,#6756));
#2902=AXIS2_PLACEMENT_3D('',#6757,#6758,#6759);
#2903=EDGE_LOOP('',(#6760,#6761,#6762,#6763,#6764,#6765));
#2904=AXIS2_PLACEMENT_3D('',#6766,#6767,#6768);
#2905=EDGE_LOOP('',(#6769,#6770,#6771,#6772,#6773,#6774,#6775,#6776));
#2906=AXIS2_PLACEMENT_3D('',#6777,#6778,#6779);
#2907=EDGE_LOOP('',(#6780,#6781,#6782));
#2908=AXIS2_PLACEMENT_3D('',#6783,#6784,#6785);
#2909=EDGE_LOOP('',(#6786,#6787,#6788,#6789));
#2910=AXIS2_PLACEMENT_3D('',#6790,#6791,#6792);
#2911=EDGE_LOOP('',(#6793,#6794,#6795,#6796));
#2912=AXIS2_PLACEMENT_3D('',#6797,#6798,#6799);
#2913=EDGE_LOOP('',(#6800,#6801,#6802,#6803));
#2914=AXIS2_PLACEMENT_3D('',#6804,#6805,#6806);
#2915=EDGE_LOOP('',(#6807,#6808,#6809,#6810));
#2916=AXIS2_PLACEMENT_3D('',#6811,#6812,#6813);
#2917=EDGE_LOOP('',(#6814,#6815,#6816,#6817));
#2918=AXIS2_PLACEMENT_3D('',#6818,#6819,#6820);
#2919=EDGE_LOOP('',(#6821,#6822,#6823,#6824));
#2920=AXIS2_PLACEMENT_3D('',#6825,#6826,#6827);
#2921=EDGE_LOOP('',(#6828,#6829,#6830,#6831,#6832,#6833,#6834));
#2922=AXIS2_PLACEMENT_3D('',#6835,#6836,#6837);
#2923=EDGE_LOOP('',(#6838,#6839,#6840,#6841));
#2924=AXIS2_PLACEMENT_3D('',#6842,#6843,#6844);
#2925=EDGE_LOOP('',(#6845,#6846,#6847,#6848,#6849,#6850,#6851,#6852));
#2926=AXIS2_PLACEMENT_3D('',#6853,#6854,#6855);
#2927=EDGE_LOOP('',(#6856,#6857,#6858,#6859));
#2928=AXIS2_PLACEMENT_3D('',#6860,#6861,#6862);
#2929=EDGE_LOOP('',(#6863,#6864,#6865,#6866,#6867,#6868,#6869));
#2930=AXIS2_PLACEMENT_3D('',#6870,#6871,#6872);
#2931=EDGE_LOOP('',(#6873,#6874,#6875,#6876,#6877,#6878,#6879,#6880));
#2932=AXIS2_PLACEMENT_3D('',#6881,#6882,#6883);
#2933=EDGE_LOOP('',(#6884,#6885,#6886,#6887));
#2934=AXIS2_PLACEMENT_3D('',#6888,#6889,#6890);
#2935=EDGE_LOOP('',(#6891,#6892,#6893,#6894,#6895,#6896,#6897,#6898));
#2936=AXIS2_PLACEMENT_3D('',#6899,#6900,#6901);
#2937=EDGE_LOOP('',(#6902,#6903,#6904,#6905));
#2938=AXIS2_PLACEMENT_3D('',#6906,#6907,#6908);
#2939=EDGE_LOOP('',(#6909,#6910,#6911,#6912));
#2940=AXIS2_PLACEMENT_3D('',#6913,#6914,#6915);
#2941=EDGE_LOOP('',(#6916,#6917,#6918,#6919));
#2942=AXIS2_PLACEMENT_3D('',#6920,#6921,#6922);
#2943=EDGE_LOOP('',(#6923,#6924,#6925,#6926));
#2944=AXIS2_PLACEMENT_3D('',#6927,#6928,#6929);
#2945=EDGE_LOOP('',(#6930,#6931,#6932,#6933));
#2946=AXIS2_PLACEMENT_3D('',#6934,#6935,#6936);
#2947=EDGE_LOOP('',(#6937,#6938,#6939,#6940));
#2948=AXIS2_PLACEMENT_3D('',#6941,#6942,#6943);
#2949=EDGE_LOOP('',(#6944,#6945,#6946,#6947,#6948));
#2950=AXIS2_PLACEMENT_3D('',#6949,#6950,#6951);
#2951=EDGE_LOOP('',(#6952,#6953,#6954,#6955,#6956,#6957));
#2952=AXIS2_PLACEMENT_3D('',#6958,#6959,#6960);
#2953=EDGE_LOOP('',(#6961,#6962,#6963,#6964,#6965,#6966));
#2954=AXIS2_PLACEMENT_3D('',#6967,#6968,#6969);
#2955=EDGE_LOOP('',(#6970,#6971,#6972,#6973));
#2956=AXIS2_PLACEMENT_3D('',#6974,#6975,#6976);
#2957=EDGE_LOOP('',(#6977,#6978,#6979,#6980));
#2958=AXIS2_PLACEMENT_3D('',#6981,#6982,#6983);
#2959=EDGE_LOOP('',(#6984,#6985,#6986,#6987));
#2960=AXIS2_PLACEMENT_3D('',#6988,#6989,#6990);
#2961=EDGE_LOOP('',(#6991,#6992,#6993,#6994,#6995,#6996));
#2962=AXIS2_PLACEMENT_3D('',#6997,#6998,#6999);
#2963=EDGE_LOOP('',(#7000,#7001,#7002,#7003,#7004,#7005,#7006,#7007));
#2964=AXIS2_PLACEMENT_3D('',#7008,#7009,#7010);
#2965=EDGE_LOOP('',(#7011,#7012,#7013));
#2966=AXIS2_PLACEMENT_3D('',#7014,#7015,#7016);
#2967=EDGE_LOOP('',(#7017,#7018,#7019,#7020));
#2968=AXIS2_PLACEMENT_3D('',#7021,#7022,#7023);
#2969=EDGE_LOOP('',(#7024,#7025,#7026,#7027));
#2970=AXIS2_PLACEMENT_3D('',#7028,#7029,#7030);
#2971=EDGE_LOOP('',(#7031,#7032,#7033,#7034));
#2972=AXIS2_PLACEMENT_3D('',#7035,#7036,#7037);
#2973=EDGE_LOOP('',(#7038,#7039,#7040,#7041));
#2974=AXIS2_PLACEMENT_3D('',#7042,#7043,#7044);
#2975=EDGE_LOOP('',(#7045,#7046,#7047,#7048));
#2976=AXIS2_PLACEMENT_3D('',#7049,#7050,#7051);
#2977=EDGE_LOOP('',(#7052,#7053,#7054,#7055));
#2978=AXIS2_PLACEMENT_3D('',#7056,#7057,#7058);
#2979=EDGE_LOOP('',(#7059,#7060,#7061,#7062,#7063,#7064,#7065));
#2980=AXIS2_PLACEMENT_3D('',#7066,#7067,#7068);
#2981=EDGE_LOOP('',(#7069,#7070,#7071,#7072));
#2982=AXIS2_PLACEMENT_3D('',#7073,#7074,#7075);
#2983=EDGE_LOOP('',(#7076,#7077,#7078,#7079,#7080,#7081,#7082,#7083));
#2984=AXIS2_PLACEMENT_3D('',#7084,#7085,#7086);
#2985=EDGE_LOOP('',(#7087,#7088,#7089,#7090));
#2986=AXIS2_PLACEMENT_3D('',#7091,#7092,#7093);
#2987=EDGE_LOOP('',(#7094,#7095,#7096,#7097,#7098,#7099,#7100));
#2988=AXIS2_PLACEMENT_3D('',#7101,#7102,#7103);
#2989=EDGE_LOOP('',(#7104,#7105,#7106,#7107,#7108,#7109,#7110,#7111));
#2990=AXIS2_PLACEMENT_3D('',#7112,#7113,#7114);
#2991=EDGE_LOOP('',(#7115,#7116,#7117,#7118));
#2992=AXIS2_PLACEMENT_3D('',#7119,#7120,#7121);
#2993=EDGE_LOOP('',(#7122,#7123,#7124,#7125,#7126,#7127,#7128,#7129));
#2994=AXIS2_PLACEMENT_3D('',#7130,#7131,#7132);
#2995=EDGE_LOOP('',(#7133,#7134,#7135,#7136));
#2996=AXIS2_PLACEMENT_3D('',#7137,#7138,#7139);
#2997=EDGE_LOOP('',(#7140,#7141,#7142,#7143));
#2998=AXIS2_PLACEMENT_3D('',#7144,#7145,#7146);
#2999=EDGE_LOOP('',(#7147,#7148,#7149,#7150));
#3000=AXIS2_PLACEMENT_3D('',#7151,#7152,#7153);
#3001=EDGE_LOOP('',(#7154,#7155,#7156,#7157));
#3002=AXIS2_PLACEMENT_3D('',#7158,#7159,#7160);
#3003=EDGE_LOOP('',(#7161,#7162,#7163,#7164));
#3004=AXIS2_PLACEMENT_3D('',#7165,#7166,#7167);
#3005=EDGE_LOOP('',(#7168,#7169,#7170,#7171));
#3006=AXIS2_PLACEMENT_3D('',#7172,#7173,#7174);
#3007=EDGE_LOOP('',(#7175,#7176,#7177,#7178,#7179));
#3008=AXIS2_PLACEMENT_3D('',#7180,#7181,#7182);
#3009=EDGE_LOOP('',(#7183,#7184,#7185,#7186,#7187,#7188));
#3010=AXIS2_PLACEMENT_3D('',#7189,#7190,#7191);
#3011=EDGE_LOOP('',(#7192,#7193,#7194,#7195,#7196,#7197));
#3012=AXIS2_PLACEMENT_3D('',#7198,#7199,#7200);
#3013=EDGE_LOOP('',(#7201,#7202,#7203,#7204));
#3014=AXIS2_PLACEMENT_3D('',#7205,#7206,#7207);
#3015=EDGE_LOOP('',(#7208,#7209,#7210,#7211));
#3016=AXIS2_PLACEMENT_3D('',#7212,#7213,#7214);
#3017=EDGE_LOOP('',(#7215,#7216,#7217,#7218));
#3018=AXIS2_PLACEMENT_3D('',#7219,#7220,#7221);
#3019=EDGE_LOOP('',(#7222,#7223,#7224,#7225,#7226,#7227));
#3020=AXIS2_PLACEMENT_3D('',#7228,#7229,#7230);
#3021=EDGE_LOOP('',(#7231,#7232,#7233,#7234,#7235,#7236,#7237,#7238));
#3022=AXIS2_PLACEMENT_3D('',#7239,#7240,#7241);
#3023=EDGE_LOOP('',(#7242,#7243,#7244));
#3024=AXIS2_PLACEMENT_3D('',#7245,#7246,#7247);
#3025=EDGE_LOOP('',(#7248,#7249,#7250,#7251));
#3026=AXIS2_PLACEMENT_3D('',#7252,#7253,#7254);
#3027=EDGE_LOOP('',(#7255,#7256,#7257,#7258));
#3028=AXIS2_PLACEMENT_3D('',#7259,#7260,#7261);
#3029=EDGE_LOOP('',(#7262,#7263,#7264,#7265));
#3030=AXIS2_PLACEMENT_3D('',#7266,#7267,#7268);
#3031=EDGE_LOOP('',(#7269,#7270,#7271,#7272));
#3032=AXIS2_PLACEMENT_3D('',#7273,#7274,#7275);
#3033=EDGE_LOOP('',(#7276,#7277,#7278,#7279));
#3034=AXIS2_PLACEMENT_3D('',#7280,#7281,#7282);
#3035=EDGE_LOOP('',(#7283,#7284,#7285,#7286));
#3036=AXIS2_PLACEMENT_3D('',#7287,#7288,#7289);
#3037=EDGE_LOOP('',(#7290,#7291,#7292,#7293,#7294,#7295,#7296));
#3038=AXIS2_PLACEMENT_3D('',#7297,#7298,#7299);
#3039=EDGE_LOOP('',(#7300,#7301,#7302,#7303));
#3040=AXIS2_PLACEMENT_3D('',#7304,#7305,#7306);
#3041=EDGE_LOOP('',(#7307,#7308,#7309,#7310,#7311,#7312,#7313));
#3042=AXIS2_PLACEMENT_3D('',#7314,#7315,#7316);
#3043=EDGE_LOOP('',(#7317,#7318,#7319,#7320,#7321,#7322,#7323,#7324));
#3044=AXIS2_PLACEMENT_3D('',#7325,#7326,#7327);
#3045=EDGE_LOOP('',(#7328,#7329,#7330,#7331));
#3046=AXIS2_PLACEMENT_3D('',#7332,#7333,#7334);
#3047=EDGE_LOOP('',(#7335,#7336,#7337,#7338,#7339,#7340,#7341,#7342));
#3048=AXIS2_PLACEMENT_3D('',#7343,#7344,#7345);
#3049=EDGE_LOOP('',(#7346,#7347,#7348,#7349));
#3050=AXIS2_PLACEMENT_3D('',#7350,#7351,#7352);
#3051=EDGE_LOOP('',(#7353,#7354,#7355,#7356));
#3052=AXIS2_PLACEMENT_3D('',#7357,#7358,#7359);
#3053=EDGE_LOOP('',(#7360,#7361,#7362,#7363));
#3054=AXIS2_PLACEMENT_3D('',#7364,#7365,#7366);
#3055=EDGE_LOOP('',(#7367,#7368,#7369,#7370));
#3056=AXIS2_PLACEMENT_3D('',#7371,#7372,#7373);
#3057=EDGE_LOOP('',(#7374,#7375,#7376,#7377));
#3058=AXIS2_PLACEMENT_3D('',#7378,#7379,#7380);
#3059=EDGE_LOOP('',(#7381,#7382,#7383,#7384));
#3060=AXIS2_PLACEMENT_3D('',#7385,#7386,#7387);
#3061=EDGE_LOOP('',(#7388,#7389,#7390,#7391,#7392));
#3062=AXIS2_PLACEMENT_3D('',#7393,#7394,#7395);
#3063=EDGE_LOOP('',(#7396,#7397,#7398,#7399,#7400,#7401));
#3064=AXIS2_PLACEMENT_3D('',#7402,#7403,#7404);
#3065=EDGE_LOOP('',(#7405,#7406,#7407,#7408,#7409,#7410));
#3066=AXIS2_PLACEMENT_3D('',#7411,#7412,#7413);
#3067=EDGE_LOOP('',(#7414,#7415,#7416,#7417,#7418,#7419,#7420,#7421));
#3068=AXIS2_PLACEMENT_3D('',#7422,#7423,#7424);
#3069=EDGE_LOOP('',(#7425,#7426,#7427,#7428,#7429,#7430,#7431,#7432));
#3070=AXIS2_PLACEMENT_3D('',#7433,#7434,#7435);
#3071=EDGE_LOOP('',(#7436,#7437,#7438,#7439,#7440,#7441));
#3072=AXIS2_PLACEMENT_3D('',#7442,#7443,#7444);
#3073=EDGE_LOOP('',(#7445,#7446,#7447));
#3074=AXIS2_PLACEMENT_3D('',#7448,#7449,#7450);
#3075=EDGE_LOOP('',(#7451,#7452,#7453,#7454));
#3076=AXIS2_PLACEMENT_3D('',#7455,#7456,#7457);
#3077=EDGE_LOOP('',(#7458,#7459,#7460,#7461));
#3078=AXIS2_PLACEMENT_3D('',#7462,#7463,#7464);
#3079=EDGE_LOOP('',(#7465,#7466,#7467,#7468));
#3080=AXIS2_PLACEMENT_3D('',#7469,#7470,#7471);
#3081=EDGE_LOOP('',(#7472,#7473,#7474,#7475));
#3082=AXIS2_PLACEMENT_3D('',#7476,#7477,#7478);
#3083=EDGE_LOOP('',(#7479,#7480,#7481,#7482));
#3084=AXIS2_PLACEMENT_3D('',#7483,#7484,#7485);
#3085=EDGE_LOOP('',(#7486,#7487,#7488,#7489));
#3086=AXIS2_PLACEMENT_3D('',#7490,#7491,#7492);
#3087=EDGE_LOOP('',(#7493,#7494,#7495,#7496));
#3088=AXIS2_PLACEMENT_3D('',#7497,#7498,#7499);
#3089=EDGE_LOOP('',(#7500,#7501,#7502,#7503));
#3090=AXIS2_PLACEMENT_3D('',#7504,#7505,#7506);
#3091=EDGE_LOOP('',(#7507,#7508,#7509,#7510));
#3092=AXIS2_PLACEMENT_3D('',#7511,#7512,#7513);
#3093=EDGE_LOOP('',(#7514,#7515,#7516,#7517));
#3094=AXIS2_PLACEMENT_3D('',#7518,#7519,#7520);
#3095=EDGE_LOOP('',(#7521,#7522,#7523,#7524));
#3096=AXIS2_PLACEMENT_3D('',#7525,#7526,#7527);
#3097=EDGE_LOOP('',(#7528,#7529,#7530,#7531));
#3098=AXIS2_PLACEMENT_3D('',#7532,#7533,#7534);
#3099=EDGE_LOOP('',(#7535,#7536,#7537,#7538));
#3100=AXIS2_PLACEMENT_3D('',#7539,#7540,#7541);
#3101=EDGE_LOOP('',(#7542,#7543,#7544,#7545));
#3102=AXIS2_PLACEMENT_3D('',#7546,#7547,#7548);
#3103=EDGE_LOOP('',(#7549,#7550,#7551,#7552));
#3104=AXIS2_PLACEMENT_3D('',#7553,#7554,#7555);
#3105=EDGE_LOOP('',(#7556,#7557,#7558,#7559));
#3106=AXIS2_PLACEMENT_3D('',#7560,#7561,#7562);
#3107=EDGE_LOOP('',(#7563,#7564,#7565,#7566));
#3108=AXIS2_PLACEMENT_3D('',#7567,#7568,#7569);
#3109=EDGE_LOOP('',(#7570,#7571,#7572,#7573));
#3110=AXIS2_PLACEMENT_3D('',#7574,#7575,#7576);
#3111=EDGE_LOOP('',(#7577,#7578,#7579,#7580));
#3112=AXIS2_PLACEMENT_3D('',#7581,#7582,#7583);
#3113=EDGE_LOOP('',(#7584,#7585,#7586,#7587));
#3114=AXIS2_PLACEMENT_3D('',#7588,#7589,#7590);
#3115=EDGE_LOOP('',(#7591,#7592,#7593,#7594));
#3116=AXIS2_PLACEMENT_3D('',#7595,#7596,#7597);
#3117=EDGE_LOOP('',(#7598,#7599,#7600,#7601));
#3118=AXIS2_PLACEMENT_3D('',#7602,#7603,#7604);
#3119=EDGE_LOOP('',(#7605,#7606,#7607,#7608));
#3120=AXIS2_PLACEMENT_3D('',#7609,#7610,#7611);
#3121=LINE('',#7612,#7613);
#3122=LINE('',#7614,#7615);
#3123=LINE('',#7616,#7617);
#3124=LINE('',#7618,#7619);
#3125=LINE('',#7620,#7621);
#3126=LINE('',#7622,#7623);
#3127=LINE('',#7624,#7625);
#3128=LINE('',#7626,#7627);
#3129=LINE('',#7628,#7629);
#3130=LINE('',#7630,#7631);
#3131=LINE('',#7632,#7633);
#3132=LINE('',#7634,#7635);
#3133=LINE('',#7636,#7637);
#3134=LINE('',#7638,#7639);
#3135=LINE('',#7640,#7641);
#3136=LINE('',#7642,#7643);
#3137=LINE('',#7644,#7645);
#3138=LINE('',#7646,#7647);
#3139=LINE('',#7648,#7649);
#3140=LINE('',#7650,#7651);
#3141=LINE('',#7652,#7653);
#3142=LINE('',#7654,#7655);
#3143=LINE('',#7656,#7657);
#3144=LINE('',#7658,#7659);
#3145=LINE('',#7660,#7661);
#3146=LINE('',#7662,#7663);
#3147=LINE('',#7664,#7665);
#3148=LINE('',#7666,#7667);
#3149=LINE('',#7668,#7669);
#3150=LINE('',#7670,#7671);
#3151=LINE('',#7672,#7673);
#3152=LINE('',#7674,#7675);
#3153=LINE('',#7676,#7677);
#3154=LINE('',#7678,#7679);
#3155=LINE('',#7680,#7681);
#3156=LINE('',#7682,#7683);
#3157=LINE('',#7684,#7685);
#3158=LINE('',#7686,#7687);
#3159=LINE('',#7688,#7689);
#3160=LINE('',#7690,#7691);
#3161=LINE('',#7692,#7693);
#3162=LINE('',#7694,#7695);
#3163=LINE('',#7696,#7697);
#3164=LINE('',#7698,#7699);
#3165=LINE('',#7700,#7701);
#3166=LINE('',#7702,#7703);
#3167=LINE('',#7704,#7705);
#3168=LINE('',#7706,#7707);
#3169=LINE('',#7708,#7709);
#3170=LINE('',#7710,#7711);
#3171=LINE('',#7712,#7713);
#3172=LINE('',#7714,#7715);
#3173=LINE('',#7716,#7717);
#3174=LINE('',#7718,#7719);
#3175=LINE('',#7720,#7721);
#3176=LINE('',#7722,#7723);
#3177=LINE('',#7724,#7725);
#3178=LINE('',#7726,#7727);
#3179=LINE('',#7728,#7729);
#3180=LINE('',#7730,#7731);
#3181=LINE('',#7732,#7733);
#3182=LINE('',#7734,#7735);
#3183=LINE('',#7736,#7737);
#3184=LINE('',#7738,#7739);
#3185=ORIENTED_EDGE('',*,*,#7740,.F.);
#3186=ORIENTED_EDGE('',*,*,#7741,.F.);
#3187=ORIENTED_EDGE('',*,*,#7742,.F.);
#3188=ORIENTED_EDGE('',*,*,#7743,.T.);
#3189=CARTESIAN_POINT('',(0.0,0.0,0.0));
#3190=DIRECTION('',(0.0,0.0,1.0));
#3191=DIRECTION('',(1.0,0.0,0.0));
#3192=ORIENTED_EDGE('',*,*,#7744,.F.);
#3193=ORIENTED_EDGE('',*,*,#7745,.F.);
#3194=ORIENTED_EDGE('',*,*,#7746,.T.);
#3195=ORIENTED_EDGE('',*,*,#7747,.T.);
#3196=CARTESIAN_POINT('',(0.0,0.0,0.0));
#3197=DIRECTION('',(0.0,0.0,1.0));
#3198=DIRECTION('',(1.0,0.0,0.0));
#3199=ORIENTED_EDGE('',*,*,#7748,.F.);
#3200=ORIENTED_EDGE('',*,*,#7749,.F.);
#3201=ORIENTED_EDGE('',*,*,#7750,.T.);
#3202=ORIENTED_EDGE('',*,*,#7751,.T.);
#3203=CARTESIAN_POINT('',(0.0,0.0,0.0));
#3204=DIRECTION('',(0.0,0.0,1.0));
#3205=DIRECTION('',(1.0,0.0,0.0));
#3206=ORIENTED_EDGE('',*,*,#7752,.F.);
#3207=ORIENTED_EDGE('',*,*,#7753,.F.);
#3208=ORIENTED_EDGE('',*,*,#7754,.T.);
#3209=ORIENTED_EDGE('',*,*,#7755,.T.);
#3210=CARTESIAN_POINT('',(0.0,0.0,0.0));
#3211=DIRECTION('',(0.0,0.0,1.0));
#3212=DIRECTION('',(1.0,0.0,0.0));
#3213=ORIENTED_EDGE('',*,*,#7756,.F.);
#3214=ORIENTED_EDGE('',*,*,#7757,.F.);
#3215=ORIENTED_EDGE('',*,*,#7758,.T.);
#3216=ORIENTED_EDGE('',*,*,#7759,.T.);
#3217=CARTESIAN_POINT('',(0.0,0.0,0.0));
#3218=DIRECTION('',(0.0,0.0,1.0));
#3219=DIRECTION('',(1.0,0.0,0.0));
#3220=ORIENTED_EDGE('',*,*,#7760,.F.);
#3221=ORIENTED_EDGE('',*,*,#7761,.F.);
#3222=ORIENTED_EDGE('',*,*,#7762,.T.);
#3223=ORIENTED_EDGE('',*,*,#7763,.T.);
#3224=CARTESIAN_POINT('',(0.0,0.0,0.0));
#3225=DIRECTION('',(0.0,0.0,1.0));
#3226=DIRECTION('',(1.0,0.0,0.0));
#3227=ORIENTED_EDGE('',*,*,#7764,.F.);
#3228=ORIENTED_EDGE('',*,*,#7765,.T.);
#3229=ORIENTED_EDGE('',*,*,#7766,.T.);
#3230=ORIENTED_EDGE('',*,*,#7767,.F.);
#3231=CARTESIAN_POINT('',(0.0,0.0,0.0));
#3232=DIRECTION('',(0.0,0.0,1.0));
#3233=DIRECTION('',(1.0,0.0,0.0));
#3234=ORIENTED_EDGE('',*,*,#7768,.F.);
#3235=ORIENTED_EDGE('',*,*,#7769,.F.);
#3236=ORIENTED_EDGE('',*,*,#7770,.T.);
#3237=ORIENTED_EDGE('',*,*,#7771,.T.);
#3238=CARTESIAN_POINT('',(0.0,0.0,0.0));
#3239=DIRECTION('',(0.0,0.0,1.0));
#3240=DIRECTION('',(1.0,0.0,0.0));
#3241=ORIENTED_EDGE('',*,*,#7772,.F.);
#3242=ORIENTED_EDGE('',*,*,#7773,.F.);
#3243=ORIENTED_EDGE('',*,*,#7774,.T.);
#3244=ORIENTED_EDGE('',*,*,#7775,.T.);
#3245=CARTESIAN_POINT('',(0.0,0.0,0.0));
#3246=DIRECTION('',(0.0,0.0,1.0));
#3247=DIRECTION('',(1.0,0.0,0.0));
#3248=ORIENTED_EDGE('',*,*,#7776,.T.);
#3249=ORIENTED_EDGE('',*,*,#7777,.T.);
#3250=ORIENTED_EDGE('',*,*,#7778,.F.);
#3251=ORIENTED_EDGE('',*,*,#7743,.F.);
#3252=CARTESIAN_POINT('',(-10.1473,2.286,0.0));
#3253=DIRECTION('',(0.0,-1.0,0.0));
#3254=DIRECTION('',(0.0,0.0,-1.0));
#3255=ORIENTED_EDGE('',*,*,#7779,.F.);
#3256=ORIENTED_EDGE('',*,*,#7780,.T.);
#3257=ORIENTED_EDGE('',*,*,#7781,.F.);
#3258=ORIENTED_EDGE('',*,*,#7747,.F.);
#3259=CARTESIAN_POINT('',(-10.1473,2.286,0.0));
#3260=DIRECTION('',(0.0,-1.0,0.0));
#3261=DIRECTION('',(0.0,0.0,-1.0));
#3262=ORIENTED_EDGE('',*,*,#7782,.F.);
#3263=ORIENTED_EDGE('',*,*,#7783,.T.);
#3264=ORIENTED_EDGE('',*,*,#7784,.F.);
#3265=ORIENTED_EDGE('',*,*,#7751,.F.);
#3266=CARTESIAN_POINT('',(-10.1473,2.286,0.0));
#3267=DIRECTION('',(0.0,-1.0,0.0));
#3268=DIRECTION('',(0.0,0.0,-1.0));
#3269=ORIENTED_EDGE('',*,*,#7785,.F.);
#3270=ORIENTED_EDGE('',*,*,#7786,.T.);
#3271=ORIENTED_EDGE('',*,*,#7787,.F.);
#3272=ORIENTED_EDGE('',*,*,#7755,.F.);
#3273=CARTESIAN_POINT('',(-10.1473,2.286,0.0));
#3274=DIRECTION('',(0.0,-1.0,0.0));
#3275=DIRECTION('',(0.0,0.0,-1.0));
#3276=ORIENTED_EDGE('',*,*,#7788,.F.);
#3277=ORIENTED_EDGE('',*,*,#7789,.T.);
#3278=ORIENTED_EDGE('',*,*,#7790,.F.);
#3279=ORIENTED_EDGE('',*,*,#7759,.F.);
#3280=CARTESIAN_POINT('',(-10.1473,2.286,0.0));
#3281=DIRECTION('',(0.0,-1.0,0.0));
#3282=DIRECTION('',(0.0,0.0,-1.0));
#3283=ORIENTED_EDGE('',*,*,#7791,.F.);
#3284=ORIENTED_EDGE('',*,*,#7792,.T.);
#3285=ORIENTED_EDGE('',*,*,#7793,.F.);
#3286=ORIENTED_EDGE('',*,*,#7763,.F.);
#3287=CARTESIAN_POINT('',(-10.1473,2.286,0.0));
#3288=DIRECTION('',(0.0,-1.0,0.0));
#3289=DIRECTION('',(0.0,0.0,-1.0));
#3290=ORIENTED_EDGE('',*,*,#7766,.F.);
#3291=ORIENTED_EDGE('',*,*,#7794,.F.);
#3292=ORIENTED_EDGE('',*,*,#7795,.T.);
#3293=ORIENTED_EDGE('',*,*,#7796,.F.);
#3294=CARTESIAN_POINT('',(-10.1473,2.286,0.0));
#3295=DIRECTION('',(0.0,-1.0,0.0));
#3296=DIRECTION('',(0.0,0.0,-1.0));
#3297=ORIENTED_EDGE('',*,*,#7797,.F.);
#3298=ORIENTED_EDGE('',*,*,#7798,.T.);
#3299=ORIENTED_EDGE('',*,*,#7799,.F.);
#3300=ORIENTED_EDGE('',*,*,#7771,.F.);
#3301=CARTESIAN_POINT('',(-10.1473,2.286,0.0));
#3302=DIRECTION('',(0.0,-1.0,0.0));
#3303=DIRECTION('',(0.0,0.0,-1.0));
#3304=ORIENTED_EDGE('',*,*,#7800,.F.);
#3305=ORIENTED_EDGE('',*,*,#7801,.T.);
#3306=ORIENTED_EDGE('',*,*,#7802,.F.);
#3307=ORIENTED_EDGE('',*,*,#7775,.F.);
#3308=CARTESIAN_POINT('',(-10.1473,2.286,0.0));
#3309=DIRECTION('',(0.0,-1.0,0.0));
#3310=DIRECTION('',(0.0,0.0,-1.0));
#3311=ORIENTED_EDGE('',*,*,#7803,.T.);
#3312=ORIENTED_EDGE('',*,*,#7804,.F.);
#3313=ORIENTED_EDGE('',*,*,#7740,.T.);
#3314=ORIENTED_EDGE('',*,*,#7778,.T.);
#3315=CARTESIAN_POINT('',(-9.8425,2.5273,0.0));
#3316=DIRECTION('',(-0.894427190999896,0.0,0.447213595499998));
#3317=DIRECTION('',(0.0,1.0,0.0));
#3318=ORIENTED_EDGE('',*,*,#7804,.T.);
#3319=ORIENTED_EDGE('',*,*,#7805,.F.);
#3320=ORIENTED_EDGE('',*,*,#7806,.F.);
#3321=ORIENTED_EDGE('',*,*,#7741,.T.);
#3322=CARTESIAN_POINT('',(-10.1473,-2.286,0.508));
#3323=DIRECTION('',(-0.0,1.0,0.0));
#3324=DIRECTION('',(1.0,0.0,0.0));
#3325=ORIENTED_EDGE('',*,*,#7807,.T.);
#3326=ORIENTED_EDGE('',*,*,#7808,.F.);
#3327=ORIENTED_EDGE('',*,*,#7809,.T.);
#3328=ORIENTED_EDGE('',*,*,#7745,.T.);
#3329=CARTESIAN_POINT('',(-10.1473,-2.286,0.508));
#3330=DIRECTION('',(-0.0,1.0,0.0));
#3331=DIRECTION('',(1.0,0.0,0.0));
#3332=ORIENTED_EDGE('',*,*,#7810,.T.);
#3333=ORIENTED_EDGE('',*,*,#7811,.F.);
#3334=ORIENTED_EDGE('',*,*,#7812,.T.);
#3335=ORIENTED_EDGE('',*,*,#7749,.T.);
#3336=CARTESIAN_POINT('',(-10.1473,-2.286,0.508));
#3337=DIRECTION('',(-0.0,1.0,0.0));
#3338=DIRECTION('',(1.0,0.0,0.0));
#3339=ORIENTED_EDGE('',*,*,#7813,.T.);
#3340=ORIENTED_EDGE('',*,*,#7814,.F.);
#3341=ORIENTED_EDGE('',*,*,#7815,.T.);
#3342=ORIENTED_EDGE('',*,*,#7753,.T.);
#3343=CARTESIAN_POINT('',(-10.1473,-2.286,0.508));
#3344=DIRECTION('',(-0.0,1.0,0.0));
#3345=DIRECTION('',(1.0,0.0,0.0));
#3346=ORIENTED_EDGE('',*,*,#7816,.T.);
#3347=ORIENTED_EDGE('',*,*,#7817,.F.);
#3348=ORIENTED_EDGE('',*,*,#7818,.T.);
#3349=ORIENTED_EDGE('',*,*,#7757,.T.);
#3350=CARTESIAN_POINT('',(-10.1473,-2.286,0.508));
#3351=DIRECTION('',(-0.0,1.0,0.0));
#3352=DIRECTION('',(1.0,0.0,0.0));
#3353=ORIENTED_EDGE('',*,*,#7819,.T.);
#3354=ORIENTED_EDGE('',*,*,#7820,.F.);
#3355=ORIENTED_EDGE('',*,*,#7821,.T.);
#3356=ORIENTED_EDGE('',*,*,#7761,.T.);
#3357=CARTESIAN_POINT('',(-10.1473,-2.286,0.508));
#3358=DIRECTION('',(-0.0,1.0,0.0));
#3359=DIRECTION('',(1.0,0.0,0.0));
#3360=ORIENTED_EDGE('',*,*,#7822,.F.);
#3361=ORIENTED_EDGE('',*,*,#7823,.T.);
#3362=ORIENTED_EDGE('',*,*,#7764,.T.);
#3363=ORIENTED_EDGE('',*,*,#7824,.T.);
#3364=CARTESIAN_POINT('',(-10.1473,-2.286,0.508));
#3365=DIRECTION('',(-0.0,1.0,0.0));
#3366=DIRECTION('',(1.0,0.0,0.0));
#3367=ORIENTED_EDGE('',*,*,#7825,.T.);
#3368=ORIENTED_EDGE('',*,*,#7826,.F.);
#3369=ORIENTED_EDGE('',*,*,#7827,.T.);
#3370=ORIENTED_EDGE('',*,*,#7769,.T.);
#3371=CARTESIAN_POINT('',(-10.1473,-2.286,0.508));
#3372=DIRECTION('',(-0.0,1.0,0.0));
#3373=DIRECTION('',(1.0,0.0,0.0));
#3374=ORIENTED_EDGE('',*,*,#7828,.T.);
#3375=ORIENTED_EDGE('',*,*,#7829,.F.);
#3376=ORIENTED_EDGE('',*,*,#7830,.T.);
#3377=ORIENTED_EDGE('',*,*,#7773,.T.);
#3378=CARTESIAN_POINT('',(-10.1473,-2.286,0.508));
#3379=DIRECTION('',(-0.0,1.0,0.0));
#3380=DIRECTION('',(1.0,0.0,0.0));
#3381=ORIENTED_EDGE('',*,*,#7742,.T.);
#3382=ORIENTED_EDGE('',*,*,#7806,.T.);
#3383=ORIENTED_EDGE('',*,*,#7831,.F.);
#3384=ORIENTED_EDGE('',*,*,#7832,.T.);
#3385=ORIENTED_EDGE('',*,*,#7833,.F.);
#3386=ORIENTED_EDGE('',*,*,#7834,.F.);
#3387=ORIENTED_EDGE('',*,*,#7835,.T.);
#3388=ORIENTED_EDGE('',*,*,#7776,.F.);
#3389=CARTESIAN_POINT('',(-10.1473,2.5273,0.0));
#3390=DIRECTION('',(-1.0,0.0,0.0));
#3391=DIRECTION('',(0.0,0.0,1.0));
#3392=ORIENTED_EDGE('',*,*,#7831,.T.);
#3393=ORIENTED_EDGE('',*,*,#7805,.T.);
#3394=ORIENTED_EDGE('',*,*,#7803,.F.);
#3395=ORIENTED_EDGE('',*,*,#7777,.F.);
#3396=ORIENTED_EDGE('',*,*,#7835,.F.);
#3397=ORIENTED_EDGE('',*,*,#7836,.F.);
#3398=ORIENTED_EDGE('',*,*,#7837,.T.);
#3399=ORIENTED_EDGE('',*,*,#7795,.F.);
#3400=ORIENTED_EDGE('',*,*,#7838,.T.);
#3401=ORIENTED_EDGE('',*,*,#7822,.T.);
#3402=ORIENTED_EDGE('',*,*,#7839,.F.);
#3403=ORIENTED_EDGE('',*,*,#7840,.F.);
#3404=ORIENTED_EDGE('',*,*,#7841,.F.);
#3405=ORIENTED_EDGE('',*,*,#7783,.F.);
#3406=ORIENTED_EDGE('',*,*,#7842,.T.);
#3407=ORIENTED_EDGE('',*,*,#7811,.T.);
#3408=ORIENTED_EDGE('',*,*,#7843,.F.);
#3409=ORIENTED_EDGE('',*,*,#7786,.F.);
#3410=ORIENTED_EDGE('',*,*,#7844,.T.);
#3411=ORIENTED_EDGE('',*,*,#7814,.T.);
#3412=ORIENTED_EDGE('',*,*,#7845,.F.);
#3413=ORIENTED_EDGE('',*,*,#7789,.F.);
#3414=ORIENTED_EDGE('',*,*,#7846,.T.);
#3415=ORIENTED_EDGE('',*,*,#7817,.T.);
#3416=ORIENTED_EDGE('',*,*,#7847,.F.);
#3417=ORIENTED_EDGE('',*,*,#7792,.F.);
#3418=ORIENTED_EDGE('',*,*,#7848,.T.);
#3419=ORIENTED_EDGE('',*,*,#7820,.T.);
#3420=ORIENTED_EDGE('',*,*,#7801,.F.);
#3421=ORIENTED_EDGE('',*,*,#7849,.T.);
#3422=ORIENTED_EDGE('',*,*,#7829,.T.);
#3423=ORIENTED_EDGE('',*,*,#7850,.F.);
#3424=ORIENTED_EDGE('',*,*,#7798,.F.);
#3425=ORIENTED_EDGE('',*,*,#7851,.T.);
#3426=ORIENTED_EDGE('',*,*,#7826,.T.);
#3427=ORIENTED_EDGE('',*,*,#7852,.F.);
#3428=ORIENTED_EDGE('',*,*,#7853,.T.);
#3429=ORIENTED_EDGE('',*,*,#7808,.T.);
#3430=ORIENTED_EDGE('',*,*,#7854,.F.);
#3431=ORIENTED_EDGE('',*,*,#7780,.F.);
#3432=ORIENTED_EDGE('',*,*,#7855,.T.);
#3433=ORIENTED_EDGE('',*,*,#7856,.T.);
#3434=ORIENTED_EDGE('',*,*,#7857,.F.);
#3435=ORIENTED_EDGE('',*,*,#7858,.F.);
#3436=ORIENTED_EDGE('',*,*,#7859,.T.);
#3437=ORIENTED_EDGE('',*,*,#7860,.T.);
#3438=ORIENTED_EDGE('',*,*,#7861,.F.);
#3439=ORIENTED_EDGE('',*,*,#7862,.F.);
#3440=ORIENTED_EDGE('',*,*,#7863,.T.);
#3441=ORIENTED_EDGE('',*,*,#7864,.T.);
#3442=ORIENTED_EDGE('',*,*,#7865,.F.);
#3443=ORIENTED_EDGE('',*,*,#7866,.F.);
#3444=ORIENTED_EDGE('',*,*,#7867,.T.);
#3445=ORIENTED_EDGE('',*,*,#7868,.T.);
#3446=ORIENTED_EDGE('',*,*,#7869,.F.);
#3447=ORIENTED_EDGE('',*,*,#7870,.F.);
#3448=ORIENTED_EDGE('',*,*,#7871,.T.);
#3449=ORIENTED_EDGE('',*,*,#7872,.T.);
#3450=ORIENTED_EDGE('',*,*,#7873,.F.);
#3451=ORIENTED_EDGE('',*,*,#7874,.F.);
#3452=ORIENTED_EDGE('',*,*,#7875,.T.);
#3453=ORIENTED_EDGE('',*,*,#7876,.T.);
#3454=ORIENTED_EDGE('',*,*,#7877,.F.);
#3455=ORIENTED_EDGE('',*,*,#7878,.F.);
#3456=ORIENTED_EDGE('',*,*,#7879,.T.);
#3457=ORIENTED_EDGE('',*,*,#7880,.T.);
#3458=ORIENTED_EDGE('',*,*,#7881,.F.);
#3459=ORIENTED_EDGE('',*,*,#7882,.F.);
#3460=ORIENTED_EDGE('',*,*,#7883,.T.);
#3461=ORIENTED_EDGE('',*,*,#7884,.T.);
#3462=ORIENTED_EDGE('',*,*,#7885,.F.);
#3463=ORIENTED_EDGE('',*,*,#7886,.F.);
#3464=ORIENTED_EDGE('',*,*,#7887,.T.);
#3465=ORIENTED_EDGE('',*,*,#7888,.F.);
#3466=ORIENTED_EDGE('',*,*,#7889,.F.);
#3467=ORIENTED_EDGE('',*,*,#7890,.T.);
#3468=ORIENTED_EDGE('',*,*,#7891,.T.);
#3469=ORIENTED_EDGE('',*,*,#7892,.F.);
#3470=ORIENTED_EDGE('',*,*,#7893,.F.);
#3471=ORIENTED_EDGE('',*,*,#7894,.T.);
#3472=ORIENTED_EDGE('',*,*,#7895,.T.);
#3473=ORIENTED_EDGE('',*,*,#7896,.F.);
#3474=ORIENTED_EDGE('',*,*,#7897,.F.);
#3475=ORIENTED_EDGE('',*,*,#7898,.T.);
#3476=ORIENTED_EDGE('',*,*,#7899,.T.);
#3477=ORIENTED_EDGE('',*,*,#7900,.F.);
#3478=ORIENTED_EDGE('',*,*,#7901,.F.);
#3479=ORIENTED_EDGE('',*,*,#7902,.T.);
#3480=ORIENTED_EDGE('',*,*,#7903,.T.);
#3481=ORIENTED_EDGE('',*,*,#7904,.F.);
#3482=ORIENTED_EDGE('',*,*,#7905,.F.);
#3483=ORIENTED_EDGE('',*,*,#7906,.T.);
#3484=ORIENTED_EDGE('',*,*,#7907,.T.);
#3485=ORIENTED_EDGE('',*,*,#7908,.F.);
#3486=ORIENTED_EDGE('',*,*,#7909,.F.);
#3487=ORIENTED_EDGE('',*,*,#7910,.T.);
#3488=ORIENTED_EDGE('',*,*,#7911,.T.);
#3489=ORIENTED_EDGE('',*,*,#7912,.F.);
#3490=ORIENTED_EDGE('',*,*,#7913,.F.);
#3491=ORIENTED_EDGE('',*,*,#7914,.T.);
#3492=ORIENTED_EDGE('',*,*,#7915,.T.);
#3493=ORIENTED_EDGE('',*,*,#7916,.F.);
#3494=ORIENTED_EDGE('',*,*,#7917,.F.);
#3495=ORIENTED_EDGE('',*,*,#7918,.T.);
#3496=CARTESIAN_POINT('',(-9.5885,2.5273,0.508));
#3497=DIRECTION('',(0.0,0.0,1.0));
#3498=DIRECTION('',(1.0,0.0,0.0));
#3499=ORIENTED_EDGE('',*,*,#7750,.F.);
#3500=ORIENTED_EDGE('',*,*,#7812,.F.);
#3501=ORIENTED_EDGE('',*,*,#7842,.F.);
#3502=ORIENTED_EDGE('',*,*,#7782,.T.);
#3503=CARTESIAN_POINT('',(-5.6515,2.5273,0.508));
#3504=DIRECTION('',(0.894427190999896,0.0,0.447213595499998));
#3505=DIRECTION('',(0.0,-1.0,0.0));
#3506=ORIENTED_EDGE('',*,*,#7841,.T.);
#3507=ORIENTED_EDGE('',*,*,#7810,.F.);
#3508=ORIENTED_EDGE('',*,*,#7748,.T.);
#3509=ORIENTED_EDGE('',*,*,#7784,.T.);
#3510=CARTESIAN_POINT('',(-4.7625,2.5273,0.0));
#3511=DIRECTION('',(-0.894427190999896,0.0,0.447213595499998));
#3512=DIRECTION('',(0.0,1.0,0.0));
#3513=ORIENTED_EDGE('',*,*,#7919,.F.);
#3514=ORIENTED_EDGE('',*,*,#7920,.F.);
#3515=ORIENTED_EDGE('',*,*,#7921,.T.);
#3516=ORIENTED_EDGE('',*,*,#7922,.F.);
#3517=ORIENTED_EDGE('',*,*,#7923,.F.);
#3518=ORIENTED_EDGE('',*,*,#7924,.F.);
#3519=ORIENTED_EDGE('',*,*,#7925,.T.);
#3520=ORIENTED_EDGE('',*,*,#7926,.F.);
#3521=ORIENTED_EDGE('',*,*,#7927,.F.);
#3522=ORIENTED_EDGE('',*,*,#7928,.F.);
#3523=ORIENTED_EDGE('',*,*,#7929,.T.);
#3524=ORIENTED_EDGE('',*,*,#7930,.F.);
#3525=ORIENTED_EDGE('',*,*,#7931,.F.);
#3526=ORIENTED_EDGE('',*,*,#7932,.F.);
#3527=ORIENTED_EDGE('',*,*,#7933,.T.);
#3528=ORIENTED_EDGE('',*,*,#7934,.F.);
#3529=ORIENTED_EDGE('',*,*,#7935,.F.);
#3530=ORIENTED_EDGE('',*,*,#7936,.F.);
#3531=ORIENTED_EDGE('',*,*,#7937,.T.);
#3532=ORIENTED_EDGE('',*,*,#7938,.F.);
#3533=ORIENTED_EDGE('',*,*,#7939,.F.);
#3534=ORIENTED_EDGE('',*,*,#7940,.F.);
#3535=ORIENTED_EDGE('',*,*,#7941,.T.);
#3536=ORIENTED_EDGE('',*,*,#7942,.F.);
#3537=ORIENTED_EDGE('',*,*,#7943,.F.);
#3538=ORIENTED_EDGE('',*,*,#7944,.F.);
#3539=ORIENTED_EDGE('',*,*,#7945,.T.);
#3540=ORIENTED_EDGE('',*,*,#7946,.F.);
#3541=ORIENTED_EDGE('',*,*,#7947,.F.);
#3542=ORIENTED_EDGE('',*,*,#7948,.F.);
#3543=ORIENTED_EDGE('',*,*,#7832,.F.);
#3544=ORIENTED_EDGE('',*,*,#7840,.T.);
#3545=ORIENTED_EDGE('',*,*,#7949,.T.);
#3546=ORIENTED_EDGE('',*,*,#7950,.F.);
#3547=ORIENTED_EDGE('',*,*,#7951,.T.);
#3548=ORIENTED_EDGE('',*,*,#7952,.F.);
#3549=CARTESIAN_POINT('',(-10.1473,-2.5273,0.0));
#3550=DIRECTION('',(0.0,-1.0,0.0));
#3551=DIRECTION('',(0.0,0.0,-1.0));
#3552=ORIENTED_EDGE('',*,*,#7953,.T.);
#3553=ORIENTED_EDGE('',*,*,#7954,.T.);
#3554=ORIENTED_EDGE('',*,*,#7952,.T.);
#3555=ORIENTED_EDGE('',*,*,#7955,.T.);
#3556=ORIENTED_EDGE('',*,*,#7956,.T.);
#3557=ORIENTED_EDGE('',*,*,#7957,.T.);
#3558=CARTESIAN_POINT('',(0.0,0.0,5.588));
#3559=DIRECTION('',(0.0,0.0,1.0));
#3560=DIRECTION('',(1.0,0.0,0.0));
#3561=ORIENTED_EDGE('',*,*,#7958,.F.);
#3562=ORIENTED_EDGE('',*,*,#7959,.F.);
#3563=ORIENTED_EDGE('',*,*,#7960,.F.);
#3564=ORIENTED_EDGE('',*,*,#7961,.F.);
#3565=ORIENTED_EDGE('',*,*,#7962,.F.);
#3566=ORIENTED_EDGE('',*,*,#7963,.F.);
#3567=ORIENTED_EDGE('',*,*,#7964,.F.);
#3568=ORIENTED_EDGE('',*,*,#7886,.T.);
#3569=CARTESIAN_POINT('',(8.5725,-1.27,8.1788));
#3570=DIRECTION('',(1.0,0.0,0.0));
#3571=DIRECTION('',(0.0,1.0,0.0));
#3572=ORIENTED_EDGE('',*,*,#7965,.F.);
#3573=ORIENTED_EDGE('',*,*,#7957,.F.);
#3574=ORIENTED_EDGE('',*,*,#7966,.F.);
#3575=ORIENTED_EDGE('',*,*,#7967,.F.);
#3576=CARTESIAN_POINT('',(8.5725,-1.27,8.1788));
#3577=DIRECTION('',(1.0,0.0,0.0));
#3578=DIRECTION('',(0.0,1.0,0.0));
#3579=ORIENTED_EDGE('',*,*,#7964,.T.);
#3580=ORIENTED_EDGE('',*,*,#7968,.T.);
#3581=ORIENTED_EDGE('',*,*,#7969,.F.);
#3582=ORIENTED_EDGE('',*,*,#7883,.F.);
#3583=CARTESIAN_POINT('',(8.5725,-2.159,7.04343973438776));
#3584=DIRECTION('',(0.0,-1.0,0.0));
#3585=DIRECTION('',(0.0,0.0,-1.0));
#3586=ORIENTED_EDGE('',*,*,#7970,.F.);
#3587=ORIENTED_EDGE('',*,*,#7971,.F.);
#3588=ORIENTED_EDGE('',*,*,#7972,.T.);
#3589=ORIENTED_EDGE('',*,*,#7966,.T.);
#3590=ORIENTED_EDGE('',*,*,#7956,.F.);
#3591=ORIENTED_EDGE('',*,*,#7973,.T.);
#3592=ORIENTED_EDGE('',*,*,#7974,.T.);
#3593=CARTESIAN_POINT('',(8.5725,-2.159,7.04343973438776));
#3594=DIRECTION('',(0.0,-1.0,0.0));
#3595=DIRECTION('',(0.0,0.0,-1.0));
#3596=ORIENTED_EDGE('',*,*,#7969,.T.);
#3597=ORIENTED_EDGE('',*,*,#7975,.T.);
#3598=ORIENTED_EDGE('',*,*,#7976,.T.);
#3599=ORIENTED_EDGE('',*,*,#7977,.T.);
#3600=ORIENTED_EDGE('',*,*,#7978,.T.);
#3601=ORIENTED_EDGE('',*,*,#7979,.T.);
#3602=ORIENTED_EDGE('',*,*,#7980,.T.);
#3603=ORIENTED_EDGE('',*,*,#7884,.F.);
#3604=CARTESIAN_POINT('',(9.2075,-1.27,8.1788));
#3605=DIRECTION('',(1.0,0.0,0.0));
#3606=DIRECTION('',(0.0,1.0,0.0));
#3607=ORIENTED_EDGE('',*,*,#7980,.F.);
#3608=ORIENTED_EDGE('',*,*,#7981,.F.);
#3609=ORIENTED_EDGE('',*,*,#7958,.T.);
#3610=ORIENTED_EDGE('',*,*,#7885,.T.);
#3611=CARTESIAN_POINT('',(8.5725,-1.905,-0.2032));
#3612=DIRECTION('',(-0.0,1.0,0.0));
#3613=DIRECTION('',(1.0,0.0,0.0));
#3614=ORIENTED_EDGE('',*,*,#7981,.T.);
#3615=ORIENTED_EDGE('',*,*,#7979,.F.);
#3616=ORIENTED_EDGE('',*,*,#7982,.F.);
#3617=ORIENTED_EDGE('',*,*,#7959,.T.);
#3618=CARTESIAN_POINT('',(8.5725,-2.413,-0.2032));
#3619=DIRECTION('',(-1.0,0.0,0.0));
#3620=DIRECTION('',(0.0,1.0,0.0));
#3621=ORIENTED_EDGE('',*,*,#7982,.T.);
#3622=ORIENTED_EDGE('',*,*,#7978,.F.);
#3623=ORIENTED_EDGE('',*,*,#7983,.F.);
#3624=ORIENTED_EDGE('',*,*,#7960,.T.);
#3625=CARTESIAN_POINT('',(8.5725,-3.3782,-0.7112));
#3626=DIRECTION('',(0.0,0.0,-1.0));
#3627=DIRECTION('',(0.0,-1.0,0.0));
#3628=ORIENTED_EDGE('',*,*,#7983,.T.);
#3629=ORIENTED_EDGE('',*,*,#7977,.F.);
#3630=ORIENTED_EDGE('',*,*,#7984,.F.);
#3631=ORIENTED_EDGE('',*,*,#7961,.T.);
#3632=CARTESIAN_POINT('',(8.5725,-3.3782,-0.4572));
#3633=DIRECTION('',(0.0,-1.0,0.0));
#3634=DIRECTION('',(0.0,0.0,-1.0));
#3635=ORIENTED_EDGE('',*,*,#7984,.T.);
#3636=ORIENTED_EDGE('',*,*,#7976,.F.);
#3637=ORIENTED_EDGE('',*,*,#7985,.F.);
#3638=ORIENTED_EDGE('',*,*,#7962,.T.);
#3639=CARTESIAN_POINT('',(8.5725,-2.413,-0.4572));
#3640=DIRECTION('',(0.0,0.0,1.0));
#3641=DIRECTION('',(1.0,0.0,0.0));
#3642=ORIENTED_EDGE('',*,*,#7985,.T.);
#3643=ORIENTED_EDGE('',*,*,#7975,.F.);
#3644=ORIENTED_EDGE('',*,*,#7968,.F.);
#3645=ORIENTED_EDGE('',*,*,#7963,.T.);
#3646=CARTESIAN_POINT('',(8.5725,-2.413,-0.2032));
#3647=DIRECTION('',(-1.0,0.0,0.0));
#3648=DIRECTION('',(0.0,1.0,0.0));
#3649=ORIENTED_EDGE('',*,*,#7974,.F.);
#3650=ORIENTED_EDGE('',*,*,#7986,.F.);
#3651=ORIENTED_EDGE('',*,*,#7987,.T.);
#3652=ORIENTED_EDGE('',*,*,#7988,.T.);
#3653=ORIENTED_EDGE('',*,*,#7989,.T.);
#3654=ORIENTED_EDGE('',*,*,#7990,.T.);
#3655=ORIENTED_EDGE('',*,*,#7991,.T.);
#3656=ORIENTED_EDGE('',*,*,#7992,.F.);
#3657=CARTESIAN_POINT('',(8.5725,-2.159,8.0259999999999));
#3658=DIRECTION('',(0.0,0.0,1.0));
#3659=DIRECTION('',(1.0,0.0,0.0));
#3660=ORIENTED_EDGE('',*,*,#7993,.T.);
#3661=ORIENTED_EDGE('',*,*,#7994,.T.);
#3662=ORIENTED_EDGE('',*,*,#7995,.T.);
#3663=ORIENTED_EDGE('',*,*,#7970,.T.);
#3664=ORIENTED_EDGE('',*,*,#7992,.T.);
#3665=ORIENTED_EDGE('',*,*,#7996,.F.);
#3666=CARTESIAN_POINT('',(8.3185,-1.27,8.1788));
#3667=DIRECTION('',(-1.0,0.0,0.0));
#3668=DIRECTION('',(0.0,0.0,1.0));
#3669=ORIENTED_EDGE('',*,*,#7991,.F.);
#3670=ORIENTED_EDGE('',*,*,#7997,.T.);
#3671=ORIENTED_EDGE('',*,*,#7953,.F.);
#3672=ORIENTED_EDGE('',*,*,#7965,.T.);
#3673=ORIENTED_EDGE('',*,*,#7998,.T.);
#3674=ORIENTED_EDGE('',*,*,#7996,.T.);
#3675=CARTESIAN_POINT('',(8.9535,-1.9685,8.636));
#3676=DIRECTION('',(-0.0,1.0,0.0));
#3677=DIRECTION('',(1.0,0.0,0.0));
#3678=ORIENTED_EDGE('',*,*,#7999,.T.);
#3679=ORIENTED_EDGE('',*,*,#7993,.F.);
#3680=ORIENTED_EDGE('',*,*,#7998,.F.);
#3681=ORIENTED_EDGE('',*,*,#7967,.T.);
#3682=ORIENTED_EDGE('',*,*,#8000,.T.);
#3683=CARTESIAN_POINT('',(8.5725,-1.905,7.0099999999999));
#3684=DIRECTION('',(0.0,0.965925826289076,-0.258819045102493));
#3685=DIRECTION('',(-1.0,0.0,0.0));
#3686=ORIENTED_EDGE('',*,*,#7972,.F.);
#3687=ORIENTED_EDGE('',*,*,#8001,.F.);
#3688=ORIENTED_EDGE('',*,*,#8002,.F.);
#3689=ORIENTED_EDGE('',*,*,#8000,.F.);
#3690=CARTESIAN_POINT('',(8.5725,-1.27,8.1788));
#3691=DIRECTION('',(-1.0,0.0,0.0));
#3692=DIRECTION('',(0.0,0.0,1.0));
#3693=ORIENTED_EDGE('',*,*,#8003,.T.);
#3694=ORIENTED_EDGE('',*,*,#7994,.F.);
#3695=ORIENTED_EDGE('',*,*,#7999,.F.);
#3696=ORIENTED_EDGE('',*,*,#8002,.T.);
#3697=CARTESIAN_POINT('',(8.5725,-2.24529547438762,5.7399999999999));
#3698=DIRECTION('',(0.0,-0.258819045102493,-0.965925826289076));
#3699=DIRECTION('',(0.0,-0.965925826289076,0.258819045102493));
#3700=ORIENTED_EDGE('',*,*,#7971,.T.);
#3701=ORIENTED_EDGE('',*,*,#7995,.F.);
#3702=ORIENTED_EDGE('',*,*,#8003,.F.);
#3703=ORIENTED_EDGE('',*,*,#8001,.T.);
#3704=CARTESIAN_POINT('',(8.5725,-2.49064063426503,5.8057400374553));
#3705=DIRECTION('',(0.0,-0.965925826289076,0.258819045102493));
#3706=DIRECTION('',(-1.0,0.0,0.0));
#3707=ORIENTED_EDGE('',*,*,#8004,.F.);
#3708=ORIENTED_EDGE('',*,*,#7919,.T.);
#3709=ORIENTED_EDGE('',*,*,#7954,.F.);
#3710=ORIENTED_EDGE('',*,*,#7997,.F.);
#3711=ORIENTED_EDGE('',*,*,#7990,.F.);
#3712=ORIENTED_EDGE('',*,*,#8005,.T.);
#3713=ORIENTED_EDGE('',*,*,#8006,.T.);
#3714=ORIENTED_EDGE('',*,*,#8007,.T.);
#3715=CARTESIAN_POINT('',(8.1915,-1.9685,8.636));
#3716=DIRECTION('',(-1.0,0.0,0.0));
#3717=DIRECTION('',(0.0,0.0,1.0));
#3718=ORIENTED_EDGE('',*,*,#8008,.T.);
#3719=ORIENTED_EDGE('',*,*,#8009,.T.);
#3720=ORIENTED_EDGE('',*,*,#8007,.F.);
#3721=CARTESIAN_POINT('',(8.89,-2.0955,8.4836));
#3722=DIRECTION('',(0.0,-0.768221279597376,-0.64018439966448));
#3723=DIRECTION('',(0.0,0.64018439966448,-0.768221279597376));
#3724=ORIENTED_EDGE('',*,*,#8010,.T.);
#3725=ORIENTED_EDGE('',*,*,#8011,.F.);
#3726=ORIENTED_EDGE('',*,*,#8012,.F.);
#3727=ORIENTED_EDGE('',*,*,#8013,.T.);
#3728=CARTESIAN_POINT('',(8.89,-2.0955,8.4836));
#3729=DIRECTION('',(0.0,-0.768221279597376,-0.64018439966448));
#3730=DIRECTION('',(0.0,0.64018439966448,-0.768221279597376));
#3731=ORIENTED_EDGE('',*,*,#8014,.T.);
#3732=ORIENTED_EDGE('',*,*,#8015,.T.);
#3733=ORIENTED_EDGE('',*,*,#8016,.T.);
#3734=ORIENTED_EDGE('',*,*,#8017,.T.);
#3735=ORIENTED_EDGE('',*,*,#8018,.T.);
#3736=ORIENTED_EDGE('',*,*,#8019,.T.);
#3737=ORIENTED_EDGE('',*,*,#8020,.T.);
#3738=ORIENTED_EDGE('',*,*,#8021,.F.);
#3739=ORIENTED_EDGE('',*,*,#8022,.T.);
#3740=ORIENTED_EDGE('',*,*,#8023,.T.);
#3741=ORIENTED_EDGE('',*,*,#8024,.T.);
#3742=ORIENTED_EDGE('',*,*,#8025,.T.);
#3743=ORIENTED_EDGE('',*,*,#8026,.T.);
#3744=ORIENTED_EDGE('',*,*,#8027,.T.);
#3745=ORIENTED_EDGE('',*,*,#8028,.T.);
#3746=ORIENTED_EDGE('',*,*,#8029,.F.);
#3747=ORIENTED_EDGE('',*,*,#8030,.T.);
#3748=ORIENTED_EDGE('',*,*,#8031,.F.);
#3749=ORIENTED_EDGE('',*,*,#8032,.T.);
#3750=ORIENTED_EDGE('',*,*,#8033,.T.);
#3751=ORIENTED_EDGE('',*,*,#8034,.T.);
#3752=ORIENTED_EDGE('',*,*,#8035,.T.);
#3753=ORIENTED_EDGE('',*,*,#8036,.T.);
#3754=ORIENTED_EDGE('',*,*,#8037,.T.);
#3755=ORIENTED_EDGE('',*,*,#8038,.T.);
#3756=ORIENTED_EDGE('',*,*,#8039,.F.);
#3757=ORIENTED_EDGE('',*,*,#8040,.T.);
#3758=ORIENTED_EDGE('',*,*,#8041,.T.);
#3759=ORIENTED_EDGE('',*,*,#8042,.T.);
#3760=ORIENTED_EDGE('',*,*,#8043,.T.);
#3761=ORIENTED_EDGE('',*,*,#8044,.T.);
#3762=ORIENTED_EDGE('',*,*,#8045,.T.);
#3763=ORIENTED_EDGE('',*,*,#8046,.T.);
#3764=ORIENTED_EDGE('',*,*,#8047,.F.);
#3765=ORIENTED_EDGE('',*,*,#8048,.T.);
#3766=ORIENTED_EDGE('',*,*,#8049,.T.);
#3767=ORIENTED_EDGE('',*,*,#8050,.T.);
#3768=ORIENTED_EDGE('',*,*,#8051,.T.);
#3769=ORIENTED_EDGE('',*,*,#8052,.T.);
#3770=ORIENTED_EDGE('',*,*,#8053,.T.);
#3771=ORIENTED_EDGE('',*,*,#8054,.T.);
#3772=ORIENTED_EDGE('',*,*,#8055,.F.);
#3773=ORIENTED_EDGE('',*,*,#8056,.T.);
#3774=ORIENTED_EDGE('',*,*,#8057,.T.);
#3775=ORIENTED_EDGE('',*,*,#8058,.T.);
#3776=ORIENTED_EDGE('',*,*,#8059,.T.);
#3777=ORIENTED_EDGE('',*,*,#8060,.T.);
#3778=ORIENTED_EDGE('',*,*,#8061,.T.);
#3779=ORIENTED_EDGE('',*,*,#8062,.T.);
#3780=ORIENTED_EDGE('',*,*,#8063,.F.);
#3781=ORIENTED_EDGE('',*,*,#8064,.T.);
#3782=ORIENTED_EDGE('',*,*,#8065,.T.);
#3783=ORIENTED_EDGE('',*,*,#8066,.T.);
#3784=ORIENTED_EDGE('',*,*,#8067,.T.);
#3785=ORIENTED_EDGE('',*,*,#8068,.T.);
#3786=ORIENTED_EDGE('',*,*,#8069,.T.);
#3787=ORIENTED_EDGE('',*,*,#8070,.T.);
#3788=ORIENTED_EDGE('',*,*,#7833,.T.);
#3789=ORIENTED_EDGE('',*,*,#7948,.T.);
#3790=ORIENTED_EDGE('',*,*,#8071,.T.);
#3791=ORIENTED_EDGE('',*,*,#8072,.F.);
#3792=ORIENTED_EDGE('',*,*,#8073,.F.);
#3793=ORIENTED_EDGE('',*,*,#8074,.F.);
#3794=ORIENTED_EDGE('',*,*,#8075,.F.);
#3795=ORIENTED_EDGE('',*,*,#8076,.F.);
#3796=ORIENTED_EDGE('',*,*,#8077,.F.);
#3797=ORIENTED_EDGE('',*,*,#7944,.T.);
#3798=ORIENTED_EDGE('',*,*,#8078,.T.);
#3799=ORIENTED_EDGE('',*,*,#8079,.F.);
#3800=ORIENTED_EDGE('',*,*,#8080,.F.);
#3801=ORIENTED_EDGE('',*,*,#8081,.F.);
#3802=ORIENTED_EDGE('',*,*,#8082,.F.);
#3803=ORIENTED_EDGE('',*,*,#8083,.F.);
#3804=ORIENTED_EDGE('',*,*,#8084,.F.);
#3805=ORIENTED_EDGE('',*,*,#7940,.T.);
#3806=ORIENTED_EDGE('',*,*,#8085,.T.);
#3807=ORIENTED_EDGE('',*,*,#8086,.F.);
#3808=ORIENTED_EDGE('',*,*,#8087,.F.);
#3809=ORIENTED_EDGE('',*,*,#8088,.F.);
#3810=ORIENTED_EDGE('',*,*,#8089,.F.);
#3811=ORIENTED_EDGE('',*,*,#8090,.F.);
#3812=ORIENTED_EDGE('',*,*,#8091,.F.);
#3813=ORIENTED_EDGE('',*,*,#7936,.T.);
#3814=ORIENTED_EDGE('',*,*,#8092,.T.);
#3815=ORIENTED_EDGE('',*,*,#8093,.F.);
#3816=ORIENTED_EDGE('',*,*,#8094,.F.);
#3817=ORIENTED_EDGE('',*,*,#8095,.F.);
#3818=ORIENTED_EDGE('',*,*,#8096,.F.);
#3819=ORIENTED_EDGE('',*,*,#8097,.F.);
#3820=ORIENTED_EDGE('',*,*,#8098,.F.);
#3821=ORIENTED_EDGE('',*,*,#7932,.T.);
#3822=ORIENTED_EDGE('',*,*,#8099,.T.);
#3823=ORIENTED_EDGE('',*,*,#8100,.F.);
#3824=ORIENTED_EDGE('',*,*,#8101,.F.);
#3825=ORIENTED_EDGE('',*,*,#8102,.F.);
#3826=ORIENTED_EDGE('',*,*,#8103,.F.);
#3827=ORIENTED_EDGE('',*,*,#8104,.F.);
#3828=ORIENTED_EDGE('',*,*,#8105,.F.);
#3829=ORIENTED_EDGE('',*,*,#7928,.T.);
#3830=ORIENTED_EDGE('',*,*,#8106,.T.);
#3831=ORIENTED_EDGE('',*,*,#8107,.F.);
#3832=ORIENTED_EDGE('',*,*,#8108,.F.);
#3833=ORIENTED_EDGE('',*,*,#8109,.F.);
#3834=ORIENTED_EDGE('',*,*,#8110,.F.);
#3835=ORIENTED_EDGE('',*,*,#8111,.F.);
#3836=ORIENTED_EDGE('',*,*,#8112,.F.);
#3837=ORIENTED_EDGE('',*,*,#7924,.T.);
#3838=ORIENTED_EDGE('',*,*,#8113,.T.);
#3839=ORIENTED_EDGE('',*,*,#8114,.F.);
#3840=ORIENTED_EDGE('',*,*,#8115,.F.);
#3841=ORIENTED_EDGE('',*,*,#8116,.F.);
#3842=ORIENTED_EDGE('',*,*,#8117,.F.);
#3843=ORIENTED_EDGE('',*,*,#8118,.F.);
#3844=ORIENTED_EDGE('',*,*,#8119,.F.);
#3845=ORIENTED_EDGE('',*,*,#7920,.T.);
#3846=ORIENTED_EDGE('',*,*,#8004,.T.);
#3847=ORIENTED_EDGE('',*,*,#8009,.F.);
#3848=ORIENTED_EDGE('',*,*,#8120,.F.);
#3849=ORIENTED_EDGE('',*,*,#8121,.F.);
#3850=ORIENTED_EDGE('',*,*,#8122,.F.);
#3851=ORIENTED_EDGE('',*,*,#8010,.F.);
#3852=ORIENTED_EDGE('',*,*,#8123,.F.);
#3853=ORIENTED_EDGE('',*,*,#7950,.T.);
#3854=ORIENTED_EDGE('',*,*,#8124,.T.);
#3855=ORIENTED_EDGE('',*,*,#8125,.T.);
#3856=ORIENTED_EDGE('',*,*,#8126,.T.);
#3857=ORIENTED_EDGE('',*,*,#8127,.T.);
#3858=ORIENTED_EDGE('',*,*,#8128,.T.);
#3859=ORIENTED_EDGE('',*,*,#8129,.T.);
#3860=ORIENTED_EDGE('',*,*,#8130,.T.);
#3861=ORIENTED_EDGE('',*,*,#8131,.T.);
#3862=ORIENTED_EDGE('',*,*,#8132,.F.);
#3863=CARTESIAN_POINT('',(0.0,0.0,8.636));
#3864=DIRECTION('',(0.0,0.0,1.0));
#3865=DIRECTION('',(1.0,0.0,0.0));
#3866=ORIENTED_EDGE('',*,*,#8133,.T.);
#3867=ORIENTED_EDGE('',*,*,#8134,.F.);
#3868=ORIENTED_EDGE('',*,*,#8135,.T.);
#3869=ORIENTED_EDGE('',*,*,#8136,.F.);
#3870=ORIENTED_EDGE('',*,*,#8132,.T.);
#3871=ORIENTED_EDGE('',*,*,#8137,.F.);
#3872=ORIENTED_EDGE('',*,*,#8138,.F.);
#3873=CARTESIAN_POINT('',(8.8265,1.9685,8.636));
#3874=DIRECTION('',(1.0,0.0,0.0));
#3875=DIRECTION('',(0.0,1.0,0.0));
#3876=ORIENTED_EDGE('',*,*,#8139,.T.);
#3877=ORIENTED_EDGE('',*,*,#8140,.T.);
#3878=ORIENTED_EDGE('',*,*,#8141,.F.);
#3879=ORIENTED_EDGE('',*,*,#8142,.F.);
#3880=CARTESIAN_POINT('',(8.9027,1.9685,8.1788));
#3881=DIRECTION('',(0.0,-1.0,0.0));
#3882=DIRECTION('',(0.0,0.0,-1.0));
#3883=ORIENTED_EDGE('',*,*,#8143,.F.);
#3884=ORIENTED_EDGE('',*,*,#8144,.F.);
#3885=ORIENTED_EDGE('',*,*,#8145,.T.);
#3886=ORIENTED_EDGE('',*,*,#8138,.T.);
#3887=CARTESIAN_POINT('',(8.9027,1.9685,8.1788));
#3888=DIRECTION('',(0.0,-1.0,0.0));
#3889=DIRECTION('',(0.0,0.0,-1.0));
#3890=ORIENTED_EDGE('',*,*,#8146,.T.);
#3891=ORIENTED_EDGE('',*,*,#8147,.T.);
#3892=ORIENTED_EDGE('',*,*,#8148,.F.);
#3893=ORIENTED_EDGE('',*,*,#8142,.T.);
#3894=ORIENTED_EDGE('',*,*,#8149,.T.);
#3895=ORIENTED_EDGE('',*,*,#8126,.F.);
#3896=CARTESIAN_POINT('',(9.5885,2.5273,8.636));
#3897=DIRECTION('',(-1.0,0.0,0.0));
#3898=DIRECTION('',(0.0,0.0,1.0));
#3899=ORIENTED_EDGE('',*,*,#8131,.F.);
#3900=ORIENTED_EDGE('',*,*,#8150,.F.);
#3901=ORIENTED_EDGE('',*,*,#8143,.T.);
#3902=ORIENTED_EDGE('',*,*,#8137,.T.);
#3903=CARTESIAN_POINT('',(8.90360935738118,2.0955,8.4836));
#3904=DIRECTION('',(0.0,-0.768221279597376,0.64018439966448));
#3905=DIRECTION('',(-1.0,0.0,0.0));
#3906=ORIENTED_EDGE('',*,*,#8141,.T.);
#3907=ORIENTED_EDGE('',*,*,#8151,.T.);
#3908=ORIENTED_EDGE('',*,*,#8127,.F.);
#3909=ORIENTED_EDGE('',*,*,#8149,.F.);
#3910=CARTESIAN_POINT('',(8.90360935738118,2.0955,8.4836));
#3911=DIRECTION('',(0.0,-0.768221279597376,0.64018439966448));
#3912=DIRECTION('',(-1.0,0.0,0.0));
#3913=ORIENTED_EDGE('',*,*,#8152,.F.);
#3914=ORIENTED_EDGE('',*,*,#8153,.T.);
#3915=ORIENTED_EDGE('',*,*,#8150,.T.);
#3916=ORIENTED_EDGE('',*,*,#8130,.F.);
#3917=CARTESIAN_POINT('',(8.07811022887804,1.27,8.4836));
#3918=DIRECTION('',(0.770479654652467,0.0,0.637464588637373));
#3919=DIRECTION('',(0.0,-1.0,0.0));
#3920=ORIENTED_EDGE('',*,*,#8144,.T.);
#3921=ORIENTED_EDGE('',*,*,#8153,.F.);
#3922=ORIENTED_EDGE('',*,*,#8154,.F.);
#3923=ORIENTED_EDGE('',*,*,#8155,.T.);
#3924=CARTESIAN_POINT('',(8.2042,1.27,8.1788));
#3925=DIRECTION('',(1.0,0.0,0.0));
#3926=DIRECTION('',(0.0,1.0,0.0));
#3927=ORIENTED_EDGE('',*,*,#8133,.F.);
#3928=ORIENTED_EDGE('',*,*,#8145,.F.);
#3929=ORIENTED_EDGE('',*,*,#8155,.F.);
#3930=ORIENTED_EDGE('',*,*,#8156,.F.);
#3931=ORIENTED_EDGE('',*,*,#8157,.F.);
#3932=ORIENTED_EDGE('',*,*,#8139,.F.);
#3933=ORIENTED_EDGE('',*,*,#8158,.T.);
#3934=ORIENTED_EDGE('',*,*,#8159,.F.);
#3935=ORIENTED_EDGE('',*,*,#8160,.F.);
#3936=CARTESIAN_POINT('',(0.0,0.0,8.0264));
#3937=DIRECTION('',(0.0,0.0,-1.0));
#3938=DIRECTION('',(0.0,-1.0,0.0));
#3939=ORIENTED_EDGE('',*,*,#8161,.T.);
#3940=ORIENTED_EDGE('',*,*,#8162,.F.);
#3941=ORIENTED_EDGE('',*,*,#8163,.F.);
#3942=ORIENTED_EDGE('',*,*,#7917,.T.);
#3943=CARTESIAN_POINT('',(9.2075,2.15500000000002,7.0587679376175));
#3944=DIRECTION('',(-0.0,1.0,0.0));
#3945=DIRECTION('',(1.0,0.0,0.0));
#3946=ORIENTED_EDGE('',*,*,#8164,.F.);
#3947=ORIENTED_EDGE('',*,*,#8165,.F.);
#3948=ORIENTED_EDGE('',*,*,#8166,.T.);
#3949=ORIENTED_EDGE('',*,*,#8167,.T.);
#3950=ORIENTED_EDGE('',*,*,#8168,.F.);
#3951=ORIENTED_EDGE('',*,*,#8134,.T.);
#3952=ORIENTED_EDGE('',*,*,#8160,.T.);
#3953=CARTESIAN_POINT('',(9.2075,2.15500000000002,7.0587679376175));
#3954=DIRECTION('',(-0.0,1.0,0.0));
#3955=DIRECTION('',(1.0,0.0,0.0));
#3956=ORIENTED_EDGE('',*,*,#8163,.T.);
#3957=ORIENTED_EDGE('',*,*,#8169,.T.);
#3958=ORIENTED_EDGE('',*,*,#8170,.T.);
#3959=ORIENTED_EDGE('',*,*,#8171,.T.);
#3960=ORIENTED_EDGE('',*,*,#8172,.T.);
#3961=ORIENTED_EDGE('',*,*,#8173,.T.);
#3962=ORIENTED_EDGE('',*,*,#8174,.T.);
#3963=ORIENTED_EDGE('',*,*,#7918,.F.);
#3964=CARTESIAN_POINT('',(8.5725,1.27,8.1788));
#3965=DIRECTION('',(-1.0,0.0,0.0));
#3966=DIRECTION('',(0.0,0.0,1.0));
#3967=ORIENTED_EDGE('',*,*,#8174,.F.);
#3968=ORIENTED_EDGE('',*,*,#8175,.T.);
#3969=ORIENTED_EDGE('',*,*,#8176,.T.);
#3970=ORIENTED_EDGE('',*,*,#7915,.F.);
#3971=CARTESIAN_POINT('',(8.5725,1.905,-0.207200000000009));
#3972=DIRECTION('',(-0.0,1.0,0.0));
#3973=DIRECTION('',(1.0,0.0,0.0));
#3974=ORIENTED_EDGE('',*,*,#8176,.F.);
#3975=ORIENTED_EDGE('',*,*,#8177,.F.);
#3976=ORIENTED_EDGE('',*,*,#8178,.F.);
#3977=ORIENTED_EDGE('',*,*,#8179,.F.);
#3978=ORIENTED_EDGE('',*,*,#8180,.F.);
#3979=ORIENTED_EDGE('',*,*,#8181,.F.);
#3980=ORIENTED_EDGE('',*,*,#8161,.F.);
#3981=ORIENTED_EDGE('',*,*,#7916,.T.);
#3982=CARTESIAN_POINT('',(9.2075,1.27,8.1788));
#3983=DIRECTION('',(-1.0,0.0,0.0));
#3984=DIRECTION('',(0.0,0.0,1.0));
#3985=ORIENTED_EDGE('',*,*,#8182,.F.);
#3986=ORIENTED_EDGE('',*,*,#8183,.F.);
#3987=ORIENTED_EDGE('',*,*,#8167,.F.);
#3988=ORIENTED_EDGE('',*,*,#8184,.F.);
#3989=CARTESIAN_POINT('',(9.2075,1.27,8.1788));
#3990=DIRECTION('',(-1.0,0.0,0.0));
#3991=DIRECTION('',(0.0,0.0,1.0));
#3992=ORIENTED_EDGE('',*,*,#8162,.T.);
#3993=ORIENTED_EDGE('',*,*,#8181,.T.);
#3994=ORIENTED_EDGE('',*,*,#8185,.F.);
#3995=ORIENTED_EDGE('',*,*,#8169,.F.);
#3996=CARTESIAN_POINT('',(8.5725,2.40900000000002,-0.207200000000009));
#3997=DIRECTION('',(1.0,0.0,0.0));
#3998=DIRECTION('',(0.0,-1.0,0.0));
#3999=ORIENTED_EDGE('',*,*,#8185,.T.);
#4000=ORIENTED_EDGE('',*,*,#8180,.T.);
#4001=ORIENTED_EDGE('',*,*,#8186,.F.);
#4002=ORIENTED_EDGE('',*,*,#8170,.F.);
#4003=CARTESIAN_POINT('',(8.5725,2.40900000000002,-0.461199999999984));
#4004=DIRECTION('',(0.0,0.0,-1.0));
#4005=DIRECTION('',(0.0,-1.0,0.0));
#4006=ORIENTED_EDGE('',*,*,#8186,.T.);
#4007=ORIENTED_EDGE('',*,*,#8179,.T.);
#4008=ORIENTED_EDGE('',*,*,#8187,.F.);
#4009=ORIENTED_EDGE('',*,*,#8171,.F.);
#4010=CARTESIAN_POINT('',(8.5725,3.3782,-0.461199999999984));
#4011=DIRECTION('',(0.0,-1.0,0.0));
#4012=DIRECTION('',(0.0,0.0,-1.0));
#4013=ORIENTED_EDGE('',*,*,#8187,.T.);
#4014=ORIENTED_EDGE('',*,*,#8178,.T.);
#4015=ORIENTED_EDGE('',*,*,#8188,.F.);
#4016=ORIENTED_EDGE('',*,*,#8172,.F.);
#4017=CARTESIAN_POINT('',(8.5725,3.3782,-0.7112));
#4018=DIRECTION('',(0.0,0.0,1.0));
#4019=DIRECTION('',(1.0,0.0,0.0));
#4020=ORIENTED_EDGE('',*,*,#8188,.T.);
#4021=ORIENTED_EDGE('',*,*,#8177,.T.);
#4022=ORIENTED_EDGE('',*,*,#8175,.F.);
#4023=ORIENTED_EDGE('',*,*,#8173,.F.);
#4024=CARTESIAN_POINT('',(8.5725,2.40900000000002,-0.207200000000009));
#4025=DIRECTION('',(1.0,0.0,0.0));
#4026=DIRECTION('',(0.0,-1.0,0.0));
#4027=ORIENTED_EDGE('',*,*,#8189,.T.);
#4028=ORIENTED_EDGE('',*,*,#8190,.F.);
#4029=ORIENTED_EDGE('',*,*,#8191,.F.);
#4030=ORIENTED_EDGE('',*,*,#8184,.T.);
#4031=ORIENTED_EDGE('',*,*,#8192,.T.);
#4032=CARTESIAN_POINT('',(9.2075,1.905,7.0104));
#4033=DIRECTION('',(0.0,-0.965925826289076,-0.258819045102493));
#4034=DIRECTION('',(0.0,0.258819045102493,-0.965925826289076));
#4035=ORIENTED_EDGE('',*,*,#8166,.F.);
#4036=ORIENTED_EDGE('',*,*,#8193,.F.);
#4037=ORIENTED_EDGE('',*,*,#8194,.F.);
#4038=ORIENTED_EDGE('',*,*,#8192,.F.);
#4039=CARTESIAN_POINT('',(9.2075,1.27,8.1788));
#4040=DIRECTION('',(1.0,0.0,0.0));
#4041=DIRECTION('',(0.0,1.0,0.0));
#4042=ORIENTED_EDGE('',*,*,#8195,.T.);
#4043=ORIENTED_EDGE('',*,*,#8196,.F.);
#4044=ORIENTED_EDGE('',*,*,#8189,.F.);
#4045=ORIENTED_EDGE('',*,*,#8194,.T.);
#4046=CARTESIAN_POINT('',(9.2075,2.24529547438762,5.7404));
#4047=DIRECTION('',(0.0,0.258819045102493,-0.965925826289076));
#4048=DIRECTION('',(-1.0,0.0,0.0));
#4049=ORIENTED_EDGE('',*,*,#8190,.T.);
#4050=ORIENTED_EDGE('',*,*,#8196,.T.);
#4051=ORIENTED_EDGE('',*,*,#8197,.T.);
#4052=ORIENTED_EDGE('',*,*,#8164,.T.);
#4053=ORIENTED_EDGE('',*,*,#8159,.T.);
#4054=ORIENTED_EDGE('',*,*,#8198,.T.);
#4055=CARTESIAN_POINT('',(9.4615,1.27,8.1788));
#4056=DIRECTION('',(1.0,0.0,0.0));
#4057=DIRECTION('',(0.0,1.0,0.0));
#4058=ORIENTED_EDGE('',*,*,#8158,.F.);
#4059=ORIENTED_EDGE('',*,*,#8148,.T.);
#4060=ORIENTED_EDGE('',*,*,#8199,.T.);
#4061=ORIENTED_EDGE('',*,*,#8182,.T.);
#4062=ORIENTED_EDGE('',*,*,#8191,.T.);
#4063=ORIENTED_EDGE('',*,*,#8198,.F.);
#4064=CARTESIAN_POINT('',(9.5885,1.9685,8.636));
#4065=DIRECTION('',(-0.0,1.0,0.0));
#4066=DIRECTION('',(1.0,0.0,0.0));
#4067=ORIENTED_EDGE('',*,*,#8199,.F.);
#4068=ORIENTED_EDGE('',*,*,#8147,.F.);
#4069=ORIENTED_EDGE('',*,*,#8200,.F.);
#4070=ORIENTED_EDGE('',*,*,#8135,.F.);
#4071=ORIENTED_EDGE('',*,*,#8168,.T.);
#4072=ORIENTED_EDGE('',*,*,#8183,.T.);
#4073=CARTESIAN_POINT('',(0.0,0.0,5.588));
#4074=DIRECTION('',(0.0,0.0,-1.0));
#4075=DIRECTION('',(0.0,-1.0,0.0));
#4076=ORIENTED_EDGE('',*,*,#8146,.F.);
#4077=ORIENTED_EDGE('',*,*,#8125,.F.);
#4078=ORIENTED_EDGE('',*,*,#8201,.F.);
#4079=ORIENTED_EDGE('',*,*,#7836,.T.);
#4080=ORIENTED_EDGE('',*,*,#7834,.T.);
#4081=ORIENTED_EDGE('',*,*,#8070,.F.);
#4082=ORIENTED_EDGE('',*,*,#8202,.F.);
#4083=ORIENTED_EDGE('',*,*,#8203,.T.);
#4084=ORIENTED_EDGE('',*,*,#8204,.F.);
#4085=ORIENTED_EDGE('',*,*,#8062,.F.);
#4086=ORIENTED_EDGE('',*,*,#8205,.F.);
#4087=ORIENTED_EDGE('',*,*,#8206,.T.);
#4088=ORIENTED_EDGE('',*,*,#8207,.F.);
#4089=ORIENTED_EDGE('',*,*,#8054,.F.);
#4090=ORIENTED_EDGE('',*,*,#8208,.F.);
#4091=ORIENTED_EDGE('',*,*,#8209,.T.);
#4092=ORIENTED_EDGE('',*,*,#8210,.F.);
#4093=ORIENTED_EDGE('',*,*,#8046,.F.);
#4094=ORIENTED_EDGE('',*,*,#8211,.F.);
#4095=ORIENTED_EDGE('',*,*,#8212,.T.);
#4096=ORIENTED_EDGE('',*,*,#8213,.F.);
#4097=ORIENTED_EDGE('',*,*,#8038,.F.);
#4098=ORIENTED_EDGE('',*,*,#8214,.F.);
#4099=ORIENTED_EDGE('',*,*,#8215,.T.);
#4100=ORIENTED_EDGE('',*,*,#8216,.F.);
#4101=ORIENTED_EDGE('',*,*,#8030,.F.);
#4102=ORIENTED_EDGE('',*,*,#8217,.T.);
#4103=ORIENTED_EDGE('',*,*,#8218,.T.);
#4104=ORIENTED_EDGE('',*,*,#8219,.F.);
#4105=ORIENTED_EDGE('',*,*,#8022,.F.);
#4106=ORIENTED_EDGE('',*,*,#8220,.T.);
#4107=ORIENTED_EDGE('',*,*,#8221,.T.);
#4108=ORIENTED_EDGE('',*,*,#8222,.F.);
#4109=ORIENTED_EDGE('',*,*,#8014,.F.);
#4110=ORIENTED_EDGE('',*,*,#8136,.T.);
#4111=ORIENTED_EDGE('',*,*,#8200,.T.);
#4112=CARTESIAN_POINT('',(10.1473,2.5273,0.0));
#4113=DIRECTION('',(-0.0,1.0,0.0));
#4114=DIRECTION('',(1.0,0.0,0.0));
#4115=ORIENTED_EDGE('',*,*,#8222,.T.);
#4116=ORIENTED_EDGE('',*,*,#8223,.T.);
#4117=ORIENTED_EDGE('',*,*,#8224,.F.);
#4118=ORIENTED_EDGE('',*,*,#8225,.T.);
#4119=ORIENTED_EDGE('',*,*,#8226,.T.);
#4120=ORIENTED_EDGE('',*,*,#8015,.F.);
#4121=CARTESIAN_POINT('',(7.0485,2.5273,8.636));
#4122=DIRECTION('',(-1.0,0.0,0.0));
#4123=DIRECTION('',(0.0,0.0,1.0));
#4124=ORIENTED_EDGE('',*,*,#8020,.F.);
#4125=ORIENTED_EDGE('',*,*,#8227,.F.);
#4126=ORIENTED_EDGE('',*,*,#8228,.T.);
#4127=ORIENTED_EDGE('',*,*,#8229,.T.);
#4128=CARTESIAN_POINT('',(6.36360935738118,2.0955,8.4836));
#4129=DIRECTION('',(0.0,-0.768221279597376,0.64018439966448));
#4130=DIRECTION('',(-1.0,0.0,0.0));
#4131=ORIENTED_EDGE('',*,*,#8230,.T.);
#4132=ORIENTED_EDGE('',*,*,#8231,.T.);
#4133=ORIENTED_EDGE('',*,*,#8016,.F.);
#4134=ORIENTED_EDGE('',*,*,#8226,.F.);
#4135=CARTESIAN_POINT('',(6.36360935738118,2.0955,8.4836));
#4136=DIRECTION('',(0.0,-0.768221279597376,0.64018439966448));
#4137=DIRECTION('',(-1.0,0.0,0.0));
#4138=ORIENTED_EDGE('',*,*,#8232,.T.);
#4139=ORIENTED_EDGE('',*,*,#8233,.F.);
#4140=ORIENTED_EDGE('',*,*,#8234,.T.);
#4141=ORIENTED_EDGE('',*,*,#8220,.F.);
#4142=ORIENTED_EDGE('',*,*,#8021,.T.);
#4143=ORIENTED_EDGE('',*,*,#8229,.F.);
#4144=ORIENTED_EDGE('',*,*,#8235,.F.);
#4145=CARTESIAN_POINT('',(6.2865,1.9685,8.636));
#4146=DIRECTION('',(1.0,0.0,0.0));
#4147=DIRECTION('',(0.0,1.0,0.0));
#4148=ORIENTED_EDGE('',*,*,#8236,.T.);
#4149=ORIENTED_EDGE('',*,*,#8237,.T.);
#4150=ORIENTED_EDGE('',*,*,#8230,.F.);
#4151=ORIENTED_EDGE('',*,*,#8225,.F.);
#4152=CARTESIAN_POINT('',(6.3627,1.9685,8.1788));
#4153=DIRECTION('',(0.0,-1.0,0.0));
#4154=DIRECTION('',(0.0,0.0,-1.0));
#4155=ORIENTED_EDGE('',*,*,#8228,.F.);
#4156=ORIENTED_EDGE('',*,*,#8238,.F.);
#4157=ORIENTED_EDGE('',*,*,#8239,.T.);
#4158=ORIENTED_EDGE('',*,*,#8235,.T.);
#4159=CARTESIAN_POINT('',(6.3627,1.9685,8.1788));
#4160=DIRECTION('',(0.0,-1.0,0.0));
#4161=DIRECTION('',(0.0,0.0,-1.0));
#4162=ORIENTED_EDGE('',*,*,#8240,.T.);
#4163=ORIENTED_EDGE('',*,*,#8241,.F.);
#4164=ORIENTED_EDGE('',*,*,#8237,.F.);
#4165=ORIENTED_EDGE('',*,*,#8242,.T.);
#4166=CARTESIAN_POINT('',(7.0612,1.27,8.1788));
#4167=DIRECTION('',(-1.0,0.0,0.0));
#4168=DIRECTION('',(0.0,0.0,1.0));
#4169=ORIENTED_EDGE('',*,*,#8232,.F.);
#4170=ORIENTED_EDGE('',*,*,#8239,.F.);
#4171=ORIENTED_EDGE('',*,*,#8243,.F.);
#4172=ORIENTED_EDGE('',*,*,#8244,.F.);
#4173=ORIENTED_EDGE('',*,*,#8242,.F.);
#4174=ORIENTED_EDGE('',*,*,#8236,.F.);
#4175=ORIENTED_EDGE('',*,*,#8245,.T.);
#4176=ORIENTED_EDGE('',*,*,#8246,.F.);
#4177=ORIENTED_EDGE('',*,*,#8247,.F.);
#4178=CARTESIAN_POINT('',(0.0,0.0,8.0264));
#4179=DIRECTION('',(0.0,0.0,-1.0));
#4180=DIRECTION('',(0.0,-1.0,0.0));
#4181=ORIENTED_EDGE('',*,*,#8248,.T.);
#4182=ORIENTED_EDGE('',*,*,#8249,.F.);
#4183=ORIENTED_EDGE('',*,*,#8250,.F.);
#4184=ORIENTED_EDGE('',*,*,#7913,.T.);
#4185=CARTESIAN_POINT('',(6.6675,2.15500000000002,7.0587679376175));
#4186=DIRECTION('',(-0.0,1.0,0.0));
#4187=DIRECTION('',(1.0,0.0,0.0));
#4188=ORIENTED_EDGE('',*,*,#8251,.F.);
#4189=ORIENTED_EDGE('',*,*,#8252,.F.);
#4190=ORIENTED_EDGE('',*,*,#8253,.T.);
#4191=ORIENTED_EDGE('',*,*,#8254,.T.);
#4192=ORIENTED_EDGE('',*,*,#8255,.F.);
#4193=ORIENTED_EDGE('',*,*,#8233,.T.);
#4194=ORIENTED_EDGE('',*,*,#8247,.T.);
#4195=CARTESIAN_POINT('',(6.6675,2.15500000000002,7.0587679376175));
#4196=DIRECTION('',(-0.0,1.0,0.0));
#4197=DIRECTION('',(1.0,0.0,0.0));
#4198=ORIENTED_EDGE('',*,*,#8250,.T.);
#4199=ORIENTED_EDGE('',*,*,#8256,.T.);
#4200=ORIENTED_EDGE('',*,*,#8257,.T.);
#4201=ORIENTED_EDGE('',*,*,#8258,.T.);
#4202=ORIENTED_EDGE('',*,*,#8259,.T.);
#4203=ORIENTED_EDGE('',*,*,#8260,.T.);
#4204=ORIENTED_EDGE('',*,*,#8261,.T.);
#4205=ORIENTED_EDGE('',*,*,#7914,.F.);
#4206=CARTESIAN_POINT('',(6.0325,1.27,8.1788));
#4207=DIRECTION('',(-1.0,0.0,0.0));
#4208=DIRECTION('',(0.0,0.0,1.0));
#4209=ORIENTED_EDGE('',*,*,#8261,.F.);
#4210=ORIENTED_EDGE('',*,*,#8262,.T.);
#4211=ORIENTED_EDGE('',*,*,#8263,.T.);
#4212=ORIENTED_EDGE('',*,*,#7911,.F.);
#4213=CARTESIAN_POINT('',(6.0325,1.905,-0.207200000000009));
#4214=DIRECTION('',(-0.0,1.0,0.0));
#4215=DIRECTION('',(1.0,0.0,0.0));
#4216=ORIENTED_EDGE('',*,*,#8263,.F.);
#4217=ORIENTED_EDGE('',*,*,#8264,.F.);
#4218=ORIENTED_EDGE('',*,*,#8265,.F.);
#4219=ORIENTED_EDGE('',*,*,#8266,.F.);
#4220=ORIENTED_EDGE('',*,*,#8267,.F.);
#4221=ORIENTED_EDGE('',*,*,#8268,.F.);
#4222=ORIENTED_EDGE('',*,*,#8248,.F.);
#4223=ORIENTED_EDGE('',*,*,#7912,.T.);
#4224=CARTESIAN_POINT('',(6.6675,1.27,8.1788));
#4225=DIRECTION('',(-1.0,0.0,0.0));
#4226=DIRECTION('',(0.0,0.0,1.0));
#4227=ORIENTED_EDGE('',*,*,#8269,.F.);
#4228=ORIENTED_EDGE('',*,*,#8270,.F.);
#4229=ORIENTED_EDGE('',*,*,#8254,.F.);
#4230=ORIENTED_EDGE('',*,*,#8271,.F.);
#4231=CARTESIAN_POINT('',(6.6675,1.27,8.1788));
#4232=DIRECTION('',(-1.0,0.0,0.0));
#4233=DIRECTION('',(0.0,0.0,1.0));
#4234=ORIENTED_EDGE('',*,*,#8249,.T.);
#4235=ORIENTED_EDGE('',*,*,#8268,.T.);
#4236=ORIENTED_EDGE('',*,*,#8272,.F.);
#4237=ORIENTED_EDGE('',*,*,#8256,.F.);
#4238=CARTESIAN_POINT('',(6.0325,2.40900000000002,-0.207200000000009));
#4239=DIRECTION('',(1.0,0.0,0.0));
#4240=DIRECTION('',(0.0,-1.0,0.0));
#4241=ORIENTED_EDGE('',*,*,#8272,.T.);
#4242=ORIENTED_EDGE('',*,*,#8267,.T.);
#4243=ORIENTED_EDGE('',*,*,#8273,.F.);
#4244=ORIENTED_EDGE('',*,*,#8257,.F.);
#4245=CARTESIAN_POINT('',(6.0325,2.40900000000002,-0.461199999999984));
#4246=DIRECTION('',(0.0,0.0,-1.0));
#4247=DIRECTION('',(0.0,-1.0,0.0));
#4248=ORIENTED_EDGE('',*,*,#8273,.T.);
#4249=ORIENTED_EDGE('',*,*,#8266,.T.);
#4250=ORIENTED_EDGE('',*,*,#8274,.F.);
#4251=ORIENTED_EDGE('',*,*,#8258,.F.);
#4252=CARTESIAN_POINT('',(6.0325,3.3782,-0.461199999999984));
#4253=DIRECTION('',(0.0,-1.0,0.0));
#4254=DIRECTION('',(0.0,0.0,-1.0));
#4255=ORIENTED_EDGE('',*,*,#8274,.T.);
#4256=ORIENTED_EDGE('',*,*,#8265,.T.);
#4257=ORIENTED_EDGE('',*,*,#8275,.F.);
#4258=ORIENTED_EDGE('',*,*,#8259,.F.);
#4259=CARTESIAN_POINT('',(6.0325,3.3782,-0.7112));
#4260=DIRECTION('',(0.0,0.0,1.0));
#4261=DIRECTION('',(1.0,0.0,0.0));
#4262=ORIENTED_EDGE('',*,*,#8275,.T.);
#4263=ORIENTED_EDGE('',*,*,#8264,.T.);
#4264=ORIENTED_EDGE('',*,*,#8262,.F.);
#4265=ORIENTED_EDGE('',*,*,#8260,.F.);
#4266=CARTESIAN_POINT('',(6.0325,2.40900000000002,-0.207200000000009));
#4267=DIRECTION('',(1.0,0.0,0.0));
#4268=DIRECTION('',(0.0,-1.0,0.0));
#4269=ORIENTED_EDGE('',*,*,#8276,.T.);
#4270=ORIENTED_EDGE('',*,*,#8277,.F.);
#4271=ORIENTED_EDGE('',*,*,#8278,.F.);
#4272=ORIENTED_EDGE('',*,*,#8271,.T.);
#4273=ORIENTED_EDGE('',*,*,#8279,.T.);
#4274=CARTESIAN_POINT('',(6.6675,1.905,7.0104));
#4275=DIRECTION('',(0.0,-0.965925826289076,-0.258819045102493));
#4276=DIRECTION('',(0.0,0.258819045102493,-0.965925826289076));
#4277=ORIENTED_EDGE('',*,*,#8253,.F.);
#4278=ORIENTED_EDGE('',*,*,#8280,.F.);
#4279=ORIENTED_EDGE('',*,*,#8281,.F.);
#4280=ORIENTED_EDGE('',*,*,#8279,.F.);
#4281=CARTESIAN_POINT('',(6.6675,1.27,8.1788));
#4282=DIRECTION('',(1.0,0.0,0.0));
#4283=DIRECTION('',(0.0,1.0,0.0));
#4284=ORIENTED_EDGE('',*,*,#8282,.T.);
#4285=ORIENTED_EDGE('',*,*,#8283,.F.);
#4286=ORIENTED_EDGE('',*,*,#8276,.F.);
#4287=ORIENTED_EDGE('',*,*,#8281,.T.);
#4288=CARTESIAN_POINT('',(6.6675,2.24529547438762,5.7404));
#4289=DIRECTION('',(0.0,0.258819045102493,-0.965925826289076));
#4290=DIRECTION('',(-1.0,0.0,0.0));
#4291=ORIENTED_EDGE('',*,*,#8277,.T.);
#4292=ORIENTED_EDGE('',*,*,#8283,.T.);
#4293=ORIENTED_EDGE('',*,*,#8284,.T.);
#4294=ORIENTED_EDGE('',*,*,#8251,.T.);
#4295=ORIENTED_EDGE('',*,*,#8246,.T.);
#4296=ORIENTED_EDGE('',*,*,#8285,.T.);
#4297=CARTESIAN_POINT('',(6.9215,1.27,8.1788));
#4298=DIRECTION('',(1.0,0.0,0.0));
#4299=DIRECTION('',(0.0,1.0,0.0));
#4300=ORIENTED_EDGE('',*,*,#8245,.F.);
#4301=ORIENTED_EDGE('',*,*,#8224,.T.);
#4302=ORIENTED_EDGE('',*,*,#8286,.T.);
#4303=ORIENTED_EDGE('',*,*,#8269,.T.);
#4304=ORIENTED_EDGE('',*,*,#8278,.T.);
#4305=ORIENTED_EDGE('',*,*,#8285,.F.);
#4306=CARTESIAN_POINT('',(7.0485,1.9685,8.636));
#4307=DIRECTION('',(-0.0,1.0,0.0));
#4308=DIRECTION('',(1.0,0.0,0.0));
#4309=ORIENTED_EDGE('',*,*,#8286,.F.);
#4310=ORIENTED_EDGE('',*,*,#8223,.F.);
#4311=ORIENTED_EDGE('',*,*,#8221,.F.);
#4312=ORIENTED_EDGE('',*,*,#8234,.F.);
#4313=ORIENTED_EDGE('',*,*,#8255,.T.);
#4314=ORIENTED_EDGE('',*,*,#8270,.T.);
#4315=CARTESIAN_POINT('',(0.0,0.0,5.588));
#4316=DIRECTION('',(0.0,0.0,-1.0));
#4317=DIRECTION('',(0.0,-1.0,0.0));
#4318=ORIENTED_EDGE('',*,*,#8252,.T.);
#4319=ORIENTED_EDGE('',*,*,#8284,.F.);
#4320=ORIENTED_EDGE('',*,*,#8282,.F.);
#4321=ORIENTED_EDGE('',*,*,#8280,.T.);
#4322=CARTESIAN_POINT('',(6.6675,2.49064063426503,5.8061400374554));
#4323=DIRECTION('',(0.0,0.965925826289076,0.258819045102493));
#4324=DIRECTION('',(1.0,0.0,-0.0));
#4325=ORIENTED_EDGE('',*,*,#8287,.T.);
#4326=ORIENTED_EDGE('',*,*,#8288,.F.);
#4327=ORIENTED_EDGE('',*,*,#8240,.F.);
#4328=ORIENTED_EDGE('',*,*,#8244,.T.);
#4329=CARTESIAN_POINT('',(6.3627,0.5715,8.1788));
#4330=DIRECTION('',(-0.0,1.0,0.0));
#4331=DIRECTION('',(1.0,0.0,0.0));
#4332=ORIENTED_EDGE('',*,*,#8289,.F.);
#4333=ORIENTED_EDGE('',*,*,#8288,.T.);
#4334=ORIENTED_EDGE('',*,*,#8290,.T.);
#4335=ORIENTED_EDGE('',*,*,#8018,.F.);
#4336=ORIENTED_EDGE('',*,*,#8290,.F.);
#4337=ORIENTED_EDGE('',*,*,#8291,.T.);
#4338=ORIENTED_EDGE('',*,*,#8227,.T.);
#4339=ORIENTED_EDGE('',*,*,#8019,.F.);
#4340=CARTESIAN_POINT('',(5.53811022887804,1.27,8.4836));
#4341=DIRECTION('',(0.770479654652467,0.0,0.637464588637373));
#4342=DIRECTION('',(0.0,-1.0,0.0));
#4343=ORIENTED_EDGE('',*,*,#8238,.T.);
#4344=ORIENTED_EDGE('',*,*,#8291,.F.);
#4345=ORIENTED_EDGE('',*,*,#8287,.F.);
#4346=ORIENTED_EDGE('',*,*,#8243,.T.);
#4347=CARTESIAN_POINT('',(5.6642,1.27,8.1788));
#4348=DIRECTION('',(1.0,0.0,0.0));
#4349=DIRECTION('',(0.0,1.0,0.0));
#4350=ORIENTED_EDGE('',*,*,#8231,.F.);
#4351=ORIENTED_EDGE('',*,*,#8241,.T.);
#4352=ORIENTED_EDGE('',*,*,#8289,.T.);
#4353=ORIENTED_EDGE('',*,*,#8017,.F.);
#4354=CARTESIAN_POINT('',(7.18910848588432,1.27091109871145,8.4836));
#4355=DIRECTION('',(-0.765970929903329,0.0,0.642875209152624));
#4356=DIRECTION('',(0.0,1.0,0.0));
#4357=ORIENTED_EDGE('',*,*,#8219,.T.);
#4358=ORIENTED_EDGE('',*,*,#8292,.T.);
#4359=ORIENTED_EDGE('',*,*,#8293,.F.);
#4360=ORIENTED_EDGE('',*,*,#8294,.T.);
#4361=ORIENTED_EDGE('',*,*,#8295,.T.);
#4362=ORIENTED_EDGE('',*,*,#8023,.F.);
#4363=CARTESIAN_POINT('',(4.5085,2.5273,8.636));
#4364=DIRECTION('',(-1.0,0.0,0.0));
#4365=DIRECTION('',(0.0,0.0,1.0));
#4366=ORIENTED_EDGE('',*,*,#8028,.F.);
#4367=ORIENTED_EDGE('',*,*,#8296,.F.);
#4368=ORIENTED_EDGE('',*,*,#8297,.T.);
#4369=ORIENTED_EDGE('',*,*,#8298,.T.);
#4370=CARTESIAN_POINT('',(3.82360935738118,2.0955,8.4836));
#4371=DIRECTION('',(0.0,-0.768221279597376,0.64018439966448));
#4372=DIRECTION('',(-1.0,0.0,0.0));
#4373=ORIENTED_EDGE('',*,*,#8299,.T.);
#4374=ORIENTED_EDGE('',*,*,#8300,.T.);
#4375=ORIENTED_EDGE('',*,*,#8024,.F.);
#4376=ORIENTED_EDGE('',*,*,#8295,.F.);
#4377=CARTESIAN_POINT('',(3.82360935738118,2.0955,8.4836));
#4378=DIRECTION('',(0.0,-0.768221279597376,0.64018439966448));
#4379=DIRECTION('',(-1.0,0.0,0.0));
#4380=ORIENTED_EDGE('',*,*,#8301,.T.);
#4381=ORIENTED_EDGE('',*,*,#8302,.F.);
#4382=ORIENTED_EDGE('',*,*,#8303,.T.);
#4383=ORIENTED_EDGE('',*,*,#8217,.F.);
#4384=ORIENTED_EDGE('',*,*,#8029,.T.);
#4385=ORIENTED_EDGE('',*,*,#8298,.F.);
#4386=ORIENTED_EDGE('',*,*,#8304,.F.);
#4387=CARTESIAN_POINT('',(3.7465,1.9685,8.636));
#4388=DIRECTION('',(1.0,0.0,0.0));
#4389=DIRECTION('',(0.0,1.0,0.0));
#4390=ORIENTED_EDGE('',*,*,#8305,.T.);
#4391=ORIENTED_EDGE('',*,*,#8306,.T.);
#4392=ORIENTED_EDGE('',*,*,#8299,.F.);
#4393=ORIENTED_EDGE('',*,*,#8294,.F.);
#4394=CARTESIAN_POINT('',(3.8227,1.9685,8.1788));
#4395=DIRECTION('',(0.0,-1.0,0.0));
#4396=DIRECTION('',(0.0,0.0,-1.0));
#4397=ORIENTED_EDGE('',*,*,#8297,.F.);
#4398=ORIENTED_EDGE('',*,*,#8307,.F.);
#4399=ORIENTED_EDGE('',*,*,#8308,.T.);
#4400=ORIENTED_EDGE('',*,*,#8304,.T.);
#4401=CARTESIAN_POINT('',(3.8227,1.9685,8.1788));
#4402=DIRECTION('',(0.0,-1.0,0.0));
#4403=DIRECTION('',(0.0,0.0,-1.0));
#4404=ORIENTED_EDGE('',*,*,#8309,.T.);
#4405=ORIENTED_EDGE('',*,*,#8310,.F.);
#4406=ORIENTED_EDGE('',*,*,#8306,.F.);
#4407=ORIENTED_EDGE('',*,*,#8311,.T.);
#4408=CARTESIAN_POINT('',(4.5212,1.27,8.1788));
#4409=DIRECTION('',(-1.0,0.0,0.0));
#4410=DIRECTION('',(0.0,0.0,1.0));
#4411=ORIENTED_EDGE('',*,*,#8301,.F.);
#4412=ORIENTED_EDGE('',*,*,#8308,.F.);
#4413=ORIENTED_EDGE('',*,*,#8312,.F.);
#4414=ORIENTED_EDGE('',*,*,#8313,.F.);
#4415=ORIENTED_EDGE('',*,*,#8311,.F.);
#4416=ORIENTED_EDGE('',*,*,#8305,.F.);
#4417=ORIENTED_EDGE('',*,*,#8314,.T.);
#4418=ORIENTED_EDGE('',*,*,#8315,.F.);
#4419=ORIENTED_EDGE('',*,*,#8316,.F.);
#4420=CARTESIAN_POINT('',(0.0,0.0,8.0264));
#4421=DIRECTION('',(0.0,0.0,-1.0));
#4422=DIRECTION('',(0.0,-1.0,0.0));
#4423=ORIENTED_EDGE('',*,*,#8317,.T.);
#4424=ORIENTED_EDGE('',*,*,#8318,.F.);
#4425=ORIENTED_EDGE('',*,*,#8319,.F.);
#4426=ORIENTED_EDGE('',*,*,#7909,.T.);
#4427=CARTESIAN_POINT('',(4.1275,2.15500000000002,7.0587679376175));
#4428=DIRECTION('',(-0.0,1.0,0.0));
#4429=DIRECTION('',(1.0,0.0,0.0));
#4430=ORIENTED_EDGE('',*,*,#8320,.F.);
#4431=ORIENTED_EDGE('',*,*,#8321,.F.);
#4432=ORIENTED_EDGE('',*,*,#8322,.T.);
#4433=ORIENTED_EDGE('',*,*,#8323,.T.);
#4434=ORIENTED_EDGE('',*,*,#8324,.F.);
#4435=ORIENTED_EDGE('',*,*,#8302,.T.);
#4436=ORIENTED_EDGE('',*,*,#8316,.T.);
#4437=CARTESIAN_POINT('',(4.1275,2.15500000000002,7.0587679376175));
#4438=DIRECTION('',(-0.0,1.0,0.0));
#4439=DIRECTION('',(1.0,0.0,0.0));
#4440=ORIENTED_EDGE('',*,*,#8319,.T.);
#4441=ORIENTED_EDGE('',*,*,#8325,.T.);
#4442=ORIENTED_EDGE('',*,*,#8326,.T.);
#4443=ORIENTED_EDGE('',*,*,#8327,.T.);
#4444=ORIENTED_EDGE('',*,*,#8328,.T.);
#4445=ORIENTED_EDGE('',*,*,#8329,.T.);
#4446=ORIENTED_EDGE('',*,*,#8330,.T.);
#4447=ORIENTED_EDGE('',*,*,#7910,.F.);
#4448=CARTESIAN_POINT('',(3.4925,1.27,8.1788));
#4449=DIRECTION('',(-1.0,0.0,0.0));
#4450=DIRECTION('',(0.0,0.0,1.0));
#4451=ORIENTED_EDGE('',*,*,#8330,.F.);
#4452=ORIENTED_EDGE('',*,*,#8331,.T.);
#4453=ORIENTED_EDGE('',*,*,#8332,.T.);
#4454=ORIENTED_EDGE('',*,*,#7907,.F.);
#4455=CARTESIAN_POINT('',(3.4925,1.905,-0.207200000000009));
#4456=DIRECTION('',(-0.0,1.0,0.0));
#4457=DIRECTION('',(1.0,0.0,0.0));
#4458=ORIENTED_EDGE('',*,*,#8332,.F.);
#4459=ORIENTED_EDGE('',*,*,#8333,.F.);
#4460=ORIENTED_EDGE('',*,*,#8334,.F.);
#4461=ORIENTED_EDGE('',*,*,#8335,.F.);
#4462=ORIENTED_EDGE('',*,*,#8336,.F.);
#4463=ORIENTED_EDGE('',*,*,#8337,.F.);
#4464=ORIENTED_EDGE('',*,*,#8317,.F.);
#4465=ORIENTED_EDGE('',*,*,#7908,.T.);
#4466=CARTESIAN_POINT('',(4.1275,1.27,8.1788));
#4467=DIRECTION('',(-1.0,0.0,0.0));
#4468=DIRECTION('',(0.0,0.0,1.0));
#4469=ORIENTED_EDGE('',*,*,#8338,.F.);
#4470=ORIENTED_EDGE('',*,*,#8339,.F.);
#4471=ORIENTED_EDGE('',*,*,#8323,.F.);
#4472=ORIENTED_EDGE('',*,*,#8340,.F.);
#4473=CARTESIAN_POINT('',(4.1275,1.27,8.1788));
#4474=DIRECTION('',(-1.0,0.0,0.0));
#4475=DIRECTION('',(0.0,0.0,1.0));
#4476=ORIENTED_EDGE('',*,*,#8318,.T.);
#4477=ORIENTED_EDGE('',*,*,#8337,.T.);
#4478=ORIENTED_EDGE('',*,*,#8341,.F.);
#4479=ORIENTED_EDGE('',*,*,#8325,.F.);
#4480=CARTESIAN_POINT('',(3.4925,2.40900000000002,-0.207200000000009));
#4481=DIRECTION('',(1.0,0.0,0.0));
#4482=DIRECTION('',(0.0,-1.0,0.0));
#4483=ORIENTED_EDGE('',*,*,#8341,.T.);
#4484=ORIENTED_EDGE('',*,*,#8336,.T.);
#4485=ORIENTED_EDGE('',*,*,#8342,.F.);
#4486=ORIENTED_EDGE('',*,*,#8326,.F.);
#4487=CARTESIAN_POINT('',(3.4925,2.40900000000002,-0.461199999999984));
#4488=DIRECTION('',(0.0,0.0,-1.0));
#4489=DIRECTION('',(0.0,-1.0,0.0));
#4490=ORIENTED_EDGE('',*,*,#8342,.T.);
#4491=ORIENTED_EDGE('',*,*,#8335,.T.);
#4492=ORIENTED_EDGE('',*,*,#8343,.F.);
#4493=ORIENTED_EDGE('',*,*,#8327,.F.);
#4494=CARTESIAN_POINT('',(3.4925,3.3782,-0.461199999999984));
#4495=DIRECTION('',(0.0,-1.0,0.0));
#4496=DIRECTION('',(0.0,0.0,-1.0));
#4497=ORIENTED_EDGE('',*,*,#8343,.T.);
#4498=ORIENTED_EDGE('',*,*,#8334,.T.);
#4499=ORIENTED_EDGE('',*,*,#8344,.F.);
#4500=ORIENTED_EDGE('',*,*,#8328,.F.);
#4501=CARTESIAN_POINT('',(3.4925,3.3782,-0.7112));
#4502=DIRECTION('',(0.0,0.0,1.0));
#4503=DIRECTION('',(1.0,0.0,0.0));
#4504=ORIENTED_EDGE('',*,*,#8344,.T.);
#4505=ORIENTED_EDGE('',*,*,#8333,.T.);
#4506=ORIENTED_EDGE('',*,*,#8331,.F.);
#4507=ORIENTED_EDGE('',*,*,#8329,.F.);
#4508=CARTESIAN_POINT('',(3.4925,2.40900000000002,-0.207200000000009));
#4509=DIRECTION('',(1.0,0.0,0.0));
#4510=DIRECTION('',(0.0,-1.0,0.0));
#4511=ORIENTED_EDGE('',*,*,#8345,.T.);
#4512=ORIENTED_EDGE('',*,*,#8346,.F.);
#4513=ORIENTED_EDGE('',*,*,#8347,.F.);
#4514=ORIENTED_EDGE('',*,*,#8340,.T.);
#4515=ORIENTED_EDGE('',*,*,#8348,.T.);
#4516=CARTESIAN_POINT('',(4.1275,1.905,7.0104));
#4517=DIRECTION('',(0.0,-0.965925826289076,-0.258819045102493));
#4518=DIRECTION('',(0.0,0.258819045102493,-0.965925826289076));
#4519=ORIENTED_EDGE('',*,*,#8322,.F.);
#4520=ORIENTED_EDGE('',*,*,#8349,.F.);
#4521=ORIENTED_EDGE('',*,*,#8350,.F.);
#4522=ORIENTED_EDGE('',*,*,#8348,.F.);
#4523=CARTESIAN_POINT('',(4.1275,1.27,8.1788));
#4524=DIRECTION('',(1.0,0.0,0.0));
#4525=DIRECTION('',(0.0,1.0,0.0));
#4526=ORIENTED_EDGE('',*,*,#8351,.T.);
#4527=ORIENTED_EDGE('',*,*,#8352,.F.);
#4528=ORIENTED_EDGE('',*,*,#8345,.F.);
#4529=ORIENTED_EDGE('',*,*,#8350,.T.);
#4530=CARTESIAN_POINT('',(4.1275,2.24529547438762,5.7404));
#4531=DIRECTION('',(0.0,0.258819045102493,-0.965925826289076));
#4532=DIRECTION('',(-1.0,0.0,0.0));
#4533=ORIENTED_EDGE('',*,*,#8346,.T.);
#4534=ORIENTED_EDGE('',*,*,#8352,.T.);
#4535=ORIENTED_EDGE('',*,*,#8353,.T.);
#4536=ORIENTED_EDGE('',*,*,#8320,.T.);
#4537=ORIENTED_EDGE('',*,*,#8315,.T.);
#4538=ORIENTED_EDGE('',*,*,#8354,.T.);
#4539=CARTESIAN_POINT('',(4.3815,1.27,8.1788));
#4540=DIRECTION('',(1.0,0.0,0.0));
#4541=DIRECTION('',(0.0,1.0,0.0));
#4542=ORIENTED_EDGE('',*,*,#8314,.F.);
#4543=ORIENTED_EDGE('',*,*,#8293,.T.);
#4544=ORIENTED_EDGE('',*,*,#8355,.T.);
#4545=ORIENTED_EDGE('',*,*,#8338,.T.);
#4546=ORIENTED_EDGE('',*,*,#8347,.T.);
#4547=ORIENTED_EDGE('',*,*,#8354,.F.);
#4548=CARTESIAN_POINT('',(4.5085,1.9685,8.636));
#4549=DIRECTION('',(-0.0,1.0,0.0));
#4550=DIRECTION('',(1.0,0.0,0.0));
#4551=ORIENTED_EDGE('',*,*,#8355,.F.);
#4552=ORIENTED_EDGE('',*,*,#8292,.F.);
#4553=ORIENTED_EDGE('',*,*,#8218,.F.);
#4554=ORIENTED_EDGE('',*,*,#8303,.F.);
#4555=ORIENTED_EDGE('',*,*,#8324,.T.);
#4556=ORIENTED_EDGE('',*,*,#8339,.T.);
#4557=CARTESIAN_POINT('',(0.0,0.0,5.588));
#4558=DIRECTION('',(0.0,0.0,-1.0));
#4559=DIRECTION('',(0.0,-1.0,0.0));
#4560=ORIENTED_EDGE('',*,*,#8321,.T.);
#4561=ORIENTED_EDGE('',*,*,#8353,.F.);
#4562=ORIENTED_EDGE('',*,*,#8351,.F.);
#4563=ORIENTED_EDGE('',*,*,#8349,.T.);
#4564=CARTESIAN_POINT('',(4.1275,2.49064063426503,5.8061400374554));
#4565=DIRECTION('',(0.0,0.965925826289076,0.258819045102493));
#4566=DIRECTION('',(1.0,0.0,-0.0));
#4567=ORIENTED_EDGE('',*,*,#8356,.T.);
#4568=ORIENTED_EDGE('',*,*,#8357,.F.);
#4569=ORIENTED_EDGE('',*,*,#8309,.F.);
#4570=ORIENTED_EDGE('',*,*,#8313,.T.);
#4571=CARTESIAN_POINT('',(3.8227,0.5715,8.1788));
#4572=DIRECTION('',(-0.0,1.0,0.0));
#4573=DIRECTION('',(1.0,0.0,0.0));
#4574=ORIENTED_EDGE('',*,*,#8358,.F.);
#4575=ORIENTED_EDGE('',*,*,#8357,.T.);
#4576=ORIENTED_EDGE('',*,*,#8359,.T.);
#4577=ORIENTED_EDGE('',*,*,#8026,.F.);
#4578=ORIENTED_EDGE('',*,*,#8359,.F.);
#4579=ORIENTED_EDGE('',*,*,#8360,.T.);
#4580=ORIENTED_EDGE('',*,*,#8296,.T.);
#4581=ORIENTED_EDGE('',*,*,#8027,.F.);
#4582=CARTESIAN_POINT('',(2.99811022887804,1.27,8.4836));
#4583=DIRECTION('',(0.770479654652467,0.0,0.637464588637373));
#4584=DIRECTION('',(0.0,-1.0,0.0));
#4585=ORIENTED_EDGE('',*,*,#8307,.T.);
#4586=ORIENTED_EDGE('',*,*,#8360,.F.);
#4587=ORIENTED_EDGE('',*,*,#8356,.F.);
#4588=ORIENTED_EDGE('',*,*,#8312,.T.);
#4589=CARTESIAN_POINT('',(3.1242,1.27,8.1788));
#4590=DIRECTION('',(1.0,0.0,0.0));
#4591=DIRECTION('',(0.0,1.0,0.0));
#4592=ORIENTED_EDGE('',*,*,#8300,.F.);
#4593=ORIENTED_EDGE('',*,*,#8310,.T.);
#4594=ORIENTED_EDGE('',*,*,#8358,.T.);
#4595=ORIENTED_EDGE('',*,*,#8025,.F.);
#4596=CARTESIAN_POINT('',(4.64910848588432,1.27091109871145,8.4836));
#4597=DIRECTION('',(-0.765970929903329,0.0,0.642875209152624));
#4598=DIRECTION('',(0.0,1.0,0.0));
#4599=ORIENTED_EDGE('',*,*,#8216,.T.);
#4600=ORIENTED_EDGE('',*,*,#8361,.T.);
#4601=ORIENTED_EDGE('',*,*,#8362,.F.);
#4602=ORIENTED_EDGE('',*,*,#8363,.T.);
#4603=ORIENTED_EDGE('',*,*,#8364,.T.);
#4604=ORIENTED_EDGE('',*,*,#8031,.T.);
#4605=CARTESIAN_POINT('',(1.9685,2.5273,8.636));
#4606=DIRECTION('',(-1.0,0.0,0.0));
#4607=DIRECTION('',(0.0,0.0,1.0));
#4608=ORIENTED_EDGE('',*,*,#8365,.T.);
#4609=ORIENTED_EDGE('',*,*,#8366,.T.);
#4610=ORIENTED_EDGE('',*,*,#8032,.F.);
#4611=ORIENTED_EDGE('',*,*,#8364,.F.);
#4612=CARTESIAN_POINT('',(1.28360935738143,2.0955,8.4836));
#4613=DIRECTION('',(0.0,-0.768221279597376,0.64018439966448));
#4614=DIRECTION('',(-1.0,0.0,0.0));
#4615=ORIENTED_EDGE('',*,*,#8036,.F.);
#4616=ORIENTED_EDGE('',*,*,#8367,.F.);
#4617=ORIENTED_EDGE('',*,*,#8368,.T.);
#4618=ORIENTED_EDGE('',*,*,#8369,.F.);
#4619=CARTESIAN_POINT('',(1.28360935738143,2.0955,8.4836));
#4620=DIRECTION('',(0.0,-0.768221279597376,0.64018439966448));
#4621=DIRECTION('',(-1.0,0.0,0.0));
#4622=ORIENTED_EDGE('',*,*,#8366,.F.);
#4623=ORIENTED_EDGE('',*,*,#8370,.T.);
#4624=ORIENTED_EDGE('',*,*,#8371,.T.);
#4625=ORIENTED_EDGE('',*,*,#8033,.F.);
#4626=CARTESIAN_POINT('',(2.10910848588381,1.27091109871145,8.4836));
#4627=DIRECTION('',(-0.765970929903329,0.0,0.642875209152624));
#4628=DIRECTION('',(0.0,1.0,0.0));
#4629=ORIENTED_EDGE('',*,*,#8371,.F.);
#4630=ORIENTED_EDGE('',*,*,#8372,.T.);
#4631=ORIENTED_EDGE('',*,*,#8373,.T.);
#4632=ORIENTED_EDGE('',*,*,#8034,.F.);
#4633=ORIENTED_EDGE('',*,*,#8373,.F.);
#4634=ORIENTED_EDGE('',*,*,#8374,.T.);
#4635=ORIENTED_EDGE('',*,*,#8367,.T.);
#4636=ORIENTED_EDGE('',*,*,#8035,.F.);
#4637=CARTESIAN_POINT('',(0.45811022887931,1.27,8.4836));
#4638=DIRECTION('',(0.770479654652467,0.0,0.637464588637373));
#4639=DIRECTION('',(0.0,-1.0,0.0));
#4640=ORIENTED_EDGE('',*,*,#8375,.T.);
#4641=ORIENTED_EDGE('',*,*,#8374,.F.);
#4642=ORIENTED_EDGE('',*,*,#8376,.F.);
#4643=ORIENTED_EDGE('',*,*,#8377,.T.);
#4644=CARTESIAN_POINT('',(0.5842,1.27,8.1788));
#4645=DIRECTION('',(1.0,0.0,0.0));
#4646=DIRECTION('',(0.0,1.0,0.0));
#4647=ORIENTED_EDGE('',*,*,#8378,.F.);
#4648=ORIENTED_EDGE('',*,*,#8379,.F.);
#4649=ORIENTED_EDGE('',*,*,#8377,.F.);
#4650=ORIENTED_EDGE('',*,*,#8380,.F.);
#4651=ORIENTED_EDGE('',*,*,#8381,.F.);
#4652=ORIENTED_EDGE('',*,*,#8382,.F.);
#4653=ORIENTED_EDGE('',*,*,#8383,.T.);
#4654=ORIENTED_EDGE('',*,*,#8384,.F.);
#4655=ORIENTED_EDGE('',*,*,#8385,.F.);
#4656=CARTESIAN_POINT('',(0.0,0.0,8.0264));
#4657=DIRECTION('',(0.0,0.0,-1.0));
#4658=DIRECTION('',(0.0,-1.0,0.0));
#4659=ORIENTED_EDGE('',*,*,#7905,.T.);
#4660=ORIENTED_EDGE('',*,*,#8386,.T.);
#4661=ORIENTED_EDGE('',*,*,#8387,.F.);
#4662=ORIENTED_EDGE('',*,*,#8388,.F.);
#4663=CARTESIAN_POINT('',(0.9525,2.15500000000002,8.0264));
#4664=DIRECTION('',(0.0,-1.0,0.0));
#4665=DIRECTION('',(0.0,0.0,-1.0));
#4666=ORIENTED_EDGE('',*,*,#8389,.T.);
#4667=ORIENTED_EDGE('',*,*,#8390,.F.);
#4668=ORIENTED_EDGE('',*,*,#8391,.T.);
#4669=ORIENTED_EDGE('',*,*,#8385,.T.);
#4670=ORIENTED_EDGE('',*,*,#8392,.F.);
#4671=ORIENTED_EDGE('',*,*,#8393,.F.);
#4672=ORIENTED_EDGE('',*,*,#8394,.T.);
#4673=CARTESIAN_POINT('',(0.9525,2.15500000000002,8.0264));
#4674=DIRECTION('',(0.0,-1.0,0.0));
#4675=DIRECTION('',(0.0,0.0,-1.0));
#4676=ORIENTED_EDGE('',*,*,#8395,.T.);
#4677=ORIENTED_EDGE('',*,*,#8396,.T.);
#4678=ORIENTED_EDGE('',*,*,#8397,.T.);
#4679=ORIENTED_EDGE('',*,*,#8398,.T.);
#4680=ORIENTED_EDGE('',*,*,#8399,.T.);
#4681=ORIENTED_EDGE('',*,*,#8400,.T.);
#4682=ORIENTED_EDGE('',*,*,#7906,.F.);
#4683=ORIENTED_EDGE('',*,*,#8388,.T.);
#4684=CARTESIAN_POINT('',(0.9525,1.27,8.1788));
#4685=DIRECTION('',(-1.0,0.0,0.0));
#4686=DIRECTION('',(0.0,0.0,1.0));
#4687=ORIENTED_EDGE('',*,*,#8400,.F.);
#4688=ORIENTED_EDGE('',*,*,#8401,.T.);
#4689=ORIENTED_EDGE('',*,*,#8402,.T.);
#4690=ORIENTED_EDGE('',*,*,#7903,.F.);
#4691=CARTESIAN_POINT('',(0.9525,1.905,-0.207200000000009));
#4692=DIRECTION('',(-0.0,1.0,0.0));
#4693=DIRECTION('',(1.0,0.0,0.0));
#4694=ORIENTED_EDGE('',*,*,#8402,.F.);
#4695=ORIENTED_EDGE('',*,*,#8403,.F.);
#4696=ORIENTED_EDGE('',*,*,#8404,.F.);
#4697=ORIENTED_EDGE('',*,*,#8405,.F.);
#4698=ORIENTED_EDGE('',*,*,#8406,.F.);
#4699=ORIENTED_EDGE('',*,*,#8407,.F.);
#4700=ORIENTED_EDGE('',*,*,#8386,.F.);
#4701=ORIENTED_EDGE('',*,*,#7904,.T.);
#4702=CARTESIAN_POINT('',(1.5875,1.27,8.1788));
#4703=DIRECTION('',(-1.0,0.0,0.0));
#4704=DIRECTION('',(0.0,0.0,1.0));
#4705=ORIENTED_EDGE('',*,*,#8408,.F.);
#4706=ORIENTED_EDGE('',*,*,#8409,.F.);
#4707=ORIENTED_EDGE('',*,*,#8389,.F.);
#4708=ORIENTED_EDGE('',*,*,#8410,.F.);
#4709=CARTESIAN_POINT('',(1.5875,1.27,8.1788));
#4710=DIRECTION('',(-1.0,0.0,0.0));
#4711=DIRECTION('',(0.0,0.0,1.0));
#4712=ORIENTED_EDGE('',*,*,#8387,.T.);
#4713=ORIENTED_EDGE('',*,*,#8407,.T.);
#4714=ORIENTED_EDGE('',*,*,#8411,.F.);
#4715=ORIENTED_EDGE('',*,*,#8395,.F.);
#4716=CARTESIAN_POINT('',(0.9525,2.40900000000002,-0.207200000000009));
#4717=DIRECTION('',(1.0,0.0,0.0));
#4718=DIRECTION('',(0.0,-1.0,0.0));
#4719=ORIENTED_EDGE('',*,*,#8411,.T.);
#4720=ORIENTED_EDGE('',*,*,#8406,.T.);
#4721=ORIENTED_EDGE('',*,*,#8412,.F.);
#4722=ORIENTED_EDGE('',*,*,#8396,.F.);
#4723=CARTESIAN_POINT('',(0.9525,2.40900000000002,-0.461199999999984));
#4724=DIRECTION('',(0.0,0.0,-1.0));
#4725=DIRECTION('',(0.0,-1.0,0.0));
#4726=ORIENTED_EDGE('',*,*,#8412,.T.);
#4727=ORIENTED_EDGE('',*,*,#8405,.T.);
#4728=ORIENTED_EDGE('',*,*,#8413,.F.);
#4729=ORIENTED_EDGE('',*,*,#8397,.F.);
#4730=CARTESIAN_POINT('',(0.9525,3.3782,-0.461199999999984));
#4731=DIRECTION('',(0.0,-1.0,0.0));
#4732=DIRECTION('',(0.0,0.0,-1.0));
#4733=ORIENTED_EDGE('',*,*,#8413,.T.);
#4734=ORIENTED_EDGE('',*,*,#8404,.T.);
#4735=ORIENTED_EDGE('',*,*,#8414,.F.);
#4736=ORIENTED_EDGE('',*,*,#8398,.F.);
#4737=CARTESIAN_POINT('',(0.9525,3.3782,-0.7112));
#4738=DIRECTION('',(0.0,0.0,1.0));
#4739=DIRECTION('',(1.0,0.0,0.0));
#4740=ORIENTED_EDGE('',*,*,#8414,.T.);
#4741=ORIENTED_EDGE('',*,*,#8403,.T.);
#4742=ORIENTED_EDGE('',*,*,#8401,.F.);
#4743=ORIENTED_EDGE('',*,*,#8399,.F.);
#4744=CARTESIAN_POINT('',(0.9525,2.40900000000002,-0.207200000000009));
#4745=DIRECTION('',(1.0,0.0,0.0));
#4746=DIRECTION('',(0.0,-1.0,0.0));
#4747=ORIENTED_EDGE('',*,*,#8415,.T.);
#4748=ORIENTED_EDGE('',*,*,#8416,.T.);
#4749=ORIENTED_EDGE('',*,*,#8417,.F.);
#4750=ORIENTED_EDGE('',*,*,#8418,.F.);
#4751=ORIENTED_EDGE('',*,*,#8410,.T.);
#4752=CARTESIAN_POINT('',(1.5875,1.905,7.0104));
#4753=DIRECTION('',(0.0,-0.965925826289076,-0.258819045102493));
#4754=DIRECTION('',(0.0,0.258819045102493,-0.965925826289076));
#4755=ORIENTED_EDGE('',*,*,#8383,.F.);
#4756=ORIENTED_EDGE('',*,*,#8362,.T.);
#4757=ORIENTED_EDGE('',*,*,#8419,.T.);
#4758=ORIENTED_EDGE('',*,*,#8408,.T.);
#4759=ORIENTED_EDGE('',*,*,#8418,.T.);
#4760=ORIENTED_EDGE('',*,*,#8420,.F.);
#4761=CARTESIAN_POINT('',(1.9685,1.9685,8.636));
#4762=DIRECTION('',(-0.0,1.0,0.0));
#4763=DIRECTION('',(1.0,0.0,0.0));
#4764=ORIENTED_EDGE('',*,*,#8417,.T.);
#4765=ORIENTED_EDGE('',*,*,#8421,.T.);
#4766=ORIENTED_EDGE('',*,*,#8422,.T.);
#4767=ORIENTED_EDGE('',*,*,#8392,.T.);
#4768=ORIENTED_EDGE('',*,*,#8384,.T.);
#4769=ORIENTED_EDGE('',*,*,#8420,.T.);
#4770=CARTESIAN_POINT('',(1.8415,1.27,8.1788));
#4771=DIRECTION('',(1.0,0.0,0.0));
#4772=DIRECTION('',(0.0,1.0,0.0));
#4773=ORIENTED_EDGE('',*,*,#8393,.T.);
#4774=ORIENTED_EDGE('',*,*,#8422,.F.);
#4775=ORIENTED_EDGE('',*,*,#8423,.F.);
#4776=ORIENTED_EDGE('',*,*,#8424,.T.);
#4777=CARTESIAN_POINT('',(1.5875,2.49064063426503,5.8061400374554));
#4778=DIRECTION('',(0.0,0.965925826289076,0.258819045102493));
#4779=DIRECTION('',(1.0,0.0,-0.0));
#4780=ORIENTED_EDGE('',*,*,#8424,.F.);
#4781=ORIENTED_EDGE('',*,*,#8425,.F.);
#4782=ORIENTED_EDGE('',*,*,#8415,.F.);
#4783=ORIENTED_EDGE('',*,*,#8394,.F.);
#4784=CARTESIAN_POINT('',(1.5875,1.27,8.1788));
#4785=DIRECTION('',(1.0,0.0,0.0));
#4786=DIRECTION('',(0.0,1.0,0.0));
#4787=ORIENTED_EDGE('',*,*,#8423,.T.);
#4788=ORIENTED_EDGE('',*,*,#8421,.F.);
#4789=ORIENTED_EDGE('',*,*,#8416,.F.);
#4790=ORIENTED_EDGE('',*,*,#8425,.T.);
#4791=CARTESIAN_POINT('',(1.5875,2.24529547438762,5.7404));
#4792=DIRECTION('',(0.0,0.258819045102493,-0.965925826289076));
#4793=DIRECTION('',(-1.0,0.0,0.0));
#4794=ORIENTED_EDGE('',*,*,#8419,.F.);
#4795=ORIENTED_EDGE('',*,*,#8361,.F.);
#4796=ORIENTED_EDGE('',*,*,#8215,.F.);
#4797=ORIENTED_EDGE('',*,*,#8426,.F.);
#4798=ORIENTED_EDGE('',*,*,#8390,.T.);
#4799=ORIENTED_EDGE('',*,*,#8409,.T.);
#4800=CARTESIAN_POINT('',(0.0,0.0,5.588));
#4801=DIRECTION('',(0.0,0.0,-1.0));
#4802=DIRECTION('',(0.0,-1.0,0.0));
#4803=ORIENTED_EDGE('',*,*,#8378,.T.);
#4804=ORIENTED_EDGE('',*,*,#8391,.F.);
#4805=ORIENTED_EDGE('',*,*,#8426,.T.);
#4806=ORIENTED_EDGE('',*,*,#8214,.T.);
#4807=ORIENTED_EDGE('',*,*,#8037,.F.);
#4808=ORIENTED_EDGE('',*,*,#8369,.T.);
#4809=ORIENTED_EDGE('',*,*,#8427,.T.);
#4810=CARTESIAN_POINT('',(1.2065,1.9685,8.636));
#4811=DIRECTION('',(1.0,0.0,0.0));
#4812=DIRECTION('',(0.0,1.0,0.0));
#4813=ORIENTED_EDGE('',*,*,#8382,.T.);
#4814=ORIENTED_EDGE('',*,*,#8428,.T.);
#4815=ORIENTED_EDGE('',*,*,#8365,.F.);
#4816=ORIENTED_EDGE('',*,*,#8363,.F.);
#4817=CARTESIAN_POINT('',(1.2827,1.9685,8.1788));
#4818=DIRECTION('',(0.0,-1.0,0.0));
#4819=DIRECTION('',(0.0,0.0,-1.0));
#4820=ORIENTED_EDGE('',*,*,#8368,.F.);
#4821=ORIENTED_EDGE('',*,*,#8375,.F.);
#4822=ORIENTED_EDGE('',*,*,#8379,.T.);
#4823=ORIENTED_EDGE('',*,*,#8427,.F.);
#4824=CARTESIAN_POINT('',(1.2827,1.9685,8.1788));
#4825=DIRECTION('',(0.0,-1.0,0.0));
#4826=DIRECTION('',(0.0,0.0,-1.0));
#4827=ORIENTED_EDGE('',*,*,#8429,.T.);
#4828=ORIENTED_EDGE('',*,*,#8370,.F.);
#4829=ORIENTED_EDGE('',*,*,#8428,.F.);
#4830=ORIENTED_EDGE('',*,*,#8381,.T.);
#4831=CARTESIAN_POINT('',(1.9812,1.27,8.1788));
#4832=DIRECTION('',(-1.0,0.0,0.0));
#4833=DIRECTION('',(0.0,0.0,1.0));
#4834=ORIENTED_EDGE('',*,*,#8376,.T.);
#4835=ORIENTED_EDGE('',*,*,#8372,.F.);
#4836=ORIENTED_EDGE('',*,*,#8429,.F.);
#4837=ORIENTED_EDGE('',*,*,#8380,.T.);
#4838=CARTESIAN_POINT('',(1.2827,0.5715,8.1788));
#4839=DIRECTION('',(-0.0,1.0,0.0));
#4840=DIRECTION('',(1.0,0.0,0.0));
#4841=ORIENTED_EDGE('',*,*,#8213,.T.);
#4842=ORIENTED_EDGE('',*,*,#8430,.T.);
#4843=ORIENTED_EDGE('',*,*,#8431,.F.);
#4844=ORIENTED_EDGE('',*,*,#8432,.T.);
#4845=ORIENTED_EDGE('',*,*,#8433,.T.);
#4846=ORIENTED_EDGE('',*,*,#8039,.T.);
#4847=CARTESIAN_POINT('',(-0.5715,2.5273,8.636));
#4848=DIRECTION('',(-1.0,0.0,0.0));
#4849=DIRECTION('',(0.0,0.0,1.0));
#4850=ORIENTED_EDGE('',*,*,#8434,.T.);
#4851=ORIENTED_EDGE('',*,*,#8435,.T.);
#4852=ORIENTED_EDGE('',*,*,#8040,.F.);
#4853=ORIENTED_EDGE('',*,*,#8433,.F.);
#4854=CARTESIAN_POINT('',(-1.25639064261857,2.0955,8.4836));
#4855=DIRECTION('',(0.0,-0.768221279597376,0.64018439966448));
#4856=DIRECTION('',(-1.0,0.0,0.0));
#4857=ORIENTED_EDGE('',*,*,#8044,.F.);
#4858=ORIENTED_EDGE('',*,*,#8436,.F.);
#4859=ORIENTED_EDGE('',*,*,#8437,.T.);
#4860=ORIENTED_EDGE('',*,*,#8438,.F.);
#4861=CARTESIAN_POINT('',(-1.25639064261857,2.0955,8.4836));
#4862=DIRECTION('',(0.0,-0.768221279597376,0.64018439966448));
#4863=DIRECTION('',(-1.0,0.0,0.0));
#4864=ORIENTED_EDGE('',*,*,#8435,.F.);
#4865=ORIENTED_EDGE('',*,*,#8439,.T.);
#4866=ORIENTED_EDGE('',*,*,#8440,.T.);
#4867=ORIENTED_EDGE('',*,*,#8041,.F.);
#4868=CARTESIAN_POINT('',(-0.430891514116188,1.27091109871145,8.4836));
#4869=DIRECTION('',(-0.765970929903329,0.0,0.642875209152624));
#4870=DIRECTION('',(0.0,1.0,0.0));
#4871=ORIENTED_EDGE('',*,*,#8440,.F.);
#4872=ORIENTED_EDGE('',*,*,#8441,.T.);
#4873=ORIENTED_EDGE('',*,*,#8442,.T.);
#4874=ORIENTED_EDGE('',*,*,#8042,.F.);
#4875=ORIENTED_EDGE('',*,*,#8442,.F.);
#4876=ORIENTED_EDGE('',*,*,#8443,.T.);
#4877=ORIENTED_EDGE('',*,*,#8436,.T.);
#4878=ORIENTED_EDGE('',*,*,#8043,.F.);
#4879=CARTESIAN_POINT('',(-2.08188977112069,1.27,8.4836));
#4880=DIRECTION('',(0.770479654652467,0.0,0.637464588637373));
#4881=DIRECTION('',(0.0,-1.0,0.0));
#4882=ORIENTED_EDGE('',*,*,#8444,.T.);
#4883=ORIENTED_EDGE('',*,*,#8443,.F.);
#4884=ORIENTED_EDGE('',*,*,#8445,.F.);
#4885=ORIENTED_EDGE('',*,*,#8446,.T.);
#4886=CARTESIAN_POINT('',(-1.9558,1.27,8.1788));
#4887=DIRECTION('',(1.0,0.0,0.0));
#4888=DIRECTION('',(0.0,1.0,0.0));
#4889=ORIENTED_EDGE('',*,*,#8447,.F.);
#4890=ORIENTED_EDGE('',*,*,#8448,.F.);
#4891=ORIENTED_EDGE('',*,*,#8446,.F.);
#4892=ORIENTED_EDGE('',*,*,#8449,.F.);
#4893=ORIENTED_EDGE('',*,*,#8450,.F.);
#4894=ORIENTED_EDGE('',*,*,#8451,.F.);
#4895=ORIENTED_EDGE('',*,*,#8452,.T.);
#4896=ORIENTED_EDGE('',*,*,#8453,.F.);
#4897=ORIENTED_EDGE('',*,*,#8454,.F.);
#4898=CARTESIAN_POINT('',(0.0,0.0,8.0264));
#4899=DIRECTION('',(0.0,0.0,-1.0));
#4900=DIRECTION('',(0.0,-1.0,0.0));
#4901=ORIENTED_EDGE('',*,*,#7901,.T.);
#4902=ORIENTED_EDGE('',*,*,#8455,.T.);
#4903=ORIENTED_EDGE('',*,*,#8456,.F.);
#4904=ORIENTED_EDGE('',*,*,#8457,.F.);
#4905=CARTESIAN_POINT('',(-1.5875,2.15500000000002,8.0264));
#4906=DIRECTION('',(0.0,-1.0,0.0));
#4907=DIRECTION('',(0.0,0.0,-1.0));
#4908=ORIENTED_EDGE('',*,*,#8458,.T.);
#4909=ORIENTED_EDGE('',*,*,#8459,.F.);
#4910=ORIENTED_EDGE('',*,*,#8460,.T.);
#4911=ORIENTED_EDGE('',*,*,#8454,.T.);
#4912=ORIENTED_EDGE('',*,*,#8461,.F.);
#4913=ORIENTED_EDGE('',*,*,#8462,.F.);
#4914=ORIENTED_EDGE('',*,*,#8463,.T.);
#4915=CARTESIAN_POINT('',(-1.5875,2.15500000000002,8.0264));
#4916=DIRECTION('',(0.0,-1.0,0.0));
#4917=DIRECTION('',(0.0,0.0,-1.0));
#4918=ORIENTED_EDGE('',*,*,#8464,.T.);
#4919=ORIENTED_EDGE('',*,*,#8465,.T.);
#4920=ORIENTED_EDGE('',*,*,#8466,.T.);
#4921=ORIENTED_EDGE('',*,*,#8467,.T.);
#4922=ORIENTED_EDGE('',*,*,#8468,.T.);
#4923=ORIENTED_EDGE('',*,*,#8469,.T.);
#4924=ORIENTED_EDGE('',*,*,#7902,.F.);
#4925=ORIENTED_EDGE('',*,*,#8457,.T.);
#4926=CARTESIAN_POINT('',(-1.5875,1.27,8.1788));
#4927=DIRECTION('',(-1.0,0.0,0.0));
#4928=DIRECTION('',(0.0,0.0,1.0));
#4929=ORIENTED_EDGE('',*,*,#8469,.F.);
#4930=ORIENTED_EDGE('',*,*,#8470,.T.);
#4931=ORIENTED_EDGE('',*,*,#8471,.T.);
#4932=ORIENTED_EDGE('',*,*,#7899,.F.);
#4933=CARTESIAN_POINT('',(-1.5875,1.905,-0.207200000000009));
#4934=DIRECTION('',(-0.0,1.0,0.0));
#4935=DIRECTION('',(1.0,0.0,0.0));
#4936=ORIENTED_EDGE('',*,*,#8471,.F.);
#4937=ORIENTED_EDGE('',*,*,#8472,.F.);
#4938=ORIENTED_EDGE('',*,*,#8473,.F.);
#4939=ORIENTED_EDGE('',*,*,#8474,.F.);
#4940=ORIENTED_EDGE('',*,*,#8475,.F.);
#4941=ORIENTED_EDGE('',*,*,#8476,.F.);
#4942=ORIENTED_EDGE('',*,*,#8455,.F.);
#4943=ORIENTED_EDGE('',*,*,#7900,.T.);
#4944=CARTESIAN_POINT('',(-0.9525,1.27,8.1788));
#4945=DIRECTION('',(-1.0,0.0,0.0));
#4946=DIRECTION('',(0.0,0.0,1.0));
#4947=ORIENTED_EDGE('',*,*,#8477,.F.);
#4948=ORIENTED_EDGE('',*,*,#8478,.F.);
#4949=ORIENTED_EDGE('',*,*,#8458,.F.);
#4950=ORIENTED_EDGE('',*,*,#8479,.F.);
#4951=CARTESIAN_POINT('',(-0.9525,1.27,8.1788));
#4952=DIRECTION('',(-1.0,0.0,0.0));
#4953=DIRECTION('',(0.0,0.0,1.0));
#4954=ORIENTED_EDGE('',*,*,#8456,.T.);
#4955=ORIENTED_EDGE('',*,*,#8476,.T.);
#4956=ORIENTED_EDGE('',*,*,#8480,.F.);
#4957=ORIENTED_EDGE('',*,*,#8464,.F.);
#4958=CARTESIAN_POINT('',(-1.5875,2.40900000000002,-0.207200000000009));
#4959=DIRECTION('',(1.0,0.0,0.0));
#4960=DIRECTION('',(0.0,-1.0,0.0));
#4961=ORIENTED_EDGE('',*,*,#8480,.T.);
#4962=ORIENTED_EDGE('',*,*,#8475,.T.);
#4963=ORIENTED_EDGE('',*,*,#8481,.F.);
#4964=ORIENTED_EDGE('',*,*,#8465,.F.);
#4965=CARTESIAN_POINT('',(-1.5875,2.40900000000002,-0.461199999999984));
#4966=DIRECTION('',(0.0,0.0,-1.0));
#4967=DIRECTION('',(0.0,-1.0,0.0));
#4968=ORIENTED_EDGE('',*,*,#8481,.T.);
#4969=ORIENTED_EDGE('',*,*,#8474,.T.);
#4970=ORIENTED_EDGE('',*,*,#8482,.F.);
#4971=ORIENTED_EDGE('',*,*,#8466,.F.);
#4972=CARTESIAN_POINT('',(-1.5875,3.3782,-0.461199999999984));
#4973=DIRECTION('',(0.0,-1.0,0.0));
#4974=DIRECTION('',(0.0,0.0,-1.0));
#4975=ORIENTED_EDGE('',*,*,#8482,.T.);
#4976=ORIENTED_EDGE('',*,*,#8473,.T.);
#4977=ORIENTED_EDGE('',*,*,#8483,.F.);
#4978=ORIENTED_EDGE('',*,*,#8467,.F.);
#4979=CARTESIAN_POINT('',(-1.5875,3.3782,-0.7112));
#4980=DIRECTION('',(0.0,0.0,1.0));
#4981=DIRECTION('',(1.0,0.0,0.0));
#4982=ORIENTED_EDGE('',*,*,#8483,.T.);
#4983=ORIENTED_EDGE('',*,*,#8472,.T.);
#4984=ORIENTED_EDGE('',*,*,#8470,.F.);
#4985=ORIENTED_EDGE('',*,*,#8468,.F.);
#4986=CARTESIAN_POINT('',(-1.5875,2.40900000000002,-0.207200000000009));
#4987=DIRECTION('',(1.0,0.0,0.0));
#4988=DIRECTION('',(0.0,-1.0,0.0));
#4989=ORIENTED_EDGE('',*,*,#8484,.T.);
#4990=ORIENTED_EDGE('',*,*,#8485,.T.);
#4991=ORIENTED_EDGE('',*,*,#8486,.F.);
#4992=ORIENTED_EDGE('',*,*,#8487,.F.);
#4993=ORIENTED_EDGE('',*,*,#8479,.T.);
#4994=CARTESIAN_POINT('',(-0.9525,1.905,7.0104));
#4995=DIRECTION('',(0.0,-0.965925826289076,-0.258819045102493));
#4996=DIRECTION('',(0.0,0.258819045102493,-0.965925826289076));
#4997=ORIENTED_EDGE('',*,*,#8452,.F.);
#4998=ORIENTED_EDGE('',*,*,#8431,.T.);
#4999=ORIENTED_EDGE('',*,*,#8488,.T.);
#5000=ORIENTED_EDGE('',*,*,#8477,.T.);
#5001=ORIENTED_EDGE('',*,*,#8487,.T.);
#5002=ORIENTED_EDGE('',*,*,#8489,.F.);
#5003=CARTESIAN_POINT('',(-0.5715,1.9685,8.636));
#5004=DIRECTION('',(-0.0,1.0,0.0));
#5005=DIRECTION('',(1.0,0.0,0.0));
#5006=ORIENTED_EDGE('',*,*,#8486,.T.);
#5007=ORIENTED_EDGE('',*,*,#8490,.T.);
#5008=ORIENTED_EDGE('',*,*,#8491,.T.);
#5009=ORIENTED_EDGE('',*,*,#8461,.T.);
#5010=ORIENTED_EDGE('',*,*,#8453,.T.);
#5011=ORIENTED_EDGE('',*,*,#8489,.T.);
#5012=CARTESIAN_POINT('',(-0.6985,1.27,8.1788));
#5013=DIRECTION('',(1.0,0.0,0.0));
#5014=DIRECTION('',(0.0,1.0,0.0));
#5015=ORIENTED_EDGE('',*,*,#8462,.T.);
#5016=ORIENTED_EDGE('',*,*,#8491,.F.);
#5017=ORIENTED_EDGE('',*,*,#8492,.F.);
#5018=ORIENTED_EDGE('',*,*,#8493,.T.);
#5019=CARTESIAN_POINT('',(-0.9525,2.49064063426503,5.8061400374554));
#5020=DIRECTION('',(0.0,0.965925826289076,0.258819045102493));
#5021=DIRECTION('',(1.0,0.0,-0.0));
#5022=ORIENTED_EDGE('',*,*,#8493,.F.);
#5023=ORIENTED_EDGE('',*,*,#8494,.F.);
#5024=ORIENTED_EDGE('',*,*,#8484,.F.);
#5025=ORIENTED_EDGE('',*,*,#8463,.F.);
#5026=CARTESIAN_POINT('',(-0.9525,1.27,8.1788));
#5027=DIRECTION('',(1.0,0.0,0.0));
#5028=DIRECTION('',(0.0,1.0,0.0));
#5029=ORIENTED_EDGE('',*,*,#8492,.T.);
#5030=ORIENTED_EDGE('',*,*,#8490,.F.);
#5031=ORIENTED_EDGE('',*,*,#8485,.F.);
#5032=ORIENTED_EDGE('',*,*,#8494,.T.);
#5033=CARTESIAN_POINT('',(-0.9525,2.24529547438762,5.7404));
#5034=DIRECTION('',(0.0,0.258819045102493,-0.965925826289076));
#5035=DIRECTION('',(-1.0,0.0,0.0));
#5036=ORIENTED_EDGE('',*,*,#8488,.F.);
#5037=ORIENTED_EDGE('',*,*,#8430,.F.);
#5038=ORIENTED_EDGE('',*,*,#8212,.F.);
#5039=ORIENTED_EDGE('',*,*,#8495,.F.);
#5040=ORIENTED_EDGE('',*,*,#8459,.T.);
#5041=ORIENTED_EDGE('',*,*,#8478,.T.);
#5042=CARTESIAN_POINT('',(0.0,0.0,5.588));
#5043=DIRECTION('',(0.0,0.0,-1.0));
#5044=DIRECTION('',(0.0,-1.0,0.0));
#5045=ORIENTED_EDGE('',*,*,#8447,.T.);
#5046=ORIENTED_EDGE('',*,*,#8460,.F.);
#5047=ORIENTED_EDGE('',*,*,#8495,.T.);
#5048=ORIENTED_EDGE('',*,*,#8211,.T.);
#5049=ORIENTED_EDGE('',*,*,#8045,.F.);
#5050=ORIENTED_EDGE('',*,*,#8438,.T.);
#5051=ORIENTED_EDGE('',*,*,#8496,.T.);
#5052=CARTESIAN_POINT('',(-1.3335,1.9685,8.636));
#5053=DIRECTION('',(1.0,0.0,0.0));
#5054=DIRECTION('',(0.0,1.0,0.0));
#5055=ORIENTED_EDGE('',*,*,#8451,.T.);
#5056=ORIENTED_EDGE('',*,*,#8497,.T.);
#5057=ORIENTED_EDGE('',*,*,#8434,.F.);
#5058=ORIENTED_EDGE('',*,*,#8432,.F.);
#5059=CARTESIAN_POINT('',(-1.2573,1.9685,8.1788));
#5060=DIRECTION('',(0.0,-1.0,0.0));
#5061=DIRECTION('',(0.0,0.0,-1.0));
#5062=ORIENTED_EDGE('',*,*,#8437,.F.);
#5063=ORIENTED_EDGE('',*,*,#8444,.F.);
#5064=ORIENTED_EDGE('',*,*,#8448,.T.);
#5065=ORIENTED_EDGE('',*,*,#8496,.F.);
#5066=CARTESIAN_POINT('',(-1.2573,1.9685,8.1788));
#5067=DIRECTION('',(0.0,-1.0,0.0));
#5068=DIRECTION('',(0.0,0.0,-1.0));
#5069=ORIENTED_EDGE('',*,*,#8498,.T.);
#5070=ORIENTED_EDGE('',*,*,#8439,.F.);
#5071=ORIENTED_EDGE('',*,*,#8497,.F.);
#5072=ORIENTED_EDGE('',*,*,#8450,.T.);
#5073=CARTESIAN_POINT('',(-0.5588,1.27,8.1788));
#5074=DIRECTION('',(-1.0,0.0,0.0));
#5075=DIRECTION('',(0.0,0.0,1.0));
#5076=ORIENTED_EDGE('',*,*,#8445,.T.);
#5077=ORIENTED_EDGE('',*,*,#8441,.F.);
#5078=ORIENTED_EDGE('',*,*,#8498,.F.);
#5079=ORIENTED_EDGE('',*,*,#8449,.T.);
#5080=CARTESIAN_POINT('',(-1.2573,0.5715,8.1788));
#5081=DIRECTION('',(-0.0,1.0,0.0));
#5082=DIRECTION('',(1.0,0.0,0.0));
#5083=ORIENTED_EDGE('',*,*,#8210,.T.);
#5084=ORIENTED_EDGE('',*,*,#8499,.T.);
#5085=ORIENTED_EDGE('',*,*,#8500,.F.);
#5086=ORIENTED_EDGE('',*,*,#8501,.T.);
#5087=ORIENTED_EDGE('',*,*,#8502,.T.);
#5088=ORIENTED_EDGE('',*,*,#8047,.T.);
#5089=CARTESIAN_POINT('',(-3.1115,2.5273,8.636));
#5090=DIRECTION('',(-1.0,0.0,0.0));
#5091=DIRECTION('',(0.0,0.0,1.0));
#5092=ORIENTED_EDGE('',*,*,#8503,.T.);
#5093=ORIENTED_EDGE('',*,*,#8504,.T.);
#5094=ORIENTED_EDGE('',*,*,#8048,.F.);
#5095=ORIENTED_EDGE('',*,*,#8502,.F.);
#5096=CARTESIAN_POINT('',(-3.79639064261882,2.0955,8.4836));
#5097=DIRECTION('',(0.0,-0.768221279597376,0.64018439966448));
#5098=DIRECTION('',(-1.0,0.0,0.0));
#5099=ORIENTED_EDGE('',*,*,#8052,.F.);
#5100=ORIENTED_EDGE('',*,*,#8505,.F.);
#5101=ORIENTED_EDGE('',*,*,#8506,.T.);
#5102=ORIENTED_EDGE('',*,*,#8507,.F.);
#5103=CARTESIAN_POINT('',(-3.79639064261882,2.0955,8.4836));
#5104=DIRECTION('',(0.0,-0.768221279597376,0.64018439966448));
#5105=DIRECTION('',(-1.0,0.0,0.0));
#5106=ORIENTED_EDGE('',*,*,#8504,.F.);
#5107=ORIENTED_EDGE('',*,*,#8508,.T.);
#5108=ORIENTED_EDGE('',*,*,#8509,.T.);
#5109=ORIENTED_EDGE('',*,*,#8049,.F.);
#5110=CARTESIAN_POINT('',(-2.97089151411568,1.27091109871145,8.4836));
#5111=DIRECTION('',(-0.765970929903329,0.0,0.642875209152624));
#5112=DIRECTION('',(0.0,1.0,0.0));
#5113=ORIENTED_EDGE('',*,*,#8509,.F.);
#5114=ORIENTED_EDGE('',*,*,#8510,.T.);
#5115=ORIENTED_EDGE('',*,*,#8511,.T.);
#5116=ORIENTED_EDGE('',*,*,#8050,.F.);
#5117=ORIENTED_EDGE('',*,*,#8511,.F.);
#5118=ORIENTED_EDGE('',*,*,#8512,.T.);
#5119=ORIENTED_EDGE('',*,*,#8505,.T.);
#5120=ORIENTED_EDGE('',*,*,#8051,.F.);
#5121=CARTESIAN_POINT('',(-4.62188977112196,1.27,8.4836));
#5122=DIRECTION('',(0.770479654652467,0.0,0.637464588637373));
#5123=DIRECTION('',(0.0,-1.0,0.0));
#5124=ORIENTED_EDGE('',*,*,#8513,.T.);
#5125=ORIENTED_EDGE('',*,*,#8512,.F.);
#5126=ORIENTED_EDGE('',*,*,#8514,.F.);
#5127=ORIENTED_EDGE('',*,*,#8515,.T.);
#5128=CARTESIAN_POINT('',(-4.4958,1.27,8.1788));
#5129=DIRECTION('',(1.0,0.0,0.0));
#5130=DIRECTION('',(0.0,1.0,0.0));
#5131=ORIENTED_EDGE('',*,*,#8516,.F.);
#5132=ORIENTED_EDGE('',*,*,#8517,.F.);
#5133=ORIENTED_EDGE('',*,*,#8515,.F.);
#5134=ORIENTED_EDGE('',*,*,#8518,.F.);
#5135=ORIENTED_EDGE('',*,*,#8519,.F.);
#5136=ORIENTED_EDGE('',*,*,#8520,.F.);
#5137=ORIENTED_EDGE('',*,*,#8521,.T.);
#5138=ORIENTED_EDGE('',*,*,#8522,.F.);
#5139=ORIENTED_EDGE('',*,*,#8523,.F.);
#5140=CARTESIAN_POINT('',(0.0,0.0,8.0264));
#5141=DIRECTION('',(0.0,0.0,-1.0));
#5142=DIRECTION('',(0.0,-1.0,0.0));
#5143=ORIENTED_EDGE('',*,*,#7897,.T.);
#5144=ORIENTED_EDGE('',*,*,#8524,.T.);
#5145=ORIENTED_EDGE('',*,*,#8525,.F.);
#5146=ORIENTED_EDGE('',*,*,#8526,.F.);
#5147=CARTESIAN_POINT('',(-4.1275,2.15500000000002,8.0264));
#5148=DIRECTION('',(0.0,-1.0,0.0));
#5149=DIRECTION('',(0.0,0.0,-1.0));
#5150=ORIENTED_EDGE('',*,*,#8527,.T.);
#5151=ORIENTED_EDGE('',*,*,#8528,.F.);
#5152=ORIENTED_EDGE('',*,*,#8529,.T.);
#5153=ORIENTED_EDGE('',*,*,#8523,.T.);
#5154=ORIENTED_EDGE('',*,*,#8530,.F.);
#5155=ORIENTED_EDGE('',*,*,#8531,.F.);
#5156=ORIENTED_EDGE('',*,*,#8532,.T.);
#5157=CARTESIAN_POINT('',(-4.1275,2.15500000000002,8.0264));
#5158=DIRECTION('',(0.0,-1.0,0.0));
#5159=DIRECTION('',(0.0,0.0,-1.0));
#5160=ORIENTED_EDGE('',*,*,#8533,.T.);
#5161=ORIENTED_EDGE('',*,*,#8534,.T.);
#5162=ORIENTED_EDGE('',*,*,#8535,.T.);
#5163=ORIENTED_EDGE('',*,*,#8536,.T.);
#5164=ORIENTED_EDGE('',*,*,#8537,.T.);
#5165=ORIENTED_EDGE('',*,*,#8538,.T.);
#5166=ORIENTED_EDGE('',*,*,#7898,.F.);
#5167=ORIENTED_EDGE('',*,*,#8526,.T.);
#5168=CARTESIAN_POINT('',(-4.1275,1.27,8.1788));
#5169=DIRECTION('',(-1.0,0.0,0.0));
#5170=DIRECTION('',(0.0,0.0,1.0));
#5171=ORIENTED_EDGE('',*,*,#8538,.F.);
#5172=ORIENTED_EDGE('',*,*,#8539,.T.);
#5173=ORIENTED_EDGE('',*,*,#8540,.T.);
#5174=ORIENTED_EDGE('',*,*,#7895,.F.);
#5175=CARTESIAN_POINT('',(-4.1275,1.905,-0.207200000000009));
#5176=DIRECTION('',(-0.0,1.0,0.0));
#5177=DIRECTION('',(1.0,0.0,0.0));
#5178=ORIENTED_EDGE('',*,*,#8540,.F.);
#5179=ORIENTED_EDGE('',*,*,#8541,.F.);
#5180=ORIENTED_EDGE('',*,*,#8542,.F.);
#5181=ORIENTED_EDGE('',*,*,#8543,.F.);
#5182=ORIENTED_EDGE('',*,*,#8544,.F.);
#5183=ORIENTED_EDGE('',*,*,#8545,.F.);
#5184=ORIENTED_EDGE('',*,*,#8524,.F.);
#5185=ORIENTED_EDGE('',*,*,#7896,.T.);
#5186=CARTESIAN_POINT('',(-3.4925,1.27,8.1788));
#5187=DIRECTION('',(-1.0,0.0,0.0));
#5188=DIRECTION('',(0.0,0.0,1.0));
#5189=ORIENTED_EDGE('',*,*,#8546,.F.);
#5190=ORIENTED_EDGE('',*,*,#8547,.F.);
#5191=ORIENTED_EDGE('',*,*,#8527,.F.);
#5192=ORIENTED_EDGE('',*,*,#8548,.F.);
#5193=CARTESIAN_POINT('',(-3.4925,1.27,8.1788));
#5194=DIRECTION('',(-1.0,0.0,0.0));
#5195=DIRECTION('',(0.0,0.0,1.0));
#5196=ORIENTED_EDGE('',*,*,#8525,.T.);
#5197=ORIENTED_EDGE('',*,*,#8545,.T.);
#5198=ORIENTED_EDGE('',*,*,#8549,.F.);
#5199=ORIENTED_EDGE('',*,*,#8533,.F.);
#5200=CARTESIAN_POINT('',(-4.1275,2.40900000000002,-0.207200000000009));
#5201=DIRECTION('',(1.0,0.0,0.0));
#5202=DIRECTION('',(0.0,-1.0,0.0));
#5203=ORIENTED_EDGE('',*,*,#8549,.T.);
#5204=ORIENTED_EDGE('',*,*,#8544,.T.);
#5205=ORIENTED_EDGE('',*,*,#8550,.F.);
#5206=ORIENTED_EDGE('',*,*,#8534,.F.);
#5207=CARTESIAN_POINT('',(-4.1275,2.40900000000002,-0.461199999999984));
#5208=DIRECTION('',(0.0,0.0,-1.0));
#5209=DIRECTION('',(0.0,-1.0,0.0));
#5210=ORIENTED_EDGE('',*,*,#8550,.T.);
#5211=ORIENTED_EDGE('',*,*,#8543,.T.);
#5212=ORIENTED_EDGE('',*,*,#8551,.F.);
#5213=ORIENTED_EDGE('',*,*,#8535,.F.);
#5214=CARTESIAN_POINT('',(-4.1275,3.3782,-0.461199999999984));
#5215=DIRECTION('',(0.0,-1.0,0.0));
#5216=DIRECTION('',(0.0,0.0,-1.0));
#5217=ORIENTED_EDGE('',*,*,#8551,.T.);
#5218=ORIENTED_EDGE('',*,*,#8542,.T.);
#5219=ORIENTED_EDGE('',*,*,#8552,.F.);
#5220=ORIENTED_EDGE('',*,*,#8536,.F.);
#5221=CARTESIAN_POINT('',(-4.1275,3.3782,-0.7112));
#5222=DIRECTION('',(0.0,0.0,1.0));
#5223=DIRECTION('',(1.0,0.0,0.0));
#5224=ORIENTED_EDGE('',*,*,#8552,.T.);
#5225=ORIENTED_EDGE('',*,*,#8541,.T.);
#5226=ORIENTED_EDGE('',*,*,#8539,.F.);
#5227=ORIENTED_EDGE('',*,*,#8537,.F.);
#5228=CARTESIAN_POINT('',(-4.1275,2.40900000000002,-0.207200000000009));
#5229=DIRECTION('',(1.0,0.0,0.0));
#5230=DIRECTION('',(0.0,-1.0,0.0));
#5231=ORIENTED_EDGE('',*,*,#8553,.T.);
#5232=ORIENTED_EDGE('',*,*,#8554,.T.);
#5233=ORIENTED_EDGE('',*,*,#8555,.F.);
#5234=ORIENTED_EDGE('',*,*,#8556,.F.);
#5235=ORIENTED_EDGE('',*,*,#8548,.T.);
#5236=CARTESIAN_POINT('',(-3.4925,1.905,7.0104));
#5237=DIRECTION('',(0.0,-0.965925826289076,-0.258819045102493));
#5238=DIRECTION('',(0.0,0.258819045102493,-0.965925826289076));
#5239=ORIENTED_EDGE('',*,*,#8521,.F.);
#5240=ORIENTED_EDGE('',*,*,#8500,.T.);
#5241=ORIENTED_EDGE('',*,*,#8557,.T.);
#5242=ORIENTED_EDGE('',*,*,#8546,.T.);
#5243=ORIENTED_EDGE('',*,*,#8556,.T.);
#5244=ORIENTED_EDGE('',*,*,#8558,.F.);
#5245=CARTESIAN_POINT('',(-3.1115,1.9685,8.636));
#5246=DIRECTION('',(-0.0,1.0,0.0));
#5247=DIRECTION('',(1.0,0.0,0.0));
#5248=ORIENTED_EDGE('',*,*,#8555,.T.);
#5249=ORIENTED_EDGE('',*,*,#8559,.T.);
#5250=ORIENTED_EDGE('',*,*,#8560,.T.);
#5251=ORIENTED_EDGE('',*,*,#8530,.T.);
#5252=ORIENTED_EDGE('',*,*,#8522,.T.);
#5253=ORIENTED_EDGE('',*,*,#8558,.T.);
#5254=CARTESIAN_POINT('',(-3.2385,1.27,8.1788));
#5255=DIRECTION('',(1.0,0.0,0.0));
#5256=DIRECTION('',(0.0,1.0,0.0));
#5257=ORIENTED_EDGE('',*,*,#8531,.T.);
#5258=ORIENTED_EDGE('',*,*,#8560,.F.);
#5259=ORIENTED_EDGE('',*,*,#8561,.F.);
#5260=ORIENTED_EDGE('',*,*,#8562,.T.);
#5261=CARTESIAN_POINT('',(-3.4925,2.49064063426503,5.8061400374554));
#5262=DIRECTION('',(0.0,0.965925826289076,0.258819045102493));
#5263=DIRECTION('',(1.0,0.0,-0.0));
#5264=ORIENTED_EDGE('',*,*,#8562,.F.);
#5265=ORIENTED_EDGE('',*,*,#8563,.F.);
#5266=ORIENTED_EDGE('',*,*,#8553,.F.);
#5267=ORIENTED_EDGE('',*,*,#8532,.F.);
#5268=CARTESIAN_POINT('',(-3.4925,1.27,8.1788));
#5269=DIRECTION('',(1.0,0.0,0.0));
#5270=DIRECTION('',(0.0,1.0,0.0));
#5271=ORIENTED_EDGE('',*,*,#8561,.T.);
#5272=ORIENTED_EDGE('',*,*,#8559,.F.);
#5273=ORIENTED_EDGE('',*,*,#8554,.F.);
#5274=ORIENTED_EDGE('',*,*,#8563,.T.);
#5275=CARTESIAN_POINT('',(-3.4925,2.24529547438762,5.7404));
#5276=DIRECTION('',(0.0,0.258819045102493,-0.965925826289076));
#5277=DIRECTION('',(-1.0,0.0,0.0));
#5278=ORIENTED_EDGE('',*,*,#8557,.F.);
#5279=ORIENTED_EDGE('',*,*,#8499,.F.);
#5280=ORIENTED_EDGE('',*,*,#8209,.F.);
#5281=ORIENTED_EDGE('',*,*,#8564,.F.);
#5282=ORIENTED_EDGE('',*,*,#8528,.T.);
#5283=ORIENTED_EDGE('',*,*,#8547,.T.);
#5284=CARTESIAN_POINT('',(0.0,0.0,5.588));
#5285=DIRECTION('',(0.0,0.0,-1.0));
#5286=DIRECTION('',(0.0,-1.0,0.0));
#5287=ORIENTED_EDGE('',*,*,#8516,.T.);
#5288=ORIENTED_EDGE('',*,*,#8529,.F.);
#5289=ORIENTED_EDGE('',*,*,#8564,.T.);
#5290=ORIENTED_EDGE('',*,*,#8208,.T.);
#5291=ORIENTED_EDGE('',*,*,#8053,.F.);
#5292=ORIENTED_EDGE('',*,*,#8507,.T.);
#5293=ORIENTED_EDGE('',*,*,#8565,.T.);
#5294=CARTESIAN_POINT('',(-3.8735,1.9685,8.636));
#5295=DIRECTION('',(1.0,0.0,0.0));
#5296=DIRECTION('',(0.0,1.0,0.0));
#5297=ORIENTED_EDGE('',*,*,#8520,.T.);
#5298=ORIENTED_EDGE('',*,*,#8566,.T.);
#5299=ORIENTED_EDGE('',*,*,#8503,.F.);
#5300=ORIENTED_EDGE('',*,*,#8501,.F.);
#5301=CARTESIAN_POINT('',(-3.7973,1.9685,8.1788));
#5302=DIRECTION('',(0.0,-1.0,0.0));
#5303=DIRECTION('',(0.0,0.0,-1.0));
#5304=ORIENTED_EDGE('',*,*,#8506,.F.);
#5305=ORIENTED_EDGE('',*,*,#8513,.F.);
#5306=ORIENTED_EDGE('',*,*,#8517,.T.);
#5307=ORIENTED_EDGE('',*,*,#8565,.F.);
#5308=CARTESIAN_POINT('',(-3.7973,1.9685,8.1788));
#5309=DIRECTION('',(0.0,-1.0,0.0));
#5310=DIRECTION('',(0.0,0.0,-1.0));
#5311=ORIENTED_EDGE('',*,*,#8567,.T.);
#5312=ORIENTED_EDGE('',*,*,#8508,.F.);
#5313=ORIENTED_EDGE('',*,*,#8566,.F.);
#5314=ORIENTED_EDGE('',*,*,#8519,.T.);
#5315=CARTESIAN_POINT('',(-3.0988,1.27,8.1788));
#5316=DIRECTION('',(-1.0,0.0,0.0));
#5317=DIRECTION('',(0.0,0.0,1.0));
#5318=ORIENTED_EDGE('',*,*,#8514,.T.);
#5319=ORIENTED_EDGE('',*,*,#8510,.F.);
#5320=ORIENTED_EDGE('',*,*,#8567,.F.);
#5321=ORIENTED_EDGE('',*,*,#8518,.T.);
#5322=CARTESIAN_POINT('',(-3.7973,0.5715,8.1788));
#5323=DIRECTION('',(-0.0,1.0,0.0));
#5324=DIRECTION('',(1.0,0.0,0.0));
#5325=ORIENTED_EDGE('',*,*,#8207,.T.);
#5326=ORIENTED_EDGE('',*,*,#8568,.T.);
#5327=ORIENTED_EDGE('',*,*,#8569,.F.);
#5328=ORIENTED_EDGE('',*,*,#8570,.T.);
#5329=ORIENTED_EDGE('',*,*,#8571,.T.);
#5330=ORIENTED_EDGE('',*,*,#8055,.T.);
#5331=CARTESIAN_POINT('',(-5.6515,2.5273,8.636));
#5332=DIRECTION('',(-1.0,0.0,0.0));
#5333=DIRECTION('',(0.0,0.0,1.0));
#5334=ORIENTED_EDGE('',*,*,#8572,.T.);
#5335=ORIENTED_EDGE('',*,*,#8573,.T.);
#5336=ORIENTED_EDGE('',*,*,#8056,.F.);
#5337=ORIENTED_EDGE('',*,*,#8571,.F.);
#5338=CARTESIAN_POINT('',(-6.33639064261882,2.0955,8.4836));
#5339=DIRECTION('',(0.0,-0.768221279597376,0.64018439966448));
#5340=DIRECTION('',(-1.0,0.0,0.0));
#5341=ORIENTED_EDGE('',*,*,#8060,.F.);
#5342=ORIENTED_EDGE('',*,*,#8574,.F.);
#5343=ORIENTED_EDGE('',*,*,#8575,.T.);
#5344=ORIENTED_EDGE('',*,*,#8576,.F.);
#5345=CARTESIAN_POINT('',(-6.33639064261882,2.0955,8.4836));
#5346=DIRECTION('',(0.0,-0.768221279597376,0.64018439966448));
#5347=DIRECTION('',(-1.0,0.0,0.0));
#5348=ORIENTED_EDGE('',*,*,#8573,.F.);
#5349=ORIENTED_EDGE('',*,*,#8577,.T.);
#5350=ORIENTED_EDGE('',*,*,#8578,.T.);
#5351=ORIENTED_EDGE('',*,*,#8057,.F.);
#5352=CARTESIAN_POINT('',(-5.51089151411568,1.27091109871145,8.4836));
#5353=DIRECTION('',(-0.765970929903329,0.0,0.642875209152624));
#5354=DIRECTION('',(0.0,1.0,0.0));
#5355=ORIENTED_EDGE('',*,*,#8578,.F.);
#5356=ORIENTED_EDGE('',*,*,#8579,.T.);
#5357=ORIENTED_EDGE('',*,*,#8580,.T.);
#5358=ORIENTED_EDGE('',*,*,#8058,.F.);
#5359=ORIENTED_EDGE('',*,*,#8580,.F.);
#5360=ORIENTED_EDGE('',*,*,#8581,.T.);
#5361=ORIENTED_EDGE('',*,*,#8574,.T.);
#5362=ORIENTED_EDGE('',*,*,#8059,.F.);
#5363=CARTESIAN_POINT('',(-7.16188977112196,1.27,8.4836));
#5364=DIRECTION('',(0.770479654652467,0.0,0.637464588637373));
#5365=DIRECTION('',(0.0,-1.0,0.0));
#5366=ORIENTED_EDGE('',*,*,#8582,.T.);
#5367=ORIENTED_EDGE('',*,*,#8581,.F.);
#5368=ORIENTED_EDGE('',*,*,#8583,.F.);
#5369=ORIENTED_EDGE('',*,*,#8584,.T.);
#5370=CARTESIAN_POINT('',(-7.0358,1.27,8.1788));
#5371=DIRECTION('',(1.0,0.0,0.0));
#5372=DIRECTION('',(0.0,1.0,0.0));
#5373=ORIENTED_EDGE('',*,*,#8585,.F.);
#5374=ORIENTED_EDGE('',*,*,#8586,.F.);
#5375=ORIENTED_EDGE('',*,*,#8584,.F.);
#5376=ORIENTED_EDGE('',*,*,#8587,.F.);
#5377=ORIENTED_EDGE('',*,*,#8588,.F.);
#5378=ORIENTED_EDGE('',*,*,#8589,.F.);
#5379=ORIENTED_EDGE('',*,*,#8590,.T.);
#5380=ORIENTED_EDGE('',*,*,#8591,.F.);
#5381=ORIENTED_EDGE('',*,*,#8592,.F.);
#5382=CARTESIAN_POINT('',(0.0,0.0,8.0264));
#5383=DIRECTION('',(0.0,0.0,-1.0));
#5384=DIRECTION('',(0.0,-1.0,0.0));
#5385=ORIENTED_EDGE('',*,*,#7893,.T.);
#5386=ORIENTED_EDGE('',*,*,#8593,.T.);
#5387=ORIENTED_EDGE('',*,*,#8594,.F.);
#5388=ORIENTED_EDGE('',*,*,#8595,.F.);
#5389=CARTESIAN_POINT('',(-6.6675,2.15500000000002,8.0264));
#5390=DIRECTION('',(0.0,-1.0,0.0));
#5391=DIRECTION('',(0.0,0.0,-1.0));
#5392=ORIENTED_EDGE('',*,*,#8596,.T.);
#5393=ORIENTED_EDGE('',*,*,#8597,.F.);
#5394=ORIENTED_EDGE('',*,*,#8598,.T.);
#5395=ORIENTED_EDGE('',*,*,#8592,.T.);
#5396=ORIENTED_EDGE('',*,*,#8599,.F.);
#5397=ORIENTED_EDGE('',*,*,#8600,.F.);
#5398=ORIENTED_EDGE('',*,*,#8601,.T.);
#5399=CARTESIAN_POINT('',(-6.6675,2.15500000000002,8.0264));
#5400=DIRECTION('',(0.0,-1.0,0.0));
#5401=DIRECTION('',(0.0,0.0,-1.0));
#5402=ORIENTED_EDGE('',*,*,#8602,.T.);
#5403=ORIENTED_EDGE('',*,*,#8603,.T.);
#5404=ORIENTED_EDGE('',*,*,#8604,.T.);
#5405=ORIENTED_EDGE('',*,*,#8605,.T.);
#5406=ORIENTED_EDGE('',*,*,#8606,.T.);
#5407=ORIENTED_EDGE('',*,*,#8607,.T.);
#5408=ORIENTED_EDGE('',*,*,#7894,.F.);
#5409=ORIENTED_EDGE('',*,*,#8595,.T.);
#5410=CARTESIAN_POINT('',(-6.6675,1.27,8.1788));
#5411=DIRECTION('',(-1.0,0.0,0.0));
#5412=DIRECTION('',(0.0,0.0,1.0));
#5413=ORIENTED_EDGE('',*,*,#8607,.F.);
#5414=ORIENTED_EDGE('',*,*,#8608,.T.);
#5415=ORIENTED_EDGE('',*,*,#8609,.T.);
#5416=ORIENTED_EDGE('',*,*,#7891,.F.);
#5417=CARTESIAN_POINT('',(-6.6675,1.905,-0.207200000000009));
#5418=DIRECTION('',(-0.0,1.0,0.0));
#5419=DIRECTION('',(1.0,0.0,0.0));
#5420=ORIENTED_EDGE('',*,*,#8609,.F.);
#5421=ORIENTED_EDGE('',*,*,#8610,.F.);
#5422=ORIENTED_EDGE('',*,*,#8611,.F.);
#5423=ORIENTED_EDGE('',*,*,#8612,.F.);
#5424=ORIENTED_EDGE('',*,*,#8613,.F.);
#5425=ORIENTED_EDGE('',*,*,#8614,.F.);
#5426=ORIENTED_EDGE('',*,*,#8593,.F.);
#5427=ORIENTED_EDGE('',*,*,#7892,.T.);
#5428=CARTESIAN_POINT('',(-6.0325,1.27,8.1788));
#5429=DIRECTION('',(-1.0,0.0,0.0));
#5430=DIRECTION('',(0.0,0.0,1.0));
#5431=ORIENTED_EDGE('',*,*,#8615,.F.);
#5432=ORIENTED_EDGE('',*,*,#8616,.F.);
#5433=ORIENTED_EDGE('',*,*,#8596,.F.);
#5434=ORIENTED_EDGE('',*,*,#8617,.F.);
#5435=CARTESIAN_POINT('',(-6.0325,1.27,8.1788));
#5436=DIRECTION('',(-1.0,0.0,0.0));
#5437=DIRECTION('',(0.0,0.0,1.0));
#5438=ORIENTED_EDGE('',*,*,#8594,.T.);
#5439=ORIENTED_EDGE('',*,*,#8614,.T.);
#5440=ORIENTED_EDGE('',*,*,#8618,.F.);
#5441=ORIENTED_EDGE('',*,*,#8602,.F.);
#5442=CARTESIAN_POINT('',(-6.6675,2.40900000000002,-0.207200000000009));
#5443=DIRECTION('',(1.0,0.0,0.0));
#5444=DIRECTION('',(0.0,-1.0,0.0));
#5445=ORIENTED_EDGE('',*,*,#8618,.T.);
#5446=ORIENTED_EDGE('',*,*,#8613,.T.);
#5447=ORIENTED_EDGE('',*,*,#8619,.F.);
#5448=ORIENTED_EDGE('',*,*,#8603,.F.);
#5449=CARTESIAN_POINT('',(-6.6675,2.40900000000002,-0.461199999999984));
#5450=DIRECTION('',(0.0,0.0,-1.0));
#5451=DIRECTION('',(0.0,-1.0,0.0));
#5452=ORIENTED_EDGE('',*,*,#8619,.T.);
#5453=ORIENTED_EDGE('',*,*,#8612,.T.);
#5454=ORIENTED_EDGE('',*,*,#8620,.F.);
#5455=ORIENTED_EDGE('',*,*,#8604,.F.);
#5456=CARTESIAN_POINT('',(-6.6675,3.3782,-0.461199999999984));
#5457=DIRECTION('',(0.0,-1.0,0.0));
#5458=DIRECTION('',(0.0,0.0,-1.0));
#5459=ORIENTED_EDGE('',*,*,#8620,.T.);
#5460=ORIENTED_EDGE('',*,*,#8611,.T.);
#5461=ORIENTED_EDGE('',*,*,#8621,.F.);
#5462=ORIENTED_EDGE('',*,*,#8605,.F.);
#5463=CARTESIAN_POINT('',(-6.6675,3.3782,-0.7112));
#5464=DIRECTION('',(0.0,0.0,1.0));
#5465=DIRECTION('',(1.0,0.0,0.0));
#5466=ORIENTED_EDGE('',*,*,#8621,.T.);
#5467=ORIENTED_EDGE('',*,*,#8610,.T.);
#5468=ORIENTED_EDGE('',*,*,#8608,.F.);
#5469=ORIENTED_EDGE('',*,*,#8606,.F.);
#5470=CARTESIAN_POINT('',(-6.6675,2.40900000000002,-0.207200000000009));
#5471=DIRECTION('',(1.0,0.0,0.0));
#5472=DIRECTION('',(0.0,-1.0,0.0));
#5473=ORIENTED_EDGE('',*,*,#8622,.T.);
#5474=ORIENTED_EDGE('',*,*,#8623,.T.);
#5475=ORIENTED_EDGE('',*,*,#8624,.F.);
#5476=ORIENTED_EDGE('',*,*,#8625,.F.);
#5477=ORIENTED_EDGE('',*,*,#8617,.T.);
#5478=CARTESIAN_POINT('',(-6.0325,1.905,7.0104));
#5479=DIRECTION('',(0.0,-0.965925826289076,-0.258819045102493));
#5480=DIRECTION('',(0.0,0.258819045102493,-0.965925826289076));
#5481=ORIENTED_EDGE('',*,*,#8590,.F.);
#5482=ORIENTED_EDGE('',*,*,#8569,.T.);
#5483=ORIENTED_EDGE('',*,*,#8626,.T.);
#5484=ORIENTED_EDGE('',*,*,#8615,.T.);
#5485=ORIENTED_EDGE('',*,*,#8625,.T.);
#5486=ORIENTED_EDGE('',*,*,#8627,.F.);
#5487=CARTESIAN_POINT('',(-5.6515,1.9685,8.636));
#5488=DIRECTION('',(-0.0,1.0,0.0));
#5489=DIRECTION('',(1.0,0.0,0.0));
#5490=ORIENTED_EDGE('',*,*,#8624,.T.);
#5491=ORIENTED_EDGE('',*,*,#8628,.T.);
#5492=ORIENTED_EDGE('',*,*,#8629,.T.);
#5493=ORIENTED_EDGE('',*,*,#8599,.T.);
#5494=ORIENTED_EDGE('',*,*,#8591,.T.);
#5495=ORIENTED_EDGE('',*,*,#8627,.T.);
#5496=CARTESIAN_POINT('',(-5.7785,1.27,8.1788));
#5497=DIRECTION('',(1.0,0.0,0.0));
#5498=DIRECTION('',(0.0,1.0,0.0));
#5499=ORIENTED_EDGE('',*,*,#8600,.T.);
#5500=ORIENTED_EDGE('',*,*,#8629,.F.);
#5501=ORIENTED_EDGE('',*,*,#8630,.F.);
#5502=ORIENTED_EDGE('',*,*,#8631,.T.);
#5503=CARTESIAN_POINT('',(-6.0325,2.49064063426503,5.8061400374554));
#5504=DIRECTION('',(0.0,0.965925826289076,0.258819045102493));
#5505=DIRECTION('',(1.0,0.0,-0.0));
#5506=ORIENTED_EDGE('',*,*,#8631,.F.);
#5507=ORIENTED_EDGE('',*,*,#8632,.F.);
#5508=ORIENTED_EDGE('',*,*,#8622,.F.);
#5509=ORIENTED_EDGE('',*,*,#8601,.F.);
#5510=CARTESIAN_POINT('',(-6.0325,1.27,8.1788));
#5511=DIRECTION('',(1.0,0.0,0.0));
#5512=DIRECTION('',(0.0,1.0,0.0));
#5513=ORIENTED_EDGE('',*,*,#8630,.T.);
#5514=ORIENTED_EDGE('',*,*,#8628,.F.);
#5515=ORIENTED_EDGE('',*,*,#8623,.F.);
#5516=ORIENTED_EDGE('',*,*,#8632,.T.);
#5517=CARTESIAN_POINT('',(-6.0325,2.24529547438762,5.7404));
#5518=DIRECTION('',(0.0,0.258819045102493,-0.965925826289076));
#5519=DIRECTION('',(-1.0,0.0,0.0));
#5520=ORIENTED_EDGE('',*,*,#8626,.F.);
#5521=ORIENTED_EDGE('',*,*,#8568,.F.);
#5522=ORIENTED_EDGE('',*,*,#8206,.F.);
#5523=ORIENTED_EDGE('',*,*,#8633,.F.);
#5524=ORIENTED_EDGE('',*,*,#8597,.T.);
#5525=ORIENTED_EDGE('',*,*,#8616,.T.);
#5526=CARTESIAN_POINT('',(0.0,0.0,5.588));
#5527=DIRECTION('',(0.0,0.0,-1.0));
#5528=DIRECTION('',(0.0,-1.0,0.0));
#5529=ORIENTED_EDGE('',*,*,#8585,.T.);
#5530=ORIENTED_EDGE('',*,*,#8598,.F.);
#5531=ORIENTED_EDGE('',*,*,#8633,.T.);
#5532=ORIENTED_EDGE('',*,*,#8205,.T.);
#5533=ORIENTED_EDGE('',*,*,#8061,.F.);
#5534=ORIENTED_EDGE('',*,*,#8576,.T.);
#5535=ORIENTED_EDGE('',*,*,#8634,.T.);
#5536=CARTESIAN_POINT('',(-6.4135,1.9685,8.636));
#5537=DIRECTION('',(1.0,0.0,0.0));
#5538=DIRECTION('',(0.0,1.0,0.0));
#5539=ORIENTED_EDGE('',*,*,#8589,.T.);
#5540=ORIENTED_EDGE('',*,*,#8635,.T.);
#5541=ORIENTED_EDGE('',*,*,#8572,.F.);
#5542=ORIENTED_EDGE('',*,*,#8570,.F.);
#5543=CARTESIAN_POINT('',(-6.3373,1.9685,8.1788));
#5544=DIRECTION('',(0.0,-1.0,0.0));
#5545=DIRECTION('',(0.0,0.0,-1.0));
#5546=ORIENTED_EDGE('',*,*,#8575,.F.);
#5547=ORIENTED_EDGE('',*,*,#8582,.F.);
#5548=ORIENTED_EDGE('',*,*,#8586,.T.);
#5549=ORIENTED_EDGE('',*,*,#8634,.F.);
#5550=CARTESIAN_POINT('',(-6.3373,1.9685,8.1788));
#5551=DIRECTION('',(0.0,-1.0,0.0));
#5552=DIRECTION('',(0.0,0.0,-1.0));
#5553=ORIENTED_EDGE('',*,*,#8636,.T.);
#5554=ORIENTED_EDGE('',*,*,#8577,.F.);
#5555=ORIENTED_EDGE('',*,*,#8635,.F.);
#5556=ORIENTED_EDGE('',*,*,#8588,.T.);
#5557=CARTESIAN_POINT('',(-5.6388,1.27,8.1788));
#5558=DIRECTION('',(-1.0,0.0,0.0));
#5559=DIRECTION('',(0.0,0.0,1.0));
#5560=ORIENTED_EDGE('',*,*,#8583,.T.);
#5561=ORIENTED_EDGE('',*,*,#8579,.F.);
#5562=ORIENTED_EDGE('',*,*,#8636,.F.);
#5563=ORIENTED_EDGE('',*,*,#8587,.T.);
#5564=CARTESIAN_POINT('',(-6.3373,0.5715,8.1788));
#5565=DIRECTION('',(-0.0,1.0,0.0));
#5566=DIRECTION('',(1.0,0.0,0.0));
#5567=ORIENTED_EDGE('',*,*,#8204,.T.);
#5568=ORIENTED_EDGE('',*,*,#8637,.T.);
#5569=ORIENTED_EDGE('',*,*,#8638,.F.);
#5570=ORIENTED_EDGE('',*,*,#8639,.T.);
#5571=ORIENTED_EDGE('',*,*,#8640,.T.);
#5572=ORIENTED_EDGE('',*,*,#8063,.T.);
#5573=CARTESIAN_POINT('',(-8.1915,2.5273,8.636));
#5574=DIRECTION('',(-1.0,0.0,0.0));
#5575=DIRECTION('',(0.0,0.0,1.0));
#5576=ORIENTED_EDGE('',*,*,#8641,.T.);
#5577=ORIENTED_EDGE('',*,*,#8642,.T.);
#5578=ORIENTED_EDGE('',*,*,#8064,.F.);
#5579=ORIENTED_EDGE('',*,*,#8640,.F.);
#5580=CARTESIAN_POINT('',(-8.87639064261882,2.0955,8.4836));
#5581=DIRECTION('',(0.0,-0.768221279597376,0.64018439966448));
#5582=DIRECTION('',(-1.0,0.0,0.0));
#5583=ORIENTED_EDGE('',*,*,#8068,.F.);
#5584=ORIENTED_EDGE('',*,*,#8643,.F.);
#5585=ORIENTED_EDGE('',*,*,#8644,.T.);
#5586=ORIENTED_EDGE('',*,*,#8645,.F.);
#5587=CARTESIAN_POINT('',(-8.87639064261882,2.0955,8.4836));
#5588=DIRECTION('',(0.0,-0.768221279597376,0.64018439966448));
#5589=DIRECTION('',(-1.0,0.0,0.0));
#5590=ORIENTED_EDGE('',*,*,#8642,.F.);
#5591=ORIENTED_EDGE('',*,*,#8646,.T.);
#5592=ORIENTED_EDGE('',*,*,#8647,.T.);
#5593=ORIENTED_EDGE('',*,*,#8065,.F.);
#5594=CARTESIAN_POINT('',(-8.05089151411568,1.27091109871145,8.4836));
#5595=DIRECTION('',(-0.765970929903329,0.0,0.642875209152624));
#5596=DIRECTION('',(0.0,1.0,0.0));
#5597=ORIENTED_EDGE('',*,*,#8647,.F.);
#5598=ORIENTED_EDGE('',*,*,#8648,.T.);
#5599=ORIENTED_EDGE('',*,*,#8649,.T.);
#5600=ORIENTED_EDGE('',*,*,#8066,.F.);
#5601=ORIENTED_EDGE('',*,*,#8649,.F.);
#5602=ORIENTED_EDGE('',*,*,#8650,.T.);
#5603=ORIENTED_EDGE('',*,*,#8643,.T.);
#5604=ORIENTED_EDGE('',*,*,#8067,.F.);
#5605=CARTESIAN_POINT('',(-9.70188977112196,1.27,8.4836));
#5606=DIRECTION('',(0.770479654652467,0.0,0.637464588637373));
#5607=DIRECTION('',(0.0,-1.0,0.0));
#5608=ORIENTED_EDGE('',*,*,#8651,.T.);
#5609=ORIENTED_EDGE('',*,*,#8650,.F.);
#5610=ORIENTED_EDGE('',*,*,#8652,.F.);
#5611=ORIENTED_EDGE('',*,*,#8653,.T.);
#5612=CARTESIAN_POINT('',(-9.5758,1.27,8.1788));
#5613=DIRECTION('',(1.0,0.0,0.0));
#5614=DIRECTION('',(0.0,1.0,0.0));
#5615=ORIENTED_EDGE('',*,*,#8654,.F.);
#5616=ORIENTED_EDGE('',*,*,#8655,.F.);
#5617=ORIENTED_EDGE('',*,*,#8653,.F.);
#5618=ORIENTED_EDGE('',*,*,#8656,.F.);
#5619=ORIENTED_EDGE('',*,*,#8657,.F.);
#5620=ORIENTED_EDGE('',*,*,#8658,.F.);
#5621=ORIENTED_EDGE('',*,*,#8659,.T.);
#5622=ORIENTED_EDGE('',*,*,#8660,.F.);
#5623=ORIENTED_EDGE('',*,*,#8661,.F.);
#5624=CARTESIAN_POINT('',(0.0,0.0,8.0264));
#5625=DIRECTION('',(0.0,0.0,-1.0));
#5626=DIRECTION('',(0.0,-1.0,0.0));
#5627=ORIENTED_EDGE('',*,*,#7889,.T.);
#5628=ORIENTED_EDGE('',*,*,#8662,.T.);
#5629=ORIENTED_EDGE('',*,*,#8663,.F.);
#5630=ORIENTED_EDGE('',*,*,#8664,.F.);
#5631=CARTESIAN_POINT('',(-9.2075,2.15500000000002,8.0264));
#5632=DIRECTION('',(0.0,-1.0,0.0));
#5633=DIRECTION('',(0.0,0.0,-1.0));
#5634=ORIENTED_EDGE('',*,*,#8665,.T.);
#5635=ORIENTED_EDGE('',*,*,#8666,.F.);
#5636=ORIENTED_EDGE('',*,*,#8667,.T.);
#5637=ORIENTED_EDGE('',*,*,#8661,.T.);
#5638=ORIENTED_EDGE('',*,*,#8668,.F.);
#5639=ORIENTED_EDGE('',*,*,#8669,.F.);
#5640=ORIENTED_EDGE('',*,*,#8670,.T.);
#5641=CARTESIAN_POINT('',(-9.2075,2.15500000000002,8.0264));
#5642=DIRECTION('',(0.0,-1.0,0.0));
#5643=DIRECTION('',(0.0,0.0,-1.0));
#5644=ORIENTED_EDGE('',*,*,#8671,.T.);
#5645=ORIENTED_EDGE('',*,*,#8672,.T.);
#5646=ORIENTED_EDGE('',*,*,#8673,.T.);
#5647=ORIENTED_EDGE('',*,*,#8674,.T.);
#5648=ORIENTED_EDGE('',*,*,#8675,.T.);
#5649=ORIENTED_EDGE('',*,*,#8676,.T.);
#5650=ORIENTED_EDGE('',*,*,#7890,.F.);
#5651=ORIENTED_EDGE('',*,*,#8664,.T.);
#5652=CARTESIAN_POINT('',(-9.2075,1.27,8.1788));
#5653=DIRECTION('',(-1.0,0.0,0.0));
#5654=DIRECTION('',(0.0,0.0,1.0));
#5655=ORIENTED_EDGE('',*,*,#8676,.F.);
#5656=ORIENTED_EDGE('',*,*,#8677,.T.);
#5657=ORIENTED_EDGE('',*,*,#8678,.T.);
#5658=ORIENTED_EDGE('',*,*,#7887,.F.);
#5659=CARTESIAN_POINT('',(-9.2075,1.905,-0.207200000000009));
#5660=DIRECTION('',(-0.0,1.0,0.0));
#5661=DIRECTION('',(1.0,0.0,0.0));
#5662=ORIENTED_EDGE('',*,*,#8678,.F.);
#5663=ORIENTED_EDGE('',*,*,#8679,.F.);
#5664=ORIENTED_EDGE('',*,*,#8680,.F.);
#5665=ORIENTED_EDGE('',*,*,#8681,.F.);
#5666=ORIENTED_EDGE('',*,*,#8682,.F.);
#5667=ORIENTED_EDGE('',*,*,#8683,.F.);
#5668=ORIENTED_EDGE('',*,*,#8662,.F.);
#5669=ORIENTED_EDGE('',*,*,#7888,.T.);
#5670=CARTESIAN_POINT('',(-8.5725,1.27,8.1788));
#5671=DIRECTION('',(-1.0,0.0,0.0));
#5672=DIRECTION('',(0.0,0.0,1.0));
#5673=ORIENTED_EDGE('',*,*,#8684,.F.);
#5674=ORIENTED_EDGE('',*,*,#8685,.F.);
#5675=ORIENTED_EDGE('',*,*,#8665,.F.);
#5676=ORIENTED_EDGE('',*,*,#8686,.F.);
#5677=CARTESIAN_POINT('',(-8.5725,1.27,8.1788));
#5678=DIRECTION('',(-1.0,0.0,0.0));
#5679=DIRECTION('',(0.0,0.0,1.0));
#5680=ORIENTED_EDGE('',*,*,#8663,.T.);
#5681=ORIENTED_EDGE('',*,*,#8683,.T.);
#5682=ORIENTED_EDGE('',*,*,#8687,.F.);
#5683=ORIENTED_EDGE('',*,*,#8671,.F.);
#5684=CARTESIAN_POINT('',(-9.2075,2.40900000000002,-0.207200000000009));
#5685=DIRECTION('',(1.0,0.0,0.0));
#5686=DIRECTION('',(0.0,-1.0,0.0));
#5687=ORIENTED_EDGE('',*,*,#8687,.T.);
#5688=ORIENTED_EDGE('',*,*,#8682,.T.);
#5689=ORIENTED_EDGE('',*,*,#8688,.F.);
#5690=ORIENTED_EDGE('',*,*,#8672,.F.);
#5691=CARTESIAN_POINT('',(-9.2075,2.40900000000002,-0.461199999999984));
#5692=DIRECTION('',(0.0,0.0,-1.0));
#5693=DIRECTION('',(0.0,-1.0,0.0));
#5694=ORIENTED_EDGE('',*,*,#8688,.T.);
#5695=ORIENTED_EDGE('',*,*,#8681,.T.);
#5696=ORIENTED_EDGE('',*,*,#8689,.F.);
#5697=ORIENTED_EDGE('',*,*,#8673,.F.);
#5698=CARTESIAN_POINT('',(-9.2075,3.3782,-0.461199999999984));
#5699=DIRECTION('',(0.0,-1.0,0.0));
#5700=DIRECTION('',(0.0,0.0,-1.0));
#5701=ORIENTED_EDGE('',*,*,#8689,.T.);
#5702=ORIENTED_EDGE('',*,*,#8680,.T.);
#5703=ORIENTED_EDGE('',*,*,#8690,.F.);
#5704=ORIENTED_EDGE('',*,*,#8674,.F.);
#5705=CARTESIAN_POINT('',(-9.2075,3.3782,-0.7112));
#5706=DIRECTION('',(0.0,0.0,1.0));
#5707=DIRECTION('',(1.0,0.0,0.0));
#5708=ORIENTED_EDGE('',*,*,#8690,.T.);
#5709=ORIENTED_EDGE('',*,*,#8679,.T.);
#5710=ORIENTED_EDGE('',*,*,#8677,.F.);
#5711=ORIENTED_EDGE('',*,*,#8675,.F.);
#5712=CARTESIAN_POINT('',(-9.2075,2.40900000000002,-0.207200000000009));
#5713=DIRECTION('',(1.0,0.0,0.0));
#5714=DIRECTION('',(0.0,-1.0,0.0));
#5715=ORIENTED_EDGE('',*,*,#8691,.T.);
#5716=ORIENTED_EDGE('',*,*,#8692,.T.);
#5717=ORIENTED_EDGE('',*,*,#8693,.F.);
#5718=ORIENTED_EDGE('',*,*,#8694,.F.);
#5719=ORIENTED_EDGE('',*,*,#8686,.T.);
#5720=CARTESIAN_POINT('',(-8.5725,1.905,7.0104));
#5721=DIRECTION('',(0.0,-0.965925826289076,-0.258819045102493));
#5722=DIRECTION('',(0.0,0.258819045102493,-0.965925826289076));
#5723=ORIENTED_EDGE('',*,*,#8659,.F.);
#5724=ORIENTED_EDGE('',*,*,#8638,.T.);
#5725=ORIENTED_EDGE('',*,*,#8695,.T.);
#5726=ORIENTED_EDGE('',*,*,#8684,.T.);
#5727=ORIENTED_EDGE('',*,*,#8694,.T.);
#5728=ORIENTED_EDGE('',*,*,#8696,.F.);
#5729=CARTESIAN_POINT('',(-8.1915,1.9685,8.636));
#5730=DIRECTION('',(-0.0,1.0,0.0));
#5731=DIRECTION('',(1.0,0.0,0.0));
#5732=ORIENTED_EDGE('',*,*,#8693,.T.);
#5733=ORIENTED_EDGE('',*,*,#8697,.T.);
#5734=ORIENTED_EDGE('',*,*,#8698,.T.);
#5735=ORIENTED_EDGE('',*,*,#8668,.T.);
#5736=ORIENTED_EDGE('',*,*,#8660,.T.);
#5737=ORIENTED_EDGE('',*,*,#8696,.T.);
#5738=CARTESIAN_POINT('',(-8.3185,1.27,8.1788));
#5739=DIRECTION('',(1.0,0.0,0.0));
#5740=DIRECTION('',(0.0,1.0,0.0));
#5741=ORIENTED_EDGE('',*,*,#8669,.T.);
#5742=ORIENTED_EDGE('',*,*,#8698,.F.);
#5743=ORIENTED_EDGE('',*,*,#8699,.F.);
#5744=ORIENTED_EDGE('',*,*,#8700,.T.);
#5745=CARTESIAN_POINT('',(-8.5725,2.49064063426503,5.8061400374554));
#5746=DIRECTION('',(0.0,0.965925826289076,0.258819045102493));
#5747=DIRECTION('',(1.0,0.0,-0.0));
#5748=ORIENTED_EDGE('',*,*,#8700,.F.);
#5749=ORIENTED_EDGE('',*,*,#8701,.F.);
#5750=ORIENTED_EDGE('',*,*,#8691,.F.);
#5751=ORIENTED_EDGE('',*,*,#8670,.F.);
#5752=CARTESIAN_POINT('',(-8.5725,1.27,8.1788));
#5753=DIRECTION('',(1.0,0.0,0.0));
#5754=DIRECTION('',(0.0,1.0,0.0));
#5755=ORIENTED_EDGE('',*,*,#8699,.T.);
#5756=ORIENTED_EDGE('',*,*,#8697,.F.);
#5757=ORIENTED_EDGE('',*,*,#8692,.F.);
#5758=ORIENTED_EDGE('',*,*,#8701,.T.);
#5759=CARTESIAN_POINT('',(-8.5725,2.24529547438762,5.7404));
#5760=DIRECTION('',(0.0,0.258819045102493,-0.965925826289076));
#5761=DIRECTION('',(-1.0,0.0,0.0));
#5762=ORIENTED_EDGE('',*,*,#8695,.F.);
#5763=ORIENTED_EDGE('',*,*,#8637,.F.);
#5764=ORIENTED_EDGE('',*,*,#8203,.F.);
#5765=ORIENTED_EDGE('',*,*,#8702,.F.);
#5766=ORIENTED_EDGE('',*,*,#8666,.T.);
#5767=ORIENTED_EDGE('',*,*,#8685,.T.);
#5768=CARTESIAN_POINT('',(0.0,0.0,5.588));
#5769=DIRECTION('',(0.0,0.0,-1.0));
#5770=DIRECTION('',(0.0,-1.0,0.0));
#5771=ORIENTED_EDGE('',*,*,#8654,.T.);
#5772=ORIENTED_EDGE('',*,*,#8667,.F.);
#5773=ORIENTED_EDGE('',*,*,#8702,.T.);
#5774=ORIENTED_EDGE('',*,*,#8202,.T.);
#5775=ORIENTED_EDGE('',*,*,#8069,.F.);
#5776=ORIENTED_EDGE('',*,*,#8645,.T.);
#5777=ORIENTED_EDGE('',*,*,#8703,.T.);
#5778=CARTESIAN_POINT('',(-8.9535,1.9685,8.636));
#5779=DIRECTION('',(1.0,0.0,0.0));
#5780=DIRECTION('',(0.0,1.0,0.0));
#5781=ORIENTED_EDGE('',*,*,#8658,.T.);
#5782=ORIENTED_EDGE('',*,*,#8704,.T.);
#5783=ORIENTED_EDGE('',*,*,#8641,.F.);
#5784=ORIENTED_EDGE('',*,*,#8639,.F.);
#5785=CARTESIAN_POINT('',(-8.8773,1.9685,8.1788));
#5786=DIRECTION('',(0.0,-1.0,0.0));
#5787=DIRECTION('',(0.0,0.0,-1.0));
#5788=ORIENTED_EDGE('',*,*,#8644,.F.);
#5789=ORIENTED_EDGE('',*,*,#8651,.F.);
#5790=ORIENTED_EDGE('',*,*,#8655,.T.);
#5791=ORIENTED_EDGE('',*,*,#8703,.F.);
#5792=CARTESIAN_POINT('',(-8.8773,1.9685,8.1788));
#5793=DIRECTION('',(0.0,-1.0,0.0));
#5794=DIRECTION('',(0.0,0.0,-1.0));
#5795=ORIENTED_EDGE('',*,*,#8705,.T.);
#5796=ORIENTED_EDGE('',*,*,#8646,.F.);
#5797=ORIENTED_EDGE('',*,*,#8704,.F.);
#5798=ORIENTED_EDGE('',*,*,#8657,.T.);
#5799=CARTESIAN_POINT('',(-8.1788,1.27,8.1788));
#5800=DIRECTION('',(-1.0,0.0,0.0));
#5801=DIRECTION('',(0.0,0.0,1.0));
#5802=ORIENTED_EDGE('',*,*,#8652,.T.);
#5803=ORIENTED_EDGE('',*,*,#8648,.F.);
#5804=ORIENTED_EDGE('',*,*,#8705,.F.);
#5805=ORIENTED_EDGE('',*,*,#8656,.T.);
#5806=CARTESIAN_POINT('',(-8.8773,0.5715,8.1788));
#5807=DIRECTION('',(-0.0,1.0,0.0));
#5808=DIRECTION('',(1.0,0.0,0.0));
#5809=ORIENTED_EDGE('',*,*,#7837,.F.);
#5810=ORIENTED_EDGE('',*,*,#8201,.T.);
#5811=ORIENTED_EDGE('',*,*,#8124,.F.);
#5812=ORIENTED_EDGE('',*,*,#7949,.F.);
#5813=ORIENTED_EDGE('',*,*,#7839,.T.);
#5814=ORIENTED_EDGE('',*,*,#7824,.F.);
#5815=ORIENTED_EDGE('',*,*,#7767,.T.);
#5816=ORIENTED_EDGE('',*,*,#7796,.T.);
#5817=CARTESIAN_POINT('',(10.1473,-2.5273,0.0));
#5818=DIRECTION('',(1.0,0.0,0.0));
#5819=DIRECTION('',(0.0,1.0,0.0));
#5820=ORIENTED_EDGE('',*,*,#8165,.T.);
#5821=ORIENTED_EDGE('',*,*,#8197,.F.);
#5822=ORIENTED_EDGE('',*,*,#8195,.F.);
#5823=ORIENTED_EDGE('',*,*,#8193,.T.);
#5824=CARTESIAN_POINT('',(9.2075,2.49064063426503,5.8061400374554));
#5825=DIRECTION('',(0.0,0.965925826289076,0.258819045102493));
#5826=DIRECTION('',(1.0,0.0,-0.0));
#5827=ORIENTED_EDGE('',*,*,#8706,.T.);
#5828=ORIENTED_EDGE('',*,*,#8707,.F.);
#5829=ORIENTED_EDGE('',*,*,#8140,.F.);
#5830=ORIENTED_EDGE('',*,*,#8157,.T.);
#5831=CARTESIAN_POINT('',(9.6012,1.27,8.1788));
#5832=DIRECTION('',(-1.0,0.0,0.0));
#5833=DIRECTION('',(0.0,0.0,1.0));
#5834=ORIENTED_EDGE('',*,*,#8151,.F.);
#5835=ORIENTED_EDGE('',*,*,#8707,.T.);
#5836=ORIENTED_EDGE('',*,*,#8708,.T.);
#5837=ORIENTED_EDGE('',*,*,#8128,.F.);
#5838=CARTESIAN_POINT('',(9.72910848588432,1.27091109871145,8.4836));
#5839=DIRECTION('',(-0.765970929903329,0.0,0.642875209152624));
#5840=DIRECTION('',(0.0,1.0,0.0));
#5841=ORIENTED_EDGE('',*,*,#8708,.F.);
#5842=ORIENTED_EDGE('',*,*,#8709,.T.);
#5843=ORIENTED_EDGE('',*,*,#8152,.T.);
#5844=ORIENTED_EDGE('',*,*,#8129,.F.);
#5845=ORIENTED_EDGE('',*,*,#8154,.T.);
#5846=ORIENTED_EDGE('',*,*,#8709,.F.);
#5847=ORIENTED_EDGE('',*,*,#8706,.F.);
#5848=ORIENTED_EDGE('',*,*,#8156,.T.);
#5849=CARTESIAN_POINT('',(8.9027,0.5715,8.1788));
#5850=DIRECTION('',(-0.0,1.0,0.0));
#5851=DIRECTION('',(1.0,0.0,0.0));
#5852=ORIENTED_EDGE('',*,*,#7955,.F.);
#5853=ORIENTED_EDGE('',*,*,#7951,.F.);
#5854=ORIENTED_EDGE('',*,*,#8123,.T.);
#5855=ORIENTED_EDGE('',*,*,#8013,.F.);
#5856=ORIENTED_EDGE('',*,*,#8710,.F.);
#5857=ORIENTED_EDGE('',*,*,#7986,.T.);
#5858=ORIENTED_EDGE('',*,*,#7973,.F.);
#5859=CARTESIAN_POINT('',(8.9535,-2.5273,8.636));
#5860=DIRECTION('',(1.0,0.0,0.0));
#5861=DIRECTION('',(0.0,1.0,0.0));
#5862=ORIENTED_EDGE('',*,*,#8012,.T.);
#5863=ORIENTED_EDGE('',*,*,#8711,.F.);
#5864=ORIENTED_EDGE('',*,*,#7987,.F.);
#5865=ORIENTED_EDGE('',*,*,#8710,.T.);
#5866=CARTESIAN_POINT('',(8.89,-1.9685,8.1788));
#5867=DIRECTION('',(0.0,-1.0,0.0));
#5868=DIRECTION('',(0.0,0.0,-1.0));
#5869=ORIENTED_EDGE('',*,*,#8711,.T.);
#5870=ORIENTED_EDGE('',*,*,#8712,.T.);
#5871=ORIENTED_EDGE('',*,*,#8713,.F.);
#5872=ORIENTED_EDGE('',*,*,#7988,.F.);
#5873=CARTESIAN_POINT('',(9.5885,-1.27,8.1788));
#5874=DIRECTION('',(1.0,0.0,0.0));
#5875=DIRECTION('',(0.0,1.0,0.0));
#5876=ORIENTED_EDGE('',*,*,#8713,.T.);
#5877=ORIENTED_EDGE('',*,*,#8714,.T.);
#5878=ORIENTED_EDGE('',*,*,#8005,.F.);
#5879=ORIENTED_EDGE('',*,*,#7989,.F.);
#5880=CARTESIAN_POINT('',(8.89,-0.5715,8.1788));
#5881=DIRECTION('',(-0.0,1.0,0.0));
#5882=DIRECTION('',(1.0,0.0,0.0));
#5883=ORIENTED_EDGE('',*,*,#8715,.F.);
#5884=ORIENTED_EDGE('',*,*,#8714,.F.);
#5885=ORIENTED_EDGE('',*,*,#8716,.T.);
#5886=ORIENTED_EDGE('',*,*,#8121,.T.);
#5887=CARTESIAN_POINT('',(8.89,-0.4445,8.4836));
#5888=DIRECTION('',(0.0,0.768221279597376,-0.64018439966448));
#5889=DIRECTION('',(-1.0,0.0,0.0));
#5890=ORIENTED_EDGE('',*,*,#8716,.F.);
#5891=ORIENTED_EDGE('',*,*,#8712,.F.);
#5892=ORIENTED_EDGE('',*,*,#8011,.T.);
#5893=ORIENTED_EDGE('',*,*,#8122,.T.);
#5894=CARTESIAN_POINT('',(9.7155,-1.27,8.4836));
#5895=DIRECTION('',(0.768221279597376,0.0,-0.64018439966448));
#5896=DIRECTION('',(0.0,-1.0,0.0));
#5897=ORIENTED_EDGE('',*,*,#8715,.T.);
#5898=ORIENTED_EDGE('',*,*,#8120,.T.);
#5899=ORIENTED_EDGE('',*,*,#8008,.F.);
#5900=ORIENTED_EDGE('',*,*,#8006,.F.);
#5901=CARTESIAN_POINT('',(8.0645,-1.27,8.4836));
#5902=DIRECTION('',(-0.768221279597376,0.0,-0.64018439966448));
#5903=DIRECTION('',(-0.64018439966448,0.0,0.768221279597376));
#5904=ORIENTED_EDGE('',*,*,#8717,.F.);
#5905=ORIENTED_EDGE('',*,*,#7921,.F.);
#5906=ORIENTED_EDGE('',*,*,#8119,.T.);
#5907=ORIENTED_EDGE('',*,*,#8718,.F.);
#5908=ORIENTED_EDGE('',*,*,#8719,.F.);
#5909=ORIENTED_EDGE('',*,*,#8720,.T.);
#5910=ORIENTED_EDGE('',*,*,#8721,.F.);
#5911=CARTESIAN_POINT('',(6.4135,-2.5273,8.636));
#5912=DIRECTION('',(1.0,0.0,0.0));
#5913=DIRECTION('',(0.0,1.0,0.0));
#5914=ORIENTED_EDGE('',*,*,#8722,.T.);
#5915=ORIENTED_EDGE('',*,*,#8723,.T.);
#5916=ORIENTED_EDGE('',*,*,#8724,.F.);
#5917=ORIENTED_EDGE('',*,*,#7879,.F.);
#5918=CARTESIAN_POINT('',(6.0325,-2.159,7.04343973438776));
#5919=DIRECTION('',(0.0,-1.0,0.0));
#5920=DIRECTION('',(0.0,0.0,-1.0));
#5921=ORIENTED_EDGE('',*,*,#8725,.F.);
#5922=ORIENTED_EDGE('',*,*,#8726,.F.);
#5923=ORIENTED_EDGE('',*,*,#8727,.T.);
#5924=ORIENTED_EDGE('',*,*,#8728,.T.);
#5925=ORIENTED_EDGE('',*,*,#8729,.F.);
#5926=ORIENTED_EDGE('',*,*,#8721,.T.);
#5927=ORIENTED_EDGE('',*,*,#8730,.T.);
#5928=CARTESIAN_POINT('',(6.0325,-2.159,7.04343973438776));
#5929=DIRECTION('',(0.0,-1.0,0.0));
#5930=DIRECTION('',(0.0,0.0,-1.0));
#5931=ORIENTED_EDGE('',*,*,#8724,.T.);
#5932=ORIENTED_EDGE('',*,*,#8731,.T.);
#5933=ORIENTED_EDGE('',*,*,#8732,.T.);
#5934=ORIENTED_EDGE('',*,*,#8733,.T.);
#5935=ORIENTED_EDGE('',*,*,#8734,.T.);
#5936=ORIENTED_EDGE('',*,*,#8735,.T.);
#5937=ORIENTED_EDGE('',*,*,#8736,.T.);
#5938=ORIENTED_EDGE('',*,*,#7880,.F.);
#5939=CARTESIAN_POINT('',(6.6675,-1.27,8.1788));
#5940=DIRECTION('',(1.0,0.0,0.0));
#5941=DIRECTION('',(0.0,1.0,0.0));
#5942=ORIENTED_EDGE('',*,*,#8736,.F.);
#5943=ORIENTED_EDGE('',*,*,#8737,.F.);
#5944=ORIENTED_EDGE('',*,*,#8738,.T.);
#5945=ORIENTED_EDGE('',*,*,#7881,.T.);
#5946=CARTESIAN_POINT('',(6.0325,-1.905,-0.2032));
#5947=DIRECTION('',(-0.0,1.0,0.0));
#5948=DIRECTION('',(1.0,0.0,0.0));
#5949=ORIENTED_EDGE('',*,*,#8738,.F.);
#5950=ORIENTED_EDGE('',*,*,#8739,.F.);
#5951=ORIENTED_EDGE('',*,*,#8740,.F.);
#5952=ORIENTED_EDGE('',*,*,#8741,.F.);
#5953=ORIENTED_EDGE('',*,*,#8742,.F.);
#5954=ORIENTED_EDGE('',*,*,#8743,.F.);
#5955=ORIENTED_EDGE('',*,*,#8722,.F.);
#5956=ORIENTED_EDGE('',*,*,#7882,.T.);
#5957=CARTESIAN_POINT('',(6.0325,-1.27,8.1788));
#5958=DIRECTION('',(1.0,0.0,0.0));
#5959=DIRECTION('',(0.0,1.0,0.0));
#5960=ORIENTED_EDGE('',*,*,#8744,.F.);
#5961=ORIENTED_EDGE('',*,*,#8745,.F.);
#5962=ORIENTED_EDGE('',*,*,#8728,.F.);
#5963=ORIENTED_EDGE('',*,*,#8746,.F.);
#5964=CARTESIAN_POINT('',(6.0325,-1.27,8.1788));
#5965=DIRECTION('',(1.0,0.0,0.0));
#5966=DIRECTION('',(0.0,1.0,0.0));
#5967=ORIENTED_EDGE('',*,*,#8747,.T.);
#5968=ORIENTED_EDGE('',*,*,#8731,.F.);
#5969=ORIENTED_EDGE('',*,*,#8723,.F.);
#5970=ORIENTED_EDGE('',*,*,#8743,.T.);
#5971=CARTESIAN_POINT('',(6.0325,-2.413,-0.2032));
#5972=DIRECTION('',(-1.0,0.0,0.0));
#5973=DIRECTION('',(0.0,1.0,0.0));
#5974=ORIENTED_EDGE('',*,*,#8748,.T.);
#5975=ORIENTED_EDGE('',*,*,#8732,.F.);
#5976=ORIENTED_EDGE('',*,*,#8747,.F.);
#5977=ORIENTED_EDGE('',*,*,#8742,.T.);
#5978=CARTESIAN_POINT('',(6.0325,-2.413,-0.4572));
#5979=DIRECTION('',(0.0,0.0,1.0));
#5980=DIRECTION('',(1.0,0.0,0.0));
#5981=ORIENTED_EDGE('',*,*,#8749,.T.);
#5982=ORIENTED_EDGE('',*,*,#8733,.F.);
#5983=ORIENTED_EDGE('',*,*,#8748,.F.);
#5984=ORIENTED_EDGE('',*,*,#8741,.T.);
#5985=CARTESIAN_POINT('',(6.0325,-3.3782,-0.4572));
#5986=DIRECTION('',(0.0,-1.0,0.0));
#5987=DIRECTION('',(0.0,0.0,-1.0));
#5988=ORIENTED_EDGE('',*,*,#8750,.T.);
#5989=ORIENTED_EDGE('',*,*,#8734,.F.);
#5990=ORIENTED_EDGE('',*,*,#8749,.F.);
#5991=ORIENTED_EDGE('',*,*,#8740,.T.);
#5992=CARTESIAN_POINT('',(6.0325,-3.3782,-0.7112));
#5993=DIRECTION('',(0.0,0.0,-1.0));
#5994=DIRECTION('',(0.0,-1.0,0.0));
#5995=ORIENTED_EDGE('',*,*,#8737,.T.);
#5996=ORIENTED_EDGE('',*,*,#8735,.F.);
#5997=ORIENTED_EDGE('',*,*,#8750,.F.);
#5998=ORIENTED_EDGE('',*,*,#8739,.T.);
#5999=CARTESIAN_POINT('',(6.0325,-2.413,-0.2032));
#6000=DIRECTION('',(-1.0,0.0,0.0));
#6001=DIRECTION('',(0.0,1.0,0.0));
#6002=ORIENTED_EDGE('',*,*,#8751,.T.);
#6003=ORIENTED_EDGE('',*,*,#8752,.F.);
#6004=ORIENTED_EDGE('',*,*,#8753,.F.);
#6005=ORIENTED_EDGE('',*,*,#8746,.T.);
#6006=ORIENTED_EDGE('',*,*,#8754,.T.);
#6007=CARTESIAN_POINT('',(6.0325,-1.905,7.0099999999999));
#6008=DIRECTION('',(0.0,0.965925826289076,-0.258819045102493));
#6009=DIRECTION('',(-1.0,0.0,0.0));
#6010=ORIENTED_EDGE('',*,*,#8727,.F.);
#6011=ORIENTED_EDGE('',*,*,#8755,.F.);
#6012=ORIENTED_EDGE('',*,*,#8756,.F.);
#6013=ORIENTED_EDGE('',*,*,#8754,.F.);
#6014=CARTESIAN_POINT('',(6.0325,-1.27,8.1788));
#6015=DIRECTION('',(-1.0,0.0,0.0));
#6016=DIRECTION('',(0.0,0.0,1.0));
#6017=ORIENTED_EDGE('',*,*,#8757,.T.);
#6018=ORIENTED_EDGE('',*,*,#8758,.F.);
#6019=ORIENTED_EDGE('',*,*,#8751,.F.);
#6020=ORIENTED_EDGE('',*,*,#8756,.T.);
#6021=CARTESIAN_POINT('',(6.0325,-2.24529547438762,5.7399999999999));
#6022=DIRECTION('',(0.0,-0.258819045102493,-0.965925826289076));
#6023=DIRECTION('',(0.0,-0.965925826289076,0.258819045102493));
#6024=ORIENTED_EDGE('',*,*,#8752,.T.);
#6025=ORIENTED_EDGE('',*,*,#8758,.T.);
#6026=ORIENTED_EDGE('',*,*,#8759,.T.);
#6027=ORIENTED_EDGE('',*,*,#8725,.T.);
#6028=ORIENTED_EDGE('',*,*,#8760,.T.);
#6029=ORIENTED_EDGE('',*,*,#8761,.F.);
#6030=CARTESIAN_POINT('',(5.7785,-1.27,8.1788));
#6031=DIRECTION('',(-1.0,0.0,0.0));
#6032=DIRECTION('',(0.0,0.0,1.0));
#6033=ORIENTED_EDGE('',*,*,#8762,.F.);
#6034=ORIENTED_EDGE('',*,*,#8763,.T.);
#6035=ORIENTED_EDGE('',*,*,#8764,.F.);
#6036=ORIENTED_EDGE('',*,*,#8744,.T.);
#6037=ORIENTED_EDGE('',*,*,#8753,.T.);
#6038=ORIENTED_EDGE('',*,*,#8761,.T.);
#6039=CARTESIAN_POINT('',(6.4135,-1.9685,8.636));
#6040=DIRECTION('',(-0.0,1.0,0.0));
#6041=DIRECTION('',(1.0,0.0,0.0));
#6042=ORIENTED_EDGE('',*,*,#8764,.T.);
#6043=ORIENTED_EDGE('',*,*,#8765,.T.);
#6044=ORIENTED_EDGE('',*,*,#7922,.T.);
#6045=ORIENTED_EDGE('',*,*,#8717,.T.);
#6046=ORIENTED_EDGE('',*,*,#8729,.T.);
#6047=ORIENTED_EDGE('',*,*,#8745,.T.);
#6048=CARTESIAN_POINT('',(0.0,0.0,5.588));
#6049=DIRECTION('',(0.0,0.0,1.0));
#6050=DIRECTION('',(1.0,0.0,0.0));
#6051=ORIENTED_EDGE('',*,*,#8113,.F.);
#6052=ORIENTED_EDGE('',*,*,#7923,.T.);
#6053=ORIENTED_EDGE('',*,*,#8765,.F.);
#6054=ORIENTED_EDGE('',*,*,#8763,.F.);
#6055=ORIENTED_EDGE('',*,*,#8766,.F.);
#6056=ORIENTED_EDGE('',*,*,#8767,.T.);
#6057=ORIENTED_EDGE('',*,*,#8768,.T.);
#6058=ORIENTED_EDGE('',*,*,#8769,.T.);
#6059=CARTESIAN_POINT('',(5.6515,-1.9685,8.636));
#6060=DIRECTION('',(-1.0,0.0,0.0));
#6061=DIRECTION('',(0.0,0.0,1.0));
#6062=ORIENTED_EDGE('',*,*,#8770,.T.);
#6063=ORIENTED_EDGE('',*,*,#8114,.T.);
#6064=ORIENTED_EDGE('',*,*,#8769,.F.);
#6065=CARTESIAN_POINT('',(6.35,-2.0955,8.4836));
#6066=DIRECTION('',(0.0,-0.768221279597376,-0.64018439966448));
#6067=DIRECTION('',(0.0,0.64018439966448,-0.768221279597376));
#6068=ORIENTED_EDGE('',*,*,#8118,.T.);
#6069=ORIENTED_EDGE('',*,*,#8771,.F.);
#6070=ORIENTED_EDGE('',*,*,#8772,.F.);
#6071=ORIENTED_EDGE('',*,*,#8718,.T.);
#6072=CARTESIAN_POINT('',(6.35,-2.0955,8.4836));
#6073=DIRECTION('',(0.0,-0.768221279597376,-0.64018439966448));
#6074=DIRECTION('',(0.0,0.64018439966448,-0.768221279597376));
#6075=ORIENTED_EDGE('',*,*,#8773,.T.);
#6076=ORIENTED_EDGE('',*,*,#8115,.T.);
#6077=ORIENTED_EDGE('',*,*,#8770,.F.);
#6078=ORIENTED_EDGE('',*,*,#8768,.F.);
#6079=CARTESIAN_POINT('',(5.5245,-1.27,8.4836));
#6080=DIRECTION('',(-0.768221279597376,0.0,-0.64018439966448));
#6081=DIRECTION('',(-0.64018439966448,0.0,0.768221279597376));
#6082=ORIENTED_EDGE('',*,*,#8773,.F.);
#6083=ORIENTED_EDGE('',*,*,#8774,.F.);
#6084=ORIENTED_EDGE('',*,*,#8775,.T.);
#6085=ORIENTED_EDGE('',*,*,#8116,.T.);
#6086=CARTESIAN_POINT('',(6.35,-0.4445,8.4836));
#6087=DIRECTION('',(0.0,0.768221279597376,-0.64018439966448));
#6088=DIRECTION('',(-1.0,0.0,0.0));
#6089=ORIENTED_EDGE('',*,*,#8775,.F.);
#6090=ORIENTED_EDGE('',*,*,#8776,.F.);
#6091=ORIENTED_EDGE('',*,*,#8771,.T.);
#6092=ORIENTED_EDGE('',*,*,#8117,.T.);
#6093=CARTESIAN_POINT('',(7.1755,-1.27,8.4836));
#6094=DIRECTION('',(0.768221279597376,0.0,-0.64018439966448));
#6095=DIRECTION('',(0.0,-1.0,0.0));
#6096=ORIENTED_EDGE('',*,*,#8777,.T.);
#6097=ORIENTED_EDGE('',*,*,#8776,.T.);
#6098=ORIENTED_EDGE('',*,*,#8778,.F.);
#6099=ORIENTED_EDGE('',*,*,#8779,.F.);
#6100=CARTESIAN_POINT('',(7.0485,-1.27,8.1788));
#6101=DIRECTION('',(1.0,0.0,0.0));
#6102=DIRECTION('',(0.0,1.0,0.0));
#6103=ORIENTED_EDGE('',*,*,#8730,.F.);
#6104=ORIENTED_EDGE('',*,*,#8720,.F.);
#6105=ORIENTED_EDGE('',*,*,#8780,.T.);
#6106=ORIENTED_EDGE('',*,*,#8779,.T.);
#6107=ORIENTED_EDGE('',*,*,#8781,.T.);
#6108=ORIENTED_EDGE('',*,*,#8766,.T.);
#6109=ORIENTED_EDGE('',*,*,#8762,.T.);
#6110=ORIENTED_EDGE('',*,*,#8760,.F.);
#6111=CARTESIAN_POINT('',(6.0325,-2.159,8.0259999999999));
#6112=DIRECTION('',(0.0,0.0,1.0));
#6113=DIRECTION('',(1.0,0.0,0.0));
#6114=ORIENTED_EDGE('',*,*,#8778,.T.);
#6115=ORIENTED_EDGE('',*,*,#8774,.T.);
#6116=ORIENTED_EDGE('',*,*,#8767,.F.);
#6117=ORIENTED_EDGE('',*,*,#8781,.F.);
#6118=CARTESIAN_POINT('',(6.35,-0.5715,8.1788));
#6119=DIRECTION('',(-0.0,1.0,0.0));
#6120=DIRECTION('',(1.0,0.0,0.0));
#6121=ORIENTED_EDGE('',*,*,#8772,.T.);
#6122=ORIENTED_EDGE('',*,*,#8777,.F.);
#6123=ORIENTED_EDGE('',*,*,#8780,.F.);
#6124=ORIENTED_EDGE('',*,*,#8719,.T.);
#6125=CARTESIAN_POINT('',(6.35,-1.9685,8.1788));
#6126=DIRECTION('',(0.0,-1.0,0.0));
#6127=DIRECTION('',(0.0,0.0,-1.0));
#6128=ORIENTED_EDGE('',*,*,#8726,.T.);
#6129=ORIENTED_EDGE('',*,*,#8759,.F.);
#6130=ORIENTED_EDGE('',*,*,#8757,.F.);
#6131=ORIENTED_EDGE('',*,*,#8755,.T.);
#6132=CARTESIAN_POINT('',(6.0325,-2.49064063426503,5.8057400374553));
#6133=DIRECTION('',(0.0,-0.965925826289076,0.258819045102493));
#6134=DIRECTION('',(-1.0,0.0,0.0));
#6135=ORIENTED_EDGE('',*,*,#8782,.F.);
#6136=ORIENTED_EDGE('',*,*,#7925,.F.);
#6137=ORIENTED_EDGE('',*,*,#8112,.T.);
#6138=ORIENTED_EDGE('',*,*,#8783,.F.);
#6139=ORIENTED_EDGE('',*,*,#8784,.F.);
#6140=ORIENTED_EDGE('',*,*,#8785,.T.);
#6141=ORIENTED_EDGE('',*,*,#8786,.F.);
#6142=CARTESIAN_POINT('',(3.8735,-2.5273,8.636));
#6143=DIRECTION('',(1.0,0.0,0.0));
#6144=DIRECTION('',(0.0,1.0,0.0));
#6145=ORIENTED_EDGE('',*,*,#8787,.T.);
#6146=ORIENTED_EDGE('',*,*,#8788,.T.);
#6147=ORIENTED_EDGE('',*,*,#8789,.F.);
#6148=ORIENTED_EDGE('',*,*,#7875,.F.);
#6149=CARTESIAN_POINT('',(3.4925,-2.159,7.04343973438776));
#6150=DIRECTION('',(0.0,-1.0,0.0));
#6151=DIRECTION('',(0.0,0.0,-1.0));
#6152=ORIENTED_EDGE('',*,*,#8790,.F.);
#6153=ORIENTED_EDGE('',*,*,#8791,.F.);
#6154=ORIENTED_EDGE('',*,*,#8792,.T.);
#6155=ORIENTED_EDGE('',*,*,#8793,.T.);
#6156=ORIENTED_EDGE('',*,*,#8794,.F.);
#6157=ORIENTED_EDGE('',*,*,#8786,.T.);
#6158=ORIENTED_EDGE('',*,*,#8795,.T.);
#6159=CARTESIAN_POINT('',(3.4925,-2.159,7.04343973438776));
#6160=DIRECTION('',(0.0,-1.0,0.0));
#6161=DIRECTION('',(0.0,0.0,-1.0));
#6162=ORIENTED_EDGE('',*,*,#8789,.T.);
#6163=ORIENTED_EDGE('',*,*,#8796,.T.);
#6164=ORIENTED_EDGE('',*,*,#8797,.T.);
#6165=ORIENTED_EDGE('',*,*,#8798,.T.);
#6166=ORIENTED_EDGE('',*,*,#8799,.T.);
#6167=ORIENTED_EDGE('',*,*,#8800,.T.);
#6168=ORIENTED_EDGE('',*,*,#8801,.T.);
#6169=ORIENTED_EDGE('',*,*,#7876,.F.);
#6170=CARTESIAN_POINT('',(4.1275,-1.27,8.1788));
#6171=DIRECTION('',(1.0,0.0,0.0));
#6172=DIRECTION('',(0.0,1.0,0.0));
#6173=ORIENTED_EDGE('',*,*,#8801,.F.);
#6174=ORIENTED_EDGE('',*,*,#8802,.F.);
#6175=ORIENTED_EDGE('',*,*,#8803,.T.);
#6176=ORIENTED_EDGE('',*,*,#7877,.T.);
#6177=CARTESIAN_POINT('',(3.4925,-1.905,-0.2032));
#6178=DIRECTION('',(-0.0,1.0,0.0));
#6179=DIRECTION('',(1.0,0.0,0.0));
#6180=ORIENTED_EDGE('',*,*,#8803,.F.);
#6181=ORIENTED_EDGE('',*,*,#8804,.F.);
#6182=ORIENTED_EDGE('',*,*,#8805,.F.);
#6183=ORIENTED_EDGE('',*,*,#8806,.F.);
#6184=ORIENTED_EDGE('',*,*,#8807,.F.);
#6185=ORIENTED_EDGE('',*,*,#8808,.F.);
#6186=ORIENTED_EDGE('',*,*,#8787,.F.);
#6187=ORIENTED_EDGE('',*,*,#7878,.T.);
#6188=CARTESIAN_POINT('',(3.4925,-1.27,8.1788));
#6189=DIRECTION('',(1.0,0.0,0.0));
#6190=DIRECTION('',(0.0,1.0,0.0));
#6191=ORIENTED_EDGE('',*,*,#8809,.F.);
#6192=ORIENTED_EDGE('',*,*,#8810,.F.);
#6193=ORIENTED_EDGE('',*,*,#8793,.F.);
#6194=ORIENTED_EDGE('',*,*,#8811,.F.);
#6195=CARTESIAN_POINT('',(3.4925,-1.27,8.1788));
#6196=DIRECTION('',(1.0,0.0,0.0));
#6197=DIRECTION('',(0.0,1.0,0.0));
#6198=ORIENTED_EDGE('',*,*,#8812,.T.);
#6199=ORIENTED_EDGE('',*,*,#8796,.F.);
#6200=ORIENTED_EDGE('',*,*,#8788,.F.);
#6201=ORIENTED_EDGE('',*,*,#8808,.T.);
#6202=CARTESIAN_POINT('',(3.4925,-2.413,-0.2032));
#6203=DIRECTION('',(-1.0,0.0,0.0));
#6204=DIRECTION('',(0.0,1.0,0.0));
#6205=ORIENTED_EDGE('',*,*,#8813,.T.);
#6206=ORIENTED_EDGE('',*,*,#8797,.F.);
#6207=ORIENTED_EDGE('',*,*,#8812,.F.);
#6208=ORIENTED_EDGE('',*,*,#8807,.T.);
#6209=CARTESIAN_POINT('',(3.4925,-2.413,-0.4572));
#6210=DIRECTION('',(0.0,0.0,1.0));
#6211=DIRECTION('',(1.0,0.0,0.0));
#6212=ORIENTED_EDGE('',*,*,#8814,.T.);
#6213=ORIENTED_EDGE('',*,*,#8798,.F.);
#6214=ORIENTED_EDGE('',*,*,#8813,.F.);
#6215=ORIENTED_EDGE('',*,*,#8806,.T.);
#6216=CARTESIAN_POINT('',(3.4925,-3.3782,-0.4572));
#6217=DIRECTION('',(0.0,-1.0,0.0));
#6218=DIRECTION('',(0.0,0.0,-1.0));
#6219=ORIENTED_EDGE('',*,*,#8815,.T.);
#6220=ORIENTED_EDGE('',*,*,#8799,.F.);
#6221=ORIENTED_EDGE('',*,*,#8814,.F.);
#6222=ORIENTED_EDGE('',*,*,#8805,.T.);
#6223=CARTESIAN_POINT('',(3.4925,-3.3782,-0.7112));
#6224=DIRECTION('',(0.0,0.0,-1.0));
#6225=DIRECTION('',(0.0,-1.0,0.0));
#6226=ORIENTED_EDGE('',*,*,#8802,.T.);
#6227=ORIENTED_EDGE('',*,*,#8800,.F.);
#6228=ORIENTED_EDGE('',*,*,#8815,.F.);
#6229=ORIENTED_EDGE('',*,*,#8804,.T.);
#6230=CARTESIAN_POINT('',(3.4925,-2.413,-0.2032));
#6231=DIRECTION('',(-1.0,0.0,0.0));
#6232=DIRECTION('',(0.0,1.0,0.0));
#6233=ORIENTED_EDGE('',*,*,#8816,.T.);
#6234=ORIENTED_EDGE('',*,*,#8817,.F.);
#6235=ORIENTED_EDGE('',*,*,#8818,.F.);
#6236=ORIENTED_EDGE('',*,*,#8811,.T.);
#6237=ORIENTED_EDGE('',*,*,#8819,.T.);
#6238=CARTESIAN_POINT('',(3.4925,-1.905,7.0099999999999));
#6239=DIRECTION('',(0.0,0.965925826289076,-0.258819045102493));
#6240=DIRECTION('',(-1.0,0.0,0.0));
#6241=ORIENTED_EDGE('',*,*,#8792,.F.);
#6242=ORIENTED_EDGE('',*,*,#8820,.F.);
#6243=ORIENTED_EDGE('',*,*,#8821,.F.);
#6244=ORIENTED_EDGE('',*,*,#8819,.F.);
#6245=CARTESIAN_POINT('',(3.4925,-1.27,8.1788));
#6246=DIRECTION('',(-1.0,0.0,0.0));
#6247=DIRECTION('',(0.0,0.0,1.0));
#6248=ORIENTED_EDGE('',*,*,#8822,.T.);
#6249=ORIENTED_EDGE('',*,*,#8823,.F.);
#6250=ORIENTED_EDGE('',*,*,#8816,.F.);
#6251=ORIENTED_EDGE('',*,*,#8821,.T.);
#6252=CARTESIAN_POINT('',(3.4925,-2.24529547438762,5.7399999999999));
#6253=DIRECTION('',(0.0,-0.258819045102493,-0.965925826289076));
#6254=DIRECTION('',(0.0,-0.965925826289076,0.258819045102493));
#6255=ORIENTED_EDGE('',*,*,#8817,.T.);
#6256=ORIENTED_EDGE('',*,*,#8823,.T.);
#6257=ORIENTED_EDGE('',*,*,#8824,.T.);
#6258=ORIENTED_EDGE('',*,*,#8790,.T.);
#6259=ORIENTED_EDGE('',*,*,#8825,.T.);
#6260=ORIENTED_EDGE('',*,*,#8826,.F.);
#6261=CARTESIAN_POINT('',(3.2385,-1.27,8.1788));
#6262=DIRECTION('',(-1.0,0.0,0.0));
#6263=DIRECTION('',(0.0,0.0,1.0));
#6264=ORIENTED_EDGE('',*,*,#8827,.F.);
#6265=ORIENTED_EDGE('',*,*,#8828,.T.);
#6266=ORIENTED_EDGE('',*,*,#8829,.F.);
#6267=ORIENTED_EDGE('',*,*,#8809,.T.);
#6268=ORIENTED_EDGE('',*,*,#8818,.T.);
#6269=ORIENTED_EDGE('',*,*,#8826,.T.);
#6270=CARTESIAN_POINT('',(3.8735,-1.9685,8.636));
#6271=DIRECTION('',(-0.0,1.0,0.0));
#6272=DIRECTION('',(1.0,0.0,0.0));
#6273=ORIENTED_EDGE('',*,*,#8829,.T.);
#6274=ORIENTED_EDGE('',*,*,#8830,.T.);
#6275=ORIENTED_EDGE('',*,*,#7926,.T.);
#6276=ORIENTED_EDGE('',*,*,#8782,.T.);
#6277=ORIENTED_EDGE('',*,*,#8794,.T.);
#6278=ORIENTED_EDGE('',*,*,#8810,.T.);
#6279=CARTESIAN_POINT('',(0.0,0.0,5.588));
#6280=DIRECTION('',(0.0,0.0,1.0));
#6281=DIRECTION('',(1.0,0.0,0.0));
#6282=ORIENTED_EDGE('',*,*,#8106,.F.);
#6283=ORIENTED_EDGE('',*,*,#7927,.T.);
#6284=ORIENTED_EDGE('',*,*,#8830,.F.);
#6285=ORIENTED_EDGE('',*,*,#8828,.F.);
#6286=ORIENTED_EDGE('',*,*,#8831,.F.);
#6287=ORIENTED_EDGE('',*,*,#8832,.T.);
#6288=ORIENTED_EDGE('',*,*,#8833,.T.);
#6289=ORIENTED_EDGE('',*,*,#8834,.T.);
#6290=CARTESIAN_POINT('',(3.1115,-1.9685,8.636));
#6291=DIRECTION('',(-1.0,0.0,0.0));
#6292=DIRECTION('',(0.0,0.0,1.0));
#6293=ORIENTED_EDGE('',*,*,#8835,.T.);
#6294=ORIENTED_EDGE('',*,*,#8107,.T.);
#6295=ORIENTED_EDGE('',*,*,#8834,.F.);
#6296=CARTESIAN_POINT('',(3.81,-2.0955,8.4836));
#6297=DIRECTION('',(0.0,-0.768221279597376,-0.64018439966448));
#6298=DIRECTION('',(0.0,0.64018439966448,-0.768221279597376));
#6299=ORIENTED_EDGE('',*,*,#8111,.T.);
#6300=ORIENTED_EDGE('',*,*,#8836,.F.);
#6301=ORIENTED_EDGE('',*,*,#8837,.F.);
#6302=ORIENTED_EDGE('',*,*,#8783,.T.);
#6303=CARTESIAN_POINT('',(3.81,-2.0955,8.4836));
#6304=DIRECTION('',(0.0,-0.768221279597376,-0.64018439966448));
#6305=DIRECTION('',(0.0,0.64018439966448,-0.768221279597376));
#6306=ORIENTED_EDGE('',*,*,#8838,.T.);
#6307=ORIENTED_EDGE('',*,*,#8108,.T.);
#6308=ORIENTED_EDGE('',*,*,#8835,.F.);
#6309=ORIENTED_EDGE('',*,*,#8833,.F.);
#6310=CARTESIAN_POINT('',(2.9845,-1.27,8.4836));
#6311=DIRECTION('',(-0.768221279597376,0.0,-0.64018439966448));
#6312=DIRECTION('',(-0.64018439966448,0.0,0.768221279597376));
#6313=ORIENTED_EDGE('',*,*,#8838,.F.);
#6314=ORIENTED_EDGE('',*,*,#8839,.F.);
#6315=ORIENTED_EDGE('',*,*,#8840,.T.);
#6316=ORIENTED_EDGE('',*,*,#8109,.T.);
#6317=CARTESIAN_POINT('',(3.81,-0.4445,8.4836));
#6318=DIRECTION('',(0.0,0.768221279597376,-0.64018439966448));
#6319=DIRECTION('',(-1.0,0.0,0.0));
#6320=ORIENTED_EDGE('',*,*,#8840,.F.);
#6321=ORIENTED_EDGE('',*,*,#8841,.F.);
#6322=ORIENTED_EDGE('',*,*,#8836,.T.);
#6323=ORIENTED_EDGE('',*,*,#8110,.T.);
#6324=CARTESIAN_POINT('',(4.6355,-1.27,8.4836));
#6325=DIRECTION('',(0.768221279597376,0.0,-0.64018439966448));
#6326=DIRECTION('',(0.0,-1.0,0.0));
#6327=ORIENTED_EDGE('',*,*,#8842,.T.);
#6328=ORIENTED_EDGE('',*,*,#8841,.T.);
#6329=ORIENTED_EDGE('',*,*,#8843,.F.);
#6330=ORIENTED_EDGE('',*,*,#8844,.F.);
#6331=CARTESIAN_POINT('',(4.5085,-1.27,8.1788));
#6332=DIRECTION('',(1.0,0.0,0.0));
#6333=DIRECTION('',(0.0,1.0,0.0));
#6334=ORIENTED_EDGE('',*,*,#8795,.F.);
#6335=ORIENTED_EDGE('',*,*,#8785,.F.);
#6336=ORIENTED_EDGE('',*,*,#8845,.T.);
#6337=ORIENTED_EDGE('',*,*,#8844,.T.);
#6338=ORIENTED_EDGE('',*,*,#8846,.T.);
#6339=ORIENTED_EDGE('',*,*,#8831,.T.);
#6340=ORIENTED_EDGE('',*,*,#8827,.T.);
#6341=ORIENTED_EDGE('',*,*,#8825,.F.);
#6342=CARTESIAN_POINT('',(3.4925,-2.159,8.0259999999999));
#6343=DIRECTION('',(0.0,0.0,1.0));
#6344=DIRECTION('',(1.0,0.0,0.0));
#6345=ORIENTED_EDGE('',*,*,#8843,.T.);
#6346=ORIENTED_EDGE('',*,*,#8839,.T.);
#6347=ORIENTED_EDGE('',*,*,#8832,.F.);
#6348=ORIENTED_EDGE('',*,*,#8846,.F.);
#6349=CARTESIAN_POINT('',(3.81,-0.5715,8.1788));
#6350=DIRECTION('',(-0.0,1.0,0.0));
#6351=DIRECTION('',(1.0,0.0,0.0));
#6352=ORIENTED_EDGE('',*,*,#8837,.T.);
#6353=ORIENTED_EDGE('',*,*,#8842,.F.);
#6354=ORIENTED_EDGE('',*,*,#8845,.F.);
#6355=ORIENTED_EDGE('',*,*,#8784,.T.);
#6356=CARTESIAN_POINT('',(3.81,-1.9685,8.1788));
#6357=DIRECTION('',(0.0,-1.0,0.0));
#6358=DIRECTION('',(0.0,0.0,-1.0));
#6359=ORIENTED_EDGE('',*,*,#8791,.T.);
#6360=ORIENTED_EDGE('',*,*,#8824,.F.);
#6361=ORIENTED_EDGE('',*,*,#8822,.F.);
#6362=ORIENTED_EDGE('',*,*,#8820,.T.);
#6363=CARTESIAN_POINT('',(3.4925,-2.49064063426503,5.8057400374553));
#6364=DIRECTION('',(0.0,-0.965925826289076,0.258819045102493));
#6365=DIRECTION('',(-1.0,0.0,0.0));
#6366=ORIENTED_EDGE('',*,*,#8847,.T.);
#6367=ORIENTED_EDGE('',*,*,#8848,.F.);
#6368=ORIENTED_EDGE('',*,*,#8849,.F.);
#6369=ORIENTED_EDGE('',*,*,#7929,.F.);
#6370=ORIENTED_EDGE('',*,*,#8105,.T.);
#6371=ORIENTED_EDGE('',*,*,#8850,.F.);
#6372=ORIENTED_EDGE('',*,*,#8851,.F.);
#6373=CARTESIAN_POINT('',(1.3335,-2.5273,8.636));
#6374=DIRECTION('',(1.0,0.0,0.0));
#6375=DIRECTION('',(0.0,1.0,0.0));
#6376=ORIENTED_EDGE('',*,*,#8852,.T.);
#6377=ORIENTED_EDGE('',*,*,#8853,.F.);
#6378=ORIENTED_EDGE('',*,*,#8854,.F.);
#6379=ORIENTED_EDGE('',*,*,#8851,.T.);
#6380=CARTESIAN_POINT('',(1.27,-1.9685,8.1788));
#6381=DIRECTION('',(0.0,-1.0,0.0));
#6382=DIRECTION('',(0.0,0.0,-1.0));
#6383=ORIENTED_EDGE('',*,*,#8847,.F.);
#6384=ORIENTED_EDGE('',*,*,#8854,.T.);
#6385=ORIENTED_EDGE('',*,*,#8855,.T.);
#6386=ORIENTED_EDGE('',*,*,#8856,.T.);
#6387=ORIENTED_EDGE('',*,*,#8857,.T.);
#6388=ORIENTED_EDGE('',*,*,#8858,.T.);
#6389=ORIENTED_EDGE('',*,*,#8859,.F.);
#6390=ORIENTED_EDGE('',*,*,#8860,.F.);
#6391=CARTESIAN_POINT('',(0.0,0.0,8.0264));
#6392=DIRECTION('',(0.0,0.0,1.0));
#6393=DIRECTION('',(1.0,0.0,0.0));
#6394=ORIENTED_EDGE('',*,*,#7871,.F.);
#6395=ORIENTED_EDGE('',*,*,#8861,.T.);
#6396=ORIENTED_EDGE('',*,*,#8862,.T.);
#6397=ORIENTED_EDGE('',*,*,#8863,.F.);
#6398=CARTESIAN_POINT('',(0.9525,-2.159,8.0259999999999));
#6399=DIRECTION('',(0.0,-1.0,0.0));
#6400=DIRECTION('',(0.0,0.0,-1.0));
#6401=ORIENTED_EDGE('',*,*,#8864,.T.);
#6402=ORIENTED_EDGE('',*,*,#8865,.F.);
#6403=ORIENTED_EDGE('',*,*,#8848,.T.);
#6404=ORIENTED_EDGE('',*,*,#8860,.T.);
#6405=ORIENTED_EDGE('',*,*,#8866,.F.);
#6406=ORIENTED_EDGE('',*,*,#8867,.F.);
#6407=ORIENTED_EDGE('',*,*,#8868,.T.);
#6408=CARTESIAN_POINT('',(0.9525,-2.159,8.0259999999999));
#6409=DIRECTION('',(0.0,-1.0,0.0));
#6410=DIRECTION('',(0.0,0.0,-1.0));
#6411=ORIENTED_EDGE('',*,*,#8869,.T.);
#6412=ORIENTED_EDGE('',*,*,#8870,.T.);
#6413=ORIENTED_EDGE('',*,*,#8871,.T.);
#6414=ORIENTED_EDGE('',*,*,#8872,.T.);
#6415=ORIENTED_EDGE('',*,*,#8873,.T.);
#6416=ORIENTED_EDGE('',*,*,#8874,.T.);
#6417=ORIENTED_EDGE('',*,*,#7872,.F.);
#6418=ORIENTED_EDGE('',*,*,#8863,.T.);
#6419=CARTESIAN_POINT('',(1.5875,-1.27,8.1788));
#6420=DIRECTION('',(1.0,0.0,0.0));
#6421=DIRECTION('',(0.0,1.0,0.0));
#6422=ORIENTED_EDGE('',*,*,#8874,.F.);
#6423=ORIENTED_EDGE('',*,*,#8875,.F.);
#6424=ORIENTED_EDGE('',*,*,#8876,.T.);
#6425=ORIENTED_EDGE('',*,*,#7873,.T.);
#6426=CARTESIAN_POINT('',(0.9525,-1.905,-0.2032));
#6427=DIRECTION('',(-0.0,1.0,0.0));
#6428=DIRECTION('',(1.0,0.0,0.0));
#6429=ORIENTED_EDGE('',*,*,#8876,.F.);
#6430=ORIENTED_EDGE('',*,*,#8877,.F.);
#6431=ORIENTED_EDGE('',*,*,#8878,.F.);
#6432=ORIENTED_EDGE('',*,*,#8879,.F.);
#6433=ORIENTED_EDGE('',*,*,#8880,.F.);
#6434=ORIENTED_EDGE('',*,*,#8881,.F.);
#6435=ORIENTED_EDGE('',*,*,#8861,.F.);
#6436=ORIENTED_EDGE('',*,*,#7874,.T.);
#6437=CARTESIAN_POINT('',(0.9525,-1.27,8.1788));
#6438=DIRECTION('',(1.0,0.0,0.0));
#6439=DIRECTION('',(0.0,1.0,0.0));
#6440=ORIENTED_EDGE('',*,*,#8882,.F.);
#6441=ORIENTED_EDGE('',*,*,#8883,.F.);
#6442=ORIENTED_EDGE('',*,*,#8864,.F.);
#6443=ORIENTED_EDGE('',*,*,#8884,.T.);
#6444=CARTESIAN_POINT('',(0.9525,-1.27,8.1788));
#6445=DIRECTION('',(1.0,0.0,0.0));
#6446=DIRECTION('',(0.0,1.0,0.0));
#6447=ORIENTED_EDGE('',*,*,#8885,.T.);
#6448=ORIENTED_EDGE('',*,*,#8869,.F.);
#6449=ORIENTED_EDGE('',*,*,#8862,.F.);
#6450=ORIENTED_EDGE('',*,*,#8881,.T.);
#6451=CARTESIAN_POINT('',(0.9525,-2.413,-0.2032));
#6452=DIRECTION('',(-1.0,0.0,0.0));
#6453=DIRECTION('',(0.0,1.0,0.0));
#6454=ORIENTED_EDGE('',*,*,#8886,.T.);
#6455=ORIENTED_EDGE('',*,*,#8870,.F.);
#6456=ORIENTED_EDGE('',*,*,#8885,.F.);
#6457=ORIENTED_EDGE('',*,*,#8880,.T.);
#6458=CARTESIAN_POINT('',(0.9525,-2.413,-0.4572));
#6459=DIRECTION('',(0.0,0.0,1.0));
#6460=DIRECTION('',(1.0,0.0,0.0));
#6461=ORIENTED_EDGE('',*,*,#8887,.T.);
#6462=ORIENTED_EDGE('',*,*,#8871,.F.);
#6463=ORIENTED_EDGE('',*,*,#8886,.F.);
#6464=ORIENTED_EDGE('',*,*,#8879,.T.);
#6465=CARTESIAN_POINT('',(0.9525,-3.3782,-0.4572));
#6466=DIRECTION('',(0.0,-1.0,0.0));
#6467=DIRECTION('',(0.0,0.0,-1.0));
#6468=ORIENTED_EDGE('',*,*,#8888,.T.);
#6469=ORIENTED_EDGE('',*,*,#8872,.F.);
#6470=ORIENTED_EDGE('',*,*,#8887,.F.);
#6471=ORIENTED_EDGE('',*,*,#8878,.T.);
#6472=CARTESIAN_POINT('',(0.9525,-3.3782,-0.7112));
#6473=DIRECTION('',(0.0,0.0,-1.0));
#6474=DIRECTION('',(0.0,-1.0,0.0));
#6475=ORIENTED_EDGE('',*,*,#8875,.T.);
#6476=ORIENTED_EDGE('',*,*,#8873,.F.);
#6477=ORIENTED_EDGE('',*,*,#8888,.F.);
#6478=ORIENTED_EDGE('',*,*,#8877,.T.);
#6479=CARTESIAN_POINT('',(0.9525,-2.413,-0.2032));
#6480=DIRECTION('',(-1.0,0.0,0.0));
#6481=DIRECTION('',(0.0,1.0,0.0));
#6482=ORIENTED_EDGE('',*,*,#8889,.T.);
#6483=ORIENTED_EDGE('',*,*,#8890,.T.);
#6484=ORIENTED_EDGE('',*,*,#8891,.F.);
#6485=ORIENTED_EDGE('',*,*,#8892,.F.);
#6486=ORIENTED_EDGE('',*,*,#8884,.F.);
#6487=CARTESIAN_POINT('',(0.9525,-1.905,7.0099999999999));
#6488=DIRECTION('',(0.0,0.965925826289076,-0.258819045102493));
#6489=DIRECTION('',(-1.0,0.0,0.0));
#6490=ORIENTED_EDGE('',*,*,#8858,.F.);
#6491=ORIENTED_EDGE('',*,*,#8893,.T.);
#6492=ORIENTED_EDGE('',*,*,#8894,.F.);
#6493=ORIENTED_EDGE('',*,*,#8882,.T.);
#6494=ORIENTED_EDGE('',*,*,#8892,.T.);
#6495=ORIENTED_EDGE('',*,*,#8895,.F.);
#6496=CARTESIAN_POINT('',(1.3335,-1.9685,8.636));
#6497=DIRECTION('',(-0.0,1.0,0.0));
#6498=DIRECTION('',(1.0,0.0,0.0));
#6499=ORIENTED_EDGE('',*,*,#8891,.T.);
#6500=ORIENTED_EDGE('',*,*,#8896,.T.);
#6501=ORIENTED_EDGE('',*,*,#8897,.T.);
#6502=ORIENTED_EDGE('',*,*,#8866,.T.);
#6503=ORIENTED_EDGE('',*,*,#8859,.T.);
#6504=ORIENTED_EDGE('',*,*,#8895,.T.);
#6505=CARTESIAN_POINT('',(0.6985,-1.27,8.1788));
#6506=DIRECTION('',(-1.0,0.0,0.0));
#6507=DIRECTION('',(0.0,0.0,1.0));
#6508=ORIENTED_EDGE('',*,*,#8867,.T.);
#6509=ORIENTED_EDGE('',*,*,#8897,.F.);
#6510=ORIENTED_EDGE('',*,*,#8898,.F.);
#6511=ORIENTED_EDGE('',*,*,#8899,.T.);
#6512=CARTESIAN_POINT('',(0.9525,-2.49064063426503,5.8057400374553));
#6513=DIRECTION('',(0.0,-0.965925826289076,0.258819045102493));
#6514=DIRECTION('',(-1.0,0.0,0.0));
#6515=ORIENTED_EDGE('',*,*,#8899,.F.);
#6516=ORIENTED_EDGE('',*,*,#8900,.F.);
#6517=ORIENTED_EDGE('',*,*,#8889,.F.);
#6518=ORIENTED_EDGE('',*,*,#8868,.F.);
#6519=CARTESIAN_POINT('',(0.9525,-1.27,8.1788));
#6520=DIRECTION('',(-1.0,0.0,0.0));
#6521=DIRECTION('',(0.0,0.0,1.0));
#6522=ORIENTED_EDGE('',*,*,#8898,.T.);
#6523=ORIENTED_EDGE('',*,*,#8896,.F.);
#6524=ORIENTED_EDGE('',*,*,#8890,.F.);
#6525=ORIENTED_EDGE('',*,*,#8900,.T.);
#6526=CARTESIAN_POINT('',(0.9525,-2.24529547438762,5.7399999999999));
#6527=DIRECTION('',(0.0,-0.258819045102493,-0.965925826289076));
#6528=DIRECTION('',(0.0,-0.965925826289076,0.258819045102493));
#6529=ORIENTED_EDGE('',*,*,#8894,.T.);
#6530=ORIENTED_EDGE('',*,*,#8901,.T.);
#6531=ORIENTED_EDGE('',*,*,#7930,.T.);
#6532=ORIENTED_EDGE('',*,*,#8849,.T.);
#6533=ORIENTED_EDGE('',*,*,#8865,.T.);
#6534=ORIENTED_EDGE('',*,*,#8883,.T.);
#6535=CARTESIAN_POINT('',(0.0,0.0,5.588));
#6536=DIRECTION('',(0.0,0.0,1.0));
#6537=DIRECTION('',(1.0,0.0,0.0));
#6538=ORIENTED_EDGE('',*,*,#8902,.T.);
#6539=ORIENTED_EDGE('',*,*,#8903,.T.);
#6540=ORIENTED_EDGE('',*,*,#8904,.T.);
#6541=ORIENTED_EDGE('',*,*,#8099,.F.);
#6542=ORIENTED_EDGE('',*,*,#7931,.T.);
#6543=ORIENTED_EDGE('',*,*,#8901,.F.);
#6544=ORIENTED_EDGE('',*,*,#8893,.F.);
#6545=ORIENTED_EDGE('',*,*,#8857,.F.);
#6546=CARTESIAN_POINT('',(0.5715,-1.27,8.1788));
#6547=DIRECTION('',(-1.0,0.0,0.0));
#6548=DIRECTION('',(0.0,0.0,1.0));
#6549=ORIENTED_EDGE('',*,*,#8905,.T.);
#6550=ORIENTED_EDGE('',*,*,#8100,.T.);
#6551=ORIENTED_EDGE('',*,*,#8904,.F.);
#6552=CARTESIAN_POINT('',(1.27,-2.0955,8.4836));
#6553=DIRECTION('',(0.0,-0.768221279597376,-0.64018439966448));
#6554=DIRECTION('',(0.0,0.64018439966448,-0.768221279597376));
#6555=ORIENTED_EDGE('',*,*,#8104,.T.);
#6556=ORIENTED_EDGE('',*,*,#8906,.F.);
#6557=ORIENTED_EDGE('',*,*,#8852,.F.);
#6558=ORIENTED_EDGE('',*,*,#8850,.T.);
#6559=CARTESIAN_POINT('',(1.27,-2.0955,8.4836));
#6560=DIRECTION('',(0.0,-0.768221279597376,-0.64018439966448));
#6561=DIRECTION('',(0.0,0.64018439966448,-0.768221279597376));
#6562=ORIENTED_EDGE('',*,*,#8907,.T.);
#6563=ORIENTED_EDGE('',*,*,#8101,.T.);
#6564=ORIENTED_EDGE('',*,*,#8905,.F.);
#6565=ORIENTED_EDGE('',*,*,#8903,.F.);
#6566=CARTESIAN_POINT('',(0.4445,-1.27,8.4836));
#6567=DIRECTION('',(-0.768221279597376,0.0,-0.64018439966448));
#6568=DIRECTION('',(-0.64018439966448,0.0,0.768221279597376));
#6569=ORIENTED_EDGE('',*,*,#8907,.F.);
#6570=ORIENTED_EDGE('',*,*,#8908,.F.);
#6571=ORIENTED_EDGE('',*,*,#8909,.T.);
#6572=ORIENTED_EDGE('',*,*,#8102,.T.);
#6573=CARTESIAN_POINT('',(1.27,-0.4445,8.4836));
#6574=DIRECTION('',(0.0,0.768221279597376,-0.64018439966448));
#6575=DIRECTION('',(-1.0,0.0,0.0));
#6576=ORIENTED_EDGE('',*,*,#8909,.F.);
#6577=ORIENTED_EDGE('',*,*,#8910,.F.);
#6578=ORIENTED_EDGE('',*,*,#8906,.T.);
#6579=ORIENTED_EDGE('',*,*,#8103,.T.);
#6580=CARTESIAN_POINT('',(2.0955,-1.27,8.4836));
#6581=DIRECTION('',(0.768221279597376,0.0,-0.64018439966448));
#6582=DIRECTION('',(0.0,-1.0,0.0));
#6583=ORIENTED_EDGE('',*,*,#8853,.T.);
#6584=ORIENTED_EDGE('',*,*,#8910,.T.);
#6585=ORIENTED_EDGE('',*,*,#8911,.F.);
#6586=ORIENTED_EDGE('',*,*,#8855,.F.);
#6587=CARTESIAN_POINT('',(1.9685,-1.27,8.1788));
#6588=DIRECTION('',(1.0,0.0,0.0));
#6589=DIRECTION('',(0.0,1.0,0.0));
#6590=ORIENTED_EDGE('',*,*,#8911,.T.);
#6591=ORIENTED_EDGE('',*,*,#8908,.T.);
#6592=ORIENTED_EDGE('',*,*,#8902,.F.);
#6593=ORIENTED_EDGE('',*,*,#8856,.F.);
#6594=CARTESIAN_POINT('',(1.27,-0.5715,8.1788));
#6595=DIRECTION('',(-0.0,1.0,0.0));
#6596=DIRECTION('',(1.0,0.0,0.0));
#6597=ORIENTED_EDGE('',*,*,#8912,.T.);
#6598=ORIENTED_EDGE('',*,*,#8913,.F.);
#6599=ORIENTED_EDGE('',*,*,#8914,.F.);
#6600=ORIENTED_EDGE('',*,*,#7933,.F.);
#6601=ORIENTED_EDGE('',*,*,#8098,.T.);
#6602=ORIENTED_EDGE('',*,*,#8915,.F.);
#6603=ORIENTED_EDGE('',*,*,#8916,.F.);
#6604=CARTESIAN_POINT('',(-1.2065,-2.5273,8.636));
#6605=DIRECTION('',(1.0,0.0,0.0));
#6606=DIRECTION('',(0.0,1.0,0.0));
#6607=ORIENTED_EDGE('',*,*,#8917,.T.);
#6608=ORIENTED_EDGE('',*,*,#8918,.F.);
#6609=ORIENTED_EDGE('',*,*,#8919,.F.);
#6610=ORIENTED_EDGE('',*,*,#8916,.T.);
#6611=CARTESIAN_POINT('',(-1.27,-1.9685,8.1788));
#6612=DIRECTION('',(0.0,-1.0,0.0));
#6613=DIRECTION('',(0.0,0.0,-1.0));
#6614=ORIENTED_EDGE('',*,*,#8912,.F.);
#6615=ORIENTED_EDGE('',*,*,#8919,.T.);
#6616=ORIENTED_EDGE('',*,*,#8920,.T.);
#6617=ORIENTED_EDGE('',*,*,#8921,.T.);
#6618=ORIENTED_EDGE('',*,*,#8922,.T.);
#6619=ORIENTED_EDGE('',*,*,#8923,.T.);
#6620=ORIENTED_EDGE('',*,*,#8924,.F.);
#6621=ORIENTED_EDGE('',*,*,#8925,.F.);
#6622=CARTESIAN_POINT('',(0.0,0.0,8.0264));
#6623=DIRECTION('',(0.0,0.0,1.0));
#6624=DIRECTION('',(1.0,0.0,0.0));
#6625=ORIENTED_EDGE('',*,*,#7867,.F.);
#6626=ORIENTED_EDGE('',*,*,#8926,.T.);
#6627=ORIENTED_EDGE('',*,*,#8927,.T.);
#6628=ORIENTED_EDGE('',*,*,#8928,.F.);
#6629=CARTESIAN_POINT('',(-1.5875,-2.159,8.0259999999999));
#6630=DIRECTION('',(0.0,-1.0,0.0));
#6631=DIRECTION('',(0.0,0.0,-1.0));
#6632=ORIENTED_EDGE('',*,*,#8929,.T.);
#6633=ORIENTED_EDGE('',*,*,#8930,.F.);
#6634=ORIENTED_EDGE('',*,*,#8913,.T.);
#6635=ORIENTED_EDGE('',*,*,#8925,.T.);
#6636=ORIENTED_EDGE('',*,*,#8931,.F.);
#6637=ORIENTED_EDGE('',*,*,#8932,.F.);
#6638=ORIENTED_EDGE('',*,*,#8933,.T.);
#6639=CARTESIAN_POINT('',(-1.5875,-2.159,8.0259999999999));
#6640=DIRECTION('',(0.0,-1.0,0.0));
#6641=DIRECTION('',(0.0,0.0,-1.0));
#6642=ORIENTED_EDGE('',*,*,#8934,.T.);
#6643=ORIENTED_EDGE('',*,*,#8935,.T.);
#6644=ORIENTED_EDGE('',*,*,#8936,.T.);
#6645=ORIENTED_EDGE('',*,*,#8937,.T.);
#6646=ORIENTED_EDGE('',*,*,#8938,.T.);
#6647=ORIENTED_EDGE('',*,*,#8939,.T.);
#6648=ORIENTED_EDGE('',*,*,#7868,.F.);
#6649=ORIENTED_EDGE('',*,*,#8928,.T.);
#6650=CARTESIAN_POINT('',(-0.9525,-1.27,8.1788));
#6651=DIRECTION('',(1.0,0.0,0.0));
#6652=DIRECTION('',(0.0,1.0,0.0));
#6653=ORIENTED_EDGE('',*,*,#8939,.F.);
#6654=ORIENTED_EDGE('',*,*,#8940,.F.);
#6655=ORIENTED_EDGE('',*,*,#8941,.T.);
#6656=ORIENTED_EDGE('',*,*,#7869,.T.);
#6657=CARTESIAN_POINT('',(-1.5875,-1.905,-0.2032));
#6658=DIRECTION('',(-0.0,1.0,0.0));
#6659=DIRECTION('',(1.0,0.0,0.0));
#6660=ORIENTED_EDGE('',*,*,#8941,.F.);
#6661=ORIENTED_EDGE('',*,*,#8942,.F.);
#6662=ORIENTED_EDGE('',*,*,#8943,.F.);
#6663=ORIENTED_EDGE('',*,*,#8944,.F.);
#6664=ORIENTED_EDGE('',*,*,#8945,.F.);
#6665=ORIENTED_EDGE('',*,*,#8946,.F.);
#6666=ORIENTED_EDGE('',*,*,#8926,.F.);
#6667=ORIENTED_EDGE('',*,*,#7870,.T.);
#6668=CARTESIAN_POINT('',(-1.5875,-1.27,8.1788));
#6669=DIRECTION('',(1.0,0.0,0.0));
#6670=DIRECTION('',(0.0,1.0,0.0));
#6671=ORIENTED_EDGE('',*,*,#8947,.F.);
#6672=ORIENTED_EDGE('',*,*,#8948,.F.);
#6673=ORIENTED_EDGE('',*,*,#8929,.F.);
#6674=ORIENTED_EDGE('',*,*,#8949,.T.);
#6675=CARTESIAN_POINT('',(-1.5875,-1.27,8.1788));
#6676=DIRECTION('',(1.0,0.0,0.0));
#6677=DIRECTION('',(0.0,1.0,0.0));
#6678=ORIENTED_EDGE('',*,*,#8950,.T.);
#6679=ORIENTED_EDGE('',*,*,#8934,.F.);
#6680=ORIENTED_EDGE('',*,*,#8927,.F.);
#6681=ORIENTED_EDGE('',*,*,#8946,.T.);
#6682=CARTESIAN_POINT('',(-1.5875,-2.413,-0.2032));
#6683=DIRECTION('',(-1.0,0.0,0.0));
#6684=DIRECTION('',(0.0,1.0,0.0));
#6685=ORIENTED_EDGE('',*,*,#8951,.T.);
#6686=ORIENTED_EDGE('',*,*,#8935,.F.);
#6687=ORIENTED_EDGE('',*,*,#8950,.F.);
#6688=ORIENTED_EDGE('',*,*,#8945,.T.);
#6689=CARTESIAN_POINT('',(-1.5875,-2.413,-0.4572));
#6690=DIRECTION('',(0.0,0.0,1.0));
#6691=DIRECTION('',(1.0,0.0,0.0));
#6692=ORIENTED_EDGE('',*,*,#8952,.T.);
#6693=ORIENTED_EDGE('',*,*,#8936,.F.);
#6694=ORIENTED_EDGE('',*,*,#8951,.F.);
#6695=ORIENTED_EDGE('',*,*,#8944,.T.);
#6696=CARTESIAN_POINT('',(-1.5875,-3.3782,-0.4572));
#6697=DIRECTION('',(0.0,-1.0,0.0));
#6698=DIRECTION('',(0.0,0.0,-1.0));
#6699=ORIENTED_EDGE('',*,*,#8953,.T.);
#6700=ORIENTED_EDGE('',*,*,#8937,.F.);
#6701=ORIENTED_EDGE('',*,*,#8952,.F.);
#6702=ORIENTED_EDGE('',*,*,#8943,.T.);
#6703=CARTESIAN_POINT('',(-1.5875,-3.3782,-0.7112));
#6704=DIRECTION('',(0.0,0.0,-1.0));
#6705=DIRECTION('',(0.0,-1.0,0.0));
#6706=ORIENTED_EDGE('',*,*,#8940,.T.);
#6707=ORIENTED_EDGE('',*,*,#8938,.F.);
#6708=ORIENTED_EDGE('',*,*,#8953,.F.);
#6709=ORIENTED_EDGE('',*,*,#8942,.T.);
#6710=CARTESIAN_POINT('',(-1.5875,-2.413,-0.2032));
#6711=DIRECTION('',(-1.0,0.0,0.0));
#6712=DIRECTION('',(0.0,1.0,0.0));
#6713=ORIENTED_EDGE('',*,*,#8954,.T.);
#6714=ORIENTED_EDGE('',*,*,#8955,.T.);
#6715=ORIENTED_EDGE('',*,*,#8956,.F.);
#6716=ORIENTED_EDGE('',*,*,#8957,.F.);
#6717=ORIENTED_EDGE('',*,*,#8949,.F.);
#6718=CARTESIAN_POINT('',(-1.5875,-1.905,7.0099999999999));
#6719=DIRECTION('',(0.0,0.965925826289076,-0.258819045102493));
#6720=DIRECTION('',(-1.0,0.0,0.0));
#6721=ORIENTED_EDGE('',*,*,#8923,.F.);
#6722=ORIENTED_EDGE('',*,*,#8958,.T.);
#6723=ORIENTED_EDGE('',*,*,#8959,.F.);
#6724=ORIENTED_EDGE('',*,*,#8947,.T.);
#6725=ORIENTED_EDGE('',*,*,#8957,.T.);
#6726=ORIENTED_EDGE('',*,*,#8960,.F.);
#6727=CARTESIAN_POINT('',(-1.2065,-1.9685,8.636));
#6728=DIRECTION('',(-0.0,1.0,0.0));
#6729=DIRECTION('',(1.0,0.0,0.0));
#6730=ORIENTED_EDGE('',*,*,#8956,.T.);
#6731=ORIENTED_EDGE('',*,*,#8961,.T.);
#6732=ORIENTED_EDGE('',*,*,#8962,.T.);
#6733=ORIENTED_EDGE('',*,*,#8931,.T.);
#6734=ORIENTED_EDGE('',*,*,#8924,.T.);
#6735=ORIENTED_EDGE('',*,*,#8960,.T.);
#6736=CARTESIAN_POINT('',(-1.8415,-1.27,8.1788));
#6737=DIRECTION('',(-1.0,0.0,0.0));
#6738=DIRECTION('',(0.0,0.0,1.0));
#6739=ORIENTED_EDGE('',*,*,#8932,.T.);
#6740=ORIENTED_EDGE('',*,*,#8962,.F.);
#6741=ORIENTED_EDGE('',*,*,#8963,.F.);
#6742=ORIENTED_EDGE('',*,*,#8964,.T.);
#6743=CARTESIAN_POINT('',(-1.5875,-2.49064063426503,5.8057400374553));
#6744=DIRECTION('',(0.0,-0.965925826289076,0.258819045102493));
#6745=DIRECTION('',(-1.0,0.0,0.0));
#6746=ORIENTED_EDGE('',*,*,#8964,.F.);
#6747=ORIENTED_EDGE('',*,*,#8965,.F.);
#6748=ORIENTED_EDGE('',*,*,#8954,.F.);
#6749=ORIENTED_EDGE('',*,*,#8933,.F.);
#6750=CARTESIAN_POINT('',(-1.5875,-1.27,8.1788));
#6751=DIRECTION('',(-1.0,0.0,0.0));
#6752=DIRECTION('',(0.0,0.0,1.0));
#6753=ORIENTED_EDGE('',*,*,#8963,.T.);
#6754=ORIENTED_EDGE('',*,*,#8961,.F.);
#6755=ORIENTED_EDGE('',*,*,#8955,.F.);
#6756=ORIENTED_EDGE('',*,*,#8965,.T.);
#6757=CARTESIAN_POINT('',(-1.5875,-2.24529547438762,5.7399999999999));
#6758=DIRECTION('',(0.0,-0.258819045102493,-0.965925826289076));
#6759=DIRECTION('',(0.0,-0.965925826289076,0.258819045102493));
#6760=ORIENTED_EDGE('',*,*,#8959,.T.);
#6761=ORIENTED_EDGE('',*,*,#8966,.T.);
#6762=ORIENTED_EDGE('',*,*,#7934,.T.);
#6763=ORIENTED_EDGE('',*,*,#8914,.T.);
#6764=ORIENTED_EDGE('',*,*,#8930,.T.);
#6765=ORIENTED_EDGE('',*,*,#8948,.T.);
#6766=CARTESIAN_POINT('',(0.0,0.0,5.588));
#6767=DIRECTION('',(0.0,0.0,1.0));
#6768=DIRECTION('',(1.0,0.0,0.0));
#6769=ORIENTED_EDGE('',*,*,#8967,.T.);
#6770=ORIENTED_EDGE('',*,*,#8968,.T.);
#6771=ORIENTED_EDGE('',*,*,#8969,.T.);
#6772=ORIENTED_EDGE('',*,*,#8092,.F.);
#6773=ORIENTED_EDGE('',*,*,#7935,.T.);
#6774=ORIENTED_EDGE('',*,*,#8966,.F.);
#6775=ORIENTED_EDGE('',*,*,#8958,.F.);
#6776=ORIENTED_EDGE('',*,*,#8922,.F.);
#6777=CARTESIAN_POINT('',(-1.9685,-1.27,8.1788));
#6778=DIRECTION('',(-1.0,0.0,0.0));
#6779=DIRECTION('',(0.0,0.0,1.0));
#6780=ORIENTED_EDGE('',*,*,#8970,.T.);
#6781=ORIENTED_EDGE('',*,*,#8093,.T.);
#6782=ORIENTED_EDGE('',*,*,#8969,.F.);
#6783=CARTESIAN_POINT('',(-1.27,-2.0955,8.4836));
#6784=DIRECTION('',(0.0,-0.768221279597376,-0.64018439966448));
#6785=DIRECTION('',(0.0,0.64018439966448,-0.768221279597376));
#6786=ORIENTED_EDGE('',*,*,#8097,.T.);
#6787=ORIENTED_EDGE('',*,*,#8971,.F.);
#6788=ORIENTED_EDGE('',*,*,#8917,.F.);
#6789=ORIENTED_EDGE('',*,*,#8915,.T.);
#6790=CARTESIAN_POINT('',(-1.27,-2.0955,8.4836));
#6791=DIRECTION('',(0.0,-0.768221279597376,-0.64018439966448));
#6792=DIRECTION('',(0.0,0.64018439966448,-0.768221279597376));
#6793=ORIENTED_EDGE('',*,*,#8972,.T.);
#6794=ORIENTED_EDGE('',*,*,#8094,.T.);
#6795=ORIENTED_EDGE('',*,*,#8970,.F.);
#6796=ORIENTED_EDGE('',*,*,#8968,.F.);
#6797=CARTESIAN_POINT('',(-2.0955,-1.27,8.4836));
#6798=DIRECTION('',(-0.768221279597376,0.0,-0.64018439966448));
#6799=DIRECTION('',(-0.64018439966448,0.0,0.768221279597376));
#6800=ORIENTED_EDGE('',*,*,#8972,.F.);
#6801=ORIENTED_EDGE('',*,*,#8973,.F.);
#6802=ORIENTED_EDGE('',*,*,#8974,.T.);
#6803=ORIENTED_EDGE('',*,*,#8095,.T.);
#6804=CARTESIAN_POINT('',(-1.27,-0.4445,8.4836));
#6805=DIRECTION('',(0.0,0.768221279597376,-0.64018439966448));
#6806=DIRECTION('',(-1.0,0.0,0.0));
#6807=ORIENTED_EDGE('',*,*,#8974,.F.);
#6808=ORIENTED_EDGE('',*,*,#8975,.F.);
#6809=ORIENTED_EDGE('',*,*,#8971,.T.);
#6810=ORIENTED_EDGE('',*,*,#8096,.T.);
#6811=CARTESIAN_POINT('',(-0.4445,-1.27,8.4836));
#6812=DIRECTION('',(0.768221279597376,0.0,-0.64018439966448));
#6813=DIRECTION('',(0.0,-1.0,0.0));
#6814=ORIENTED_EDGE('',*,*,#8918,.T.);
#6815=ORIENTED_EDGE('',*,*,#8975,.T.);
#6816=ORIENTED_EDGE('',*,*,#8976,.F.);
#6817=ORIENTED_EDGE('',*,*,#8920,.F.);
#6818=CARTESIAN_POINT('',(-0.5715,-1.27,8.1788));
#6819=DIRECTION('',(1.0,0.0,0.0));
#6820=DIRECTION('',(0.0,1.0,0.0));
#6821=ORIENTED_EDGE('',*,*,#8976,.T.);
#6822=ORIENTED_EDGE('',*,*,#8973,.T.);
#6823=ORIENTED_EDGE('',*,*,#8967,.F.);
#6824=ORIENTED_EDGE('',*,*,#8921,.F.);
#6825=CARTESIAN_POINT('',(-1.27,-0.5715,8.1788));
#6826=DIRECTION('',(-0.0,1.0,0.0));
#6827=DIRECTION('',(1.0,0.0,0.0));
#6828=ORIENTED_EDGE('',*,*,#8977,.T.);
#6829=ORIENTED_EDGE('',*,*,#8978,.F.);
#6830=ORIENTED_EDGE('',*,*,#8979,.F.);
#6831=ORIENTED_EDGE('',*,*,#7937,.F.);
#6832=ORIENTED_EDGE('',*,*,#8091,.T.);
#6833=ORIENTED_EDGE('',*,*,#8980,.F.);
#6834=ORIENTED_EDGE('',*,*,#8981,.F.);
#6835=CARTESIAN_POINT('',(-3.7465,-2.5273,8.636));
#6836=DIRECTION('',(1.0,0.0,0.0));
#6837=DIRECTION('',(0.0,1.0,0.0));
#6838=ORIENTED_EDGE('',*,*,#8982,.T.);
#6839=ORIENTED_EDGE('',*,*,#8983,.F.);
#6840=ORIENTED_EDGE('',*,*,#8984,.F.);
#6841=ORIENTED_EDGE('',*,*,#8981,.T.);
#6842=CARTESIAN_POINT('',(-3.81,-1.9685,8.1788));
#6843=DIRECTION('',(0.0,-1.0,0.0));
#6844=DIRECTION('',(0.0,0.0,-1.0));
#6845=ORIENTED_EDGE('',*,*,#8977,.F.);
#6846=ORIENTED_EDGE('',*,*,#8984,.T.);
#6847=ORIENTED_EDGE('',*,*,#8985,.T.);
#6848=ORIENTED_EDGE('',*,*,#8986,.T.);
#6849=ORIENTED_EDGE('',*,*,#8987,.T.);
#6850=ORIENTED_EDGE('',*,*,#8988,.T.);
#6851=ORIENTED_EDGE('',*,*,#8989,.F.);
#6852=ORIENTED_EDGE('',*,*,#8990,.F.);
#6853=CARTESIAN_POINT('',(0.0,0.0,8.0264));
#6854=DIRECTION('',(0.0,0.0,1.0));
#6855=DIRECTION('',(1.0,0.0,0.0));
#6856=ORIENTED_EDGE('',*,*,#7863,.F.);
#6857=ORIENTED_EDGE('',*,*,#8991,.T.);
#6858=ORIENTED_EDGE('',*,*,#8992,.T.);
#6859=ORIENTED_EDGE('',*,*,#8993,.F.);
#6860=CARTESIAN_POINT('',(-4.1275,-2.159,8.0259999999999));
#6861=DIRECTION('',(0.0,-1.0,0.0));
#6862=DIRECTION('',(0.0,0.0,-1.0));
#6863=ORIENTED_EDGE('',*,*,#8994,.T.);
#6864=ORIENTED_EDGE('',*,*,#8995,.F.);
#6865=ORIENTED_EDGE('',*,*,#8978,.T.);
#6866=ORIENTED_EDGE('',*,*,#8990,.T.);
#6867=ORIENTED_EDGE('',*,*,#8996,.F.);
#6868=ORIENTED_EDGE('',*,*,#8997,.F.);
#6869=ORIENTED_EDGE('',*,*,#8998,.T.);
#6870=CARTESIAN_POINT('',(-4.1275,-2.159,8.0259999999999));
#6871=DIRECTION('',(0.0,-1.0,0.0));
#6872=DIRECTION('',(0.0,0.0,-1.0));
#6873=ORIENTED_EDGE('',*,*,#8999,.T.);
#6874=ORIENTED_EDGE('',*,*,#9000,.T.);
#6875=ORIENTED_EDGE('',*,*,#9001,.T.);
#6876=ORIENTED_EDGE('',*,*,#9002,.T.);
#6877=ORIENTED_EDGE('',*,*,#9003,.T.);
#6878=ORIENTED_EDGE('',*,*,#9004,.T.);
#6879=ORIENTED_EDGE('',*,*,#7864,.F.);
#6880=ORIENTED_EDGE('',*,*,#8993,.T.);
#6881=CARTESIAN_POINT('',(-3.4925,-1.27,8.1788));
#6882=DIRECTION('',(1.0,0.0,0.0));
#6883=DIRECTION('',(0.0,1.0,0.0));
#6884=ORIENTED_EDGE('',*,*,#9004,.F.);
#6885=ORIENTED_EDGE('',*,*,#9005,.F.);
#6886=ORIENTED_EDGE('',*,*,#9006,.T.);
#6887=ORIENTED_EDGE('',*,*,#7865,.T.);
#6888=CARTESIAN_POINT('',(-4.1275,-1.905,-0.2032));
#6889=DIRECTION('',(-0.0,1.0,0.0));
#6890=DIRECTION('',(1.0,0.0,0.0));
#6891=ORIENTED_EDGE('',*,*,#9006,.F.);
#6892=ORIENTED_EDGE('',*,*,#9007,.F.);
#6893=ORIENTED_EDGE('',*,*,#9008,.F.);
#6894=ORIENTED_EDGE('',*,*,#9009,.F.);
#6895=ORIENTED_EDGE('',*,*,#9010,.F.);
#6896=ORIENTED_EDGE('',*,*,#9011,.F.);
#6897=ORIENTED_EDGE('',*,*,#8991,.F.);
#6898=ORIENTED_EDGE('',*,*,#7866,.T.);
#6899=CARTESIAN_POINT('',(-4.1275,-1.27,8.1788));
#6900=DIRECTION('',(1.0,0.0,0.0));
#6901=DIRECTION('',(0.0,1.0,0.0));
#6902=ORIENTED_EDGE('',*,*,#9012,.F.);
#6903=ORIENTED_EDGE('',*,*,#9013,.F.);
#6904=ORIENTED_EDGE('',*,*,#8994,.F.);
#6905=ORIENTED_EDGE('',*,*,#9014,.T.);
#6906=CARTESIAN_POINT('',(-4.1275,-1.27,8.1788));
#6907=DIRECTION('',(1.0,0.0,0.0));
#6908=DIRECTION('',(0.0,1.0,0.0));
#6909=ORIENTED_EDGE('',*,*,#9015,.T.);
#6910=ORIENTED_EDGE('',*,*,#8999,.F.);
#6911=ORIENTED_EDGE('',*,*,#8992,.F.);
#6912=ORIENTED_EDGE('',*,*,#9011,.T.);
#6913=CARTESIAN_POINT('',(-4.1275,-2.413,-0.2032));
#6914=DIRECTION('',(-1.0,0.0,0.0));
#6915=DIRECTION('',(0.0,1.0,0.0));
#6916=ORIENTED_EDGE('',*,*,#9016,.T.);
#6917=ORIENTED_EDGE('',*,*,#9000,.F.);
#6918=ORIENTED_EDGE('',*,*,#9015,.F.);
#6919=ORIENTED_EDGE('',*,*,#9010,.T.);
#6920=CARTESIAN_POINT('',(-4.1275,-2.413,-0.4572));
#6921=DIRECTION('',(0.0,0.0,1.0));
#6922=DIRECTION('',(1.0,0.0,0.0));
#6923=ORIENTED_EDGE('',*,*,#9017,.T.);
#6924=ORIENTED_EDGE('',*,*,#9001,.F.);
#6925=ORIENTED_EDGE('',*,*,#9016,.F.);
#6926=ORIENTED_EDGE('',*,*,#9009,.T.);
#6927=CARTESIAN_POINT('',(-4.1275,-3.3782,-0.4572));
#6928=DIRECTION('',(0.0,-1.0,0.0));
#6929=DIRECTION('',(0.0,0.0,-1.0));
#6930=ORIENTED_EDGE('',*,*,#9018,.T.);
#6931=ORIENTED_EDGE('',*,*,#9002,.F.);
#6932=ORIENTED_EDGE('',*,*,#9017,.F.);
#6933=ORIENTED_EDGE('',*,*,#9008,.T.);
#6934=CARTESIAN_POINT('',(-4.1275,-3.3782,-0.7112));
#6935=DIRECTION('',(0.0,0.0,-1.0));
#6936=DIRECTION('',(0.0,-1.0,0.0));
#6937=ORIENTED_EDGE('',*,*,#9005,.T.);
#6938=ORIENTED_EDGE('',*,*,#9003,.F.);
#6939=ORIENTED_EDGE('',*,*,#9018,.F.);
#6940=ORIENTED_EDGE('',*,*,#9007,.T.);
#6941=CARTESIAN_POINT('',(-4.1275,-2.413,-0.2032));
#6942=DIRECTION('',(-1.0,0.0,0.0));
#6943=DIRECTION('',(0.0,1.0,0.0));
#6944=ORIENTED_EDGE('',*,*,#9019,.T.);
#6945=ORIENTED_EDGE('',*,*,#9020,.T.);
#6946=ORIENTED_EDGE('',*,*,#9021,.F.);
#6947=ORIENTED_EDGE('',*,*,#9022,.F.);
#6948=ORIENTED_EDGE('',*,*,#9014,.F.);
#6949=CARTESIAN_POINT('',(-4.1275,-1.905,7.0099999999999));
#6950=DIRECTION('',(0.0,0.965925826289076,-0.258819045102493));
#6951=DIRECTION('',(-1.0,0.0,0.0));
#6952=ORIENTED_EDGE('',*,*,#8988,.F.);
#6953=ORIENTED_EDGE('',*,*,#9023,.T.);
#6954=ORIENTED_EDGE('',*,*,#9024,.F.);
#6955=ORIENTED_EDGE('',*,*,#9012,.T.);
#6956=ORIENTED_EDGE('',*,*,#9022,.T.);
#6957=ORIENTED_EDGE('',*,*,#9025,.F.);
#6958=CARTESIAN_POINT('',(-3.7465,-1.9685,8.636));
#6959=DIRECTION('',(-0.0,1.0,0.0));
#6960=DIRECTION('',(1.0,0.0,0.0));
#6961=ORIENTED_EDGE('',*,*,#9021,.T.);
#6962=ORIENTED_EDGE('',*,*,#9026,.T.);
#6963=ORIENTED_EDGE('',*,*,#9027,.T.);
#6964=ORIENTED_EDGE('',*,*,#8996,.T.);
#6965=ORIENTED_EDGE('',*,*,#8989,.T.);
#6966=ORIENTED_EDGE('',*,*,#9025,.T.);
#6967=CARTESIAN_POINT('',(-4.3815,-1.27,8.1788));
#6968=DIRECTION('',(-1.0,0.0,0.0));
#6969=DIRECTION('',(0.0,0.0,1.0));
#6970=ORIENTED_EDGE('',*,*,#8997,.T.);
#6971=ORIENTED_EDGE('',*,*,#9027,.F.);
#6972=ORIENTED_EDGE('',*,*,#9028,.F.);
#6973=ORIENTED_EDGE('',*,*,#9029,.T.);
#6974=CARTESIAN_POINT('',(-4.1275,-2.49064063426503,5.8057400374553));
#6975=DIRECTION('',(0.0,-0.965925826289076,0.258819045102493));
#6976=DIRECTION('',(-1.0,0.0,0.0));
#6977=ORIENTED_EDGE('',*,*,#9029,.F.);
#6978=ORIENTED_EDGE('',*,*,#9030,.F.);
#6979=ORIENTED_EDGE('',*,*,#9019,.F.);
#6980=ORIENTED_EDGE('',*,*,#8998,.F.);
#6981=CARTESIAN_POINT('',(-4.1275,-1.27,8.1788));
#6982=DIRECTION('',(-1.0,0.0,0.0));
#6983=DIRECTION('',(0.0,0.0,1.0));
#6984=ORIENTED_EDGE('',*,*,#9028,.T.);
#6985=ORIENTED_EDGE('',*,*,#9026,.F.);
#6986=ORIENTED_EDGE('',*,*,#9020,.F.);
#6987=ORIENTED_EDGE('',*,*,#9030,.T.);
#6988=CARTESIAN_POINT('',(-4.1275,-2.24529547438762,5.7399999999999));
#6989=DIRECTION('',(0.0,-0.258819045102493,-0.965925826289076));
#6990=DIRECTION('',(0.0,-0.965925826289076,0.258819045102493));
#6991=ORIENTED_EDGE('',*,*,#9024,.T.);
#6992=ORIENTED_EDGE('',*,*,#9031,.T.);
#6993=ORIENTED_EDGE('',*,*,#7938,.T.);
#6994=ORIENTED_EDGE('',*,*,#8979,.T.);
#6995=ORIENTED_EDGE('',*,*,#8995,.T.);
#6996=ORIENTED_EDGE('',*,*,#9013,.T.);
#6997=CARTESIAN_POINT('',(0.0,0.0,5.588));
#6998=DIRECTION('',(0.0,0.0,1.0));
#6999=DIRECTION('',(1.0,0.0,0.0));
#7000=ORIENTED_EDGE('',*,*,#9032,.T.);
#7001=ORIENTED_EDGE('',*,*,#9033,.T.);
#7002=ORIENTED_EDGE('',*,*,#9034,.T.);
#7003=ORIENTED_EDGE('',*,*,#8085,.F.);
#7004=ORIENTED_EDGE('',*,*,#7939,.T.);
#7005=ORIENTED_EDGE('',*,*,#9031,.F.);
#7006=ORIENTED_EDGE('',*,*,#9023,.F.);
#7007=ORIENTED_EDGE('',*,*,#8987,.F.);
#7008=CARTESIAN_POINT('',(-4.5085,-1.27,8.1788));
#7009=DIRECTION('',(-1.0,0.0,0.0));
#7010=DIRECTION('',(0.0,0.0,1.0));
#7011=ORIENTED_EDGE('',*,*,#9035,.T.);
#7012=ORIENTED_EDGE('',*,*,#8086,.T.);
#7013=ORIENTED_EDGE('',*,*,#9034,.F.);
#7014=CARTESIAN_POINT('',(-3.81,-2.0955,8.4836));
#7015=DIRECTION('',(0.0,-0.768221279597376,-0.64018439966448));
#7016=DIRECTION('',(0.0,0.64018439966448,-0.768221279597376));
#7017=ORIENTED_EDGE('',*,*,#8090,.T.);
#7018=ORIENTED_EDGE('',*,*,#9036,.F.);
#7019=ORIENTED_EDGE('',*,*,#8982,.F.);
#7020=ORIENTED_EDGE('',*,*,#8980,.T.);
#7021=CARTESIAN_POINT('',(-3.81,-2.0955,8.4836));
#7022=DIRECTION('',(0.0,-0.768221279597376,-0.64018439966448));
#7023=DIRECTION('',(0.0,0.64018439966448,-0.768221279597376));
#7024=ORIENTED_EDGE('',*,*,#9037,.T.);
#7025=ORIENTED_EDGE('',*,*,#8087,.T.);
#7026=ORIENTED_EDGE('',*,*,#9035,.F.);
#7027=ORIENTED_EDGE('',*,*,#9033,.F.);
#7028=CARTESIAN_POINT('',(-4.6355,-1.27,8.4836));
#7029=DIRECTION('',(-0.768221279597376,0.0,-0.64018439966448));
#7030=DIRECTION('',(-0.64018439966448,0.0,0.768221279597376));
#7031=ORIENTED_EDGE('',*,*,#9037,.F.);
#7032=ORIENTED_EDGE('',*,*,#9038,.F.);
#7033=ORIENTED_EDGE('',*,*,#9039,.T.);
#7034=ORIENTED_EDGE('',*,*,#8088,.T.);
#7035=CARTESIAN_POINT('',(-3.81,-0.4445,8.4836));
#7036=DIRECTION('',(0.0,0.768221279597376,-0.64018439966448));
#7037=DIRECTION('',(-1.0,0.0,0.0));
#7038=ORIENTED_EDGE('',*,*,#9039,.F.);
#7039=ORIENTED_EDGE('',*,*,#9040,.F.);
#7040=ORIENTED_EDGE('',*,*,#9036,.T.);
#7041=ORIENTED_EDGE('',*,*,#8089,.T.);
#7042=CARTESIAN_POINT('',(-2.9845,-1.27,8.4836));
#7043=DIRECTION('',(0.768221279597376,0.0,-0.64018439966448));
#7044=DIRECTION('',(0.0,-1.0,0.0));
#7045=ORIENTED_EDGE('',*,*,#8983,.T.);
#7046=ORIENTED_EDGE('',*,*,#9040,.T.);
#7047=ORIENTED_EDGE('',*,*,#9041,.F.);
#7048=ORIENTED_EDGE('',*,*,#8985,.F.);
#7049=CARTESIAN_POINT('',(-3.1115,-1.27,8.1788));
#7050=DIRECTION('',(1.0,0.0,0.0));
#7051=DIRECTION('',(0.0,1.0,0.0));
#7052=ORIENTED_EDGE('',*,*,#9041,.T.);
#7053=ORIENTED_EDGE('',*,*,#9038,.T.);
#7054=ORIENTED_EDGE('',*,*,#9032,.F.);
#7055=ORIENTED_EDGE('',*,*,#8986,.F.);
#7056=CARTESIAN_POINT('',(-3.81,-0.5715,8.1788));
#7057=DIRECTION('',(-0.0,1.0,0.0));
#7058=DIRECTION('',(1.0,0.0,0.0));
#7059=ORIENTED_EDGE('',*,*,#9042,.T.);
#7060=ORIENTED_EDGE('',*,*,#9043,.F.);
#7061=ORIENTED_EDGE('',*,*,#9044,.F.);
#7062=ORIENTED_EDGE('',*,*,#7941,.F.);
#7063=ORIENTED_EDGE('',*,*,#8084,.T.);
#7064=ORIENTED_EDGE('',*,*,#9045,.F.);
#7065=ORIENTED_EDGE('',*,*,#9046,.F.);
#7066=CARTESIAN_POINT('',(-6.2865,-2.5273,8.636));
#7067=DIRECTION('',(1.0,0.0,0.0));
#7068=DIRECTION('',(0.0,1.0,0.0));
#7069=ORIENTED_EDGE('',*,*,#9047,.T.);
#7070=ORIENTED_EDGE('',*,*,#9048,.F.);
#7071=ORIENTED_EDGE('',*,*,#9049,.F.);
#7072=ORIENTED_EDGE('',*,*,#9046,.T.);
#7073=CARTESIAN_POINT('',(-6.35,-1.9685,8.1788));
#7074=DIRECTION('',(0.0,-1.0,0.0));
#7075=DIRECTION('',(0.0,0.0,-1.0));
#7076=ORIENTED_EDGE('',*,*,#9042,.F.);
#7077=ORIENTED_EDGE('',*,*,#9049,.T.);
#7078=ORIENTED_EDGE('',*,*,#9050,.T.);
#7079=ORIENTED_EDGE('',*,*,#9051,.T.);
#7080=ORIENTED_EDGE('',*,*,#9052,.T.);
#7081=ORIENTED_EDGE('',*,*,#9053,.T.);
#7082=ORIENTED_EDGE('',*,*,#9054,.F.);
#7083=ORIENTED_EDGE('',*,*,#9055,.F.);
#7084=CARTESIAN_POINT('',(0.0,0.0,8.0264));
#7085=DIRECTION('',(0.0,0.0,1.0));
#7086=DIRECTION('',(1.0,0.0,0.0));
#7087=ORIENTED_EDGE('',*,*,#7859,.F.);
#7088=ORIENTED_EDGE('',*,*,#9056,.T.);
#7089=ORIENTED_EDGE('',*,*,#9057,.T.);
#7090=ORIENTED_EDGE('',*,*,#9058,.F.);
#7091=CARTESIAN_POINT('',(-6.6675,-2.159,8.0259999999999));
#7092=DIRECTION('',(0.0,-1.0,0.0));
#7093=DIRECTION('',(0.0,0.0,-1.0));
#7094=ORIENTED_EDGE('',*,*,#9059,.T.);
#7095=ORIENTED_EDGE('',*,*,#9060,.F.);
#7096=ORIENTED_EDGE('',*,*,#9043,.T.);
#7097=ORIENTED_EDGE('',*,*,#9055,.T.);
#7098=ORIENTED_EDGE('',*,*,#9061,.F.);
#7099=ORIENTED_EDGE('',*,*,#9062,.F.);
#7100=ORIENTED_EDGE('',*,*,#9063,.T.);
#7101=CARTESIAN_POINT('',(-6.6675,-2.159,8.0259999999999));
#7102=DIRECTION('',(0.0,-1.0,0.0));
#7103=DIRECTION('',(0.0,0.0,-1.0));
#7104=ORIENTED_EDGE('',*,*,#9064,.T.);
#7105=ORIENTED_EDGE('',*,*,#9065,.T.);
#7106=ORIENTED_EDGE('',*,*,#9066,.T.);
#7107=ORIENTED_EDGE('',*,*,#9067,.T.);
#7108=ORIENTED_EDGE('',*,*,#9068,.T.);
#7109=ORIENTED_EDGE('',*,*,#9069,.T.);
#7110=ORIENTED_EDGE('',*,*,#7860,.F.);
#7111=ORIENTED_EDGE('',*,*,#9058,.T.);
#7112=CARTESIAN_POINT('',(-6.0325,-1.27,8.1788));
#7113=DIRECTION('',(1.0,0.0,0.0));
#7114=DIRECTION('',(0.0,1.0,0.0));
#7115=ORIENTED_EDGE('',*,*,#9069,.F.);
#7116=ORIENTED_EDGE('',*,*,#9070,.F.);
#7117=ORIENTED_EDGE('',*,*,#9071,.T.);
#7118=ORIENTED_EDGE('',*,*,#7861,.T.);
#7119=CARTESIAN_POINT('',(-6.6675,-1.905,-0.2032));
#7120=DIRECTION('',(-0.0,1.0,0.0));
#7121=DIRECTION('',(1.0,0.0,0.0));
#7122=ORIENTED_EDGE('',*,*,#9071,.F.);
#7123=ORIENTED_EDGE('',*,*,#9072,.F.);
#7124=ORIENTED_EDGE('',*,*,#9073,.F.);
#7125=ORIENTED_EDGE('',*,*,#9074,.F.);
#7126=ORIENTED_EDGE('',*,*,#9075,.F.);
#7127=ORIENTED_EDGE('',*,*,#9076,.F.);
#7128=ORIENTED_EDGE('',*,*,#9056,.F.);
#7129=ORIENTED_EDGE('',*,*,#7862,.T.);
#7130=CARTESIAN_POINT('',(-6.6675,-1.27,8.1788));
#7131=DIRECTION('',(1.0,0.0,0.0));
#7132=DIRECTION('',(0.0,1.0,0.0));
#7133=ORIENTED_EDGE('',*,*,#9077,.F.);
#7134=ORIENTED_EDGE('',*,*,#9078,.F.);
#7135=ORIENTED_EDGE('',*,*,#9059,.F.);
#7136=ORIENTED_EDGE('',*,*,#9079,.T.);
#7137=CARTESIAN_POINT('',(-6.6675,-1.27,8.1788));
#7138=DIRECTION('',(1.0,0.0,0.0));
#7139=DIRECTION('',(0.0,1.0,0.0));
#7140=ORIENTED_EDGE('',*,*,#9080,.T.);
#7141=ORIENTED_EDGE('',*,*,#9064,.F.);
#7142=ORIENTED_EDGE('',*,*,#9057,.F.);
#7143=ORIENTED_EDGE('',*,*,#9076,.T.);
#7144=CARTESIAN_POINT('',(-6.6675,-2.413,-0.2032));
#7145=DIRECTION('',(-1.0,0.0,0.0));
#7146=DIRECTION('',(0.0,1.0,0.0));
#7147=ORIENTED_EDGE('',*,*,#9081,.T.);
#7148=ORIENTED_EDGE('',*,*,#9065,.F.);
#7149=ORIENTED_EDGE('',*,*,#9080,.F.);
#7150=ORIENTED_EDGE('',*,*,#9075,.T.);
#7151=CARTESIAN_POINT('',(-6.6675,-2.413,-0.4572));
#7152=DIRECTION('',(0.0,0.0,1.0));
#7153=DIRECTION('',(1.0,0.0,0.0));
#7154=ORIENTED_EDGE('',*,*,#9082,.T.);
#7155=ORIENTED_EDGE('',*,*,#9066,.F.);
#7156=ORIENTED_EDGE('',*,*,#9081,.F.);
#7157=ORIENTED_EDGE('',*,*,#9074,.T.);
#7158=CARTESIAN_POINT('',(-6.6675,-3.3782,-0.4572));
#7159=DIRECTION('',(0.0,-1.0,0.0));
#7160=DIRECTION('',(0.0,0.0,-1.0));
#7161=ORIENTED_EDGE('',*,*,#9083,.T.);
#7162=ORIENTED_EDGE('',*,*,#9067,.F.);
#7163=ORIENTED_EDGE('',*,*,#9082,.F.);
#7164=ORIENTED_EDGE('',*,*,#9073,.T.);
#7165=CARTESIAN_POINT('',(-6.6675,-3.3782,-0.7112));
#7166=DIRECTION('',(0.0,0.0,-1.0));
#7167=DIRECTION('',(0.0,-1.0,0.0));
#7168=ORIENTED_EDGE('',*,*,#9070,.T.);
#7169=ORIENTED_EDGE('',*,*,#9068,.F.);
#7170=ORIENTED_EDGE('',*,*,#9083,.F.);
#7171=ORIENTED_EDGE('',*,*,#9072,.T.);
#7172=CARTESIAN_POINT('',(-6.6675,-2.413,-0.2032));
#7173=DIRECTION('',(-1.0,0.0,0.0));
#7174=DIRECTION('',(0.0,1.0,0.0));
#7175=ORIENTED_EDGE('',*,*,#9084,.T.);
#7176=ORIENTED_EDGE('',*,*,#9085,.T.);
#7177=ORIENTED_EDGE('',*,*,#9086,.F.);
#7178=ORIENTED_EDGE('',*,*,#9087,.F.);
#7179=ORIENTED_EDGE('',*,*,#9079,.F.);
#7180=CARTESIAN_POINT('',(-6.6675,-1.905,7.0099999999999));
#7181=DIRECTION('',(0.0,0.965925826289076,-0.258819045102493));
#7182=DIRECTION('',(-1.0,0.0,0.0));
#7183=ORIENTED_EDGE('',*,*,#9053,.F.);
#7184=ORIENTED_EDGE('',*,*,#9088,.T.);
#7185=ORIENTED_EDGE('',*,*,#9089,.F.);
#7186=ORIENTED_EDGE('',*,*,#9077,.T.);
#7187=ORIENTED_EDGE('',*,*,#9087,.T.);
#7188=ORIENTED_EDGE('',*,*,#9090,.F.);
#7189=CARTESIAN_POINT('',(-6.2865,-1.9685,8.636));
#7190=DIRECTION('',(-0.0,1.0,0.0));
#7191=DIRECTION('',(1.0,0.0,0.0));
#7192=ORIENTED_EDGE('',*,*,#9086,.T.);
#7193=ORIENTED_EDGE('',*,*,#9091,.T.);
#7194=ORIENTED_EDGE('',*,*,#9092,.T.);
#7195=ORIENTED_EDGE('',*,*,#9061,.T.);
#7196=ORIENTED_EDGE('',*,*,#9054,.T.);
#7197=ORIENTED_EDGE('',*,*,#9090,.T.);
#7198=CARTESIAN_POINT('',(-6.9215,-1.27,8.1788));
#7199=DIRECTION('',(-1.0,0.0,0.0));
#7200=DIRECTION('',(0.0,0.0,1.0));
#7201=ORIENTED_EDGE('',*,*,#9062,.T.);
#7202=ORIENTED_EDGE('',*,*,#9092,.F.);
#7203=ORIENTED_EDGE('',*,*,#9093,.F.);
#7204=ORIENTED_EDGE('',*,*,#9094,.T.);
#7205=CARTESIAN_POINT('',(-6.6675,-2.49064063426503,5.8057400374553));
#7206=DIRECTION('',(0.0,-0.965925826289076,0.258819045102493));
#7207=DIRECTION('',(-1.0,0.0,0.0));
#7208=ORIENTED_EDGE('',*,*,#9094,.F.);
#7209=ORIENTED_EDGE('',*,*,#9095,.F.);
#7210=ORIENTED_EDGE('',*,*,#9084,.F.);
#7211=ORIENTED_EDGE('',*,*,#9063,.F.);
#7212=CARTESIAN_POINT('',(-6.6675,-1.27,8.1788));
#7213=DIRECTION('',(-1.0,0.0,0.0));
#7214=DIRECTION('',(0.0,0.0,1.0));
#7215=ORIENTED_EDGE('',*,*,#9093,.T.);
#7216=ORIENTED_EDGE('',*,*,#9091,.F.);
#7217=ORIENTED_EDGE('',*,*,#9085,.F.);
#7218=ORIENTED_EDGE('',*,*,#9095,.T.);
#7219=CARTESIAN_POINT('',(-6.6675,-2.24529547438762,5.7399999999999));
#7220=DIRECTION('',(0.0,-0.258819045102493,-0.965925826289076));
#7221=DIRECTION('',(0.0,-0.965925826289076,0.258819045102493));
#7222=ORIENTED_EDGE('',*,*,#9089,.T.);
#7223=ORIENTED_EDGE('',*,*,#9096,.T.);
#7224=ORIENTED_EDGE('',*,*,#7942,.T.);
#7225=ORIENTED_EDGE('',*,*,#9044,.T.);
#7226=ORIENTED_EDGE('',*,*,#9060,.T.);
#7227=ORIENTED_EDGE('',*,*,#9078,.T.);
#7228=CARTESIAN_POINT('',(0.0,0.0,5.588));
#7229=DIRECTION('',(0.0,0.0,1.0));
#7230=DIRECTION('',(1.0,0.0,0.0));
#7231=ORIENTED_EDGE('',*,*,#9097,.T.);
#7232=ORIENTED_EDGE('',*,*,#9098,.T.);
#7233=ORIENTED_EDGE('',*,*,#9099,.T.);
#7234=ORIENTED_EDGE('',*,*,#8078,.F.);
#7235=ORIENTED_EDGE('',*,*,#7943,.T.);
#7236=ORIENTED_EDGE('',*,*,#9096,.F.);
#7237=ORIENTED_EDGE('',*,*,#9088,.F.);
#7238=ORIENTED_EDGE('',*,*,#9052,.F.);
#7239=CARTESIAN_POINT('',(-7.0485,-1.27,8.1788));
#7240=DIRECTION('',(-1.0,0.0,0.0));
#7241=DIRECTION('',(0.0,0.0,1.0));
#7242=ORIENTED_EDGE('',*,*,#9100,.T.);
#7243=ORIENTED_EDGE('',*,*,#8079,.T.);
#7244=ORIENTED_EDGE('',*,*,#9099,.F.);
#7245=CARTESIAN_POINT('',(-6.35,-2.0955,8.4836));
#7246=DIRECTION('',(0.0,-0.768221279597376,-0.64018439966448));
#7247=DIRECTION('',(0.0,0.64018439966448,-0.768221279597376));
#7248=ORIENTED_EDGE('',*,*,#8083,.T.);
#7249=ORIENTED_EDGE('',*,*,#9101,.F.);
#7250=ORIENTED_EDGE('',*,*,#9047,.F.);
#7251=ORIENTED_EDGE('',*,*,#9045,.T.);
#7252=CARTESIAN_POINT('',(-6.35,-2.0955,8.4836));
#7253=DIRECTION('',(0.0,-0.768221279597376,-0.64018439966448));
#7254=DIRECTION('',(0.0,0.64018439966448,-0.768221279597376));
#7255=ORIENTED_EDGE('',*,*,#9102,.T.);
#7256=ORIENTED_EDGE('',*,*,#8080,.T.);
#7257=ORIENTED_EDGE('',*,*,#9100,.F.);
#7258=ORIENTED_EDGE('',*,*,#9098,.F.);
#7259=CARTESIAN_POINT('',(-7.1755,-1.27,8.4836));
#7260=DIRECTION('',(-0.768221279597376,0.0,-0.64018439966448));
#7261=DIRECTION('',(-0.64018439966448,0.0,0.768221279597376));
#7262=ORIENTED_EDGE('',*,*,#9102,.F.);
#7263=ORIENTED_EDGE('',*,*,#9103,.F.);
#7264=ORIENTED_EDGE('',*,*,#9104,.T.);
#7265=ORIENTED_EDGE('',*,*,#8081,.T.);
#7266=CARTESIAN_POINT('',(-6.35,-0.4445,8.4836));
#7267=DIRECTION('',(0.0,0.768221279597376,-0.64018439966448));
#7268=DIRECTION('',(-1.0,0.0,0.0));
#7269=ORIENTED_EDGE('',*,*,#9104,.F.);
#7270=ORIENTED_EDGE('',*,*,#9105,.F.);
#7271=ORIENTED_EDGE('',*,*,#9101,.T.);
#7272=ORIENTED_EDGE('',*,*,#8082,.T.);
#7273=CARTESIAN_POINT('',(-5.5245,-1.27,8.4836));
#7274=DIRECTION('',(0.768221279597376,0.0,-0.64018439966448));
#7275=DIRECTION('',(0.0,-1.0,0.0));
#7276=ORIENTED_EDGE('',*,*,#9048,.T.);
#7277=ORIENTED_EDGE('',*,*,#9105,.T.);
#7278=ORIENTED_EDGE('',*,*,#9106,.F.);
#7279=ORIENTED_EDGE('',*,*,#9050,.F.);
#7280=CARTESIAN_POINT('',(-5.6515,-1.27,8.1788));
#7281=DIRECTION('',(1.0,0.0,0.0));
#7282=DIRECTION('',(0.0,1.0,0.0));
#7283=ORIENTED_EDGE('',*,*,#9106,.T.);
#7284=ORIENTED_EDGE('',*,*,#9103,.T.);
#7285=ORIENTED_EDGE('',*,*,#9097,.F.);
#7286=ORIENTED_EDGE('',*,*,#9051,.F.);
#7287=CARTESIAN_POINT('',(-6.35,-0.5715,8.1788));
#7288=DIRECTION('',(-0.0,1.0,0.0));
#7289=DIRECTION('',(1.0,0.0,0.0));
#7290=ORIENTED_EDGE('',*,*,#9107,.F.);
#7291=ORIENTED_EDGE('',*,*,#7945,.F.);
#7292=ORIENTED_EDGE('',*,*,#8077,.T.);
#7293=ORIENTED_EDGE('',*,*,#9108,.F.);
#7294=ORIENTED_EDGE('',*,*,#9109,.F.);
#7295=ORIENTED_EDGE('',*,*,#9110,.T.);
#7296=ORIENTED_EDGE('',*,*,#9111,.F.);
#7297=CARTESIAN_POINT('',(-8.8265,-2.5273,8.636));
#7298=DIRECTION('',(1.0,0.0,0.0));
#7299=DIRECTION('',(0.0,1.0,0.0));
#7300=ORIENTED_EDGE('',*,*,#7855,.F.);
#7301=ORIENTED_EDGE('',*,*,#9112,.T.);
#7302=ORIENTED_EDGE('',*,*,#9113,.T.);
#7303=ORIENTED_EDGE('',*,*,#9114,.F.);
#7304=CARTESIAN_POINT('',(-9.2075,-2.159,8.0259999999999));
#7305=DIRECTION('',(0.0,-1.0,0.0));
#7306=DIRECTION('',(0.0,0.0,-1.0));
#7307=ORIENTED_EDGE('',*,*,#9115,.T.);
#7308=ORIENTED_EDGE('',*,*,#9116,.F.);
#7309=ORIENTED_EDGE('',*,*,#9111,.T.);
#7310=ORIENTED_EDGE('',*,*,#9117,.T.);
#7311=ORIENTED_EDGE('',*,*,#9118,.F.);
#7312=ORIENTED_EDGE('',*,*,#9119,.F.);
#7313=ORIENTED_EDGE('',*,*,#9120,.T.);
#7314=CARTESIAN_POINT('',(-9.2075,-2.159,8.0259999999999));
#7315=DIRECTION('',(0.0,-1.0,0.0));
#7316=DIRECTION('',(0.0,0.0,-1.0));
#7317=ORIENTED_EDGE('',*,*,#9121,.T.);
#7318=ORIENTED_EDGE('',*,*,#9122,.T.);
#7319=ORIENTED_EDGE('',*,*,#9123,.T.);
#7320=ORIENTED_EDGE('',*,*,#9124,.T.);
#7321=ORIENTED_EDGE('',*,*,#9125,.T.);
#7322=ORIENTED_EDGE('',*,*,#9126,.T.);
#7323=ORIENTED_EDGE('',*,*,#7856,.F.);
#7324=ORIENTED_EDGE('',*,*,#9114,.T.);
#7325=CARTESIAN_POINT('',(-8.5725,-1.27,8.1788));
#7326=DIRECTION('',(1.0,0.0,0.0));
#7327=DIRECTION('',(0.0,1.0,0.0));
#7328=ORIENTED_EDGE('',*,*,#9126,.F.);
#7329=ORIENTED_EDGE('',*,*,#9127,.F.);
#7330=ORIENTED_EDGE('',*,*,#9128,.T.);
#7331=ORIENTED_EDGE('',*,*,#7857,.T.);
#7332=CARTESIAN_POINT('',(-9.2075,-1.905,-0.2032));
#7333=DIRECTION('',(-0.0,1.0,0.0));
#7334=DIRECTION('',(1.0,0.0,0.0));
#7335=ORIENTED_EDGE('',*,*,#9128,.F.);
#7336=ORIENTED_EDGE('',*,*,#9129,.F.);
#7337=ORIENTED_EDGE('',*,*,#9130,.F.);
#7338=ORIENTED_EDGE('',*,*,#9131,.F.);
#7339=ORIENTED_EDGE('',*,*,#9132,.F.);
#7340=ORIENTED_EDGE('',*,*,#9133,.F.);
#7341=ORIENTED_EDGE('',*,*,#9112,.F.);
#7342=ORIENTED_EDGE('',*,*,#7858,.T.);
#7343=CARTESIAN_POINT('',(-9.2075,-1.27,8.1788));
#7344=DIRECTION('',(1.0,0.0,0.0));
#7345=DIRECTION('',(0.0,1.0,0.0));
#7346=ORIENTED_EDGE('',*,*,#9134,.F.);
#7347=ORIENTED_EDGE('',*,*,#9135,.F.);
#7348=ORIENTED_EDGE('',*,*,#9115,.F.);
#7349=ORIENTED_EDGE('',*,*,#9136,.T.);
#7350=CARTESIAN_POINT('',(-9.2075,-1.27,8.1788));
#7351=DIRECTION('',(1.0,0.0,0.0));
#7352=DIRECTION('',(0.0,1.0,0.0));
#7353=ORIENTED_EDGE('',*,*,#9137,.T.);
#7354=ORIENTED_EDGE('',*,*,#9121,.F.);
#7355=ORIENTED_EDGE('',*,*,#9113,.F.);
#7356=ORIENTED_EDGE('',*,*,#9133,.T.);
#7357=CARTESIAN_POINT('',(-9.2075,-2.413,-0.2032));
#7358=DIRECTION('',(-1.0,0.0,0.0));
#7359=DIRECTION('',(0.0,1.0,0.0));
#7360=ORIENTED_EDGE('',*,*,#9138,.T.);
#7361=ORIENTED_EDGE('',*,*,#9122,.F.);
#7362=ORIENTED_EDGE('',*,*,#9137,.F.);
#7363=ORIENTED_EDGE('',*,*,#9132,.T.);
#7364=CARTESIAN_POINT('',(-9.2075,-2.413,-0.4572));
#7365=DIRECTION('',(0.0,0.0,1.0));
#7366=DIRECTION('',(1.0,0.0,0.0));
#7367=ORIENTED_EDGE('',*,*,#9139,.T.);
#7368=ORIENTED_EDGE('',*,*,#9123,.F.);
#7369=ORIENTED_EDGE('',*,*,#9138,.F.);
#7370=ORIENTED_EDGE('',*,*,#9131,.T.);
#7371=CARTESIAN_POINT('',(-9.2075,-3.3782,-0.4572));
#7372=DIRECTION('',(0.0,-1.0,0.0));
#7373=DIRECTION('',(0.0,0.0,-1.0));
#7374=ORIENTED_EDGE('',*,*,#9140,.T.);
#7375=ORIENTED_EDGE('',*,*,#9124,.F.);
#7376=ORIENTED_EDGE('',*,*,#9139,.F.);
#7377=ORIENTED_EDGE('',*,*,#9130,.T.);
#7378=CARTESIAN_POINT('',(-9.2075,-3.3782,-0.7112));
#7379=DIRECTION('',(0.0,0.0,-1.0));
#7380=DIRECTION('',(0.0,-1.0,0.0));
#7381=ORIENTED_EDGE('',*,*,#9127,.T.);
#7382=ORIENTED_EDGE('',*,*,#9125,.F.);
#7383=ORIENTED_EDGE('',*,*,#9140,.F.);
#7384=ORIENTED_EDGE('',*,*,#9129,.T.);
#7385=CARTESIAN_POINT('',(-9.2075,-2.413,-0.2032));
#7386=DIRECTION('',(-1.0,0.0,0.0));
#7387=DIRECTION('',(0.0,1.0,0.0));
#7388=ORIENTED_EDGE('',*,*,#9141,.T.);
#7389=ORIENTED_EDGE('',*,*,#9142,.T.);
#7390=ORIENTED_EDGE('',*,*,#9143,.F.);
#7391=ORIENTED_EDGE('',*,*,#9144,.F.);
#7392=ORIENTED_EDGE('',*,*,#9136,.F.);
#7393=CARTESIAN_POINT('',(-9.2075,-1.905,7.0099999999999));
#7394=DIRECTION('',(0.0,0.965925826289076,-0.258819045102493));
#7395=DIRECTION('',(-1.0,0.0,0.0));
#7396=ORIENTED_EDGE('',*,*,#9145,.F.);
#7397=ORIENTED_EDGE('',*,*,#9146,.T.);
#7398=ORIENTED_EDGE('',*,*,#9147,.F.);
#7399=ORIENTED_EDGE('',*,*,#9134,.T.);
#7400=ORIENTED_EDGE('',*,*,#9144,.T.);
#7401=ORIENTED_EDGE('',*,*,#9148,.F.);
#7402=CARTESIAN_POINT('',(-8.8265,-1.9685,8.636));
#7403=DIRECTION('',(-0.0,1.0,0.0));
#7404=DIRECTION('',(1.0,0.0,0.0));
#7405=ORIENTED_EDGE('',*,*,#9143,.T.);
#7406=ORIENTED_EDGE('',*,*,#9149,.T.);
#7407=ORIENTED_EDGE('',*,*,#9150,.T.);
#7408=ORIENTED_EDGE('',*,*,#9118,.T.);
#7409=ORIENTED_EDGE('',*,*,#9151,.T.);
#7410=ORIENTED_EDGE('',*,*,#9148,.T.);
#7411=CARTESIAN_POINT('',(-9.4615,-1.27,8.1788));
#7412=DIRECTION('',(-1.0,0.0,0.0));
#7413=DIRECTION('',(0.0,0.0,1.0));
#7414=ORIENTED_EDGE('',*,*,#9110,.F.);
#7415=ORIENTED_EDGE('',*,*,#9152,.T.);
#7416=ORIENTED_EDGE('',*,*,#9153,.T.);
#7417=ORIENTED_EDGE('',*,*,#9154,.T.);
#7418=ORIENTED_EDGE('',*,*,#9155,.T.);
#7419=ORIENTED_EDGE('',*,*,#9145,.T.);
#7420=ORIENTED_EDGE('',*,*,#9151,.F.);
#7421=ORIENTED_EDGE('',*,*,#9117,.F.);
#7422=CARTESIAN_POINT('',(0.0,0.0,8.0264));
#7423=DIRECTION('',(0.0,0.0,1.0));
#7424=DIRECTION('',(1.0,0.0,0.0));
#7425=ORIENTED_EDGE('',*,*,#9156,.T.);
#7426=ORIENTED_EDGE('',*,*,#9157,.T.);
#7427=ORIENTED_EDGE('',*,*,#9158,.T.);
#7428=ORIENTED_EDGE('',*,*,#8071,.F.);
#7429=ORIENTED_EDGE('',*,*,#7947,.T.);
#7430=ORIENTED_EDGE('',*,*,#9159,.F.);
#7431=ORIENTED_EDGE('',*,*,#9146,.F.);
#7432=ORIENTED_EDGE('',*,*,#9155,.F.);
#7433=CARTESIAN_POINT('',(-9.5885,-1.27,8.1788));
#7434=DIRECTION('',(-1.0,0.0,0.0));
#7435=DIRECTION('',(0.0,0.0,1.0));
#7436=ORIENTED_EDGE('',*,*,#9147,.T.);
#7437=ORIENTED_EDGE('',*,*,#9159,.T.);
#7438=ORIENTED_EDGE('',*,*,#7946,.T.);
#7439=ORIENTED_EDGE('',*,*,#9107,.T.);
#7440=ORIENTED_EDGE('',*,*,#9116,.T.);
#7441=ORIENTED_EDGE('',*,*,#9135,.T.);
#7442=CARTESIAN_POINT('',(0.0,0.0,5.588));
#7443=DIRECTION('',(0.0,0.0,1.0));
#7444=DIRECTION('',(1.0,0.0,0.0));
#7445=ORIENTED_EDGE('',*,*,#9160,.T.);
#7446=ORIENTED_EDGE('',*,*,#8072,.T.);
#7447=ORIENTED_EDGE('',*,*,#9158,.F.);
#7448=CARTESIAN_POINT('',(-8.89,-2.0955,8.4836));
#7449=DIRECTION('',(0.0,-0.768221279597376,-0.64018439966448));
#7450=DIRECTION('',(0.0,0.64018439966448,-0.768221279597376));
#7451=ORIENTED_EDGE('',*,*,#8076,.T.);
#7452=ORIENTED_EDGE('',*,*,#9161,.F.);
#7453=ORIENTED_EDGE('',*,*,#9162,.F.);
#7454=ORIENTED_EDGE('',*,*,#9108,.T.);
#7455=CARTESIAN_POINT('',(-8.89,-2.0955,8.4836));
#7456=DIRECTION('',(0.0,-0.768221279597376,-0.64018439966448));
#7457=DIRECTION('',(0.0,0.64018439966448,-0.768221279597376));
#7458=ORIENTED_EDGE('',*,*,#9163,.T.);
#7459=ORIENTED_EDGE('',*,*,#8073,.T.);
#7460=ORIENTED_EDGE('',*,*,#9160,.F.);
#7461=ORIENTED_EDGE('',*,*,#9157,.F.);
#7462=CARTESIAN_POINT('',(-9.7155,-1.27,8.4836));
#7463=DIRECTION('',(-0.768221279597376,0.0,-0.64018439966448));
#7464=DIRECTION('',(-0.64018439966448,0.0,0.768221279597376));
#7465=ORIENTED_EDGE('',*,*,#9163,.F.);
#7466=ORIENTED_EDGE('',*,*,#9164,.F.);
#7467=ORIENTED_EDGE('',*,*,#9165,.T.);
#7468=ORIENTED_EDGE('',*,*,#8074,.T.);
#7469=CARTESIAN_POINT('',(-8.89,-0.4445,8.4836));
#7470=DIRECTION('',(0.0,0.768221279597376,-0.64018439966448));
#7471=DIRECTION('',(-1.0,0.0,0.0));
#7472=ORIENTED_EDGE('',*,*,#9165,.F.);
#7473=ORIENTED_EDGE('',*,*,#9166,.F.);
#7474=ORIENTED_EDGE('',*,*,#9161,.T.);
#7475=ORIENTED_EDGE('',*,*,#8075,.T.);
#7476=CARTESIAN_POINT('',(-8.0645,-1.27,8.4836));
#7477=DIRECTION('',(0.768221279597376,0.0,-0.64018439966448));
#7478=DIRECTION('',(0.0,-1.0,0.0));
#7479=ORIENTED_EDGE('',*,*,#9167,.T.);
#7480=ORIENTED_EDGE('',*,*,#9166,.T.);
#7481=ORIENTED_EDGE('',*,*,#9168,.F.);
#7482=ORIENTED_EDGE('',*,*,#9153,.F.);
#7483=CARTESIAN_POINT('',(-8.1915,-1.27,8.1788));
#7484=DIRECTION('',(1.0,0.0,0.0));
#7485=DIRECTION('',(0.0,1.0,0.0));
#7486=ORIENTED_EDGE('',*,*,#9168,.T.);
#7487=ORIENTED_EDGE('',*,*,#9164,.T.);
#7488=ORIENTED_EDGE('',*,*,#9156,.F.);
#7489=ORIENTED_EDGE('',*,*,#9154,.F.);
#7490=CARTESIAN_POINT('',(-8.89,-0.5715,8.1788));
#7491=DIRECTION('',(-0.0,1.0,0.0));
#7492=DIRECTION('',(1.0,0.0,0.0));
#7493=ORIENTED_EDGE('',*,*,#9162,.T.);
#7494=ORIENTED_EDGE('',*,*,#9167,.F.);
#7495=ORIENTED_EDGE('',*,*,#9152,.F.);
#7496=ORIENTED_EDGE('',*,*,#9109,.T.);
#7497=CARTESIAN_POINT('',(-8.89,-1.9685,8.1788));
#7498=DIRECTION('',(0.0,-1.0,0.0));
#7499=DIRECTION('',(0.0,0.0,-1.0));
#7500=ORIENTED_EDGE('',*,*,#9119,.T.);
#7501=ORIENTED_EDGE('',*,*,#9150,.F.);
#7502=ORIENTED_EDGE('',*,*,#9169,.F.);
#7503=ORIENTED_EDGE('',*,*,#9170,.T.);
#7504=CARTESIAN_POINT('',(-9.2075,-2.49064063426503,5.8057400374553));
#7505=DIRECTION('',(0.0,-0.965925826289076,0.258819045102493));
#7506=DIRECTION('',(-1.0,0.0,0.0));
#7507=ORIENTED_EDGE('',*,*,#9170,.F.);
#7508=ORIENTED_EDGE('',*,*,#9171,.F.);
#7509=ORIENTED_EDGE('',*,*,#9141,.F.);
#7510=ORIENTED_EDGE('',*,*,#9120,.F.);
#7511=CARTESIAN_POINT('',(-9.2075,-1.27,8.1788));
#7512=DIRECTION('',(-1.0,0.0,0.0));
#7513=DIRECTION('',(0.0,0.0,1.0));
#7514=ORIENTED_EDGE('',*,*,#9169,.T.);
#7515=ORIENTED_EDGE('',*,*,#9149,.F.);
#7516=ORIENTED_EDGE('',*,*,#9142,.F.);
#7517=ORIENTED_EDGE('',*,*,#9171,.T.);
#7518=CARTESIAN_POINT('',(-9.2075,-2.24529547438762,5.7399999999999));
#7519=DIRECTION('',(0.0,-0.258819045102493,-0.965925826289076));
#7520=DIRECTION('',(0.0,-0.965925826289076,0.258819045102493));
#7521=ORIENTED_EDGE('',*,*,#7765,.F.);
#7522=ORIENTED_EDGE('',*,*,#7823,.F.);
#7523=ORIENTED_EDGE('',*,*,#7838,.F.);
#7524=ORIENTED_EDGE('',*,*,#7794,.T.);
#7525=CARTESIAN_POINT('',(9.5885,2.5273,0.508));
#7526=DIRECTION('',(0.894427190999896,0.0,0.447213595499998));
#7527=DIRECTION('',(0.0,-1.0,0.0));
#7528=ORIENTED_EDGE('',*,*,#7754,.F.);
#7529=ORIENTED_EDGE('',*,*,#7815,.F.);
#7530=ORIENTED_EDGE('',*,*,#7844,.F.);
#7531=ORIENTED_EDGE('',*,*,#7785,.T.);
#7532=CARTESIAN_POINT('',(-3.1115,2.5273,0.508));
#7533=DIRECTION('',(0.894427190999896,0.0,0.447213595499998));
#7534=DIRECTION('',(0.0,-1.0,0.0));
#7535=ORIENTED_EDGE('',*,*,#7843,.T.);
#7536=ORIENTED_EDGE('',*,*,#7813,.F.);
#7537=ORIENTED_EDGE('',*,*,#7752,.T.);
#7538=ORIENTED_EDGE('',*,*,#7787,.T.);
#7539=CARTESIAN_POINT('',(-2.2225,2.5273,0.0));
#7540=DIRECTION('',(-0.894427190999896,0.0,0.447213595499998));
#7541=DIRECTION('',(0.0,1.0,0.0));
#7542=ORIENTED_EDGE('',*,*,#7758,.F.);
#7543=ORIENTED_EDGE('',*,*,#7818,.F.);
#7544=ORIENTED_EDGE('',*,*,#7846,.F.);
#7545=ORIENTED_EDGE('',*,*,#7788,.T.);
#7546=CARTESIAN_POINT('',(-0.5715,2.5273,0.508));
#7547=DIRECTION('',(0.894427190999896,0.0,0.447213595499998));
#7548=DIRECTION('',(0.0,-1.0,0.0));
#7549=ORIENTED_EDGE('',*,*,#7845,.T.);
#7550=ORIENTED_EDGE('',*,*,#7816,.F.);
#7551=ORIENTED_EDGE('',*,*,#7756,.T.);
#7552=ORIENTED_EDGE('',*,*,#7790,.T.);
#7553=CARTESIAN_POINT('',(0.3175,2.5273,0.0));
#7554=DIRECTION('',(-0.894427190999896,0.0,0.447213595499998));
#7555=DIRECTION('',(0.0,1.0,0.0));
#7556=ORIENTED_EDGE('',*,*,#7762,.F.);
#7557=ORIENTED_EDGE('',*,*,#7821,.F.);
#7558=ORIENTED_EDGE('',*,*,#7848,.F.);
#7559=ORIENTED_EDGE('',*,*,#7791,.T.);
#7560=CARTESIAN_POINT('',(1.9685,2.5273,0.508));
#7561=DIRECTION('',(0.894427190999896,0.0,0.447213595499998));
#7562=DIRECTION('',(0.0,-1.0,0.0));
#7563=ORIENTED_EDGE('',*,*,#7847,.T.);
#7564=ORIENTED_EDGE('',*,*,#7819,.F.);
#7565=ORIENTED_EDGE('',*,*,#7760,.T.);
#7566=ORIENTED_EDGE('',*,*,#7793,.T.);
#7567=CARTESIAN_POINT('',(2.8575,2.5273,0.0));
#7568=DIRECTION('',(-0.894427190999896,0.0,0.447213595499998));
#7569=DIRECTION('',(0.0,1.0,0.0));
#7570=ORIENTED_EDGE('',*,*,#7850,.T.);
#7571=ORIENTED_EDGE('',*,*,#7828,.F.);
#7572=ORIENTED_EDGE('',*,*,#7772,.T.);
#7573=ORIENTED_EDGE('',*,*,#7802,.T.);
#7574=CARTESIAN_POINT('',(7.9375,2.5273,0.0));
#7575=DIRECTION('',(-0.894427190999896,0.0,0.447213595499998));
#7576=DIRECTION('',(0.0,1.0,0.0));
#7577=ORIENTED_EDGE('',*,*,#7774,.F.);
#7578=ORIENTED_EDGE('',*,*,#7830,.F.);
#7579=ORIENTED_EDGE('',*,*,#7849,.F.);
#7580=ORIENTED_EDGE('',*,*,#7800,.T.);
#7581=CARTESIAN_POINT('',(7.0485,2.5273,0.508));
#7582=DIRECTION('',(0.894427190999896,0.0,0.447213595499998));
#7583=DIRECTION('',(0.0,-1.0,0.0));
#7584=ORIENTED_EDGE('',*,*,#7852,.T.);
#7585=ORIENTED_EDGE('',*,*,#7825,.F.);
#7586=ORIENTED_EDGE('',*,*,#7768,.T.);
#7587=ORIENTED_EDGE('',*,*,#7799,.T.);
#7588=CARTESIAN_POINT('',(5.3975,2.5273,0.0));
#7589=DIRECTION('',(-0.894427190999896,0.0,0.447213595499998));
#7590=DIRECTION('',(0.0,1.0,0.0));
#7591=ORIENTED_EDGE('',*,*,#7770,.F.);
#7592=ORIENTED_EDGE('',*,*,#7827,.F.);
#7593=ORIENTED_EDGE('',*,*,#7851,.F.);
#7594=ORIENTED_EDGE('',*,*,#7797,.T.);
#7595=CARTESIAN_POINT('',(4.5085,2.5273,0.508));
#7596=DIRECTION('',(0.894427190999896,0.0,0.447213595499998));
#7597=DIRECTION('',(0.0,-1.0,0.0));
#7598=ORIENTED_EDGE('',*,*,#7854,.T.);
#7599=ORIENTED_EDGE('',*,*,#7807,.F.);
#7600=ORIENTED_EDGE('',*,*,#7744,.T.);
#7601=ORIENTED_EDGE('',*,*,#7781,.T.);
#7602=CARTESIAN_POINT('',(-7.3025,2.5273,0.0));
#7603=DIRECTION('',(-0.894427190999896,0.0,0.447213595499998));
#7604=DIRECTION('',(0.0,1.0,0.0));
#7605=ORIENTED_EDGE('',*,*,#7746,.F.);
#7606=ORIENTED_EDGE('',*,*,#7809,.F.);
#7607=ORIENTED_EDGE('',*,*,#7853,.F.);
#7608=ORIENTED_EDGE('',*,*,#7779,.T.);
#7609=CARTESIAN_POINT('',(-8.1915,2.5273,0.508));
#7610=DIRECTION('',(0.894427190999896,0.0,0.447213595499998));
#7611=DIRECTION('',(0.0,-1.0,0.0));
#7612=CARTESIAN_POINT('',(-8.24249999999878,-0.8382,-0.709999999999954));
#7613=VECTOR('',#9172,3.81);
#7614=CARTESIAN_POINT('',(-8.24249999999878,-4.6482,-0.709999999999954));
#7615=VECTOR('',#9173,1.27);
#7616=CARTESIAN_POINT('',(-9.51249999999878,-4.6482,-0.709999999999954));
#7617=VECTOR('',#9174,3.81);
#7618=CARTESIAN_POINT('',(-9.51249999999878,-0.8382,-0.709999999999954));
#7619=VECTOR('',#9175,1.27);
#7620=CARTESIAN_POINT('',(-8.24249999999878,0.8382,-0.709999999999954));
#7621=VECTOR('',#9176,1.27);
#7622=CARTESIAN_POINT('',(-9.51249999999878,0.8382,-0.709999999999954));
#7623=VECTOR('',#9177,3.81);
#7624=CARTESIAN_POINT('',(-9.51249999999878,4.6482,-0.709999999999954));
#7625=VECTOR('',#9178,1.27);
#7626=CARTESIAN_POINT('',(-8.24249999999878,4.6482,-0.709999999999954));
#7627=VECTOR('',#9179,3.81);
#7628=CARTESIAN_POINT('',(-5.70249999999878,-0.8382,-0.709999999999954));
#7629=VECTOR('',#9180,3.81);
#7630=CARTESIAN_POINT('',(-5.70249999999878,-4.6482,-0.709999999999954));
#7631=VECTOR('',#9181,1.27);
#7632=CARTESIAN_POINT('',(-6.97249999999878,-4.6482,-0.709999999999954));
#7633=VECTOR('',#9182,3.81);
#7634=CARTESIAN_POINT('',(-6.97249999999878,-0.8382,-0.709999999999954));
#7635=VECTOR('',#9183,1.27);
#7636=CARTESIAN_POINT('',(-5.70249999999878,0.8382,-0.709999999999954));
#7637=VECTOR('',#9184,1.27);
#7638=CARTESIAN_POINT('',(-6.97249999999878,0.8382,-0.709999999999954));
#7639=VECTOR('',#9185,3.81);
#7640=CARTESIAN_POINT('',(-6.97249999999878,4.6482,-0.709999999999954));
#7641=VECTOR('',#9186,1.27);
#7642=CARTESIAN_POINT('',(-5.70249999999878,4.6482,-0.709999999999954));
#7643=VECTOR('',#9187,3.81);
#7644=CARTESIAN_POINT('',(-3.16249999999878,-0.8382,-0.709999999999954));
#7645=VECTOR('',#9188,3.81);
#7646=CARTESIAN_POINT('',(-3.16249999999878,-4.6482,-0.709999999999954));
#7647=VECTOR('',#9189,1.27);
#7648=CARTESIAN_POINT('',(-4.43249999999878,-4.6482,-0.709999999999954));
#7649=VECTOR('',#9190,3.81);
#7650=CARTESIAN_POINT('',(-4.43249999999878,-0.8382,-0.709999999999954));
#7651=VECTOR('',#9191,1.27);
#7652=CARTESIAN_POINT('',(-3.16249999999878,0.8382,-0.709999999999954));
#7653=VECTOR('',#9192,1.27);
#7654=CARTESIAN_POINT('',(-4.43249999999878,0.8382,-0.709999999999954));
#7655=VECTOR('',#9193,3.81);
#7656=CARTESIAN_POINT('',(-4.43249999999878,4.6482,-0.709999999999954));
#7657=VECTOR('',#9194,1.27);
#7658=CARTESIAN_POINT('',(-3.16249999999878,4.6482,-0.709999999999954));
#7659=VECTOR('',#9195,3.81);
#7660=CARTESIAN_POINT('',(-0.62250000000005,-0.8382,-0.709999999999954));
#7661=VECTOR('',#9196,3.81);
#7662=CARTESIAN_POINT('',(-0.62250000000005,-4.6482,-0.709999999999954));
#7663=VECTOR('',#9197,1.27);
#7664=CARTESIAN_POINT('',(-1.89250000000005,-4.6482,-0.709999999999954));
#7665=VECTOR('',#9198,3.81);
#7666=CARTESIAN_POINT('',(-1.89250000000005,-0.8382,-0.709999999999954));
#7667=VECTOR('',#9199,1.27);
#7668=CARTESIAN_POINT('',(-0.62250000000005,0.8382,-0.709999999999954));
#7669=VECTOR('',#9200,1.27);
#7670=CARTESIAN_POINT('',(-1.89250000000005,0.8382,-0.709999999999954));
#7671=VECTOR('',#9201,3.81);
#7672=CARTESIAN_POINT('',(-1.89250000000005,4.6482,-0.709999999999954));
#7673=VECTOR('',#9202,1.27);
#7674=CARTESIAN_POINT('',(-0.62250000000005,4.6482,-0.709999999999954));
#7675=VECTOR('',#9203,3.81);
#7676=CARTESIAN_POINT('',(1.91749999999995,-0.8382,-0.709999999999954));
#7677=VECTOR('',#9204,3.81);
#7678=CARTESIAN_POINT('',(1.91749999999995,-4.6482,-0.709999999999954));
#7679=VECTOR('',#9205,1.27);
#7680=CARTESIAN_POINT('',(0.64749999999995,-4.6482,-0.709999999999954));
#7681=VECTOR('',#9206,3.81);
#7682=CARTESIAN_POINT('',(0.64749999999995,-0.8382,-0.709999999999954));
#7683=VECTOR('',#9207,1.27);
#7684=CARTESIAN_POINT('',(1.91749999999995,0.8382,-0.709999999999954));
#7685=VECTOR('',#9208,1.27);
#7686=CARTESIAN_POINT('',(0.64749999999995,0.8382,-0.709999999999954));
#7687=VECTOR('',#9209,3.81);
#7688=CARTESIAN_POINT('',(0.64749999999995,4.6482,-0.709999999999954));
#7689=VECTOR('',#9210,1.27);
#7690=CARTESIAN_POINT('',(1.91749999999995,4.6482,-0.709999999999954));
#7691=VECTOR('',#9211,3.81);
#7692=CARTESIAN_POINT('',(4.45750000000122,-0.8382,-0.709999999999954));
#7693=VECTOR('',#9212,3.81);
#7694=CARTESIAN_POINT('',(4.45750000000122,-4.6482,-0.709999999999954));
#7695=VECTOR('',#9213,1.27);
#7696=CARTESIAN_POINT('',(3.18750000000122,-4.6482,-0.709999999999954));
#7697=VECTOR('',#9214,3.81);
#7698=CARTESIAN_POINT('',(3.18750000000122,-0.8382,-0.709999999999954));
#7699=VECTOR('',#9215,1.27);
#7700=CARTESIAN_POINT('',(4.45750000000122,0.8382,-0.709999999999954));
#7701=VECTOR('',#9216,1.27);
#7702=CARTESIAN_POINT('',(3.18750000000122,0.8382,-0.709999999999954));
#7703=VECTOR('',#9217,3.81);
#7704=CARTESIAN_POINT('',(3.18750000000122,4.6482,-0.709999999999954));
#7705=VECTOR('',#9218,1.27);
#7706=CARTESIAN_POINT('',(4.45750000000122,4.6482,-0.709999999999954));
#7707=VECTOR('',#9219,3.81);
#7708=CARTESIAN_POINT('',(6.99750000000122,-0.8382,-0.709999999999954));
#7709=VECTOR('',#9220,3.81);
#7710=CARTESIAN_POINT('',(6.99750000000122,-4.6482,-0.709999999999954));
#7711=VECTOR('',#9221,1.27);
#7712=CARTESIAN_POINT('',(5.72750000000122,-4.6482,-0.709999999999954));
#7713=VECTOR('',#9222,3.81);
#7714=CARTESIAN_POINT('',(5.72750000000122,-0.8382,-0.709999999999954));
#7715=VECTOR('',#9223,1.27);
#7716=CARTESIAN_POINT('',(6.99750000000122,0.8382,-0.709999999999954));
#7717=VECTOR('',#9224,1.27);
#7718=CARTESIAN_POINT('',(5.72750000000122,0.8382,-0.709999999999954));
#7719=VECTOR('',#9225,3.81);
#7720=CARTESIAN_POINT('',(5.72750000000122,4.6482,-0.709999999999954));
#7721=VECTOR('',#9226,1.27);
#7722=CARTESIAN_POINT('',(6.99750000000122,4.6482,-0.709999999999954));
#7723=VECTOR('',#9227,3.81);
#7724=CARTESIAN_POINT('',(9.53750000000122,-0.8382,-0.709999999999954));
#7725=VECTOR('',#9228,3.81);
#7726=CARTESIAN_POINT('',(9.53750000000122,-4.6482,-0.709999999999954));
#7727=VECTOR('',#9229,1.27);
#7728=CARTESIAN_POINT('',(8.26750000000122,-4.6482,-0.709999999999954));
#7729=VECTOR('',#9230,3.81);
#7730=CARTESIAN_POINT('',(8.26750000000122,-0.8382,-0.709999999999954));
#7731=VECTOR('',#9231,1.27);
#7732=CARTESIAN_POINT('',(9.53750000000122,0.8382,-0.709999999999954));
#7733=VECTOR('',#9232,1.27);
#7734=CARTESIAN_POINT('',(8.26750000000122,0.8382,-0.709999999999954));
#7735=VECTOR('',#9233,3.81);
#7736=CARTESIAN_POINT('',(8.26750000000122,4.6482,-0.709999999999954));
#7737=VECTOR('',#9234,1.27);
#7738=CARTESIAN_POINT('',(9.53750000000122,4.6482,-0.709999999999954));
#7739=VECTOR('',#9235,3.81);
#7740=EDGE_CURVE('',#9236,#9237,#9238,.T.);
#7741=EDGE_CURVE('',#9239,#9236,#9240,.T.);
#7742=EDGE_CURVE('',#9241,#9239,#9242,.T.);
#7743=EDGE_CURVE('',#9241,#9237,#9243,.T.);
#7744=EDGE_CURVE('',#9244,#9245,#9246,.T.);
#7745=EDGE_CURVE('',#9247,#9244,#9248,.T.);
#7746=EDGE_CURVE('',#9247,#9249,#9250,.T.);
#7747=EDGE_CURVE('',#9249,#9245,#9251,.T.);
#7748=EDGE_CURVE('',#9252,#9253,#9254,.T.);
#7749=EDGE_CURVE('',#9255,#9252,#9256,.T.);
#7750=EDGE_CURVE('',#9255,#9257,#9258,.T.);
#7751=EDGE_CURVE('',#9257,#9253,#9259,.T.);
#7752=EDGE_CURVE('',#9260,#9261,#9262,.T.);
#7753=EDGE_CURVE('',#9263,#9260,#9264,.T.);
#7754=EDGE_CURVE('',#9263,#9265,#9266,.T.);
#7755=EDGE_CURVE('',#9265,#9261,#9267,.T.);
#7756=EDGE_CURVE('',#9268,#9269,#9270,.T.);
#7757=EDGE_CURVE('',#9271,#9268,#9272,.T.);
#7758=EDGE_CURVE('',#9271,#9273,#9274,.T.);
#7759=EDGE_CURVE('',#9273,#9269,#9275,.T.);
#7760=EDGE_CURVE('',#9276,#9277,#9278,.T.);
#7761=EDGE_CURVE('',#9279,#9276,#9280,.T.);
#7762=EDGE_CURVE('',#9279,#9281,#9282,.T.);
#7763=EDGE_CURVE('',#9281,#9277,#9283,.T.);
#7764=EDGE_CURVE('',#9284,#9285,#9286,.T.);
#7765=EDGE_CURVE('',#9284,#9287,#9288,.T.);
#7766=EDGE_CURVE('',#9287,#9289,#9290,.T.);
#7767=EDGE_CURVE('',#9285,#9289,#9291,.T.);
#7768=EDGE_CURVE('',#9292,#9293,#9294,.T.);
#7769=EDGE_CURVE('',#9295,#9292,#9296,.T.);
#7770=EDGE_CURVE('',#9295,#9297,#9298,.T.);
#7771=EDGE_CURVE('',#9297,#9293,#9299,.T.);
#7772=EDGE_CURVE('',#9300,#9301,#9302,.T.);
#7773=EDGE_CURVE('',#9303,#9300,#9304,.T.);
#7774=EDGE_CURVE('',#9303,#9305,#9306,.T.);
#7775=EDGE_CURVE('',#9305,#9301,#9307,.T.);
#7776=EDGE_CURVE('',#9241,#9308,#9309,.T.);
#7777=EDGE_CURVE('',#9308,#9310,#9311,.T.);
#7778=EDGE_CURVE('',#9237,#9310,#9312,.T.);
#7779=EDGE_CURVE('',#9313,#9249,#9314,.T.);
#7780=EDGE_CURVE('',#9313,#9315,#9316,.T.);
#7781=EDGE_CURVE('',#9245,#9315,#9317,.T.);
#7782=EDGE_CURVE('',#9318,#9257,#9319,.T.);
#7783=EDGE_CURVE('',#9318,#9320,#9321,.T.);
#7784=EDGE_CURVE('',#9253,#9320,#9322,.T.);
#7785=EDGE_CURVE('',#9323,#9265,#9324,.T.);
#7786=EDGE_CURVE('',#9323,#9325,#9326,.T.);
#7787=EDGE_CURVE('',#9261,#9325,#9327,.T.);
#7788=EDGE_CURVE('',#9328,#9273,#9329,.T.);
#7789=EDGE_CURVE('',#9328,#9330,#9331,.T.);
#7790=EDGE_CURVE('',#9269,#9330,#9332,.T.);
#7791=EDGE_CURVE('',#9333,#9281,#9334,.T.);
#7792=EDGE_CURVE('',#9333,#9335,#9336,.T.);
#7793=EDGE_CURVE('',#9277,#9335,#9337,.T.);
#7794=EDGE_CURVE('',#9338,#9287,#9339,.T.);
#7795=EDGE_CURVE('',#9338,#9340,#9341,.T.);
#7796=EDGE_CURVE('',#9289,#9340,#9342,.T.);
#7797=EDGE_CURVE('',#9343,#9297,#9344,.T.);
#7798=EDGE_CURVE('',#9343,#9345,#9346,.T.);
#7799=EDGE_CURVE('',#9293,#9345,#9347,.T.);
#7800=EDGE_CURVE('',#9348,#9305,#9349,.T.);
#7801=EDGE_CURVE('',#9348,#9350,#9351,.T.);
#7802=EDGE_CURVE('',#9301,#9350,#9352,.T.);
#7803=EDGE_CURVE('',#9310,#9353,#9354,.T.);
#7804=EDGE_CURVE('',#9236,#9353,#9355,.T.);
#7805=EDGE_CURVE('',#9356,#9353,#9357,.T.);
#7806=EDGE_CURVE('',#9239,#9356,#9358,.T.);
#7807=EDGE_CURVE('',#9244,#9359,#9360,.T.);
#7808=EDGE_CURVE('',#9361,#9359,#9362,.T.);
#7809=EDGE_CURVE('',#9361,#9247,#9363,.T.);
#7810=EDGE_CURVE('',#9252,#9364,#9365,.T.);
#7811=EDGE_CURVE('',#9366,#9364,#9367,.T.);
#7812=EDGE_CURVE('',#9366,#9255,#9368,.T.);
#7813=EDGE_CURVE('',#9260,#9369,#9370,.T.);
#7814=EDGE_CURVE('',#9371,#9369,#9372,.T.);
#7815=EDGE_CURVE('',#9371,#9263,#9373,.T.);
#7816=EDGE_CURVE('',#9268,#9374,#9375,.T.);
#7817=EDGE_CURVE('',#9376,#9374,#9377,.T.);
#7818=EDGE_CURVE('',#9376,#9271,#9378,.T.);
#7819=EDGE_CURVE('',#9276,#9379,#9380,.T.);
#7820=EDGE_CURVE('',#9381,#9379,#9382,.T.);
#7821=EDGE_CURVE('',#9381,#9279,#9383,.T.);
#7822=EDGE_CURVE('',#9384,#9385,#9386,.T.);
#7823=EDGE_CURVE('',#9384,#9284,#9387,.T.);
#7824=EDGE_CURVE('',#9285,#9385,#9388,.T.);
#7825=EDGE_CURVE('',#9292,#9389,#9390,.T.);
#7826=EDGE_CURVE('',#9391,#9389,#9392,.T.);
#7827=EDGE_CURVE('',#9391,#9295,#9393,.T.);
#7828=EDGE_CURVE('',#9300,#9394,#9395,.T.);
#7829=EDGE_CURVE('',#9396,#9394,#9397,.T.);
#7830=EDGE_CURVE('',#9396,#9303,#9398,.T.);
#7831=EDGE_CURVE('',#9399,#9356,#9400,.T.);
#7832=EDGE_CURVE('',#9399,#9401,#9402,.T.);
#7833=EDGE_CURVE('',#9403,#9401,#9404,.T.);
#7834=EDGE_CURVE('',#9405,#9403,#9406,.T.);
#7835=EDGE_CURVE('',#9405,#9308,#9407,.T.);
#7836=EDGE_CURVE('',#9408,#9405,#9409,.T.);
#7837=EDGE_CURVE('',#9408,#9340,#9410,.T.);
#7838=EDGE_CURVE('',#9338,#9384,#9411,.T.);
#7839=EDGE_CURVE('',#9412,#9385,#9413,.T.);
#7840=EDGE_CURVE('',#9399,#9412,#9414,.T.);
#7841=EDGE_CURVE('',#9320,#9364,#9415,.T.);
#7842=EDGE_CURVE('',#9318,#9366,#9416,.T.);
#7843=EDGE_CURVE('',#9325,#9369,#9417,.T.);
#7844=EDGE_CURVE('',#9323,#9371,#9418,.T.);
#7845=EDGE_CURVE('',#9330,#9374,#9419,.T.);
#7846=EDGE_CURVE('',#9328,#9376,#9420,.T.);
#7847=EDGE_CURVE('',#9335,#9379,#9421,.T.);
#7848=EDGE_CURVE('',#9333,#9381,#9422,.T.);
#7849=EDGE_CURVE('',#9348,#9396,#9423,.T.);
#7850=EDGE_CURVE('',#9350,#9394,#9424,.T.);
#7851=EDGE_CURVE('',#9343,#9391,#9425,.T.);
#7852=EDGE_CURVE('',#9345,#9389,#9426,.T.);
#7853=EDGE_CURVE('',#9313,#9361,#9427,.T.);
#7854=EDGE_CURVE('',#9315,#9359,#9428,.T.);
#7855=EDGE_CURVE('',#9429,#9430,#9431,.T.);
#7856=EDGE_CURVE('',#9430,#9432,#9433,.T.);
#7857=EDGE_CURVE('',#9434,#9432,#9435,.T.);
#7858=EDGE_CURVE('',#9429,#9434,#9436,.T.);
#7859=EDGE_CURVE('',#9437,#9438,#9439,.T.);
#7860=EDGE_CURVE('',#9438,#9440,#9441,.T.);
#7861=EDGE_CURVE('',#9442,#9440,#9443,.T.);
#7862=EDGE_CURVE('',#9437,#9442,#9444,.T.);
#7863=EDGE_CURVE('',#9445,#9446,#9447,.T.);
#7864=EDGE_CURVE('',#9446,#9448,#9449,.T.);
#7865=EDGE_CURVE('',#9450,#9448,#9451,.T.);
#7866=EDGE_CURVE('',#9445,#9450,#9452,.T.);
#7867=EDGE_CURVE('',#9453,#9454,#9455,.T.);
#7868=EDGE_CURVE('',#9454,#9456,#9457,.T.);
#7869=EDGE_CURVE('',#9458,#9456,#9459,.T.);
#7870=EDGE_CURVE('',#9453,#9458,#9460,.T.);
#7871=EDGE_CURVE('',#9461,#9462,#9463,.T.);
#7872=EDGE_CURVE('',#9462,#9464,#9465,.T.);
#7873=EDGE_CURVE('',#9466,#9464,#9467,.T.);
#7874=EDGE_CURVE('',#9461,#9466,#9468,.T.);
#7875=EDGE_CURVE('',#9469,#9470,#9471,.T.);
#7876=EDGE_CURVE('',#9470,#9472,#9473,.T.);
#7877=EDGE_CURVE('',#9474,#9472,#9475,.T.);
#7878=EDGE_CURVE('',#9469,#9474,#9476,.T.);
#7879=EDGE_CURVE('',#9477,#9478,#9479,.T.);
#7880=EDGE_CURVE('',#9478,#9480,#9481,.T.);
#7881=EDGE_CURVE('',#9482,#9480,#9483,.T.);
#7882=EDGE_CURVE('',#9477,#9482,#9484,.T.);
#7883=EDGE_CURVE('',#9485,#9486,#9487,.T.);
#7884=EDGE_CURVE('',#9486,#9488,#9489,.T.);
#7885=EDGE_CURVE('',#9490,#9488,#9491,.T.);
#7886=EDGE_CURVE('',#9485,#9490,#9492,.T.);
#7887=EDGE_CURVE('',#9493,#9494,#9495,.T.);
#7888=EDGE_CURVE('',#9496,#9494,#9497,.T.);
#7889=EDGE_CURVE('',#9498,#9496,#9499,.T.);
#7890=EDGE_CURVE('',#9498,#9493,#9500,.T.);
#7891=EDGE_CURVE('',#9501,#9502,#9503,.T.);
#7892=EDGE_CURVE('',#9504,#9502,#9505,.T.);
#7893=EDGE_CURVE('',#9506,#9504,#9507,.T.);
#7894=EDGE_CURVE('',#9506,#9501,#9508,.T.);
#7895=EDGE_CURVE('',#9509,#9510,#9511,.T.);
#7896=EDGE_CURVE('',#9512,#9510,#9513,.T.);
#7897=EDGE_CURVE('',#9514,#9512,#9515,.T.);
#7898=EDGE_CURVE('',#9514,#9509,#9516,.T.);
#7899=EDGE_CURVE('',#9517,#9518,#9519,.T.);
#7900=EDGE_CURVE('',#9520,#9518,#9521,.T.);
#7901=EDGE_CURVE('',#9522,#9520,#9523,.T.);
#7902=EDGE_CURVE('',#9522,#9517,#9524,.T.);
#7903=EDGE_CURVE('',#9525,#9526,#9527,.T.);
#7904=EDGE_CURVE('',#9528,#9526,#9529,.T.);
#7905=EDGE_CURVE('',#9530,#9528,#9531,.T.);
#7906=EDGE_CURVE('',#9530,#9525,#9532,.T.);
#7907=EDGE_CURVE('',#9533,#9534,#9535,.T.);
#7908=EDGE_CURVE('',#9536,#9534,#9537,.T.);
#7909=EDGE_CURVE('',#9538,#9536,#9539,.T.);
#7910=EDGE_CURVE('',#9538,#9533,#9540,.T.);
#7911=EDGE_CURVE('',#9541,#9542,#9543,.T.);
#7912=EDGE_CURVE('',#9544,#9542,#9545,.T.);
#7913=EDGE_CURVE('',#9546,#9544,#9547,.T.);
#7914=EDGE_CURVE('',#9546,#9541,#9548,.T.);
#7915=EDGE_CURVE('',#9549,#9550,#9551,.T.);
#7916=EDGE_CURVE('',#9552,#9550,#9553,.T.);
#7917=EDGE_CURVE('',#9554,#9552,#9555,.T.);
#7918=EDGE_CURVE('',#9554,#9549,#9556,.T.);
#7919=EDGE_CURVE('',#9557,#9558,#9559,.T.);
#7920=EDGE_CURVE('',#9560,#9557,#9561,.T.);
#7921=EDGE_CURVE('',#9560,#9562,#9563,.T.);
#7922=EDGE_CURVE('',#9564,#9562,#9565,.T.);
#7923=EDGE_CURVE('',#9566,#9564,#9567,.T.);
#7924=EDGE_CURVE('',#9568,#9566,#9569,.T.);
#7925=EDGE_CURVE('',#9568,#9570,#9571,.T.);
#7926=EDGE_CURVE('',#9572,#9570,#9573,.T.);
#7927=EDGE_CURVE('',#9574,#9572,#9575,.T.);
#7928=EDGE_CURVE('',#9576,#9574,#9577,.T.);
#7929=EDGE_CURVE('',#9576,#9578,#9579,.T.);
#7930=EDGE_CURVE('',#9580,#9578,#9581,.T.);
#7931=EDGE_CURVE('',#9582,#9580,#9583,.T.);
#7932=EDGE_CURVE('',#9584,#9582,#9585,.T.);
#7933=EDGE_CURVE('',#9584,#9586,#9587,.T.);
#7934=EDGE_CURVE('',#9588,#9586,#9589,.T.);
#7935=EDGE_CURVE('',#9590,#9588,#9591,.T.);
#7936=EDGE_CURVE('',#9592,#9590,#9593,.T.);
#7937=EDGE_CURVE('',#9592,#9594,#9595,.T.);
#7938=EDGE_CURVE('',#9596,#9594,#9597,.T.);
#7939=EDGE_CURVE('',#9598,#9596,#9599,.T.);
#7940=EDGE_CURVE('',#9600,#9598,#9601,.T.);
#7941=EDGE_CURVE('',#9600,#9602,#9603,.T.);
#7942=EDGE_CURVE('',#9604,#9602,#9605,.T.);
#7943=EDGE_CURVE('',#9606,#9604,#9607,.T.);
#7944=EDGE_CURVE('',#9608,#9606,#9609,.T.);
#7945=EDGE_CURVE('',#9608,#9610,#9611,.T.);
#7946=EDGE_CURVE('',#9612,#9610,#9613,.T.);
#7947=EDGE_CURVE('',#9614,#9612,#9615,.T.);
#7948=EDGE_CURVE('',#9401,#9614,#9616,.T.);
#7949=EDGE_CURVE('',#9412,#9617,#9618,.T.);
#7950=EDGE_CURVE('',#9619,#9617,#9620,.T.);
#7951=EDGE_CURVE('',#9619,#9621,#9622,.T.);
#7952=EDGE_CURVE('',#9558,#9621,#9623,.T.);
#7953=EDGE_CURVE('',#9624,#9625,#9626,.T.);
#7954=EDGE_CURVE('',#9625,#9558,#9627,.T.);
#7955=EDGE_CURVE('',#9621,#9628,#9629,.T.);
#7956=EDGE_CURVE('',#9628,#9630,#9631,.T.);
#7957=EDGE_CURVE('',#9630,#9624,#9632,.T.);
#7958=EDGE_CURVE('',#9633,#9490,#9634,.T.);
#7959=EDGE_CURVE('',#9635,#9633,#9636,.T.);
#7960=EDGE_CURVE('',#9637,#9635,#9638,.T.);
#7961=EDGE_CURVE('',#9639,#9637,#9640,.T.);
#7962=EDGE_CURVE('',#9641,#9639,#9642,.T.);
#7963=EDGE_CURVE('',#9643,#9641,#9644,.T.);
#7964=EDGE_CURVE('',#9485,#9643,#9645,.T.);
#7965=EDGE_CURVE('',#9624,#9646,#9647,.T.);
#7966=EDGE_CURVE('',#9648,#9630,#9649,.T.);
#7967=EDGE_CURVE('',#9646,#9648,#9650,.T.);
#7968=EDGE_CURVE('',#9643,#9651,#9652,.T.);
#7969=EDGE_CURVE('',#9486,#9651,#9653,.T.);
#7970=EDGE_CURVE('',#9654,#9655,#9656,.T.);
#7971=EDGE_CURVE('',#9657,#9654,#9658,.T.);
#7972=EDGE_CURVE('',#9657,#9648,#9659,.T.);
#7973=EDGE_CURVE('',#9628,#9660,#9661,.T.);
#7974=EDGE_CURVE('',#9660,#9655,#9662,.T.);
#7975=EDGE_CURVE('',#9651,#9663,#9664,.T.);
#7976=EDGE_CURVE('',#9663,#9665,#9666,.T.);
#7977=EDGE_CURVE('',#9665,#9667,#9668,.T.);
#7978=EDGE_CURVE('',#9667,#9669,#9670,.T.);
#7979=EDGE_CURVE('',#9669,#9671,#9672,.T.);
#7980=EDGE_CURVE('',#9671,#9488,#9673,.T.);
#7981=EDGE_CURVE('',#9633,#9671,#9674,.T.);
#7982=EDGE_CURVE('',#9635,#9669,#9675,.T.);
#7983=EDGE_CURVE('',#9637,#9667,#9676,.T.);
#7984=EDGE_CURVE('',#9639,#9665,#9677,.T.);
#7985=EDGE_CURVE('',#9641,#9663,#9678,.T.);
#7986=EDGE_CURVE('',#9679,#9660,#9680,.T.);
#7987=EDGE_CURVE('',#9679,#9681,#9682,.T.);
#7988=EDGE_CURVE('',#9681,#9683,#9684,.T.);
#7989=EDGE_CURVE('',#9683,#9685,#9686,.T.);
#7990=EDGE_CURVE('',#9685,#9687,#9688,.T.);
#7991=EDGE_CURVE('',#9687,#9689,#9690,.T.);
#7992=EDGE_CURVE('',#9655,#9689,#9691,.T.);
#7993=EDGE_CURVE('',#9692,#9693,#9694,.T.);
#7994=EDGE_CURVE('',#9693,#9695,#9696,.T.);
#7995=EDGE_CURVE('',#9695,#9654,#9697,.T.);
#7996=EDGE_CURVE('',#9692,#9689,#9698,.T.);
#7997=EDGE_CURVE('',#9687,#9625,#9699,.T.);
#7998=EDGE_CURVE('',#9646,#9692,#9700,.T.);
#7999=EDGE_CURVE('',#9701,#9693,#9702,.T.);
#8000=EDGE_CURVE('',#9648,#9701,#9703,.T.);
#8001=EDGE_CURVE('',#9704,#9657,#9705,.T.);
#8002=EDGE_CURVE('',#9701,#9704,#9706,.T.);
#8003=EDGE_CURVE('',#9704,#9695,#9707,.T.);
#8004=EDGE_CURVE('',#9557,#9708,#9709,.T.);
#8005=EDGE_CURVE('',#9685,#9710,#9711,.T.);
#8006=EDGE_CURVE('',#9710,#9712,#9713,.T.);
#8007=EDGE_CURVE('',#9712,#9708,#9714,.T.);
#8008=EDGE_CURVE('',#9712,#9715,#9716,.T.);
#8009=EDGE_CURVE('',#9715,#9708,#9717,.T.);
#8010=EDGE_CURVE('',#9718,#9719,#9720,.T.);
#8011=EDGE_CURVE('',#9721,#9719,#9722,.T.);
#8012=EDGE_CURVE('',#9723,#9721,#9724,.T.);
#8013=EDGE_CURVE('',#9723,#9718,#9725,.T.);
#8014=EDGE_CURVE('',#9726,#9727,#9728,.T.);
#8015=EDGE_CURVE('',#9727,#9729,#9730,.T.);
#8016=EDGE_CURVE('',#9729,#9731,#9732,.T.);
#8017=EDGE_CURVE('',#9731,#9733,#9734,.T.);
#8018=EDGE_CURVE('',#9733,#9735,#9736,.T.);
#8019=EDGE_CURVE('',#9735,#9737,#9738,.T.);
#8020=EDGE_CURVE('',#9737,#9739,#9740,.T.);
#8021=EDGE_CURVE('',#9741,#9739,#9742,.T.);
#8022=EDGE_CURVE('',#9741,#9743,#9744,.T.);
#8023=EDGE_CURVE('',#9743,#9745,#9746,.T.);
#8024=EDGE_CURVE('',#9745,#9747,#9748,.T.);
#8025=EDGE_CURVE('',#9747,#9749,#9750,.T.);
#8026=EDGE_CURVE('',#9749,#9751,#9752,.T.);
#8027=EDGE_CURVE('',#9751,#9753,#9754,.T.);
#8028=EDGE_CURVE('',#9753,#9755,#9756,.T.);
#8029=EDGE_CURVE('',#9757,#9755,#9758,.T.);
#8030=EDGE_CURVE('',#9757,#9759,#9760,.T.);
#8031=EDGE_CURVE('',#9761,#9759,#9762,.T.);
#8032=EDGE_CURVE('',#9761,#9763,#9764,.T.);
#8033=EDGE_CURVE('',#9763,#9765,#9766,.T.);
#8034=EDGE_CURVE('',#9765,#9767,#9768,.T.);
#8035=EDGE_CURVE('',#9767,#9769,#9770,.T.);
#8036=EDGE_CURVE('',#9769,#9771,#9772,.T.);
#8037=EDGE_CURVE('',#9771,#9773,#9774,.T.);
#8038=EDGE_CURVE('',#9773,#9775,#9776,.T.);
#8039=EDGE_CURVE('',#9777,#9775,#9778,.T.);
#8040=EDGE_CURVE('',#9777,#9779,#9780,.T.);
#8041=EDGE_CURVE('',#9779,#9781,#9782,.T.);
#8042=EDGE_CURVE('',#9781,#9783,#9784,.T.);
#8043=EDGE_CURVE('',#9783,#9785,#9786,.T.);
#8044=EDGE_CURVE('',#9785,#9787,#9788,.T.);
#8045=EDGE_CURVE('',#9787,#9789,#9790,.T.);
#8046=EDGE_CURVE('',#9789,#9791,#9792,.T.);
#8047=EDGE_CURVE('',#9793,#9791,#9794,.T.);
#8048=EDGE_CURVE('',#9793,#9795,#9796,.T.);
#8049=EDGE_CURVE('',#9795,#9797,#9798,.T.);
#8050=EDGE_CURVE('',#9797,#9799,#9800,.T.);
#8051=EDGE_CURVE('',#9799,#9801,#9802,.T.);
#8052=EDGE_CURVE('',#9801,#9803,#9804,.T.);
#8053=EDGE_CURVE('',#9803,#9805,#9806,.T.);
#8054=EDGE_CURVE('',#9805,#9807,#9808,.T.);
#8055=EDGE_CURVE('',#9809,#9807,#9810,.T.);
#8056=EDGE_CURVE('',#9809,#9811,#9812,.T.);
#8057=EDGE_CURVE('',#9811,#9813,#9814,.T.);
#8058=EDGE_CURVE('',#9813,#9815,#9816,.T.);
#8059=EDGE_CURVE('',#9815,#9817,#9818,.T.);
#8060=EDGE_CURVE('',#9817,#9819,#9820,.T.);
#8061=EDGE_CURVE('',#9819,#9821,#9822,.T.);
#8062=EDGE_CURVE('',#9821,#9823,#9824,.T.);
#8063=EDGE_CURVE('',#9825,#9823,#9826,.T.);
#8064=EDGE_CURVE('',#9825,#9827,#9828,.T.);
#8065=EDGE_CURVE('',#9827,#9829,#9830,.T.);
#8066=EDGE_CURVE('',#9829,#9831,#9832,.T.);
#8067=EDGE_CURVE('',#9831,#9833,#9834,.T.);
#8068=EDGE_CURVE('',#9833,#9835,#9836,.T.);
#8069=EDGE_CURVE('',#9835,#9837,#9838,.T.);
#8070=EDGE_CURVE('',#9837,#9403,#9839,.T.);
#8071=EDGE_CURVE('',#9614,#9840,#9841,.T.);
#8072=EDGE_CURVE('',#9842,#9840,#9843,.T.);
#8073=EDGE_CURVE('',#9844,#9842,#9845,.T.);
#8074=EDGE_CURVE('',#9846,#9844,#9847,.T.);
#8075=EDGE_CURVE('',#9848,#9846,#9849,.T.);
#8076=EDGE_CURVE('',#9850,#9848,#9851,.T.);
#8077=EDGE_CURVE('',#9608,#9850,#9852,.T.);
#8078=EDGE_CURVE('',#9606,#9853,#9854,.T.);
#8079=EDGE_CURVE('',#9855,#9853,#9856,.T.);
#8080=EDGE_CURVE('',#9857,#9855,#9858,.T.);
#8081=EDGE_CURVE('',#9859,#9857,#9860,.T.);
#8082=EDGE_CURVE('',#9861,#9859,#9862,.T.);
#8083=EDGE_CURVE('',#9863,#9861,#9864,.T.);
#8084=EDGE_CURVE('',#9600,#9863,#9865,.T.);
#8085=EDGE_CURVE('',#9598,#9866,#9867,.T.);
#8086=EDGE_CURVE('',#9868,#9866,#9869,.T.);
#8087=EDGE_CURVE('',#9870,#9868,#9871,.T.);
#8088=EDGE_CURVE('',#9872,#9870,#9873,.T.);
#8089=EDGE_CURVE('',#9874,#9872,#9875,.T.);
#8090=EDGE_CURVE('',#9876,#9874,#9877,.T.);
#8091=EDGE_CURVE('',#9592,#9876,#9878,.T.);
#8092=EDGE_CURVE('',#9590,#9879,#9880,.T.);
#8093=EDGE_CURVE('',#9881,#9879,#9882,.T.);
#8094=EDGE_CURVE('',#9883,#9881,#9884,.T.);
#8095=EDGE_CURVE('',#9885,#9883,#9886,.T.);
#8096=EDGE_CURVE('',#9887,#9885,#9888,.T.);
#8097=EDGE_CURVE('',#9889,#9887,#9890,.T.);
#8098=EDGE_CURVE('',#9584,#9889,#9891,.T.);
#8099=EDGE_CURVE('',#9582,#9892,#9893,.T.);
#8100=EDGE_CURVE('',#9894,#9892,#9895,.T.);
#8101=EDGE_CURVE('',#9896,#9894,#9897,.T.);
#8102=EDGE_CURVE('',#9898,#9896,#9899,.T.);
#8103=EDGE_CURVE('',#9900,#9898,#9901,.T.);
#8104=EDGE_CURVE('',#9902,#9900,#9903,.T.);
#8105=EDGE_CURVE('',#9576,#9902,#9904,.T.);
#8106=EDGE_CURVE('',#9574,#9905,#9906,.T.);
#8107=EDGE_CURVE('',#9907,#9905,#9908,.T.);
#8108=EDGE_CURVE('',#9909,#9907,#9910,.T.);
#8109=EDGE_CURVE('',#9911,#9909,#9912,.T.);
#8110=EDGE_CURVE('',#9913,#9911,#9914,.T.);
#8111=EDGE_CURVE('',#9915,#9913,#9916,.T.);
#8112=EDGE_CURVE('',#9568,#9915,#9917,.T.);
#8113=EDGE_CURVE('',#9566,#9918,#9919,.T.);
#8114=EDGE_CURVE('',#9920,#9918,#9921,.T.);
#8115=EDGE_CURVE('',#9922,#9920,#9923,.T.);
#8116=EDGE_CURVE('',#9924,#9922,#9925,.T.);
#8117=EDGE_CURVE('',#9926,#9924,#9927,.T.);
#8118=EDGE_CURVE('',#9928,#9926,#9929,.T.);
#8119=EDGE_CURVE('',#9560,#9928,#9930,.T.);
#8120=EDGE_CURVE('',#9931,#9715,#9932,.T.);
#8121=EDGE_CURVE('',#9933,#9931,#9934,.T.);
#8122=EDGE_CURVE('',#9719,#9933,#9935,.T.);
#8123=EDGE_CURVE('',#9619,#9718,#9936,.T.);
#8124=EDGE_CURVE('',#9617,#9937,#9938,.T.);
#8125=EDGE_CURVE('',#9937,#9939,#9940,.T.);
#8126=EDGE_CURVE('',#9939,#9941,#9942,.T.);
#8127=EDGE_CURVE('',#9941,#9943,#9944,.T.);
#8128=EDGE_CURVE('',#9943,#9945,#9946,.T.);
#8129=EDGE_CURVE('',#9945,#9947,#9948,.T.);
#8130=EDGE_CURVE('',#9947,#9949,#9950,.T.);
#8131=EDGE_CURVE('',#9949,#9951,#9952,.T.);
#8132=EDGE_CURVE('',#9726,#9951,#9953,.T.);
#8133=EDGE_CURVE('',#9954,#9955,#9956,.T.);
#8134=EDGE_CURVE('',#9957,#9955,#9958,.T.);
#8135=EDGE_CURVE('',#9957,#9959,#9960,.T.);
#8136=EDGE_CURVE('',#9726,#9959,#9961,.T.);
#8137=EDGE_CURVE('',#9962,#9951,#9963,.T.);
#8138=EDGE_CURVE('',#9954,#9962,#9964,.T.);
#8139=EDGE_CURVE('',#9965,#9966,#9967,.T.);
#8140=EDGE_CURVE('',#9966,#9968,#9969,.T.);
#8141=EDGE_CURVE('',#9970,#9968,#9971,.T.);
#8142=EDGE_CURVE('',#9965,#9970,#9972,.T.);
#8143=EDGE_CURVE('',#9973,#9962,#9974,.T.);
#8144=EDGE_CURVE('',#9975,#9973,#9976,.T.);
#8145=EDGE_CURVE('',#9975,#9954,#9977,.T.);
#8146=EDGE_CURVE('',#9939,#9978,#9979,.T.);
#8147=EDGE_CURVE('',#9978,#9980,#9981,.T.);
#8148=EDGE_CURVE('',#9965,#9980,#9982,.T.);
#8149=EDGE_CURVE('',#9970,#9941,#9983,.T.);
#8150=EDGE_CURVE('',#9973,#9949,#9984,.T.);
#8151=EDGE_CURVE('',#9968,#9943,#9985,.T.);
#8152=EDGE_CURVE('',#9986,#9947,#9987,.T.);
#8153=EDGE_CURVE('',#9986,#9973,#9988,.T.);
#8154=EDGE_CURVE('',#9989,#9986,#9990,.T.);
#8155=EDGE_CURVE('',#9989,#9975,#9991,.T.);
#8156=EDGE_CURVE('',#9992,#9989,#9993,.T.);
#8157=EDGE_CURVE('',#9966,#9992,#9994,.T.);
#8158=EDGE_CURVE('',#9965,#9995,#9996,.T.);
#8159=EDGE_CURVE('',#9997,#9995,#9998,.T.);
#8160=EDGE_CURVE('',#9955,#9997,#9999,.T.);
#8161=EDGE_CURVE('',#9552,#10000,#10001,.T.);
#8162=EDGE_CURVE('',#10002,#10000,#10003,.T.);
#8163=EDGE_CURVE('',#9554,#10002,#10004,.T.);
#8164=EDGE_CURVE('',#10005,#9997,#10006,.T.);
#8165=EDGE_CURVE('',#10007,#10005,#10008,.T.);
#8166=EDGE_CURVE('',#10007,#10009,#10010,.T.);
#8167=EDGE_CURVE('',#10009,#10011,#10012,.T.);
#8168=EDGE_CURVE('',#9957,#10011,#10013,.T.);
#8169=EDGE_CURVE('',#10002,#10014,#10015,.T.);
#8170=EDGE_CURVE('',#10014,#10016,#10017,.T.);
#8171=EDGE_CURVE('',#10016,#10018,#10019,.T.);
#8172=EDGE_CURVE('',#10018,#10020,#10021,.T.);
#8173=EDGE_CURVE('',#10020,#10022,#10023,.T.);
#8174=EDGE_CURVE('',#10022,#9549,#10024,.T.);
#8175=EDGE_CURVE('',#10022,#10025,#10026,.T.);
#8176=EDGE_CURVE('',#10025,#9550,#10027,.T.);
#8177=EDGE_CURVE('',#10028,#10025,#10029,.T.);
#8178=EDGE_CURVE('',#10030,#10028,#10031,.T.);
#8179=EDGE_CURVE('',#10032,#10030,#10033,.T.);
#8180=EDGE_CURVE('',#10034,#10032,#10035,.T.);
#8181=EDGE_CURVE('',#10000,#10034,#10036,.T.);
#8182=EDGE_CURVE('',#10037,#10038,#10039,.T.);
#8183=EDGE_CURVE('',#10011,#10037,#10040,.T.);
#8184=EDGE_CURVE('',#10038,#10009,#10041,.T.);
#8185=EDGE_CURVE('',#10014,#10034,#10042,.T.);
#8186=EDGE_CURVE('',#10016,#10032,#10043,.T.);
#8187=EDGE_CURVE('',#10018,#10030,#10044,.T.);
#8188=EDGE_CURVE('',#10020,#10028,#10045,.T.);
#8189=EDGE_CURVE('',#10046,#10047,#10048,.T.);
#8190=EDGE_CURVE('',#10049,#10047,#10050,.T.);
#8191=EDGE_CURVE('',#10038,#10049,#10051,.T.);
#8192=EDGE_CURVE('',#10009,#10046,#10052,.T.);
#8193=EDGE_CURVE('',#10053,#10007,#10054,.T.);
#8194=EDGE_CURVE('',#10046,#10053,#10055,.T.);
#8195=EDGE_CURVE('',#10053,#10056,#10057,.T.);
#8196=EDGE_CURVE('',#10047,#10056,#10058,.T.);
#8197=EDGE_CURVE('',#10056,#10005,#10059,.T.);
#8198=EDGE_CURVE('',#9995,#10049,#10060,.T.);
#8199=EDGE_CURVE('',#9980,#10037,#10061,.T.);
#8200=EDGE_CURVE('',#9959,#9978,#10062,.T.);
#8201=EDGE_CURVE('',#9408,#9937,#10063,.T.);
#8202=EDGE_CURVE('',#10064,#9837,#10065,.T.);
#8203=EDGE_CURVE('',#10064,#10066,#10067,.T.);
#8204=EDGE_CURVE('',#9823,#10066,#10068,.T.);
#8205=EDGE_CURVE('',#10069,#9821,#10070,.T.);
#8206=EDGE_CURVE('',#10069,#10071,#10072,.T.);
#8207=EDGE_CURVE('',#9807,#10071,#10073,.T.);
#8208=EDGE_CURVE('',#10074,#9805,#10075,.T.);
#8209=EDGE_CURVE('',#10074,#10076,#10077,.T.);
#8210=EDGE_CURVE('',#9791,#10076,#10078,.T.);
#8211=EDGE_CURVE('',#10079,#9789,#10080,.T.);
#8212=EDGE_CURVE('',#10079,#10081,#10082,.T.);
#8213=EDGE_CURVE('',#9775,#10081,#10083,.T.);
#8214=EDGE_CURVE('',#10084,#9773,#10085,.T.);
#8215=EDGE_CURVE('',#10084,#10086,#10087,.T.);
#8216=EDGE_CURVE('',#9759,#10086,#10088,.T.);
#8217=EDGE_CURVE('',#9757,#10089,#10090,.T.);
#8218=EDGE_CURVE('',#10089,#10091,#10092,.T.);
#8219=EDGE_CURVE('',#9743,#10091,#10093,.T.);
#8220=EDGE_CURVE('',#9741,#10094,#10095,.T.);
#8221=EDGE_CURVE('',#10094,#10096,#10097,.T.);
#8222=EDGE_CURVE('',#9727,#10096,#10098,.T.);
#8223=EDGE_CURVE('',#10096,#10099,#10100,.T.);
#8224=EDGE_CURVE('',#10101,#10099,#10102,.T.);
#8225=EDGE_CURVE('',#10101,#10103,#10104,.T.);
#8226=EDGE_CURVE('',#10103,#9729,#10105,.T.);
#8227=EDGE_CURVE('',#10106,#9737,#10107,.T.);
#8228=EDGE_CURVE('',#10106,#10108,#10109,.T.);
#8229=EDGE_CURVE('',#10108,#9739,#10110,.T.);
#8230=EDGE_CURVE('',#10103,#10111,#10112,.T.);
#8231=EDGE_CURVE('',#10111,#9731,#10113,.T.);
#8232=EDGE_CURVE('',#10114,#10115,#10116,.T.);
#8233=EDGE_CURVE('',#10117,#10115,#10118,.T.);
#8234=EDGE_CURVE('',#10117,#10094,#10119,.T.);
#8235=EDGE_CURVE('',#10114,#10108,#10120,.T.);
#8236=EDGE_CURVE('',#10101,#10121,#10122,.T.);
#8237=EDGE_CURVE('',#10121,#10111,#10123,.T.);
#8238=EDGE_CURVE('',#10124,#10106,#10125,.T.);
#8239=EDGE_CURVE('',#10124,#10114,#10126,.T.);
#8240=EDGE_CURVE('',#10127,#10128,#10129,.T.);
#8241=EDGE_CURVE('',#10111,#10128,#10130,.T.);
#8242=EDGE_CURVE('',#10121,#10127,#10131,.T.);
#8243=EDGE_CURVE('',#10132,#10124,#10133,.T.);
#8244=EDGE_CURVE('',#10127,#10132,#10134,.T.);
#8245=EDGE_CURVE('',#10101,#10135,#10136,.T.);
#8246=EDGE_CURVE('',#10137,#10135,#10138,.T.);
#8247=EDGE_CURVE('',#10115,#10137,#10139,.T.);
#8248=EDGE_CURVE('',#9544,#10140,#10141,.T.);
#8249=EDGE_CURVE('',#10142,#10140,#10143,.T.);
#8250=EDGE_CURVE('',#9546,#10142,#10144,.T.);
#8251=EDGE_CURVE('',#10145,#10137,#10146,.T.);
#8252=EDGE_CURVE('',#10147,#10145,#10148,.T.);
#8253=EDGE_CURVE('',#10147,#10149,#10150,.T.);
#8254=EDGE_CURVE('',#10149,#10151,#10152,.T.);
#8255=EDGE_CURVE('',#10117,#10151,#10153,.T.);
#8256=EDGE_CURVE('',#10142,#10154,#10155,.T.);
#8257=EDGE_CURVE('',#10154,#10156,#10157,.T.);
#8258=EDGE_CURVE('',#10156,#10158,#10159,.T.);
#8259=EDGE_CURVE('',#10158,#10160,#10161,.T.);
#8260=EDGE_CURVE('',#10160,#10162,#10163,.T.);
#8261=EDGE_CURVE('',#10162,#9541,#10164,.T.);
#8262=EDGE_CURVE('',#10162,#10165,#10166,.T.);
#8263=EDGE_CURVE('',#10165,#9542,#10167,.T.);
#8264=EDGE_CURVE('',#10168,#10165,#10169,.T.);
#8265=EDGE_CURVE('',#10170,#10168,#10171,.T.);
#8266=EDGE_CURVE('',#10172,#10170,#10173,.T.);
#8267=EDGE_CURVE('',#10174,#10172,#10175,.T.);
#8268=EDGE_CURVE('',#10140,#10174,#10176,.T.);
#8269=EDGE_CURVE('',#10177,#10178,#10179,.T.);
#8270=EDGE_CURVE('',#10151,#10177,#10180,.T.);
#8271=EDGE_CURVE('',#10178,#10149,#10181,.T.);
#8272=EDGE_CURVE('',#10154,#10174,#10182,.T.);
#8273=EDGE_CURVE('',#10156,#10172,#10183,.T.);
#8274=EDGE_CURVE('',#10158,#10170,#10184,.T.);
#8275=EDGE_CURVE('',#10160,#10168,#10185,.T.);
#8276=EDGE_CURVE('',#10186,#10187,#10188,.T.);
#8277=EDGE_CURVE('',#10189,#10187,#10190,.T.);
#8278=EDGE_CURVE('',#10178,#10189,#10191,.T.);
#8279=EDGE_CURVE('',#10149,#10186,#10192,.T.);
#8280=EDGE_CURVE('',#10193,#10147,#10194,.T.);
#8281=EDGE_CURVE('',#10186,#10193,#10195,.T.);
#8282=EDGE_CURVE('',#10193,#10196,#10197,.T.);
#8283=EDGE_CURVE('',#10187,#10196,#10198,.T.);
#8284=EDGE_CURVE('',#10196,#10145,#10199,.T.);
#8285=EDGE_CURVE('',#10135,#10189,#10200,.T.);
#8286=EDGE_CURVE('',#10099,#10177,#10201,.T.);
#8287=EDGE_CURVE('',#10132,#10202,#10203,.T.);
#8288=EDGE_CURVE('',#10128,#10202,#10204,.T.);
#8289=EDGE_CURVE('',#10128,#9733,#10205,.T.);
#8290=EDGE_CURVE('',#10202,#9735,#10206,.T.);
#8291=EDGE_CURVE('',#10202,#10106,#10207,.T.);
#8292=EDGE_CURVE('',#10091,#10208,#10209,.T.);
#8293=EDGE_CURVE('',#10210,#10208,#10211,.T.);
#8294=EDGE_CURVE('',#10210,#10212,#10213,.T.);
#8295=EDGE_CURVE('',#10212,#9745,#10214,.T.);
#8296=EDGE_CURVE('',#10215,#9753,#10216,.T.);
#8297=EDGE_CURVE('',#10215,#10217,#10218,.T.);
#8298=EDGE_CURVE('',#10217,#9755,#10219,.T.);
#8299=EDGE_CURVE('',#10212,#10220,#10221,.T.);
#8300=EDGE_CURVE('',#10220,#9747,#10222,.T.);
#8301=EDGE_CURVE('',#10223,#10224,#10225,.T.);
#8302=EDGE_CURVE('',#10226,#10224,#10227,.T.);
#8303=EDGE_CURVE('',#10226,#10089,#10228,.T.);
#8304=EDGE_CURVE('',#10223,#10217,#10229,.T.);
#8305=EDGE_CURVE('',#10210,#10230,#10231,.T.);
#8306=EDGE_CURVE('',#10230,#10220,#10232,.T.);
#8307=EDGE_CURVE('',#10233,#10215,#10234,.T.);
#8308=EDGE_CURVE('',#10233,#10223,#10235,.T.);
#8309=EDGE_CURVE('',#10236,#10237,#10238,.T.);
#8310=EDGE_CURVE('',#10220,#10237,#10239,.T.);
#8311=EDGE_CURVE('',#10230,#10236,#10240,.T.);
#8312=EDGE_CURVE('',#10241,#10233,#10242,.T.);
#8313=EDGE_CURVE('',#10236,#10241,#10243,.T.);
#8314=EDGE_CURVE('',#10210,#10244,#10245,.T.);
#8315=EDGE_CURVE('',#10246,#10244,#10247,.T.);
#8316=EDGE_CURVE('',#10224,#10246,#10248,.T.);
#8317=EDGE_CURVE('',#9536,#10249,#10250,.T.);
#8318=EDGE_CURVE('',#10251,#10249,#10252,.T.);
#8319=EDGE_CURVE('',#9538,#10251,#10253,.T.);
#8320=EDGE_CURVE('',#10254,#10246,#10255,.T.);
#8321=EDGE_CURVE('',#10256,#10254,#10257,.T.);
#8322=EDGE_CURVE('',#10256,#10258,#10259,.T.);
#8323=EDGE_CURVE('',#10258,#10260,#10261,.T.);
#8324=EDGE_CURVE('',#10226,#10260,#10262,.T.);
#8325=EDGE_CURVE('',#10251,#10263,#10264,.T.);
#8326=EDGE_CURVE('',#10263,#10265,#10266,.T.);
#8327=EDGE_CURVE('',#10265,#10267,#10268,.T.);
#8328=EDGE_CURVE('',#10267,#10269,#10270,.T.);
#8329=EDGE_CURVE('',#10269,#10271,#10272,.T.);
#8330=EDGE_CURVE('',#10271,#9533,#10273,.T.);
#8331=EDGE_CURVE('',#10271,#10274,#10275,.T.);
#8332=EDGE_CURVE('',#10274,#9534,#10276,.T.);
#8333=EDGE_CURVE('',#10277,#10274,#10278,.T.);
#8334=EDGE_CURVE('',#10279,#10277,#10280,.T.);
#8335=EDGE_CURVE('',#10281,#10279,#10282,.T.);
#8336=EDGE_CURVE('',#10283,#10281,#10284,.T.);
#8337=EDGE_CURVE('',#10249,#10283,#10285,.T.);
#8338=EDGE_CURVE('',#10286,#10287,#10288,.T.);
#8339=EDGE_CURVE('',#10260,#10286,#10289,.T.);
#8340=EDGE_CURVE('',#10287,#10258,#10290,.T.);
#8341=EDGE_CURVE('',#10263,#10283,#10291,.T.);
#8342=EDGE_CURVE('',#10265,#10281,#10292,.T.);
#8343=EDGE_CURVE('',#10267,#10279,#10293,.T.);
#8344=EDGE_CURVE('',#10269,#10277,#10294,.T.);
#8345=EDGE_CURVE('',#10295,#10296,#10297,.T.);
#8346=EDGE_CURVE('',#10298,#10296,#10299,.T.);
#8347=EDGE_CURVE('',#10287,#10298,#10300,.T.);
#8348=EDGE_CURVE('',#10258,#10295,#10301,.T.);
#8349=EDGE_CURVE('',#10302,#10256,#10303,.T.);
#8350=EDGE_CURVE('',#10295,#10302,#10304,.T.);
#8351=EDGE_CURVE('',#10302,#10305,#10306,.T.);
#8352=EDGE_CURVE('',#10296,#10305,#10307,.T.);
#8353=EDGE_CURVE('',#10305,#10254,#10308,.T.);
#8354=EDGE_CURVE('',#10244,#10298,#10309,.T.);
#8355=EDGE_CURVE('',#10208,#10286,#10310,.T.);
#8356=EDGE_CURVE('',#10241,#10311,#10312,.T.);
#8357=EDGE_CURVE('',#10237,#10311,#10313,.T.);
#8358=EDGE_CURVE('',#10237,#9749,#10314,.T.);
#8359=EDGE_CURVE('',#10311,#9751,#10315,.T.);
#8360=EDGE_CURVE('',#10311,#10215,#10316,.T.);
#8361=EDGE_CURVE('',#10086,#10317,#10318,.T.);
#8362=EDGE_CURVE('',#10319,#10317,#10320,.T.);
#8363=EDGE_CURVE('',#10319,#10321,#10322,.T.);
#8364=EDGE_CURVE('',#10321,#9761,#10323,.T.);
#8365=EDGE_CURVE('',#10321,#10324,#10325,.T.);
#8366=EDGE_CURVE('',#10324,#9763,#10326,.T.);
#8367=EDGE_CURVE('',#10327,#9769,#10328,.T.);
#8368=EDGE_CURVE('',#10327,#10329,#10330,.T.);
#8369=EDGE_CURVE('',#9771,#10329,#10331,.T.);
#8370=EDGE_CURVE('',#10324,#10332,#10333,.T.);
#8371=EDGE_CURVE('',#10332,#9765,#10334,.T.);
#8372=EDGE_CURVE('',#10332,#10335,#10336,.T.);
#8373=EDGE_CURVE('',#10335,#9767,#10337,.T.);
#8374=EDGE_CURVE('',#10335,#10327,#10338,.T.);
#8375=EDGE_CURVE('',#10339,#10327,#10340,.T.);
#8376=EDGE_CURVE('',#10341,#10335,#10342,.T.);
#8377=EDGE_CURVE('',#10341,#10339,#10343,.T.);
#8378=EDGE_CURVE('',#10344,#10345,#10346,.T.);
#8379=EDGE_CURVE('',#10339,#10344,#10347,.T.);
#8380=EDGE_CURVE('',#10348,#10341,#10349,.T.);
#8381=EDGE_CURVE('',#10350,#10348,#10351,.T.);
#8382=EDGE_CURVE('',#10319,#10350,#10352,.T.);
#8383=EDGE_CURVE('',#10319,#10353,#10354,.T.);
#8384=EDGE_CURVE('',#10355,#10353,#10356,.T.);
#8385=EDGE_CURVE('',#10345,#10355,#10357,.T.);
#8386=EDGE_CURVE('',#9528,#10358,#10359,.T.);
#8387=EDGE_CURVE('',#10360,#10358,#10361,.T.);
#8388=EDGE_CURVE('',#9530,#10360,#10362,.T.);
#8389=EDGE_CURVE('',#10363,#10364,#10365,.T.);
#8390=EDGE_CURVE('',#10366,#10364,#10367,.T.);
#8391=EDGE_CURVE('',#10366,#10345,#10368,.T.);
#8392=EDGE_CURVE('',#10369,#10355,#10370,.T.);
#8393=EDGE_CURVE('',#10371,#10369,#10372,.T.);
#8394=EDGE_CURVE('',#10371,#10363,#10373,.T.);
#8395=EDGE_CURVE('',#10360,#10374,#10375,.T.);
#8396=EDGE_CURVE('',#10374,#10376,#10377,.T.);
#8397=EDGE_CURVE('',#10376,#10378,#10379,.T.);
#8398=EDGE_CURVE('',#10378,#10380,#10381,.T.);
#8399=EDGE_CURVE('',#10380,#10382,#10383,.T.);
#8400=EDGE_CURVE('',#10382,#9525,#10384,.T.);
#8401=EDGE_CURVE('',#10382,#10385,#10386,.T.);
#8402=EDGE_CURVE('',#10385,#9526,#10387,.T.);
#8403=EDGE_CURVE('',#10388,#10385,#10389,.T.);
#8404=EDGE_CURVE('',#10390,#10388,#10391,.T.);
#8405=EDGE_CURVE('',#10392,#10390,#10393,.T.);
#8406=EDGE_CURVE('',#10394,#10392,#10395,.T.);
#8407=EDGE_CURVE('',#10358,#10394,#10396,.T.);
#8408=EDGE_CURVE('',#10397,#10398,#10399,.T.);
#8409=EDGE_CURVE('',#10364,#10397,#10400,.T.);
#8410=EDGE_CURVE('',#10398,#10363,#10401,.T.);
#8411=EDGE_CURVE('',#10374,#10394,#10402,.T.);
#8412=EDGE_CURVE('',#10376,#10392,#10403,.T.);
#8413=EDGE_CURVE('',#10378,#10390,#10404,.T.);
#8414=EDGE_CURVE('',#10380,#10388,#10405,.T.);
#8415=EDGE_CURVE('',#10363,#10406,#10407,.T.);
#8416=EDGE_CURVE('',#10406,#10408,#10409,.T.);
#8417=EDGE_CURVE('',#10410,#10408,#10411,.T.);
#8418=EDGE_CURVE('',#10398,#10410,#10412,.T.);
#8419=EDGE_CURVE('',#10317,#10397,#10413,.T.);
#8420=EDGE_CURVE('',#10353,#10410,#10414,.T.);
#8421=EDGE_CURVE('',#10408,#10415,#10416,.T.);
#8422=EDGE_CURVE('',#10415,#10369,#10417,.T.);
#8423=EDGE_CURVE('',#10418,#10415,#10419,.T.);
#8424=EDGE_CURVE('',#10418,#10371,#10420,.T.);
#8425=EDGE_CURVE('',#10406,#10418,#10421,.T.);
#8426=EDGE_CURVE('',#10366,#10084,#10422,.T.);
#8427=EDGE_CURVE('',#10329,#10344,#10423,.T.);
#8428=EDGE_CURVE('',#10350,#10324,#10424,.T.);
#8429=EDGE_CURVE('',#10348,#10332,#10425,.T.);
#8430=EDGE_CURVE('',#10081,#10426,#10427,.T.);
#8431=EDGE_CURVE('',#10428,#10426,#10429,.T.);
#8432=EDGE_CURVE('',#10428,#10430,#10431,.T.);
#8433=EDGE_CURVE('',#10430,#9777,#10432,.T.);
#8434=EDGE_CURVE('',#10430,#10433,#10434,.T.);
#8435=EDGE_CURVE('',#10433,#9779,#10435,.T.);
#8436=EDGE_CURVE('',#10436,#9785,#10437,.T.);
#8437=EDGE_CURVE('',#10436,#10438,#10439,.T.);
#8438=EDGE_CURVE('',#9787,#10438,#10440,.T.);
#8439=EDGE_CURVE('',#10433,#10441,#10442,.T.);
#8440=EDGE_CURVE('',#10441,#9781,#10443,.T.);
#8441=EDGE_CURVE('',#10441,#10444,#10445,.T.);
#8442=EDGE_CURVE('',#10444,#9783,#10446,.T.);
#8443=EDGE_CURVE('',#10444,#10436,#10447,.T.);
#8444=EDGE_CURVE('',#10448,#10436,#10449,.T.);
#8445=EDGE_CURVE('',#10450,#10444,#10451,.T.);
#8446=EDGE_CURVE('',#10450,#10448,#10452,.T.);
#8447=EDGE_CURVE('',#10453,#10454,#10455,.T.);
#8448=EDGE_CURVE('',#10448,#10453,#10456,.T.);
#8449=EDGE_CURVE('',#10457,#10450,#10458,.T.);
#8450=EDGE_CURVE('',#10459,#10457,#10460,.T.);
#8451=EDGE_CURVE('',#10428,#10459,#10461,.T.);
#8452=EDGE_CURVE('',#10428,#10462,#10463,.T.);
#8453=EDGE_CURVE('',#10464,#10462,#10465,.T.);
#8454=EDGE_CURVE('',#10454,#10464,#10466,.T.);
#8455=EDGE_CURVE('',#9520,#10467,#10468,.T.);
#8456=EDGE_CURVE('',#10469,#10467,#10470,.T.);
#8457=EDGE_CURVE('',#9522,#10469,#10471,.T.);
#8458=EDGE_CURVE('',#10472,#10473,#10474,.T.);
#8459=EDGE_CURVE('',#10475,#10473,#10476,.T.);
#8460=EDGE_CURVE('',#10475,#10454,#10477,.T.);
#8461=EDGE_CURVE('',#10478,#10464,#10479,.T.);
#8462=EDGE_CURVE('',#10480,#10478,#10481,.T.);
#8463=EDGE_CURVE('',#10480,#10472,#10482,.T.);
#8464=EDGE_CURVE('',#10469,#10483,#10484,.T.);
#8465=EDGE_CURVE('',#10483,#10485,#10486,.T.);
#8466=EDGE_CURVE('',#10485,#10487,#10488,.T.);
#8467=EDGE_CURVE('',#10487,#10489,#10490,.T.);
#8468=EDGE_CURVE('',#10489,#10491,#10492,.T.);
#8469=EDGE_CURVE('',#10491,#9517,#10493,.T.);
#8470=EDGE_CURVE('',#10491,#10494,#10495,.T.);
#8471=EDGE_CURVE('',#10494,#9518,#10496,.T.);
#8472=EDGE_CURVE('',#10497,#10494,#10498,.T.);
#8473=EDGE_CURVE('',#10499,#10497,#10500,.T.);
#8474=EDGE_CURVE('',#10501,#10499,#10502,.T.);
#8475=EDGE_CURVE('',#10503,#10501,#10504,.T.);
#8476=EDGE_CURVE('',#10467,#10503,#10505,.T.);
#8477=EDGE_CURVE('',#10506,#10507,#10508,.T.);
#8478=EDGE_CURVE('',#10473,#10506,#10509,.T.);
#8479=EDGE_CURVE('',#10507,#10472,#10510,.T.);
#8480=EDGE_CURVE('',#10483,#10503,#10511,.T.);
#8481=EDGE_CURVE('',#10485,#10501,#10512,.T.);
#8482=EDGE_CURVE('',#10487,#10499,#10513,.T.);
#8483=EDGE_CURVE('',#10489,#10497,#10514,.T.);
#8484=EDGE_CURVE('',#10472,#10515,#10516,.T.);
#8485=EDGE_CURVE('',#10515,#10517,#10518,.T.);
#8486=EDGE_CURVE('',#10519,#10517,#10520,.T.);
#8487=EDGE_CURVE('',#10507,#10519,#10521,.T.);
#8488=EDGE_CURVE('',#10426,#10506,#10522,.T.);
#8489=EDGE_CURVE('',#10462,#10519,#10523,.T.);
#8490=EDGE_CURVE('',#10517,#10524,#10525,.T.);
#8491=EDGE_CURVE('',#10524,#10478,#10526,.T.);
#8492=EDGE_CURVE('',#10527,#10524,#10528,.T.);
#8493=EDGE_CURVE('',#10527,#10480,#10529,.T.);
#8494=EDGE_CURVE('',#10515,#10527,#10530,.T.);
#8495=EDGE_CURVE('',#10475,#10079,#10531,.T.);
#8496=EDGE_CURVE('',#10438,#10453,#10532,.T.);
#8497=EDGE_CURVE('',#10459,#10433,#10533,.T.);
#8498=EDGE_CURVE('',#10457,#10441,#10534,.T.);
#8499=EDGE_CURVE('',#10076,#10535,#10536,.T.);
#8500=EDGE_CURVE('',#10537,#10535,#10538,.T.);
#8501=EDGE_CURVE('',#10537,#10539,#10540,.T.);
#8502=EDGE_CURVE('',#10539,#9793,#10541,.T.);
#8503=EDGE_CURVE('',#10539,#10542,#10543,.T.);
#8504=EDGE_CURVE('',#10542,#9795,#10544,.T.);
#8505=EDGE_CURVE('',#10545,#9801,#10546,.T.);
#8506=EDGE_CURVE('',#10545,#10547,#10548,.T.);
#8507=EDGE_CURVE('',#9803,#10547,#10549,.T.);
#8508=EDGE_CURVE('',#10542,#10550,#10551,.T.);
#8509=EDGE_CURVE('',#10550,#9797,#10552,.T.);
#8510=EDGE_CURVE('',#10550,#10553,#10554,.T.);
#8511=EDGE_CURVE('',#10553,#9799,#10555,.T.);
#8512=EDGE_CURVE('',#10553,#10545,#10556,.T.);
#8513=EDGE_CURVE('',#10557,#10545,#10558,.T.);
#8514=EDGE_CURVE('',#10559,#10553,#10560,.T.);
#8515=EDGE_CURVE('',#10559,#10557,#10561,.T.);
#8516=EDGE_CURVE('',#10562,#10563,#10564,.T.);
#8517=EDGE_CURVE('',#10557,#10562,#10565,.T.);
#8518=EDGE_CURVE('',#10566,#10559,#10567,.T.);
#8519=EDGE_CURVE('',#10568,#10566,#10569,.T.);
#8520=EDGE_CURVE('',#10537,#10568,#10570,.T.);
#8521=EDGE_CURVE('',#10537,#10571,#10572,.T.);
#8522=EDGE_CURVE('',#10573,#10571,#10574,.T.);
#8523=EDGE_CURVE('',#10563,#10573,#10575,.T.);
#8524=EDGE_CURVE('',#9512,#10576,#10577,.T.);
#8525=EDGE_CURVE('',#10578,#10576,#10579,.T.);
#8526=EDGE_CURVE('',#9514,#10578,#10580,.T.);
#8527=EDGE_CURVE('',#10581,#10582,#10583,.T.);
#8528=EDGE_CURVE('',#10584,#10582,#10585,.T.);
#8529=EDGE_CURVE('',#10584,#10563,#10586,.T.);
#8530=EDGE_CURVE('',#10587,#10573,#10588,.T.);
#8531=EDGE_CURVE('',#10589,#10587,#10590,.T.);
#8532=EDGE_CURVE('',#10589,#10581,#10591,.T.);
#8533=EDGE_CURVE('',#10578,#10592,#10593,.T.);
#8534=EDGE_CURVE('',#10592,#10594,#10595,.T.);
#8535=EDGE_CURVE('',#10594,#10596,#10597,.T.);
#8536=EDGE_CURVE('',#10596,#10598,#10599,.T.);
#8537=EDGE_CURVE('',#10598,#10600,#10601,.T.);
#8538=EDGE_CURVE('',#10600,#9509,#10602,.T.);
#8539=EDGE_CURVE('',#10600,#10603,#10604,.T.);
#8540=EDGE_CURVE('',#10603,#9510,#10605,.T.);
#8541=EDGE_CURVE('',#10606,#10603,#10607,.T.);
#8542=EDGE_CURVE('',#10608,#10606,#10609,.T.);
#8543=EDGE_CURVE('',#10610,#10608,#10611,.T.);
#8544=EDGE_CURVE('',#10612,#10610,#10613,.T.);
#8545=EDGE_CURVE('',#10576,#10612,#10614,.T.);
#8546=EDGE_CURVE('',#10615,#10616,#10617,.T.);
#8547=EDGE_CURVE('',#10582,#10615,#10618,.T.);
#8548=EDGE_CURVE('',#10616,#10581,#10619,.T.);
#8549=EDGE_CURVE('',#10592,#10612,#10620,.T.);
#8550=EDGE_CURVE('',#10594,#10610,#10621,.T.);
#8551=EDGE_CURVE('',#10596,#10608,#10622,.T.);
#8552=EDGE_CURVE('',#10598,#10606,#10623,.T.);
#8553=EDGE_CURVE('',#10581,#10624,#10625,.T.);
#8554=EDGE_CURVE('',#10624,#10626,#10627,.T.);
#8555=EDGE_CURVE('',#10628,#10626,#10629,.T.);
#8556=EDGE_CURVE('',#10616,#10628,#10630,.T.);
#8557=EDGE_CURVE('',#10535,#10615,#10631,.T.);
#8558=EDGE_CURVE('',#10571,#10628,#10632,.T.);
#8559=EDGE_CURVE('',#10626,#10633,#10634,.T.);
#8560=EDGE_CURVE('',#10633,#10587,#10635,.T.);
#8561=EDGE_CURVE('',#10636,#10633,#10637,.T.);
#8562=EDGE_CURVE('',#10636,#10589,#10638,.T.);
#8563=EDGE_CURVE('',#10624,#10636,#10639,.T.);
#8564=EDGE_CURVE('',#10584,#10074,#10640,.T.);
#8565=EDGE_CURVE('',#10547,#10562,#10641,.T.);
#8566=EDGE_CURVE('',#10568,#10542,#10642,.T.);
#8567=EDGE_CURVE('',#10566,#10550,#10643,.T.);
#8568=EDGE_CURVE('',#10071,#10644,#10645,.T.);
#8569=EDGE_CURVE('',#10646,#10644,#10647,.T.);
#8570=EDGE_CURVE('',#10646,#10648,#10649,.T.);
#8571=EDGE_CURVE('',#10648,#9809,#10650,.T.);
#8572=EDGE_CURVE('',#10648,#10651,#10652,.T.);
#8573=EDGE_CURVE('',#10651,#9811,#10653,.T.);
#8574=EDGE_CURVE('',#10654,#9817,#10655,.T.);
#8575=EDGE_CURVE('',#10654,#10656,#10657,.T.);
#8576=EDGE_CURVE('',#9819,#10656,#10658,.T.);
#8577=EDGE_CURVE('',#10651,#10659,#10660,.T.);
#8578=EDGE_CURVE('',#10659,#9813,#10661,.T.);
#8579=EDGE_CURVE('',#10659,#10662,#10663,.T.);
#8580=EDGE_CURVE('',#10662,#9815,#10664,.T.);
#8581=EDGE_CURVE('',#10662,#10654,#10665,.T.);
#8582=EDGE_CURVE('',#10666,#10654,#10667,.T.);
#8583=EDGE_CURVE('',#10668,#10662,#10669,.T.);
#8584=EDGE_CURVE('',#10668,#10666,#10670,.T.);
#8585=EDGE_CURVE('',#10671,#10672,#10673,.T.);
#8586=EDGE_CURVE('',#10666,#10671,#10674,.T.);
#8587=EDGE_CURVE('',#10675,#10668,#10676,.T.);
#8588=EDGE_CURVE('',#10677,#10675,#10678,.T.);
#8589=EDGE_CURVE('',#10646,#10677,#10679,.T.);
#8590=EDGE_CURVE('',#10646,#10680,#10681,.T.);
#8591=EDGE_CURVE('',#10682,#10680,#10683,.T.);
#8592=EDGE_CURVE('',#10672,#10682,#10684,.T.);
#8593=EDGE_CURVE('',#9504,#10685,#10686,.T.);
#8594=EDGE_CURVE('',#10687,#10685,#10688,.T.);
#8595=EDGE_CURVE('',#9506,#10687,#10689,.T.);
#8596=EDGE_CURVE('',#10690,#10691,#10692,.T.);
#8597=EDGE_CURVE('',#10693,#10691,#10694,.T.);
#8598=EDGE_CURVE('',#10693,#10672,#10695,.T.);
#8599=EDGE_CURVE('',#10696,#10682,#10697,.T.);
#8600=EDGE_CURVE('',#10698,#10696,#10699,.T.);
#8601=EDGE_CURVE('',#10698,#10690,#10700,.T.);
#8602=EDGE_CURVE('',#10687,#10701,#10702,.T.);
#8603=EDGE_CURVE('',#10701,#10703,#10704,.T.);
#8604=EDGE_CURVE('',#10703,#10705,#10706,.T.);
#8605=EDGE_CURVE('',#10705,#10707,#10708,.T.);
#8606=EDGE_CURVE('',#10707,#10709,#10710,.T.);
#8607=EDGE_CURVE('',#10709,#9501,#10711,.T.);
#8608=EDGE_CURVE('',#10709,#10712,#10713,.T.);
#8609=EDGE_CURVE('',#10712,#9502,#10714,.T.);
#8610=EDGE_CURVE('',#10715,#10712,#10716,.T.);
#8611=EDGE_CURVE('',#10717,#10715,#10718,.T.);
#8612=EDGE_CURVE('',#10719,#10717,#10720,.T.);
#8613=EDGE_CURVE('',#10721,#10719,#10722,.T.);
#8614=EDGE_CURVE('',#10685,#10721,#10723,.T.);
#8615=EDGE_CURVE('',#10724,#10725,#10726,.T.);
#8616=EDGE_CURVE('',#10691,#10724,#10727,.T.);
#8617=EDGE_CURVE('',#10725,#10690,#10728,.T.);
#8618=EDGE_CURVE('',#10701,#10721,#10729,.T.);
#8619=EDGE_CURVE('',#10703,#10719,#10730,.T.);
#8620=EDGE_CURVE('',#10705,#10717,#10731,.T.);
#8621=EDGE_CURVE('',#10707,#10715,#10732,.T.);
#8622=EDGE_CURVE('',#10690,#10733,#10734,.T.);
#8623=EDGE_CURVE('',#10733,#10735,#10736,.T.);
#8624=EDGE_CURVE('',#10737,#10735,#10738,.T.);
#8625=EDGE_CURVE('',#10725,#10737,#10739,.T.);
#8626=EDGE_CURVE('',#10644,#10724,#10740,.T.);
#8627=EDGE_CURVE('',#10680,#10737,#10741,.T.);
#8628=EDGE_CURVE('',#10735,#10742,#10743,.T.);
#8629=EDGE_CURVE('',#10742,#10696,#10744,.T.);
#8630=EDGE_CURVE('',#10745,#10742,#10746,.T.);
#8631=EDGE_CURVE('',#10745,#10698,#10747,.T.);
#8632=EDGE_CURVE('',#10733,#10745,#10748,.T.);
#8633=EDGE_CURVE('',#10693,#10069,#10749,.T.);
#8634=EDGE_CURVE('',#10656,#10671,#10750,.T.);
#8635=EDGE_CURVE('',#10677,#10651,#10751,.T.);
#8636=EDGE_CURVE('',#10675,#10659,#10752,.T.);
#8637=EDGE_CURVE('',#10066,#10753,#10754,.T.);
#8638=EDGE_CURVE('',#10755,#10753,#10756,.T.);
#8639=EDGE_CURVE('',#10755,#10757,#10758,.T.);
#8640=EDGE_CURVE('',#10757,#9825,#10759,.T.);
#8641=EDGE_CURVE('',#10757,#10760,#10761,.T.);
#8642=EDGE_CURVE('',#10760,#9827,#10762,.T.);
#8643=EDGE_CURVE('',#10763,#9833,#10764,.T.);
#8644=EDGE_CURVE('',#10763,#10765,#10766,.T.);
#8645=EDGE_CURVE('',#9835,#10765,#10767,.T.);
#8646=EDGE_CURVE('',#10760,#10768,#10769,.T.);
#8647=EDGE_CURVE('',#10768,#9829,#10770,.T.);
#8648=EDGE_CURVE('',#10768,#10771,#10772,.T.);
#8649=EDGE_CURVE('',#10771,#9831,#10773,.T.);
#8650=EDGE_CURVE('',#10771,#10763,#10774,.T.);
#8651=EDGE_CURVE('',#10775,#10763,#10776,.T.);
#8652=EDGE_CURVE('',#10777,#10771,#10778,.T.);
#8653=EDGE_CURVE('',#10777,#10775,#10779,.T.);
#8654=EDGE_CURVE('',#10780,#10781,#10782,.T.);
#8655=EDGE_CURVE('',#10775,#10780,#10783,.T.);
#8656=EDGE_CURVE('',#10784,#10777,#10785,.T.);
#8657=EDGE_CURVE('',#10786,#10784,#10787,.T.);
#8658=EDGE_CURVE('',#10755,#10786,#10788,.T.);
#8659=EDGE_CURVE('',#10755,#10789,#10790,.T.);
#8660=EDGE_CURVE('',#10791,#10789,#10792,.T.);
#8661=EDGE_CURVE('',#10781,#10791,#10793,.T.);
#8662=EDGE_CURVE('',#9496,#10794,#10795,.T.);
#8663=EDGE_CURVE('',#10796,#10794,#10797,.T.);
#8664=EDGE_CURVE('',#9498,#10796,#10798,.T.);
#8665=EDGE_CURVE('',#10799,#10800,#10801,.T.);
#8666=EDGE_CURVE('',#10802,#10800,#10803,.T.);
#8667=EDGE_CURVE('',#10802,#10781,#10804,.T.);
#8668=EDGE_CURVE('',#10805,#10791,#10806,.T.);
#8669=EDGE_CURVE('',#10807,#10805,#10808,.T.);
#8670=EDGE_CURVE('',#10807,#10799,#10809,.T.);
#8671=EDGE_CURVE('',#10796,#10810,#10811,.T.);
#8672=EDGE_CURVE('',#10810,#10812,#10813,.T.);
#8673=EDGE_CURVE('',#10812,#10814,#10815,.T.);
#8674=EDGE_CURVE('',#10814,#10816,#10817,.T.);
#8675=EDGE_CURVE('',#10816,#10818,#10819,.T.);
#8676=EDGE_CURVE('',#10818,#9493,#10820,.T.);
#8677=EDGE_CURVE('',#10818,#10821,#10822,.T.);
#8678=EDGE_CURVE('',#10821,#9494,#10823,.T.);
#8679=EDGE_CURVE('',#10824,#10821,#10825,.T.);
#8680=EDGE_CURVE('',#10826,#10824,#10827,.T.);
#8681=EDGE_CURVE('',#10828,#10826,#10829,.T.);
#8682=EDGE_CURVE('',#10830,#10828,#10831,.T.);
#8683=EDGE_CURVE('',#10794,#10830,#10832,.T.);
#8684=EDGE_CURVE('',#10833,#10834,#10835,.T.);
#8685=EDGE_CURVE('',#10800,#10833,#10836,.T.);
#8686=EDGE_CURVE('',#10834,#10799,#10837,.T.);
#8687=EDGE_CURVE('',#10810,#10830,#10838,.T.);
#8688=EDGE_CURVE('',#10812,#10828,#10839,.T.);
#8689=EDGE_CURVE('',#10814,#10826,#10840,.T.);
#8690=EDGE_CURVE('',#10816,#10824,#10841,.T.);
#8691=EDGE_CURVE('',#10799,#10842,#10843,.T.);
#8692=EDGE_CURVE('',#10842,#10844,#10845,.T.);
#8693=EDGE_CURVE('',#10846,#10844,#10847,.T.);
#8694=EDGE_CURVE('',#10834,#10846,#10848,.T.);
#8695=EDGE_CURVE('',#10753,#10833,#10849,.T.);
#8696=EDGE_CURVE('',#10789,#10846,#10850,.T.);
#8697=EDGE_CURVE('',#10844,#10851,#10852,.T.);
#8698=EDGE_CURVE('',#10851,#10805,#10853,.T.);
#8699=EDGE_CURVE('',#10854,#10851,#10855,.T.);
#8700=EDGE_CURVE('',#10854,#10807,#10856,.T.);
#8701=EDGE_CURVE('',#10842,#10854,#10857,.T.);
#8702=EDGE_CURVE('',#10802,#10064,#10858,.T.);
#8703=EDGE_CURVE('',#10765,#10780,#10859,.T.);
#8704=EDGE_CURVE('',#10786,#10760,#10860,.T.);
#8705=EDGE_CURVE('',#10784,#10768,#10861,.T.);
#8706=EDGE_CURVE('',#9992,#10862,#10863,.T.);
#8707=EDGE_CURVE('',#9968,#10862,#10864,.T.);
#8708=EDGE_CURVE('',#10862,#9945,#10865,.T.);
#8709=EDGE_CURVE('',#10862,#9986,#10866,.T.);
#8710=EDGE_CURVE('',#9679,#9723,#10867,.T.);
#8711=EDGE_CURVE('',#9681,#9721,#10868,.T.);
#8712=EDGE_CURVE('',#9721,#10869,#10870,.T.);
#8713=EDGE_CURVE('',#9683,#10869,#10871,.T.);
#8714=EDGE_CURVE('',#10869,#9710,#10872,.T.);
#8715=EDGE_CURVE('',#9710,#9931,#10873,.T.);
#8716=EDGE_CURVE('',#10869,#9933,#10874,.T.);
#8717=EDGE_CURVE('',#9562,#10875,#10876,.T.);
#8718=EDGE_CURVE('',#10877,#9928,#10878,.T.);
#8719=EDGE_CURVE('',#10879,#10877,#10880,.T.);
#8720=EDGE_CURVE('',#10879,#10881,#10882,.T.);
#8721=EDGE_CURVE('',#10875,#10881,#10883,.T.);
#8722=EDGE_CURVE('',#9477,#10884,#10885,.T.);
#8723=EDGE_CURVE('',#10884,#10886,#10887,.T.);
#8724=EDGE_CURVE('',#9478,#10886,#10888,.T.);
#8725=EDGE_CURVE('',#10889,#10890,#10891,.T.);
#8726=EDGE_CURVE('',#10892,#10889,#10893,.T.);
#8727=EDGE_CURVE('',#10892,#10894,#10895,.T.);
#8728=EDGE_CURVE('',#10894,#10896,#10897,.T.);
#8729=EDGE_CURVE('',#10875,#10896,#10898,.T.);
#8730=EDGE_CURVE('',#10881,#10890,#10899,.T.);
#8731=EDGE_CURVE('',#10886,#10900,#10901,.T.);
#8732=EDGE_CURVE('',#10900,#10902,#10903,.T.);
#8733=EDGE_CURVE('',#10902,#10904,#10905,.T.);
#8734=EDGE_CURVE('',#10904,#10906,#10907,.T.);
#8735=EDGE_CURVE('',#10906,#10908,#10909,.T.);
#8736=EDGE_CURVE('',#10908,#9480,#10910,.T.);
#8737=EDGE_CURVE('',#10911,#10908,#10912,.T.);
#8738=EDGE_CURVE('',#10911,#9482,#10913,.T.);
#8739=EDGE_CURVE('',#10914,#10911,#10915,.T.);
#8740=EDGE_CURVE('',#10916,#10914,#10917,.T.);
#8741=EDGE_CURVE('',#10918,#10916,#10919,.T.);
#8742=EDGE_CURVE('',#10920,#10918,#10921,.T.);
#8743=EDGE_CURVE('',#10884,#10920,#10922,.T.);
#8744=EDGE_CURVE('',#10923,#10924,#10925,.T.);
#8745=EDGE_CURVE('',#10896,#10923,#10926,.T.);
#8746=EDGE_CURVE('',#10924,#10894,#10927,.T.);
#8747=EDGE_CURVE('',#10920,#10900,#10928,.T.);
#8748=EDGE_CURVE('',#10918,#10902,#10929,.T.);
#8749=EDGE_CURVE('',#10916,#10904,#10930,.T.);
#8750=EDGE_CURVE('',#10914,#10906,#10931,.T.);
#8751=EDGE_CURVE('',#10932,#10933,#10934,.T.);
#8752=EDGE_CURVE('',#10935,#10933,#10936,.T.);
#8753=EDGE_CURVE('',#10924,#10935,#10937,.T.);
#8754=EDGE_CURVE('',#10894,#10932,#10938,.T.);
#8755=EDGE_CURVE('',#10939,#10892,#10940,.T.);
#8756=EDGE_CURVE('',#10932,#10939,#10941,.T.);
#8757=EDGE_CURVE('',#10939,#10942,#10943,.T.);
#8758=EDGE_CURVE('',#10933,#10942,#10944,.T.);
#8759=EDGE_CURVE('',#10942,#10889,#10945,.T.);
#8760=EDGE_CURVE('',#10890,#10946,#10947,.T.);
#8761=EDGE_CURVE('',#10935,#10946,#10948,.T.);
#8762=EDGE_CURVE('',#10949,#10946,#10950,.T.);
#8763=EDGE_CURVE('',#10949,#10951,#10952,.T.);
#8764=EDGE_CURVE('',#10923,#10951,#10953,.T.);
#8765=EDGE_CURVE('',#10951,#9564,#10954,.T.);
#8766=EDGE_CURVE('',#10955,#10949,#10956,.T.);
#8767=EDGE_CURVE('',#10955,#10957,#10958,.T.);
#8768=EDGE_CURVE('',#10957,#10959,#10960,.T.);
#8769=EDGE_CURVE('',#10959,#9918,#10961,.T.);
#8770=EDGE_CURVE('',#10959,#9920,#10962,.T.);
#8771=EDGE_CURVE('',#10963,#9926,#10964,.T.);
#8772=EDGE_CURVE('',#10877,#10963,#10965,.T.);
#8773=EDGE_CURVE('',#10957,#9922,#10966,.T.);
#8774=EDGE_CURVE('',#10967,#10957,#10968,.T.);
#8775=EDGE_CURVE('',#10967,#9924,#10969,.T.);
#8776=EDGE_CURVE('',#10963,#10967,#10970,.T.);
#8777=EDGE_CURVE('',#10971,#10963,#10972,.T.);
#8778=EDGE_CURVE('',#10973,#10967,#10974,.T.);
#8779=EDGE_CURVE('',#10971,#10973,#10975,.T.);
#8780=EDGE_CURVE('',#10879,#10971,#10976,.T.);
#8781=EDGE_CURVE('',#10973,#10955,#10977,.T.);
#8782=EDGE_CURVE('',#9570,#10978,#10979,.T.);
#8783=EDGE_CURVE('',#10980,#9915,#10981,.T.);
#8784=EDGE_CURVE('',#10982,#10980,#10983,.T.);
#8785=EDGE_CURVE('',#10982,#10984,#10985,.T.);
#8786=EDGE_CURVE('',#10978,#10984,#10986,.T.);
#8787=EDGE_CURVE('',#9469,#10987,#10988,.T.);
#8788=EDGE_CURVE('',#10987,#10989,#10990,.T.);
#8789=EDGE_CURVE('',#9470,#10989,#10991,.T.);
#8790=EDGE_CURVE('',#10992,#10993,#10994,.T.);
#8791=EDGE_CURVE('',#10995,#10992,#10996,.T.);
#8792=EDGE_CURVE('',#10995,#10997,#10998,.T.);
#8793=EDGE_CURVE('',#10997,#10999,#11000,.T.);
#8794=EDGE_CURVE('',#10978,#10999,#11001,.T.);
#8795=EDGE_CURVE('',#10984,#10993,#11002,.T.);
#8796=EDGE_CURVE('',#10989,#11003,#11004,.T.);
#8797=EDGE_CURVE('',#11003,#11005,#11006,.T.);
#8798=EDGE_CURVE('',#11005,#11007,#11008,.T.);
#8799=EDGE_CURVE('',#11007,#11009,#11010,.T.);
#8800=EDGE_CURVE('',#11009,#11011,#11012,.T.);
#8801=EDGE_CURVE('',#11011,#9472,#11013,.T.);
#8802=EDGE_CURVE('',#11014,#11011,#11015,.T.);
#8803=EDGE_CURVE('',#11014,#9474,#11016,.T.);
#8804=EDGE_CURVE('',#11017,#11014,#11018,.T.);
#8805=EDGE_CURVE('',#11019,#11017,#11020,.T.);
#8806=EDGE_CURVE('',#11021,#11019,#11022,.T.);
#8807=EDGE_CURVE('',#11023,#11021,#11024,.T.);
#8808=EDGE_CURVE('',#10987,#11023,#11025,.T.);
#8809=EDGE_CURVE('',#11026,#11027,#11028,.T.);
#8810=EDGE_CURVE('',#10999,#11026,#11029,.T.);
#8811=EDGE_CURVE('',#11027,#10997,#11030,.T.);
#8812=EDGE_CURVE('',#11023,#11003,#11031,.T.);
#8813=EDGE_CURVE('',#11021,#11005,#11032,.T.);
#8814=EDGE_CURVE('',#11019,#11007,#11033,.T.);
#8815=EDGE_CURVE('',#11017,#11009,#11034,.T.);
#8816=EDGE_CURVE('',#11035,#11036,#11037,.T.);
#8817=EDGE_CURVE('',#11038,#11036,#11039,.T.);
#8818=EDGE_CURVE('',#11027,#11038,#11040,.T.);
#8819=EDGE_CURVE('',#10997,#11035,#11041,.T.);
#8820=EDGE_CURVE('',#11042,#10995,#11043,.T.);
#8821=EDGE_CURVE('',#11035,#11042,#11044,.T.);
#8822=EDGE_CURVE('',#11042,#11045,#11046,.T.);
#8823=EDGE_CURVE('',#11036,#11045,#11047,.T.);
#8824=EDGE_CURVE('',#11045,#10992,#11048,.T.);
#8825=EDGE_CURVE('',#10993,#11049,#11050,.T.);
#8826=EDGE_CURVE('',#11038,#11049,#11051,.T.);
#8827=EDGE_CURVE('',#11052,#11049,#11053,.T.);
#8828=EDGE_CURVE('',#11052,#11054,#11055,.T.);
#8829=EDGE_CURVE('',#11026,#11054,#11056,.T.);
#8830=EDGE_CURVE('',#11054,#9572,#11057,.T.);
#8831=EDGE_CURVE('',#11058,#11052,#11059,.T.);
#8832=EDGE_CURVE('',#11058,#11060,#11061,.T.);
#8833=EDGE_CURVE('',#11060,#11062,#11063,.T.);
#8834=EDGE_CURVE('',#11062,#9905,#11064,.T.);
#8835=EDGE_CURVE('',#11062,#9907,#11065,.T.);
#8836=EDGE_CURVE('',#11066,#9913,#11067,.T.);
#8837=EDGE_CURVE('',#10980,#11066,#11068,.T.);
#8838=EDGE_CURVE('',#11060,#9909,#11069,.T.);
#8839=EDGE_CURVE('',#11070,#11060,#11071,.T.);
#8840=EDGE_CURVE('',#11070,#9911,#11072,.T.);
#8841=EDGE_CURVE('',#11066,#11070,#11073,.T.);
#8842=EDGE_CURVE('',#11074,#11066,#11075,.T.);
#8843=EDGE_CURVE('',#11076,#11070,#11077,.T.);
#8844=EDGE_CURVE('',#11074,#11076,#11078,.T.);
#8845=EDGE_CURVE('',#10982,#11074,#11079,.T.);
#8846=EDGE_CURVE('',#11076,#11058,#11080,.T.);
#8847=EDGE_CURVE('',#11081,#11082,#11083,.T.);
#8848=EDGE_CURVE('',#11084,#11082,#11085,.T.);
#8849=EDGE_CURVE('',#9578,#11084,#11086,.T.);
#8850=EDGE_CURVE('',#11087,#9902,#11088,.T.);
#8851=EDGE_CURVE('',#11081,#11087,#11089,.T.);
#8852=EDGE_CURVE('',#11087,#11090,#11091,.T.);
#8853=EDGE_CURVE('',#11092,#11090,#11093,.T.);
#8854=EDGE_CURVE('',#11081,#11092,#11094,.T.);
#8855=EDGE_CURVE('',#11092,#11095,#11096,.T.);
#8856=EDGE_CURVE('',#11095,#11097,#11098,.T.);
#8857=EDGE_CURVE('',#11097,#11099,#11100,.T.);
#8858=EDGE_CURVE('',#11099,#11101,#11102,.T.);
#8859=EDGE_CURVE('',#11103,#11101,#11104,.T.);
#8860=EDGE_CURVE('',#11082,#11103,#11105,.T.);
#8861=EDGE_CURVE('',#9461,#11106,#11107,.T.);
#8862=EDGE_CURVE('',#11106,#11108,#11109,.T.);
#8863=EDGE_CURVE('',#9462,#11108,#11110,.T.);
#8864=EDGE_CURVE('',#11111,#11112,#11113,.T.);
#8865=EDGE_CURVE('',#11084,#11112,#11114,.T.);
#8866=EDGE_CURVE('',#11115,#11103,#11116,.T.);
#8867=EDGE_CURVE('',#11117,#11115,#11118,.T.);
#8868=EDGE_CURVE('',#11117,#11111,#11119,.T.);
#8869=EDGE_CURVE('',#11108,#11120,#11121,.T.);
#8870=EDGE_CURVE('',#11120,#11122,#11123,.T.);
#8871=EDGE_CURVE('',#11122,#11124,#11125,.T.);
#8872=EDGE_CURVE('',#11124,#11126,#11127,.T.);
#8873=EDGE_CURVE('',#11126,#11128,#11129,.T.);
#8874=EDGE_CURVE('',#11128,#9464,#11130,.T.);
#8875=EDGE_CURVE('',#11131,#11128,#11132,.T.);
#8876=EDGE_CURVE('',#11131,#9466,#11133,.T.);
#8877=EDGE_CURVE('',#11134,#11131,#11135,.T.);
#8878=EDGE_CURVE('',#11136,#11134,#11137,.T.);
#8879=EDGE_CURVE('',#11138,#11136,#11139,.T.);
#8880=EDGE_CURVE('',#11140,#11138,#11141,.T.);
#8881=EDGE_CURVE('',#11106,#11140,#11142,.T.);
#8882=EDGE_CURVE('',#11143,#11144,#11145,.T.);
#8883=EDGE_CURVE('',#11112,#11143,#11146,.T.);
#8884=EDGE_CURVE('',#11111,#11144,#11147,.T.);
#8885=EDGE_CURVE('',#11140,#11120,#11148,.T.);
#8886=EDGE_CURVE('',#11138,#11122,#11149,.T.);
#8887=EDGE_CURVE('',#11136,#11124,#11150,.T.);
#8888=EDGE_CURVE('',#11134,#11126,#11151,.T.);
#8889=EDGE_CURVE('',#11111,#11152,#11153,.T.);
#8890=EDGE_CURVE('',#11152,#11154,#11155,.T.);
#8891=EDGE_CURVE('',#11156,#11154,#11157,.T.);
#8892=EDGE_CURVE('',#11144,#11156,#11158,.T.);
#8893=EDGE_CURVE('',#11099,#11159,#11160,.T.);
#8894=EDGE_CURVE('',#11143,#11159,#11161,.T.);
#8895=EDGE_CURVE('',#11101,#11156,#11162,.T.);
#8896=EDGE_CURVE('',#11154,#11163,#11164,.T.);
#8897=EDGE_CURVE('',#11163,#11115,#11165,.T.);
#8898=EDGE_CURVE('',#11166,#11163,#11167,.T.);
#8899=EDGE_CURVE('',#11166,#11117,#11168,.T.);
#8900=EDGE_CURVE('',#11152,#11166,#11169,.T.);
#8901=EDGE_CURVE('',#11159,#9580,#11170,.T.);
#8902=EDGE_CURVE('',#11097,#11171,#11172,.T.);
#8903=EDGE_CURVE('',#11171,#11173,#11174,.T.);
#8904=EDGE_CURVE('',#11173,#9892,#11175,.T.);
#8905=EDGE_CURVE('',#11173,#9894,#11176,.T.);
#8906=EDGE_CURVE('',#11090,#9900,#11177,.T.);
#8907=EDGE_CURVE('',#11171,#9896,#11178,.T.);
#8908=EDGE_CURVE('',#11179,#11171,#11180,.T.);
#8909=EDGE_CURVE('',#11179,#9898,#11181,.T.);
#8910=EDGE_CURVE('',#11090,#11179,#11182,.T.);
#8911=EDGE_CURVE('',#11095,#11179,#11183,.T.);
#8912=EDGE_CURVE('',#11184,#11185,#11186,.T.);
#8913=EDGE_CURVE('',#11187,#11185,#11188,.T.);
#8914=EDGE_CURVE('',#9586,#11187,#11189,.T.);
#8915=EDGE_CURVE('',#11190,#9889,#11191,.T.);
#8916=EDGE_CURVE('',#11184,#11190,#11192,.T.);
#8917=EDGE_CURVE('',#11190,#11193,#11194,.T.);
#8918=EDGE_CURVE('',#11195,#11193,#11196,.T.);
#8919=EDGE_CURVE('',#11184,#11195,#11197,.T.);
#8920=EDGE_CURVE('',#11195,#11198,#11199,.T.);
#8921=EDGE_CURVE('',#11198,#11200,#11201,.T.);
#8922=EDGE_CURVE('',#11200,#11202,#11203,.T.);
#8923=EDGE_CURVE('',#11202,#11204,#11205,.T.);
#8924=EDGE_CURVE('',#11206,#11204,#11207,.T.);
#8925=EDGE_CURVE('',#11185,#11206,#11208,.T.);
#8926=EDGE_CURVE('',#9453,#11209,#11210,.T.);
#8927=EDGE_CURVE('',#11209,#11211,#11212,.T.);
#8928=EDGE_CURVE('',#9454,#11211,#11213,.T.);
#8929=EDGE_CURVE('',#11214,#11215,#11216,.T.);
#8930=EDGE_CURVE('',#11187,#11215,#11217,.T.);
#8931=EDGE_CURVE('',#11218,#11206,#11219,.T.);
#8932=EDGE_CURVE('',#11220,#11218,#11221,.T.);
#8933=EDGE_CURVE('',#11220,#11214,#11222,.T.);
#8934=EDGE_CURVE('',#11211,#11223,#11224,.T.);
#8935=EDGE_CURVE('',#11223,#11225,#11226,.T.);
#8936=EDGE_CURVE('',#11225,#11227,#11228,.T.);
#8937=EDGE_CURVE('',#11227,#11229,#11230,.T.);
#8938=EDGE_CURVE('',#11229,#11231,#11232,.T.);
#8939=EDGE_CURVE('',#11231,#9456,#11233,.T.);
#8940=EDGE_CURVE('',#11234,#11231,#11235,.T.);
#8941=EDGE_CURVE('',#11234,#9458,#11236,.T.);
#8942=EDGE_CURVE('',#11237,#11234,#11238,.T.);
#8943=EDGE_CURVE('',#11239,#11237,#11240,.T.);
#8944=EDGE_CURVE('',#11241,#11239,#11242,.T.);
#8945=EDGE_CURVE('',#11243,#11241,#11244,.T.);
#8946=EDGE_CURVE('',#11209,#11243,#11245,.T.);
#8947=EDGE_CURVE('',#11246,#11247,#11248,.T.);
#8948=EDGE_CURVE('',#11215,#11246,#11249,.T.);
#8949=EDGE_CURVE('',#11214,#11247,#11250,.T.);
#8950=EDGE_CURVE('',#11243,#11223,#11251,.T.);
#8951=EDGE_CURVE('',#11241,#11225,#11252,.T.);
#8952=EDGE_CURVE('',#11239,#11227,#11253,.T.);
#8953=EDGE_CURVE('',#11237,#11229,#11254,.T.);
#8954=EDGE_CURVE('',#11214,#11255,#11256,.T.);
#8955=EDGE_CURVE('',#11255,#11257,#11258,.T.);
#8956=EDGE_CURVE('',#11259,#11257,#11260,.T.);
#8957=EDGE_CURVE('',#11247,#11259,#11261,.T.);
#8958=EDGE_CURVE('',#11202,#11262,#11263,.T.);
#8959=EDGE_CURVE('',#11246,#11262,#11264,.T.);
#8960=EDGE_CURVE('',#11204,#11259,#11265,.T.);
#8961=EDGE_CURVE('',#11257,#11266,#11267,.T.);
#8962=EDGE_CURVE('',#11266,#11218,#11268,.T.);
#8963=EDGE_CURVE('',#11269,#11266,#11270,.T.);
#8964=EDGE_CURVE('',#11269,#11220,#11271,.T.);
#8965=EDGE_CURVE('',#11255,#11269,#11272,.T.);
#8966=EDGE_CURVE('',#11262,#9588,#11273,.T.);
#8967=EDGE_CURVE('',#11200,#11274,#11275,.T.);
#8968=EDGE_CURVE('',#11274,#11276,#11277,.T.);
#8969=EDGE_CURVE('',#11276,#9879,#11278,.T.);
#8970=EDGE_CURVE('',#11276,#9881,#11279,.T.);
#8971=EDGE_CURVE('',#11193,#9887,#11280,.T.);
#8972=EDGE_CURVE('',#11274,#9883,#11281,.T.);
#8973=EDGE_CURVE('',#11282,#11274,#11283,.T.);
#8974=EDGE_CURVE('',#11282,#9885,#11284,.T.);
#8975=EDGE_CURVE('',#11193,#11282,#11285,.T.);
#8976=EDGE_CURVE('',#11198,#11282,#11286,.T.);
#8977=EDGE_CURVE('',#11287,#11288,#11289,.T.);
#8978=EDGE_CURVE('',#11290,#11288,#11291,.T.);
#8979=EDGE_CURVE('',#9594,#11290,#11292,.T.);
#8980=EDGE_CURVE('',#11293,#9876,#11294,.T.);
#8981=EDGE_CURVE('',#11287,#11293,#11295,.T.);
#8982=EDGE_CURVE('',#11293,#11296,#11297,.T.);
#8983=EDGE_CURVE('',#11298,#11296,#11299,.T.);
#8984=EDGE_CURVE('',#11287,#11298,#11300,.T.);
#8985=EDGE_CURVE('',#11298,#11301,#11302,.T.);
#8986=EDGE_CURVE('',#11301,#11303,#11304,.T.);
#8987=EDGE_CURVE('',#11303,#11305,#11306,.T.);
#8988=EDGE_CURVE('',#11305,#11307,#11308,.T.);
#8989=EDGE_CURVE('',#11309,#11307,#11310,.T.);
#8990=EDGE_CURVE('',#11288,#11309,#11311,.T.);
#8991=EDGE_CURVE('',#9445,#11312,#11313,.T.);
#8992=EDGE_CURVE('',#11312,#11314,#11315,.T.);
#8993=EDGE_CURVE('',#9446,#11314,#11316,.T.);
#8994=EDGE_CURVE('',#11317,#11318,#11319,.T.);
#8995=EDGE_CURVE('',#11290,#11318,#11320,.T.);
#8996=EDGE_CURVE('',#11321,#11309,#11322,.T.);
#8997=EDGE_CURVE('',#11323,#11321,#11324,.T.);
#8998=EDGE_CURVE('',#11323,#11317,#11325,.T.);
#8999=EDGE_CURVE('',#11314,#11326,#11327,.T.);
#9000=EDGE_CURVE('',#11326,#11328,#11329,.T.);
#9001=EDGE_CURVE('',#11328,#11330,#11331,.T.);
#9002=EDGE_CURVE('',#11330,#11332,#11333,.T.);
#9003=EDGE_CURVE('',#11332,#11334,#11335,.T.);
#9004=EDGE_CURVE('',#11334,#9448,#11336,.T.);
#9005=EDGE_CURVE('',#11337,#11334,#11338,.T.);
#9006=EDGE_CURVE('',#11337,#9450,#11339,.T.);
#9007=EDGE_CURVE('',#11340,#11337,#11341,.T.);
#9008=EDGE_CURVE('',#11342,#11340,#11343,.T.);
#9009=EDGE_CURVE('',#11344,#11342,#11345,.T.);
#9010=EDGE_CURVE('',#11346,#11344,#11347,.T.);
#9011=EDGE_CURVE('',#11312,#11346,#11348,.T.);
#9012=EDGE_CURVE('',#11349,#11350,#11351,.T.);
#9013=EDGE_CURVE('',#11318,#11349,#11352,.T.);
#9014=EDGE_CURVE('',#11317,#11350,#11353,.T.);
#9015=EDGE_CURVE('',#11346,#11326,#11354,.T.);
#9016=EDGE_CURVE('',#11344,#11328,#11355,.T.);
#9017=EDGE_CURVE('',#11342,#11330,#11356,.T.);
#9018=EDGE_CURVE('',#11340,#11332,#11357,.T.);
#9019=EDGE_CURVE('',#11317,#11358,#11359,.T.);
#9020=EDGE_CURVE('',#11358,#11360,#11361,.T.);
#9021=EDGE_CURVE('',#11362,#11360,#11363,.T.);
#9022=EDGE_CURVE('',#11350,#11362,#11364,.T.);
#9023=EDGE_CURVE('',#11305,#11365,#11366,.T.);
#9024=EDGE_CURVE('',#11349,#11365,#11367,.T.);
#9025=EDGE_CURVE('',#11307,#11362,#11368,.T.);
#9026=EDGE_CURVE('',#11360,#11369,#11370,.T.);
#9027=EDGE_CURVE('',#11369,#11321,#11371,.T.);
#9028=EDGE_CURVE('',#11372,#11369,#11373,.T.);
#9029=EDGE_CURVE('',#11372,#11323,#11374,.T.);
#9030=EDGE_CURVE('',#11358,#11372,#11375,.T.);
#9031=EDGE_CURVE('',#11365,#9596,#11376,.T.);
#9032=EDGE_CURVE('',#11303,#11377,#11378,.T.);
#9033=EDGE_CURVE('',#11377,#11379,#11380,.T.);
#9034=EDGE_CURVE('',#11379,#9866,#11381,.T.);
#9035=EDGE_CURVE('',#11379,#9868,#11382,.T.);
#9036=EDGE_CURVE('',#11296,#9874,#11383,.T.);
#9037=EDGE_CURVE('',#11377,#9870,#11384,.T.);
#9038=EDGE_CURVE('',#11385,#11377,#11386,.T.);
#9039=EDGE_CURVE('',#11385,#9872,#11387,.T.);
#9040=EDGE_CURVE('',#11296,#11385,#11388,.T.);
#9041=EDGE_CURVE('',#11301,#11385,#11389,.T.);
#9042=EDGE_CURVE('',#11390,#11391,#11392,.T.);
#9043=EDGE_CURVE('',#11393,#11391,#11394,.T.);
#9044=EDGE_CURVE('',#9602,#11393,#11395,.T.);
#9045=EDGE_CURVE('',#11396,#9863,#11397,.T.);
#9046=EDGE_CURVE('',#11390,#11396,#11398,.T.);
#9047=EDGE_CURVE('',#11396,#11399,#11400,.T.);
#9048=EDGE_CURVE('',#11401,#11399,#11402,.T.);
#9049=EDGE_CURVE('',#11390,#11401,#11403,.T.);
#9050=EDGE_CURVE('',#11401,#11404,#11405,.T.);
#9051=EDGE_CURVE('',#11404,#11406,#11407,.T.);
#9052=EDGE_CURVE('',#11406,#11408,#11409,.T.);
#9053=EDGE_CURVE('',#11408,#11410,#11411,.T.);
#9054=EDGE_CURVE('',#11412,#11410,#11413,.T.);
#9055=EDGE_CURVE('',#11391,#11412,#11414,.T.);
#9056=EDGE_CURVE('',#9437,#11415,#11416,.T.);
#9057=EDGE_CURVE('',#11415,#11417,#11418,.T.);
#9058=EDGE_CURVE('',#9438,#11417,#11419,.T.);
#9059=EDGE_CURVE('',#11420,#11421,#11422,.T.);
#9060=EDGE_CURVE('',#11393,#11421,#11423,.T.);
#9061=EDGE_CURVE('',#11424,#11412,#11425,.T.);
#9062=EDGE_CURVE('',#11426,#11424,#11427,.T.);
#9063=EDGE_CURVE('',#11426,#11420,#11428,.T.);
#9064=EDGE_CURVE('',#11417,#11429,#11430,.T.);
#9065=EDGE_CURVE('',#11429,#11431,#11432,.T.);
#9066=EDGE_CURVE('',#11431,#11433,#11434,.T.);
#9067=EDGE_CURVE('',#11433,#11435,#11436,.T.);
#9068=EDGE_CURVE('',#11435,#11437,#11438,.T.);
#9069=EDGE_CURVE('',#11437,#9440,#11439,.T.);
#9070=EDGE_CURVE('',#11440,#11437,#11441,.T.);
#9071=EDGE_CURVE('',#11440,#9442,#11442,.T.);
#9072=EDGE_CURVE('',#11443,#11440,#11444,.T.);
#9073=EDGE_CURVE('',#11445,#11443,#11446,.T.);
#9074=EDGE_CURVE('',#11447,#11445,#11448,.T.);
#9075=EDGE_CURVE('',#11449,#11447,#11450,.T.);
#9076=EDGE_CURVE('',#11415,#11449,#11451,.T.);
#9077=EDGE_CURVE('',#11452,#11453,#11454,.T.);
#9078=EDGE_CURVE('',#11421,#11452,#11455,.T.);
#9079=EDGE_CURVE('',#11420,#11453,#11456,.T.);
#9080=EDGE_CURVE('',#11449,#11429,#11457,.T.);
#9081=EDGE_CURVE('',#11447,#11431,#11458,.T.);
#9082=EDGE_CURVE('',#11445,#11433,#11459,.T.);
#9083=EDGE_CURVE('',#11443,#11435,#11460,.T.);
#9084=EDGE_CURVE('',#11420,#11461,#11462,.T.);
#9085=EDGE_CURVE('',#11461,#11463,#11464,.T.);
#9086=EDGE_CURVE('',#11465,#11463,#11466,.T.);
#9087=EDGE_CURVE('',#11453,#11465,#11467,.T.);
#9088=EDGE_CURVE('',#11408,#11468,#11469,.T.);
#9089=EDGE_CURVE('',#11452,#11468,#11470,.T.);
#9090=EDGE_CURVE('',#11410,#11465,#11471,.T.);
#9091=EDGE_CURVE('',#11463,#11472,#11473,.T.);
#9092=EDGE_CURVE('',#11472,#11424,#11474,.T.);
#9093=EDGE_CURVE('',#11475,#11472,#11476,.T.);
#9094=EDGE_CURVE('',#11475,#11426,#11477,.T.);
#9095=EDGE_CURVE('',#11461,#11475,#11478,.T.);
#9096=EDGE_CURVE('',#11468,#9604,#11479,.T.);
#9097=EDGE_CURVE('',#11406,#11480,#11481,.T.);
#9098=EDGE_CURVE('',#11480,#11482,#11483,.T.);
#9099=EDGE_CURVE('',#11482,#9853,#11484,.T.);
#9100=EDGE_CURVE('',#11482,#9855,#11485,.T.);
#9101=EDGE_CURVE('',#11399,#9861,#11486,.T.);
#9102=EDGE_CURVE('',#11480,#9857,#11487,.T.);
#9103=EDGE_CURVE('',#11488,#11480,#11489,.T.);
#9104=EDGE_CURVE('',#11488,#9859,#11490,.T.);
#9105=EDGE_CURVE('',#11399,#11488,#11491,.T.);
#9106=EDGE_CURVE('',#11404,#11488,#11492,.T.);
#9107=EDGE_CURVE('',#9610,#11493,#11494,.T.);
#9108=EDGE_CURVE('',#11495,#9850,#11496,.T.);
#9109=EDGE_CURVE('',#11497,#11495,#11498,.T.);
#9110=EDGE_CURVE('',#11497,#11499,#11500,.T.);
#9111=EDGE_CURVE('',#11493,#11499,#11501,.T.);
#9112=EDGE_CURVE('',#9429,#11502,#11503,.T.);
#9113=EDGE_CURVE('',#11502,#11504,#11505,.T.);
#9114=EDGE_CURVE('',#9430,#11504,#11506,.T.);
#9115=EDGE_CURVE('',#11507,#11508,#11509,.T.);
#9116=EDGE_CURVE('',#11493,#11508,#11510,.T.);
#9117=EDGE_CURVE('',#11499,#11511,#11512,.T.);
#9118=EDGE_CURVE('',#11513,#11511,#11514,.T.);
#9119=EDGE_CURVE('',#11515,#11513,#11516,.T.);
#9120=EDGE_CURVE('',#11515,#11507,#11517,.T.);
#9121=EDGE_CURVE('',#11504,#11518,#11519,.T.);
#9122=EDGE_CURVE('',#11518,#11520,#11521,.T.);
#9123=EDGE_CURVE('',#11520,#11522,#11523,.T.);
#9124=EDGE_CURVE('',#11522,#11524,#11525,.T.);
#9125=EDGE_CURVE('',#11524,#11526,#11527,.T.);
#9126=EDGE_CURVE('',#11526,#9432,#11528,.T.);
#9127=EDGE_CURVE('',#11529,#11526,#11530,.T.);
#9128=EDGE_CURVE('',#11529,#9434,#11531,.T.);
#9129=EDGE_CURVE('',#11532,#11529,#11533,.T.);
#9130=EDGE_CURVE('',#11534,#11532,#11535,.T.);
#9131=EDGE_CURVE('',#11536,#11534,#11537,.T.);
#9132=EDGE_CURVE('',#11538,#11536,#11539,.T.);
#9133=EDGE_CURVE('',#11502,#11538,#11540,.T.);
#9134=EDGE_CURVE('',#11541,#11542,#11543,.T.);
#9135=EDGE_CURVE('',#11508,#11541,#11544,.T.);
#9136=EDGE_CURVE('',#11507,#11542,#11545,.T.);
#9137=EDGE_CURVE('',#11538,#11518,#11546,.T.);
#9138=EDGE_CURVE('',#11536,#11520,#11547,.T.);
#9139=EDGE_CURVE('',#11534,#11522,#11548,.T.);
#9140=EDGE_CURVE('',#11532,#11524,#11549,.T.);
#9141=EDGE_CURVE('',#11507,#11550,#11551,.T.);
#9142=EDGE_CURVE('',#11550,#11552,#11553,.T.);
#9143=EDGE_CURVE('',#11554,#11552,#11555,.T.);
#9144=EDGE_CURVE('',#11542,#11554,#11556,.T.);
#9145=EDGE_CURVE('',#11557,#11558,#11559,.T.);
#9146=EDGE_CURVE('',#11557,#11560,#11561,.T.);
#9147=EDGE_CURVE('',#11541,#11560,#11562,.T.);
#9148=EDGE_CURVE('',#11558,#11554,#11563,.T.);
#9149=EDGE_CURVE('',#11552,#11564,#11565,.T.);
#9150=EDGE_CURVE('',#11564,#11513,#11566,.T.);
#9151=EDGE_CURVE('',#11511,#11558,#11567,.T.);
#9152=EDGE_CURVE('',#11497,#11568,#11569,.T.);
#9153=EDGE_CURVE('',#11568,#11570,#11571,.T.);
#9154=EDGE_CURVE('',#11570,#11572,#11573,.T.);
#9155=EDGE_CURVE('',#11572,#11557,#11574,.T.);
#9156=EDGE_CURVE('',#11572,#11575,#11576,.T.);
#9157=EDGE_CURVE('',#11575,#11577,#11578,.T.);
#9158=EDGE_CURVE('',#11577,#9840,#11579,.T.);
#9159=EDGE_CURVE('',#11560,#9612,#11580,.T.);
#9160=EDGE_CURVE('',#11577,#9842,#11581,.T.);
#9161=EDGE_CURVE('',#11582,#9848,#11583,.T.);
#9162=EDGE_CURVE('',#11495,#11582,#11584,.T.);
#9163=EDGE_CURVE('',#11575,#9844,#11585,.T.);
#9164=EDGE_CURVE('',#11586,#11575,#11587,.T.);
#9165=EDGE_CURVE('',#11586,#9846,#11588,.T.);
#9166=EDGE_CURVE('',#11582,#11586,#11589,.T.);
#9167=EDGE_CURVE('',#11568,#11582,#11590,.T.);
#9168=EDGE_CURVE('',#11570,#11586,#11591,.T.);
#9169=EDGE_CURVE('',#11592,#11564,#11593,.T.);
#9170=EDGE_CURVE('',#11592,#11515,#11594,.T.);
#9171=EDGE_CURVE('',#11550,#11592,#11595,.T.);
#9172=DIRECTION('',(0.0,-1.0,0.0));
#9173=DIRECTION('',(-1.0,0.0,0.0));
#9174=DIRECTION('',(0.0,1.0,0.0));
#9175=DIRECTION('',(1.0,0.0,0.0));
#9176=DIRECTION('',(-1.0,0.0,0.0));
#9177=DIRECTION('',(0.0,1.0,0.0));
#9178=DIRECTION('',(1.0,0.0,0.0));
#9179=DIRECTION('',(0.0,-1.0,0.0));
#9180=DIRECTION('',(0.0,-1.0,0.0));
#9181=DIRECTION('',(-1.0,0.0,0.0));
#9182=DIRECTION('',(0.0,1.0,0.0));
#9183=DIRECTION('',(1.0,0.0,0.0));
#9184=DIRECTION('',(-1.0,0.0,0.0));
#9185=DIRECTION('',(0.0,1.0,0.0));
#9186=DIRECTION('',(1.0,0.0,0.0));
#9187=DIRECTION('',(0.0,-1.0,0.0));
#9188=DIRECTION('',(0.0,-1.0,0.0));
#9189=DIRECTION('',(-1.0,0.0,0.0));
#9190=DIRECTION('',(0.0,1.0,0.0));
#9191=DIRECTION('',(1.0,0.0,0.0));
#9192=DIRECTION('',(-1.0,0.0,0.0));
#9193=DIRECTION('',(0.0,1.0,0.0));
#9194=DIRECTION('',(1.0,0.0,0.0));
#9195=DIRECTION('',(0.0,-1.0,0.0));
#9196=DIRECTION('',(0.0,-1.0,0.0));
#9197=DIRECTION('',(-1.0,0.0,0.0));
#9198=DIRECTION('',(0.0,1.0,0.0));
#9199=DIRECTION('',(1.0,0.0,0.0));
#9200=DIRECTION('',(-1.0,0.0,0.0));
#9201=DIRECTION('',(0.0,1.0,0.0));
#9202=DIRECTION('',(1.0,0.0,0.0));
#9203=DIRECTION('',(0.0,-1.0,0.0));
#9204=DIRECTION('',(0.0,-1.0,0.0));
#9205=DIRECTION('',(-1.0,0.0,0.0));
#9206=DIRECTION('',(0.0,1.0,0.0));
#9207=DIRECTION('',(1.0,0.0,0.0));
#9208=DIRECTION('',(-1.0,0.0,0.0));
#9209=DIRECTION('',(0.0,1.0,0.0));
#9210=DIRECTION('',(1.0,0.0,0.0));
#9211=DIRECTION('',(0.0,-1.0,0.0));
#9212=DIRECTION('',(0.0,-1.0,0.0));
#9213=DIRECTION('',(-1.0,0.0,0.0));
#9214=DIRECTION('',(0.0,1.0,0.0));
#9215=DIRECTION('',(1.0,0.0,0.0));
#9216=DIRECTION('',(-1.0,0.0,0.0));
#9217=DIRECTION('',(0.0,1.0,0.0));
#9218=DIRECTION('',(1.0,0.0,0.0));
#9219=DIRECTION('',(0.0,-1.0,0.0));
#9220=DIRECTION('',(0.0,-1.0,0.0));
#9221=DIRECTION('',(-1.0,0.0,0.0));
#9222=DIRECTION('',(0.0,1.0,0.0));
#9223=DIRECTION('',(1.0,0.0,0.0));
#9224=DIRECTION('',(-1.0,0.0,0.0));
#9225=DIRECTION('',(0.0,1.0,0.0));
#9226=DIRECTION('',(1.0,0.0,0.0));
#9227=DIRECTION('',(0.0,-1.0,0.0));
#9228=DIRECTION('',(0.0,-1.0,0.0));
#9229=DIRECTION('',(-1.0,0.0,0.0));
#9230=DIRECTION('',(0.0,1.0,0.0));
#9231=DIRECTION('',(1.0,0.0,0.0));
#9232=DIRECTION('',(-1.0,0.0,0.0));
#9233=DIRECTION('',(0.0,1.0,0.0));
#9234=DIRECTION('',(1.0,0.0,0.0));
#9235=DIRECTION('',(0.0,-1.0,0.0));
#9236=VERTEX_POINT('',#11596);
#9237=VERTEX_POINT('',#11597);
#9238=LINE('',#11598,#11599);
#9239=VERTEX_POINT('',#11600);
#9240=LINE('',#11601,#11602);
#9241=VERTEX_POINT('',#11603);
#9242=LINE('',#11604,#11605);
#9243=LINE('',#11606,#11607);
#9244=VERTEX_POINT('',#11608);
#9245=VERTEX_POINT('',#11609);
#9246=LINE('',#11610,#11611);
#9247=VERTEX_POINT('',#11612);
#9248=LINE('',#11613,#11614);
#9249=VERTEX_POINT('',#11615);
#9250=LINE('',#11616,#11617);
#9251=LINE('',#11618,#11619);
#9252=VERTEX_POINT('',#11620);
#9253=VERTEX_POINT('',#11621);
#9254=LINE('',#11622,#11623);
#9255=VERTEX_POINT('',#11624);
#9256=LINE('',#11625,#11626);
#9257=VERTEX_POINT('',#11627);
#9258=LINE('',#11628,#11629);
#9259=LINE('',#11630,#11631);
#9260=VERTEX_POINT('',#11632);
#9261=VERTEX_POINT('',#11633);
#9262=LINE('',#11634,#11635);
#9263=VERTEX_POINT('',#11636);
#9264=LINE('',#11637,#11638);
#9265=VERTEX_POINT('',#11639);
#9266=LINE('',#11640,#11641);
#9267=LINE('',#11642,#11643);
#9268=VERTEX_POINT('',#11644);
#9269=VERTEX_POINT('',#11645);
#9270=LINE('',#11646,#11647);
#9271=VERTEX_POINT('',#11648);
#9272=LINE('',#11649,#11650);
#9273=VERTEX_POINT('',#11651);
#9274=LINE('',#11652,#11653);
#9275=LINE('',#11654,#11655);
#9276=VERTEX_POINT('',#11656);
#9277=VERTEX_POINT('',#11657);
#9278=LINE('',#11658,#11659);
#9279=VERTEX_POINT('',#11660);
#9280=LINE('',#11661,#11662);
#9281=VERTEX_POINT('',#11663);
#9282=LINE('',#11664,#11665);
#9283=LINE('',#11666,#11667);
#9284=VERTEX_POINT('',#11668);
#9285=VERTEX_POINT('',#11669);
#9286=LINE('',#11670,#11671);
#9287=VERTEX_POINT('',#11672);
#9288=LINE('',#11673,#11674);
#9289=VERTEX_POINT('',#11675);
#9290=LINE('',#11676,#11677);
#9291=LINE('',#11678,#11679);
#9292=VERTEX_POINT('',#11680);
#9293=VERTEX_POINT('',#11681);
#9294=LINE('',#11682,#11683);
#9295=VERTEX_POINT('',#11684);
#9296=LINE('',#11685,#11686);
#9297=VERTEX_POINT('',#11687);
#9298=LINE('',#11688,#11689);
#9299=LINE('',#11690,#11691);
#9300=VERTEX_POINT('',#11692);
#9301=VERTEX_POINT('',#11693);
#9302=LINE('',#11694,#11695);
#9303=VERTEX_POINT('',#11696);
#9304=LINE('',#11697,#11698);
#9305=VERTEX_POINT('',#11699);
#9306=LINE('',#11700,#11701);
#9307=LINE('',#11702,#11703);
#9308=VERTEX_POINT('',#11704);
#9309=LINE('',#11705,#11706);
#9310=VERTEX_POINT('',#11707);
#9311=LINE('',#11708,#11709);
#9312=LINE('',#11710,#11711);
#9313=VERTEX_POINT('',#11712);
#9314=LINE('',#11713,#11714);
#9315=VERTEX_POINT('',#11715);
#9316=LINE('',#11716,#11717);
#9317=LINE('',#11718,#11719);
#9318=VERTEX_POINT('',#11720);
#9319=LINE('',#11721,#11722);
#9320=VERTEX_POINT('',#11723);
#9321=LINE('',#11724,#11725);
#9322=LINE('',#11726,#11727);
#9323=VERTEX_POINT('',#11728);
#9324=LINE('',#11729,#11730);
#9325=VERTEX_POINT('',#11731);
#9326=LINE('',#11732,#11733);
#9327=LINE('',#11734,#11735);
#9328=VERTEX_POINT('',#11736);
#9329=LINE('',#11737,#11738);
#9330=VERTEX_POINT('',#11739);
#9331=LINE('',#11740,#11741);
#9332=LINE('',#11742,#11743);
#9333=VERTEX_POINT('',#11744);
#9334=LINE('',#11745,#11746);
#9335=VERTEX_POINT('',#11747);
#9336=LINE('',#11748,#11749);
#9337=LINE('',#11750,#11751);
#9338=VERTEX_POINT('',#11752);
#9339=LINE('',#11753,#11754);
#9340=VERTEX_POINT('',#11755);
#9341=LINE('',#11756,#11757);
#9342=LINE('',#11758,#11759);
#9343=VERTEX_POINT('',#11760);
#9344=LINE('',#11761,#11762);
#9345=VERTEX_POINT('',#11763);
#9346=LINE('',#11764,#11765);
#9347=LINE('',#11766,#11767);
#9348=VERTEX_POINT('',#11768);
#9349=LINE('',#11769,#11770);
#9350=VERTEX_POINT('',#11771);
#9351=LINE('',#11772,#11773);
#9352=LINE('',#11774,#11775);
#9353=VERTEX_POINT('',#11776);
#9354=LINE('',#11777,#11778);
#9355=LINE('',#11779,#11780);
#9356=VERTEX_POINT('',#11781);
#9357=LINE('',#11782,#11783);
#9358=LINE('',#11784,#11785);
#9359=VERTEX_POINT('',#11786);
#9360=LINE('',#11787,#11788);
#9361=VERTEX_POINT('',#11789);
#9362=LINE('',#11790,#11791);
#9363=LINE('',#11792,#11793);
#9364=VERTEX_POINT('',#11794);
#9365=LINE('',#11795,#11796);
#9366=VERTEX_POINT('',#11797);
#9367=LINE('',#11798,#11799);
#9368=LINE('',#11800,#11801);
#9369=VERTEX_POINT('',#11802);
#9370=LINE('',#11803,#11804);
#9371=VERTEX_POINT('',#11805);
#9372=LINE('',#11806,#11807);
#9373=LINE('',#11808,#11809);
#9374=VERTEX_POINT('',#11810);
#9375=LINE('',#11811,#11812);
#9376=VERTEX_POINT('',#11813);
#9377=LINE('',#11814,#11815);
#9378=LINE('',#11816,#11817);
#9379=VERTEX_POINT('',#11818);
#9380=LINE('',#11819,#11820);
#9381=VERTEX_POINT('',#11821);
#9382=LINE('',#11822,#11823);
#9383=LINE('',#11824,#11825);
#9384=VERTEX_POINT('',#11826);
#9385=VERTEX_POINT('',#11827);
#9386=LINE('',#11828,#11829);
#9387=LINE('',#11830,#11831);
#9388=LINE('',#11832,#11833);
#9389=VERTEX_POINT('',#11834);
#9390=LINE('',#11835,#11836);
#9391=VERTEX_POINT('',#11837);
#9392=LINE('',#11838,#11839);
#9393=LINE('',#11840,#11841);
#9394=VERTEX_POINT('',#11842);
#9395=LINE('',#11843,#11844);
#9396=VERTEX_POINT('',#11845);
#9397=LINE('',#11846,#11847);
#9398=LINE('',#11848,#11849);
#9399=VERTEX_POINT('',#11850);
#9400=LINE('',#11851,#11852);
#9401=VERTEX_POINT('',#11853);
#9402=LINE('',#11854,#11855);
#9403=VERTEX_POINT('',#11856);
#9404=LINE('',#11857,#11858);
#9405=VERTEX_POINT('',#11859);
#9406=LINE('',#11860,#11861);
#9407=LINE('',#11862,#11863);
#9408=VERTEX_POINT('',#11864);
#9409=LINE('',#11865,#11866);
#9410=LINE('',#11867,#11868);
#9411=LINE('',#11869,#11870);
#9412=VERTEX_POINT('',#11871);
#9413=LINE('',#11872,#11873);
#9414=LINE('',#11874,#11875);
#9415=LINE('',#11876,#11877);
#9416=LINE('',#11878,#11879);
#9417=LINE('',#11880,#11881);
#9418=LINE('',#11882,#11883);
#9419=LINE('',#11884,#11885);
#9420=LINE('',#11886,#11887);
#9421=LINE('',#11888,#11889);
#9422=LINE('',#11890,#11891);
#9423=LINE('',#11892,#11893);
#9424=LINE('',#11894,#11895);
#9425=LINE('',#11896,#11897);
#9426=LINE('',#11898,#11899);
#9427=LINE('',#11900,#11901);
#9428=LINE('',#11902,#11903);
#9429=VERTEX_POINT('',#11904);
#9430=VERTEX_POINT('',#11905);
#9431=LINE('',#11906,#11907);
#9432=VERTEX_POINT('',#11908);
#9433=LINE('',#11909,#11910);
#9434=VERTEX_POINT('',#11911);
#9435=LINE('',#11912,#11913);
#9436=LINE('',#11914,#11915);
#9437=VERTEX_POINT('',#11916);
#9438=VERTEX_POINT('',#11917);
#9439=LINE('',#11918,#11919);
#9440=VERTEX_POINT('',#11920);
#9441=LINE('',#11921,#11922);
#9442=VERTEX_POINT('',#11923);
#9443=LINE('',#11924,#11925);
#9444=LINE('',#11926,#11927);
#9445=VERTEX_POINT('',#11928);
#9446=VERTEX_POINT('',#11929);
#9447=LINE('',#11930,#11931);
#9448=VERTEX_POINT('',#11932);
#9449=LINE('',#11933,#11934);
#9450=VERTEX_POINT('',#11935);
#9451=LINE('',#11936,#11937);
#9452=LINE('',#11938,#11939);
#9453=VERTEX_POINT('',#11940);
#9454=VERTEX_POINT('',#11941);
#9455=LINE('',#11942,#11943);
#9456=VERTEX_POINT('',#11944);
#9457=LINE('',#11945,#11946);
#9458=VERTEX_POINT('',#11947);
#9459=LINE('',#11948,#11949);
#9460=LINE('',#11950,#11951);
#9461=VERTEX_POINT('',#11952);
#9462=VERTEX_POINT('',#11953);
#9463=LINE('',#11954,#11955);
#9464=VERTEX_POINT('',#11956);
#9465=LINE('',#11957,#11958);
#9466=VERTEX_POINT('',#11959);
#9467=LINE('',#11960,#11961);
#9468=LINE('',#11962,#11963);
#9469=VERTEX_POINT('',#11964);
#9470=VERTEX_POINT('',#11965);
#9471=LINE('',#11966,#11967);
#9472=VERTEX_POINT('',#11968);
#9473=LINE('',#11969,#11970);
#9474=VERTEX_POINT('',#11971);
#9475=LINE('',#11972,#11973);
#9476=LINE('',#11974,#11975);
#9477=VERTEX_POINT('',#11976);
#9478=VERTEX_POINT('',#11977);
#9479=LINE('',#11978,#11979);
#9480=VERTEX_POINT('',#11980);
#9481=LINE('',#11981,#11982);
#9482=VERTEX_POINT('',#11983);
#9483=LINE('',#11984,#11985);
#9484=LINE('',#11986,#11987);
#9485=VERTEX_POINT('',#11988);
#9486=VERTEX_POINT('',#11989);
#9487=LINE('',#11990,#11991);
#9488=VERTEX_POINT('',#11992);
#9489=LINE('',#11993,#11994);
#9490=VERTEX_POINT('',#11995);
#9491=LINE('',#11996,#11997);
#9492=LINE('',#11998,#11999);
#9493=VERTEX_POINT('',#12000);
#9494=VERTEX_POINT('',#12001);
#9495=LINE('',#12002,#12003);
#9496=VERTEX_POINT('',#12004);
#9497=LINE('',#12005,#12006);
#9498=VERTEX_POINT('',#12007);
#9499=LINE('',#12008,#12009);
#9500=LINE('',#12010,#12011);
#9501=VERTEX_POINT('',#12012);
#9502=VERTEX_POINT('',#12013);
#9503=LINE('',#12014,#12015);
#9504=VERTEX_POINT('',#12016);
#9505=LINE('',#12017,#12018);
#9506=VERTEX_POINT('',#12019);
#9507=LINE('',#12020,#12021);
#9508=LINE('',#12022,#12023);
#9509=VERTEX_POINT('',#12024);
#9510=VERTEX_POINT('',#12025);
#9511=LINE('',#12026,#12027);
#9512=VERTEX_POINT('',#12028);
#9513=LINE('',#12029,#12030);
#9514=VERTEX_POINT('',#12031);
#9515=LINE('',#12032,#12033);
#9516=LINE('',#12034,#12035);
#9517=VERTEX_POINT('',#12036);
#9518=VERTEX_POINT('',#12037);
#9519=LINE('',#12038,#12039);
#9520=VERTEX_POINT('',#12040);
#9521=LINE('',#12041,#12042);
#9522=VERTEX_POINT('',#12043);
#9523=LINE('',#12044,#12045);
#9524=LINE('',#12046,#12047);
#9525=VERTEX_POINT('',#12048);
#9526=VERTEX_POINT('',#12049);
#9527=LINE('',#12050,#12051);
#9528=VERTEX_POINT('',#12052);
#9529=LINE('',#12053,#12054);
#9530=VERTEX_POINT('',#12055);
#9531=LINE('',#12056,#12057);
#9532=LINE('',#12058,#12059);
#9533=VERTEX_POINT('',#12060);
#9534=VERTEX_POINT('',#12061);
#9535=LINE('',#12062,#12063);
#9536=VERTEX_POINT('',#12064);
#9537=LINE('',#12065,#12066);
#9538=VERTEX_POINT('',#12067);
#9539=LINE('',#12068,#12069);
#9540=LINE('',#12070,#12071);
#9541=VERTEX_POINT('',#12072);
#9542=VERTEX_POINT('',#12073);
#9543=LINE('',#12074,#12075);
#9544=VERTEX_POINT('',#12076);
#9545=LINE('',#12077,#12078);
#9546=VERTEX_POINT('',#12079);
#9547=LINE('',#12080,#12081);
#9548=LINE('',#12082,#12083);
#9549=VERTEX_POINT('',#12084);
#9550=VERTEX_POINT('',#12085);
#9551=LINE('',#12086,#12087);
#9552=VERTEX_POINT('',#12088);
#9553=LINE('',#12089,#12090);
#9554=VERTEX_POINT('',#12091);
#9555=LINE('',#12092,#12093);
#9556=LINE('',#12094,#12095);
#9557=VERTEX_POINT('',#12096);
#9558=VERTEX_POINT('',#12097);
#9559=LINE('',#12098,#12099);
#9560=VERTEX_POINT('',#12100);
#9561=LINE('',#12101,#12102);
#9562=VERTEX_POINT('',#12103);
#9563=LINE('',#12104,#12105);
#9564=VERTEX_POINT('',#12106);
#9565=LINE('',#12107,#12108);
#9566=VERTEX_POINT('',#12109);
#9567=LINE('',#12110,#12111);
#9568=VERTEX_POINT('',#12112);
#9569=LINE('',#12113,#12114);
#9570=VERTEX_POINT('',#12115);
#9571=LINE('',#12116,#12117);
#9572=VERTEX_POINT('',#12118);
#9573=LINE('',#12119,#12120);
#9574=VERTEX_POINT('',#12121);
#9575=LINE('',#12122,#12123);
#9576=VERTEX_POINT('',#12124);
#9577=LINE('',#12125,#12126);
#9578=VERTEX_POINT('',#12127);
#9579=LINE('',#12128,#12129);
#9580=VERTEX_POINT('',#12130);
#9581=LINE('',#12131,#12132);
#9582=VERTEX_POINT('',#12133);
#9583=LINE('',#12134,#12135);
#9584=VERTEX_POINT('',#12136);
#9585=LINE('',#12137,#12138);
#9586=VERTEX_POINT('',#12139);
#9587=LINE('',#12140,#12141);
#9588=VERTEX_POINT('',#12142);
#9589=LINE('',#12143,#12144);
#9590=VERTEX_POINT('',#12145);
#9591=LINE('',#12146,#12147);
#9592=VERTEX_POINT('',#12148);
#9593=LINE('',#12149,#12150);
#9594=VERTEX_POINT('',#12151);
#9595=LINE('',#12152,#12153);
#9596=VERTEX_POINT('',#12154);
#9597=LINE('',#12155,#12156);
#9598=VERTEX_POINT('',#12157);
#9599=LINE('',#12158,#12159);
#9600=VERTEX_POINT('',#12160);
#9601=LINE('',#12161,#12162);
#9602=VERTEX_POINT('',#12163);
#9603=LINE('',#12164,#12165);
#9604=VERTEX_POINT('',#12166);
#9605=LINE('',#12167,#12168);
#9606=VERTEX_POINT('',#12169);
#9607=LINE('',#12170,#12171);
#9608=VERTEX_POINT('',#12172);
#9609=LINE('',#12173,#12174);
#9610=VERTEX_POINT('',#12175);
#9611=LINE('',#12176,#12177);
#9612=VERTEX_POINT('',#12178);
#9613=LINE('',#12179,#12180);
#9614=VERTEX_POINT('',#12181);
#9615=LINE('',#12182,#12183);
#9616=LINE('',#12184,#12185);
#9617=VERTEX_POINT('',#12186);
#9618=LINE('',#12187,#12188);
#9619=VERTEX_POINT('',#12189);
#9620=LINE('',#12190,#12191);
#9621=VERTEX_POINT('',#12192);
#9622=LINE('',#12193,#12194);
#9623=LINE('',#12195,#12196);
#9624=VERTEX_POINT('',#12197);
#9625=VERTEX_POINT('',#12198);
#9626=LINE('',#12199,#12200);
#9627=LINE('',#12201,#12202);
#9628=VERTEX_POINT('',#12203);
#9629=LINE('',#12204,#12205);
#9630=VERTEX_POINT('',#12206);
#9631=LINE('',#12207,#12208);
#9632=LINE('',#12209,#12210);
#9633=VERTEX_POINT('',#12211);
#9634=LINE('',#12212,#12213);
#9635=VERTEX_POINT('',#12214);
#9636=CIRCLE('',#12215,0.508);
#9637=VERTEX_POINT('',#12216);
#9638=LINE('',#12217,#12218);
#9639=VERTEX_POINT('',#12219);
#9640=LINE('',#12220,#12221);
#9641=VERTEX_POINT('',#12222);
#9642=LINE('',#12223,#12224);
#9643=VERTEX_POINT('',#12225);
#9644=CIRCLE('',#12226,0.254);
#9645=LINE('',#12227,#12228);
#9646=VERTEX_POINT('',#12229);
#9647=LINE('',#12230,#12231);
#9648=VERTEX_POINT('',#12232);
#9649=LINE('',#12233,#12234);
#9650=LINE('',#12235,#12236);
#9651=VERTEX_POINT('',#12237);
#9652=LINE('',#12238,#12239);
#9653=LINE('',#12240,#12241);
#9654=VERTEX_POINT('',#12242);
#9655=VERTEX_POINT('',#12243);
#9656=LINE('',#12244,#12245);
#9657=VERTEX_POINT('',#12246);
#9658=LINE('',#12247,#12248);
#9659=LINE('',#12249,#12250);
#9660=VERTEX_POINT('',#12251);
#9661=LINE('',#12252,#12253);
#9662=LINE('',#12254,#12255);
#9663=VERTEX_POINT('',#12256);
#9664=CIRCLE('',#12257,0.254);
#9665=VERTEX_POINT('',#12258);
#9666=LINE('',#12259,#12260);
#9667=VERTEX_POINT('',#12261);
#9668=LINE('',#12262,#12263);
#9669=VERTEX_POINT('',#12264);
#9670=LINE('',#12265,#12266);
#9671=VERTEX_POINT('',#12267);
#9672=CIRCLE('',#12268,0.508);
#9673=LINE('',#12269,#12270);
#9674=LINE('',#12271,#12272);
#9675=LINE('',#12273,#12274);
#9676=LINE('',#12275,#12276);
#9677=LINE('',#12277,#12278);
#9678=LINE('',#12279,#12280);
#9679=VERTEX_POINT('',#12281);
#9680=LINE('',#12282,#12283);
#9681=VERTEX_POINT('',#12284);
#9682=LINE('',#12285,#12286);
#9683=VERTEX_POINT('',#12287);
#9684=LINE('',#12288,#12289);
#9685=VERTEX_POINT('',#12290);
#9686=LINE('',#12291,#12292);
#9687=VERTEX_POINT('',#12293);
#9688=LINE('',#12294,#12295);
#9689=VERTEX_POINT('',#12296);
#9690=LINE('',#12297,#12298);
#9691=LINE('',#12299,#12300);
#9692=VERTEX_POINT('',#12301);
#9693=VERTEX_POINT('',#12302);
#9694=LINE('',#12303,#12304);
#9695=VERTEX_POINT('',#12305);
#9696=LINE('',#12306,#12307);
#9697=LINE('',#12308,#12309);
#9698=LINE('',#12310,#12311);
#9699=LINE('',#12312,#12313);
#9700=LINE('',#12314,#12315);
#9701=VERTEX_POINT('',#12316);
#9702=LINE('',#12317,#12318);
#9703=LINE('',#12319,#12320);
#9704=VERTEX_POINT('',#12321);
#9705=LINE('',#12322,#12323);
#9706=LINE('',#12324,#12325);
#9707=LINE('',#12326,#12327);
#9708=VERTEX_POINT('',#12328);
#9709=LINE('',#12329,#12330);
#9710=VERTEX_POINT('',#12331);
#9711=LINE('',#12332,#12333);
#9712=VERTEX_POINT('',#12334);
#9713=LINE('',#12335,#12336);
#9714=LINE('',#12337,#12338);
#9715=VERTEX_POINT('',#12339);
#9716=LINE('',#12340,#12341);
#9717=LINE('',#12342,#12343);
#9718=VERTEX_POINT('',#12344);
#9719=VERTEX_POINT('',#12345);
#9720=LINE('',#12346,#12347);
#9721=VERTEX_POINT('',#12348);
#9722=LINE('',#12349,#12350);
#9723=VERTEX_POINT('',#12351);
#9724=LINE('',#12352,#12353);
#9725=LINE('',#12354,#12355);
#9726=VERTEX_POINT('',#12356);
#9727=VERTEX_POINT('',#12357);
#9728=LINE('',#12358,#12359);
#9729=VERTEX_POINT('',#12360);
#9730=LINE('',#12361,#12362);
#9731=VERTEX_POINT('',#12363);
#9732=LINE('',#12364,#12365);
#9733=VERTEX_POINT('',#12366);
#9734=LINE('',#12367,#12368);
#9735=VERTEX_POINT('',#12369);
#9736=LINE('',#12370,#12371);
#9737=VERTEX_POINT('',#12372);
#9738=LINE('',#12373,#12374);
#9739=VERTEX_POINT('',#12375);
#9740=LINE('',#12376,#12377);
#9741=VERTEX_POINT('',#12378);
#9742=LINE('',#12379,#12380);
#9743=VERTEX_POINT('',#12381);
#9744=LINE('',#12382,#12383);
#9745=VERTEX_POINT('',#12384);
#9746=LINE('',#12385,#12386);
#9747=VERTEX_POINT('',#12387);
#9748=LINE('',#12388,#12389);
#9749=VERTEX_POINT('',#12390);
#9750=LINE('',#12391,#12392);
#9751=VERTEX_POINT('',#12393);
#9752=LINE('',#12394,#12395);
#9753=VERTEX_POINT('',#12396);
#9754=LINE('',#12397,#12398);
#9755=VERTEX_POINT('',#12399);
#9756=LINE('',#12400,#12401);
#9757=VERTEX_POINT('',#12402);
#9758=LINE('',#12403,#12404);
#9759=VERTEX_POINT('',#12405);
#9760=LINE('',#12406,#12407);
#9761=VERTEX_POINT('',#12408);
#9762=LINE('',#12409,#12410);
#9763=VERTEX_POINT('',#12411);
#9764=LINE('',#12412,#12413);
#9765=VERTEX_POINT('',#12414);
#9766=LINE('',#12415,#12416);
#9767=VERTEX_POINT('',#12417);
#9768=LINE('',#12418,#12419);
#9769=VERTEX_POINT('',#12420);
#9770=LINE('',#12421,#12422);
#9771=VERTEX_POINT('',#12423);
#9772=LINE('',#12424,#12425);
#9773=VERTEX_POINT('',#12426);
#9774=LINE('',#12427,#12428);
#9775=VERTEX_POINT('',#12429);
#9776=LINE('',#12430,#12431);
#9777=VERTEX_POINT('',#12432);
#9778=LINE('',#12433,#12434);
#9779=VERTEX_POINT('',#12435);
#9780=LINE('',#12436,#12437);
#9781=VERTEX_POINT('',#12438);
#9782=LINE('',#12439,#12440);
#9783=VERTEX_POINT('',#12441);
#9784=LINE('',#12442,#12443);
#9785=VERTEX_POINT('',#12444);
#9786=LINE('',#12445,#12446);
#9787=VERTEX_POINT('',#12447);
#9788=LINE('',#12448,#12449);
#9789=VERTEX_POINT('',#12450);
#9790=LINE('',#12451,#12452);
#9791=VERTEX_POINT('',#12453);
#9792=LINE('',#12454,#12455);
#9793=VERTEX_POINT('',#12456);
#9794=LINE('',#12457,#12458);
#9795=VERTEX_POINT('',#12459);
#9796=LINE('',#12460,#12461);
#9797=VERTEX_POINT('',#12462);
#9798=LINE('',#12463,#12464);
#9799=VERTEX_POINT('',#12465);
#9800=LINE('',#12466,#12467);
#9801=VERTEX_POINT('',#12468);
#9802=LINE('',#12469,#12470);
#9803=VERTEX_POINT('',#12471);
#9804=LINE('',#12472,#12473);
#9805=VERTEX_POINT('',#12474);
#9806=LINE('',#12475,#12476);
#9807=VERTEX_POINT('',#12477);
#9808=LINE('',#12478,#12479);
#9809=VERTEX_POINT('',#12480);
#9810=LINE('',#12481,#12482);
#9811=VERTEX_POINT('',#12483);
#9812=LINE('',#12484,#12485);
#9813=VERTEX_POINT('',#12486);
#9814=LINE('',#12487,#12488);
#9815=VERTEX_POINT('',#12489);
#9816=LINE('',#12490,#12491);
#9817=VERTEX_POINT('',#12492);
#9818=LINE('',#12493,#12494);
#9819=VERTEX_POINT('',#12495);
#9820=LINE('',#12496,#12497);
#9821=VERTEX_POINT('',#12498);
#9822=LINE('',#12499,#12500);
#9823=VERTEX_POINT('',#12501);
#9824=LINE('',#12502,#12503);
#9825=VERTEX_POINT('',#12504);
#9826=LINE('',#12505,#12506);
#9827=VERTEX_POINT('',#12507);
#9828=LINE('',#12508,#12509);
#9829=VERTEX_POINT('',#12510);
#9830=LINE('',#12511,#12512);
#9831=VERTEX_POINT('',#12513);
#9832=LINE('',#12514,#12515);
#9833=VERTEX_POINT('',#12516);
#9834=LINE('',#12517,#12518);
#9835=VERTEX_POINT('',#12519);
#9836=LINE('',#12520,#12521);
#9837=VERTEX_POINT('',#12522);
#9838=LINE('',#12523,#12524);
#9839=LINE('',#12525,#12526);
#9840=VERTEX_POINT('',#12527);
#9841=LINE('',#12528,#12529);
#9842=VERTEX_POINT('',#12530);
#9843=LINE('',#12531,#12532);
#9844=VERTEX_POINT('',#12533);
#9845=LINE('',#12534,#12535);
#9846=VERTEX_POINT('',#12536);
#9847=LINE('',#12537,#12538);
#9848=VERTEX_POINT('',#12539);
#9849=LINE('',#12540,#12541);
#9850=VERTEX_POINT('',#12542);
#9851=LINE('',#12543,#12544);
#9852=LINE('',#12545,#12546);
#9853=VERTEX_POINT('',#12547);
#9854=LINE('',#12548,#12549);
#9855=VERTEX_POINT('',#12550);
#9856=LINE('',#12551,#12552);
#9857=VERTEX_POINT('',#12553);
#9858=LINE('',#12554,#12555);
#9859=VERTEX_POINT('',#12556);
#9860=LINE('',#12557,#12558);
#9861=VERTEX_POINT('',#12559);
#9862=LINE('',#12560,#12561);
#9863=VERTEX_POINT('',#12562);
#9864=LINE('',#12563,#12564);
#9865=LINE('',#12565,#12566);
#9866=VERTEX_POINT('',#12567);
#9867=LINE('',#12568,#12569);
#9868=VERTEX_POINT('',#12570);
#9869=LINE('',#12571,#12572);
#9870=VERTEX_POINT('',#12573);
#9871=LINE('',#12574,#12575);
#9872=VERTEX_POINT('',#12576);
#9873=LINE('',#12577,#12578);
#9874=VERTEX_POINT('',#12579);
#9875=LINE('',#12580,#12581);
#9876=VERTEX_POINT('',#12582);
#9877=LINE('',#12583,#12584);
#9878=LINE('',#12585,#12586);
#9879=VERTEX_POINT('',#12587);
#9880=LINE('',#12588,#12589);
#9881=VERTEX_POINT('',#12590);
#9882=LINE('',#12591,#12592);
#9883=VERTEX_POINT('',#12593);
#9884=LINE('',#12594,#12595);
#9885=VERTEX_POINT('',#12596);
#9886=LINE('',#12597,#12598);
#9887=VERTEX_POINT('',#12599);
#9888=LINE('',#12600,#12601);
#9889=VERTEX_POINT('',#12602);
#9890=LINE('',#12603,#12604);
#9891=LINE('',#12605,#12606);
#9892=VERTEX_POINT('',#12607);
#9893=LINE('',#12608,#12609);
#9894=VERTEX_POINT('',#12610);
#9895=LINE('',#12611,#12612);
#9896=VERTEX_POINT('',#12613);
#9897=LINE('',#12614,#12615);
#9898=VERTEX_POINT('',#12616);
#9899=LINE('',#12617,#12618);
#9900=VERTEX_POINT('',#12619);
#9901=LINE('',#12620,#12621);
#9902=VERTEX_POINT('',#12622);
#9903=LINE('',#12623,#12624);
#9904=LINE('',#12625,#12626);
#9905=VERTEX_POINT('',#12627);
#9906=LINE('',#12628,#12629);
#9907=VERTEX_POINT('',#12630);
#9908=LINE('',#12631,#12632);
#9909=VERTEX_POINT('',#12633);
#9910=LINE('',#12634,#12635);
#9911=VERTEX_POINT('',#12636);
#9912=LINE('',#12637,#12638);
#9913=VERTEX_POINT('',#12639);
#9914=LINE('',#12640,#12641);
#9915=VERTEX_POINT('',#12642);
#9916=LINE('',#12643,#12644);
#9917=LINE('',#12645,#12646);
#9918=VERTEX_POINT('',#12647);
#9919=LINE('',#12648,#12649);
#9920=VERTEX_POINT('',#12650);
#9921=LINE('',#12651,#12652);
#9922=VERTEX_POINT('',#12653);
#9923=LINE('',#12654,#12655);
#9924=VERTEX_POINT('',#12656);
#9925=LINE('',#12657,#12658);
#9926=VERTEX_POINT('',#12659);
#9927=LINE('',#12660,#12661);
#9928=VERTEX_POINT('',#12662);
#9929=LINE('',#12663,#12664);
#9930=LINE('',#12665,#12666);
#9931=VERTEX_POINT('',#12667);
#9932=LINE('',#12668,#12669);
#9933=VERTEX_POINT('',#12670);
#9934=LINE('',#12671,#12672);
#9935=LINE('',#12673,#12674);
#9936=LINE('',#12675,#12676);
#9937=VERTEX_POINT('',#12677);
#9938=LINE('',#12678,#12679);
#9939=VERTEX_POINT('',#12680);
#9940=LINE('',#12681,#12682);
#9941=VERTEX_POINT('',#12683);
#9942=LINE('',#12684,#12685);
#9943=VERTEX_POINT('',#12686);
#9944=LINE('',#12687,#12688);
#9945=VERTEX_POINT('',#12689);
#9946=LINE('',#12690,#12691);
#9947=VERTEX_POINT('',#12692);
#9948=LINE('',#12693,#12694);
#9949=VERTEX_POINT('',#12695);
#9950=LINE('',#12696,#12697);
#9951=VERTEX_POINT('',#12698);
#9952=LINE('',#12699,#12700);
#9953=LINE('',#12701,#12702);
#9954=VERTEX_POINT('',#12703);
#9955=VERTEX_POINT('',#12704);
#9956=LINE('',#12705,#12706);
#9957=VERTEX_POINT('',#12707);
#9958=LINE('',#12708,#12709);
#9959=VERTEX_POINT('',#12710);
#9960=LINE('',#12711,#12712);
#9961=LINE('',#12713,#12714);
#9962=VERTEX_POINT('',#12715);
#9963=LINE('',#12716,#12717);
#9964=LINE('',#12718,#12719);
#9965=VERTEX_POINT('',#12720);
#9966=VERTEX_POINT('',#12721);
#9967=LINE('',#12722,#12723);
#9968=VERTEX_POINT('',#12724);
#9969=LINE('',#12725,#12726);
#9970=VERTEX_POINT('',#12727);
#9971=LINE('',#12728,#12729);
#9972=LINE('',#12730,#12731);
#9973=VERTEX_POINT('',#12732);
#9974=LINE('',#12733,#12734);
#9975=VERTEX_POINT('',#12735);
#9976=LINE('',#12736,#12737);
#9977=LINE('',#12738,#12739);
#9978=VERTEX_POINT('',#12740);
#9979=LINE('',#12741,#12742);
#9980=VERTEX_POINT('',#12743);
#9981=LINE('',#12744,#12745);
#9982=LINE('',#12746,#12747);
#9983=LINE('',#12748,#12749);
#9984=LINE('',#12750,#12751);
#9985=LINE('',#12752,#12753);
#9986=VERTEX_POINT('',#12754);
#9987=LINE('',#12755,#12756);
#9988=LINE('',#12757,#12758);
#9989=VERTEX_POINT('',#12759);
#9990=LINE('',#12760,#12761);
#9991=LINE('',#12762,#12763);
#9992=VERTEX_POINT('',#12764);
#9993=LINE('',#12765,#12766);
#9994=LINE('',#12767,#12768);
#9995=VERTEX_POINT('',#12769);
#9996=LINE('',#12770,#12771);
#9997=VERTEX_POINT('',#12772);
#9998=LINE('',#12773,#12774);
#9999=LINE('',#12775,#12776);
#10000=VERTEX_POINT('',#12777);
#10001=LINE('',#12778,#12779);
#10002=VERTEX_POINT('',#12780);
#10003=LINE('',#12781,#12782);
#10004=LINE('',#12783,#12784);
#10005=VERTEX_POINT('',#12785);
#10006=LINE('',#12786,#12787);
#10007=VERTEX_POINT('',#12788);
#10008=LINE('',#12789,#12790);
#10009=VERTEX_POINT('',#12791);
#10010=LINE('',#12792,#12793);
#10011=VERTEX_POINT('',#12794);
#10012=LINE('',#12795,#12796);
#10013=LINE('',#12797,#12798);
#10014=VERTEX_POINT('',#12799);
#10015=CIRCLE('',#12800,0.254);
#10016=VERTEX_POINT('',#12801);
#10017=LINE('',#12802,#12803);
#10018=VERTEX_POINT('',#12804);
#10019=LINE('',#12805,#12806);
#10020=VERTEX_POINT('',#12807);
#10021=LINE('',#12808,#12809);
#10022=VERTEX_POINT('',#12810);
#10023=CIRCLE('',#12811,0.504000000000016);
#10024=LINE('',#12812,#12813);
#10025=VERTEX_POINT('',#12814);
#10026=LINE('',#12815,#12816);
#10027=LINE('',#12817,#12818);
#10028=VERTEX_POINT('',#12819);
#10029=CIRCLE('',#12820,0.504000000000016);
#10030=VERTEX_POINT('',#12821);
#10031=LINE('',#12822,#12823);
#10032=VERTEX_POINT('',#12824);
#10033=LINE('',#12825,#12826);
#10034=VERTEX_POINT('',#12827);
#10035=LINE('',#12828,#12829);
#10036=CIRCLE('',#12830,0.254);
#10037=VERTEX_POINT('',#12831);
#10038=VERTEX_POINT('',#12832);
#10039=LINE('',#12833,#12834);
#10040=LINE('',#12835,#12836);
#10041=LINE('',#12837,#12838);
#10042=LINE('',#12839,#12840);
#10043=LINE('',#12841,#12842);
#10044=LINE('',#12843,#12844);
#10045=LINE('',#12845,#12846);
#10046=VERTEX_POINT('',#12847);
#10047=VERTEX_POINT('',#12848);
#10048=LINE('',#12849,#12850);
#10049=VERTEX_POINT('',#12851);
#10050=LINE('',#12852,#12853);
#10051=LINE('',#12854,#12855);
#10052=LINE('',#12856,#12857);
#10053=VERTEX_POINT('',#12858);
#10054=LINE('',#12859,#12860);
#10055=LINE('',#12861,#12862);
#10056=VERTEX_POINT('',#12863);
#10057=LINE('',#12864,#12865);
#10058=LINE('',#12866,#12867);
#10059=LINE('',#12868,#12869);
#10060=LINE('',#12870,#12871);
#10061=LINE('',#12872,#12873);
#10062=LINE('',#12874,#12875);
#10063=LINE('',#12876,#12877);
#10064=VERTEX_POINT('',#12878);
#10065=LINE('',#12879,#12880);
#10066=VERTEX_POINT('',#12881);
#10067=LINE('',#12882,#12883);
#10068=LINE('',#12884,#12885);
#10069=VERTEX_POINT('',#12886);
#10070=LINE('',#12887,#12888);
#10071=VERTEX_POINT('',#12889);
#10072=LINE('',#12890,#12891);
#10073=LINE('',#12892,#12893);
#10074=VERTEX_POINT('',#12894);
#10075=LINE('',#12895,#12896);
#10076=VERTEX_POINT('',#12897);
#10077=LINE('',#12898,#12899);
#10078=LINE('',#12900,#12901);
#10079=VERTEX_POINT('',#12902);
#10080=LINE('',#12903,#12904);
#10081=VERTEX_POINT('',#12905);
#10082=LINE('',#12906,#12907);
#10083=LINE('',#12908,#12909);
#10084=VERTEX_POINT('',#12910);
#10085=LINE('',#12911,#12912);
#10086=VERTEX_POINT('',#12913);
#10087=LINE('',#12914,#12915);
#10088=LINE('',#12916,#12917);
#10089=VERTEX_POINT('',#12918);
#10090=LINE('',#12919,#12920);
#10091=VERTEX_POINT('',#12921);
#10092=LINE('',#12922,#12923);
#10093=LINE('',#12924,#12925);
#10094=VERTEX_POINT('',#12926);
#10095=LINE('',#12927,#12928);
#10096=VERTEX_POINT('',#12929);
#10097=LINE('',#12930,#12931);
#10098=LINE('',#12932,#12933);
#10099=VERTEX_POINT('',#12934);
#10100=LINE('',#12935,#12936);
#10101=VERTEX_POINT('',#12937);
#10102=LINE('',#12938,#12939);
#10103=VERTEX_POINT('',#12940);
#10104=LINE('',#12941,#12942);
#10105=LINE('',#12943,#12944);
#10106=VERTEX_POINT('',#12945);
#10107=LINE('',#12946,#12947);
#10108=VERTEX_POINT('',#12948);
#10109=LINE('',#12949,#12950);
#10110=LINE('',#12951,#12952);
#10111=VERTEX_POINT('',#12953);
#10112=LINE('',#12954,#12955);
#10113=LINE('',#12956,#12957);
#10114=VERTEX_POINT('',#12958);
#10115=VERTEX_POINT('',#12959);
#10116=LINE('',#12960,#12961);
#10117=VERTEX_POINT('',#12962);
#10118=LINE('',#12963,#12964);
#10119=LINE('',#12965,#12966);
#10120=LINE('',#12967,#12968);
#10121=VERTEX_POINT('',#12969);
#10122=LINE('',#12970,#12971);
#10123=LINE('',#12972,#12973);
#10124=VERTEX_POINT('',#12974);
#10125=LINE('',#12975,#12976);
#10126=LINE('',#12977,#12978);
#10127=VERTEX_POINT('',#12979);
#10128=VERTEX_POINT('',#12980);
#10129=LINE('',#12981,#12982);
#10130=LINE('',#12983,#12984);
#10131=LINE('',#12985,#12986);
#10132=VERTEX_POINT('',#12987);
#10133=LINE('',#12988,#12989);
#10134=LINE('',#12990,#12991);
#10135=VERTEX_POINT('',#12992);
#10136=LINE('',#12993,#12994);
#10137=VERTEX_POINT('',#12995);
#10138=LINE('',#12996,#12997);
#10139=LINE('',#12998,#12999);
#10140=VERTEX_POINT('',#13000);
#10141=LINE('',#13001,#13002);
#10142=VERTEX_POINT('',#13003);
#10143=LINE('',#13004,#13005);
#10144=LINE('',#13006,#13007);
#10145=VERTEX_POINT('',#13008);
#10146=LINE('',#13009,#13010);
#10147=VERTEX_POINT('',#13011);
#10148=LINE('',#13012,#13013);
#10149=VERTEX_POINT('',#13014);
#10150=LINE('',#13015,#13016);
#10151=VERTEX_POINT('',#13017);
#10152=LINE('',#13018,#13019);
#10153=LINE('',#13020,#13021);
#10154=VERTEX_POINT('',#13022);
#10155=CIRCLE('',#13023,0.254);
#10156=VERTEX_POINT('',#13024);
#10157=LINE('',#13025,#13026);
#10158=VERTEX_POINT('',#13027);
#10159=LINE('',#13028,#13029);
#10160=VERTEX_POINT('',#13030);
#10161=LINE('',#13031,#13032);
#10162=VERTEX_POINT('',#13033);
#10163=CIRCLE('',#13034,0.504000000000016);
#10164=LINE('',#13035,#13036);
#10165=VERTEX_POINT('',#13037);
#10166=LINE('',#13038,#13039);
#10167=LINE('',#13040,#13041);
#10168=VERTEX_POINT('',#13042);
#10169=CIRCLE('',#13043,0.504000000000016);
#10170=VERTEX_POINT('',#13044);
#10171=LINE('',#13045,#13046);
#10172=VERTEX_POINT('',#13047);
#10173=LINE('',#13048,#13049);
#10174=VERTEX_POINT('',#13050);
#10175=LINE('',#13051,#13052);
#10176=CIRCLE('',#13053,0.254);
#10177=VERTEX_POINT('',#13054);
#10178=VERTEX_POINT('',#13055);
#10179=LINE('',#13056,#13057);
#10180=LINE('',#13058,#13059);
#10181=LINE('',#13060,#13061);
#10182=LINE('',#13062,#13063);
#10183=LINE('',#13064,#13065);
#10184=LINE('',#13066,#13067);
#10185=LINE('',#13068,#13069);
#10186=VERTEX_POINT('',#13070);
#10187=VERTEX_POINT('',#13071);
#10188=LINE('',#13072,#13073);
#10189=VERTEX_POINT('',#13074);
#10190=LINE('',#13075,#13076);
#10191=LINE('',#13077,#13078);
#10192=LINE('',#13079,#13080);
#10193=VERTEX_POINT('',#13081);
#10194=LINE('',#13082,#13083);
#10195=LINE('',#13084,#13085);
#10196=VERTEX_POINT('',#13086);
#10197=LINE('',#13087,#13088);
#10198=LINE('',#13089,#13090);
#10199=LINE('',#13091,#13092);
#10200=LINE('',#13093,#13094);
#10201=LINE('',#13095,#13096);
#10202=VERTEX_POINT('',#13097);
#10203=LINE('',#13098,#13099);
#10204=LINE('',#13100,#13101);
#10205=LINE('',#13102,#13103);
#10206=LINE('',#13104,#13105);
#10207=LINE('',#13106,#13107);
#10208=VERTEX_POINT('',#13108);
#10209=LINE('',#13109,#13110);
#10210=VERTEX_POINT('',#13111);
#10211=LINE('',#13112,#13113);
#10212=VERTEX_POINT('',#13114);
#10213=LINE('',#13115,#13116);
#10214=LINE('',#13117,#13118);
#10215=VERTEX_POINT('',#13119);
#10216=LINE('',#13120,#13121);
#10217=VERTEX_POINT('',#13122);
#10218=LINE('',#13123,#13124);
#10219=LINE('',#13125,#13126);
#10220=VERTEX_POINT('',#13127);
#10221=LINE('',#13128,#13129);
#10222=LINE('',#13130,#13131);
#10223=VERTEX_POINT('',#13132);
#10224=VERTEX_POINT('',#13133);
#10225=LINE('',#13134,#13135);
#10226=VERTEX_POINT('',#13136);
#10227=LINE('',#13137,#13138);
#10228=LINE('',#13139,#13140);
#10229=LINE('',#13141,#13142);
#10230=VERTEX_POINT('',#13143);
#10231=LINE('',#13144,#13145);
#10232=LINE('',#13146,#13147);
#10233=VERTEX_POINT('',#13148);
#10234=LINE('',#13149,#13150);
#10235=LINE('',#13151,#13152);
#10236=VERTEX_POINT('',#13153);
#10237=VERTEX_POINT('',#13154);
#10238=LINE('',#13155,#13156);
#10239=LINE('',#13157,#13158);
#10240=LINE('',#13159,#13160);
#10241=VERTEX_POINT('',#13161);
#10242=LINE('',#13162,#13163);
#10243=LINE('',#13164,#13165);
#10244=VERTEX_POINT('',#13166);
#10245=LINE('',#13167,#13168);
#10246=VERTEX_POINT('',#13169);
#10247=LINE('',#13170,#13171);
#10248=LINE('',#13172,#13173);
#10249=VERTEX_POINT('',#13174);
#10250=LINE('',#13175,#13176);
#10251=VERTEX_POINT('',#13177);
#10252=LINE('',#13178,#13179);
#10253=LINE('',#13180,#13181);
#10254=VERTEX_POINT('',#13182);
#10255=LINE('',#13183,#13184);
#10256=VERTEX_POINT('',#13185);
#10257=LINE('',#13186,#13187);
#10258=VERTEX_POINT('',#13188);
#10259=LINE('',#13189,#13190);
#10260=VERTEX_POINT('',#13191);
#10261=LINE('',#13192,#13193);
#10262=LINE('',#13194,#13195);
#10263=VERTEX_POINT('',#13196);
#10264=CIRCLE('',#13197,0.254);
#10265=VERTEX_POINT('',#13198);
#10266=LINE('',#13199,#13200);
#10267=VERTEX_POINT('',#13201);
#10268=LINE('',#13202,#13203);
#10269=VERTEX_POINT('',#13204);
#10270=LINE('',#13205,#13206);
#10271=VERTEX_POINT('',#13207);
#10272=CIRCLE('',#13208,0.504000000000016);
#10273=LINE('',#13209,#13210);
#10274=VERTEX_POINT('',#13211);
#10275=LINE('',#13212,#13213);
#10276=LINE('',#13214,#13215);
#10277=VERTEX_POINT('',#13216);
#10278=CIRCLE('',#13217,0.504000000000016);
#10279=VERTEX_POINT('',#13218);
#10280=LINE('',#13219,#13220);
#10281=VERTEX_POINT('',#13221);
#10282=LINE('',#13222,#13223);
#10283=VERTEX_POINT('',#13224);
#10284=LINE('',#13225,#13226);
#10285=CIRCLE('',#13227,0.254);
#10286=VERTEX_POINT('',#13228);
#10287=VERTEX_POINT('',#13229);
#10288=LINE('',#13230,#13231);
#10289=LINE('',#13232,#13233);
#10290=LINE('',#13234,#13235);
#10291=LINE('',#13236,#13237);
#10292=LINE('',#13238,#13239);
#10293=LINE('',#13240,#13241);
#10294=LINE('',#13242,#13243);
#10295=VERTEX_POINT('',#13244);
#10296=VERTEX_POINT('',#13245);
#10297=LINE('',#13246,#13247);
#10298=VERTEX_POINT('',#13248);
#10299=LINE('',#13249,#13250);
#10300=LINE('',#13251,#13252);
#10301=LINE('',#13253,#13254);
#10302=VERTEX_POINT('',#13255);
#10303=LINE('',#13256,#13257);
#10304=LINE('',#13258,#13259);
#10305=VERTEX_POINT('',#13260);
#10306=LINE('',#13261,#13262);
#10307=LINE('',#13263,#13264);
#10308=LINE('',#13265,#13266);
#10309=LINE('',#13267,#13268);
#10310=LINE('',#13269,#13270);
#10311=VERTEX_POINT('',#13271);
#10312=LINE('',#13272,#13273);
#10313=LINE('',#13274,#13275);
#10314=LINE('',#13276,#13277);
#10315=LINE('',#13278,#13279);
#10316=LINE('',#13280,#13281);
#10317=VERTEX_POINT('',#13282);
#10318=LINE('',#13283,#13284);
#10319=VERTEX_POINT('',#13285);
#10320=LINE('',#13286,#13287);
#10321=VERTEX_POINT('',#13288);
#10322=LINE('',#13289,#13290);
#10323=LINE('',#13291,#13292);
#10324=VERTEX_POINT('',#13293);
#10325=LINE('',#13294,#13295);
#10326=LINE('',#13296,#13297);
#10327=VERTEX_POINT('',#13298);
#10328=LINE('',#13299,#13300);
#10329=VERTEX_POINT('',#13301);
#10330=LINE('',#13302,#13303);
#10331=LINE('',#13304,#13305);
#10332=VERTEX_POINT('',#13306);
#10333=LINE('',#13307,#13308);
#10334=LINE('',#13309,#13310);
#10335=VERTEX_POINT('',#13311);
#10336=LINE('',#13312,#13313);
#10337=LINE('',#13314,#13315);
#10338=LINE('',#13316,#13317);
#10339=VERTEX_POINT('',#13318);
#10340=LINE('',#13319,#13320);
#10341=VERTEX_POINT('',#13321);
#10342=LINE('',#13322,#13323);
#10343=LINE('',#13324,#13325);
#10344=VERTEX_POINT('',#13326);
#10345=VERTEX_POINT('',#13327);
#10346=LINE('',#13328,#13329);
#10347=LINE('',#13330,#13331);
#10348=VERTEX_POINT('',#13332);
#10349=LINE('',#13333,#13334);
#10350=VERTEX_POINT('',#13335);
#10351=LINE('',#13336,#13337);
#10352=LINE('',#13338,#13339);
#10353=VERTEX_POINT('',#13340);
#10354=LINE('',#13341,#13342);
#10355=VERTEX_POINT('',#13343);
#10356=LINE('',#13344,#13345);
#10357=LINE('',#13346,#13347);
#10358=VERTEX_POINT('',#13348);
#10359=LINE('',#13349,#13350);
#10360=VERTEX_POINT('',#13351);
#10361=LINE('',#13352,#13353);
#10362=LINE('',#13354,#13355);
#10363=VERTEX_POINT('',#13356);
#10364=VERTEX_POINT('',#13357);
#10365=LINE('',#13358,#13359);
#10366=VERTEX_POINT('',#13360);
#10367=LINE('',#13361,#13362);
#10368=LINE('',#13363,#13364);
#10369=VERTEX_POINT('',#13365);
#10370=LINE('',#13366,#13367);
#10371=VERTEX_POINT('',#13368);
#10372=LINE('',#13369,#13370);
#10373=LINE('',#13371,#13372);
#10374=VERTEX_POINT('',#13373);
#10375=CIRCLE('',#13374,0.254);
#10376=VERTEX_POINT('',#13375);
#10377=LINE('',#13376,#13377);
#10378=VERTEX_POINT('',#13378);
#10379=LINE('',#13379,#13380);
#10380=VERTEX_POINT('',#13381);
#10381=LINE('',#13382,#13383);
#10382=VERTEX_POINT('',#13384);
#10383=CIRCLE('',#13385,0.504000000000016);
#10384=LINE('',#13386,#13387);
#10385=VERTEX_POINT('',#13388);
#10386=LINE('',#13389,#13390);
#10387=LINE('',#13391,#13392);
#10388=VERTEX_POINT('',#13393);
#10389=CIRCLE('',#13394,0.504000000000016);
#10390=VERTEX_POINT('',#13395);
#10391=LINE('',#13396,#13397);
#10392=VERTEX_POINT('',#13398);
#10393=LINE('',#13399,#13400);
#10394=VERTEX_POINT('',#13401);
#10395=LINE('',#13402,#13403);
#10396=CIRCLE('',#13404,0.254);
#10397=VERTEX_POINT('',#13405);
#10398=VERTEX_POINT('',#13406);
#10399=LINE('',#13407,#13408);
#10400=LINE('',#13409,#13410);
#10401=LINE('',#13411,#13412);
#10402=LINE('',#13413,#13414);
#10403=LINE('',#13415,#13416);
#10404=LINE('',#13417,#13418);
#10405=LINE('',#13419,#13420);
#10406=VERTEX_POINT('',#13421);
#10407=LINE('',#13422,#13423);
#10408=VERTEX_POINT('',#13424);
#10409=LINE('',#13425,#13426);
#10410=VERTEX_POINT('',#13427);
#10411=LINE('',#13428,#13429);
#10412=LINE('',#13430,#13431);
#10413=LINE('',#13432,#13433);
#10414=LINE('',#13434,#13435);
#10415=VERTEX_POINT('',#13436);
#10416=LINE('',#13437,#13438);
#10417=LINE('',#13439,#13440);
#10418=VERTEX_POINT('',#13441);
#10419=LINE('',#13442,#13443);
#10420=LINE('',#13444,#13445);
#10421=LINE('',#13446,#13447);
#10422=LINE('',#13448,#13449);
#10423=LINE('',#13450,#13451);
#10424=LINE('',#13452,#13453);
#10425=LINE('',#13454,#13455);
#10426=VERTEX_POINT('',#13456);
#10427=LINE('',#13457,#13458);
#10428=VERTEX_POINT('',#13459);
#10429=LINE('',#13460,#13461);
#10430=VERTEX_POINT('',#13462);
#10431=LINE('',#13463,#13464);
#10432=LINE('',#13465,#13466);
#10433=VERTEX_POINT('',#13467);
#10434=LINE('',#13468,#13469);
#10435=LINE('',#13470,#13471);
#10436=VERTEX_POINT('',#13472);
#10437=LINE('',#13473,#13474);
#10438=VERTEX_POINT('',#13475);
#10439=LINE('',#13476,#13477);
#10440=LINE('',#13478,#13479);
#10441=VERTEX_POINT('',#13480);
#10442=LINE('',#13481,#13482);
#10443=LINE('',#13483,#13484);
#10444=VERTEX_POINT('',#13485);
#10445=LINE('',#13486,#13487);
#10446=LINE('',#13488,#13489);
#10447=LINE('',#13490,#13491);
#10448=VERTEX_POINT('',#13492);
#10449=LINE('',#13493,#13494);
#10450=VERTEX_POINT('',#13495);
#10451=LINE('',#13496,#13497);
#10452=LINE('',#13498,#13499);
#10453=VERTEX_POINT('',#13500);
#10454=VERTEX_POINT('',#13501);
#10455=LINE('',#13502,#13503);
#10456=LINE('',#13504,#13505);
#10457=VERTEX_POINT('',#13506);
#10458=LINE('',#13507,#13508);
#10459=VERTEX_POINT('',#13509);
#10460=LINE('',#13510,#13511);
#10461=LINE('',#13512,#13513);
#10462=VERTEX_POINT('',#13514);
#10463=LINE('',#13515,#13516);
#10464=VERTEX_POINT('',#13517);
#10465=LINE('',#13518,#13519);
#10466=LINE('',#13520,#13521);
#10467=VERTEX_POINT('',#13522);
#10468=LINE('',#13523,#13524);
#10469=VERTEX_POINT('',#13525);
#10470=LINE('',#13526,#13527);
#10471=LINE('',#13528,#13529);
#10472=VERTEX_POINT('',#13530);
#10473=VERTEX_POINT('',#13531);
#10474=LINE('',#13532,#13533);
#10475=VERTEX_POINT('',#13534);
#10476=LINE('',#13535,#13536);
#10477=LINE('',#13537,#13538);
#10478=VERTEX_POINT('',#13539);
#10479=LINE('',#13540,#13541);
#10480=VERTEX_POINT('',#13542);
#10481=LINE('',#13543,#13544);
#10482=LINE('',#13545,#13546);
#10483=VERTEX_POINT('',#13547);
#10484=CIRCLE('',#13548,0.254);
#10485=VERTEX_POINT('',#13549);
#10486=LINE('',#13550,#13551);
#10487=VERTEX_POINT('',#13552);
#10488=LINE('',#13553,#13554);
#10489=VERTEX_POINT('',#13555);
#10490=LINE('',#13556,#13557);
#10491=VERTEX_POINT('',#13558);
#10492=CIRCLE('',#13559,0.504000000000016);
#10493=LINE('',#13560,#13561);
#10494=VERTEX_POINT('',#13562);
#10495=LINE('',#13563,#13564);
#10496=LINE('',#13565,#13566);
#10497=VERTEX_POINT('',#13567);
#10498=CIRCLE('',#13568,0.504000000000016);
#10499=VERTEX_POINT('',#13569);
#10500=LINE('',#13570,#13571);
#10501=VERTEX_POINT('',#13572);
#10502=LINE('',#13573,#13574);
#10503=VERTEX_POINT('',#13575);
#10504=LINE('',#13576,#13577);
#10505=CIRCLE('',#13578,0.254);
#10506=VERTEX_POINT('',#13579);
#10507=VERTEX_POINT('',#13580);
#10508=LINE('',#13581,#13582);
#10509=LINE('',#13583,#13584);
#10510=LINE('',#13585,#13586);
#10511=LINE('',#13587,#13588);
#10512=LINE('',#13589,#13590);
#10513=LINE('',#13591,#13592);
#10514=LINE('',#13593,#13594);
#10515=VERTEX_POINT('',#13595);
#10516=LINE('',#13596,#13597);
#10517=VERTEX_POINT('',#13598);
#10518=LINE('',#13599,#13600);
#10519=VERTEX_POINT('',#13601);
#10520=LINE('',#13602,#13603);
#10521=LINE('',#13604,#13605);
#10522=LINE('',#13606,#13607);
#10523=LINE('',#13608,#13609);
#10524=VERTEX_POINT('',#13610);
#10525=LINE('',#13611,#13612);
#10526=LINE('',#13613,#13614);
#10527=VERTEX_POINT('',#13615);
#10528=LINE('',#13616,#13617);
#10529=LINE('',#13618,#13619);
#10530=LINE('',#13620,#13621);
#10531=LINE('',#13622,#13623);
#10532=LINE('',#13624,#13625);
#10533=LINE('',#13626,#13627);
#10534=LINE('',#13628,#13629);
#10535=VERTEX_POINT('',#13630);
#10536=LINE('',#13631,#13632);
#10537=VERTEX_POINT('',#13633);
#10538=LINE('',#13634,#13635);
#10539=VERTEX_POINT('',#13636);
#10540=LINE('',#13637,#13638);
#10541=LINE('',#13639,#13640);
#10542=VERTEX_POINT('',#13641);
#10543=LINE('',#13642,#13643);
#10544=LINE('',#13644,#13645);
#10545=VERTEX_POINT('',#13646);
#10546=LINE('',#13647,#13648);
#10547=VERTEX_POINT('',#13649);
#10548=LINE('',#13650,#13651);
#10549=LINE('',#13652,#13653);
#10550=VERTEX_POINT('',#13654);
#10551=LINE('',#13655,#13656);
#10552=LINE('',#13657,#13658);
#10553=VERTEX_POINT('',#13659);
#10554=LINE('',#13660,#13661);
#10555=LINE('',#13662,#13663);
#10556=LINE('',#13664,#13665);
#10557=VERTEX_POINT('',#13666);
#10558=LINE('',#13667,#13668);
#10559=VERTEX_POINT('',#13669);
#10560=LINE('',#13670,#13671);
#10561=LINE('',#13672,#13673);
#10562=VERTEX_POINT('',#13674);
#10563=VERTEX_POINT('',#13675);
#10564=LINE('',#13676,#13677);
#10565=LINE('',#13678,#13679);
#10566=VERTEX_POINT('',#13680);
#10567=LINE('',#13681,#13682);
#10568=VERTEX_POINT('',#13683);
#10569=LINE('',#13684,#13685);
#10570=LINE('',#13686,#13687);
#10571=VERTEX_POINT('',#13688);
#10572=LINE('',#13689,#13690);
#10573=VERTEX_POINT('',#13691);
#10574=LINE('',#13692,#13693);
#10575=LINE('',#13694,#13695);
#10576=VERTEX_POINT('',#13696);
#10577=LINE('',#13697,#13698);
#10578=VERTEX_POINT('',#13699);
#10579=LINE('',#13700,#13701);
#10580=LINE('',#13702,#13703);
#10581=VERTEX_POINT('',#13704);
#10582=VERTEX_POINT('',#13705);
#10583=LINE('',#13706,#13707);
#10584=VERTEX_POINT('',#13708);
#10585=LINE('',#13709,#13710);
#10586=LINE('',#13711,#13712);
#10587=VERTEX_POINT('',#13713);
#10588=LINE('',#13714,#13715);
#10589=VERTEX_POINT('',#13716);
#10590=LINE('',#13717,#13718);
#10591=LINE('',#13719,#13720);
#10592=VERTEX_POINT('',#13721);
#10593=CIRCLE('',#13722,0.254);
#10594=VERTEX_POINT('',#13723);
#10595=LINE('',#13724,#13725);
#10596=VERTEX_POINT('',#13726);
#10597=LINE('',#13727,#13728);
#10598=VERTEX_POINT('',#13729);
#10599=LINE('',#13730,#13731);
#10600=VERTEX_POINT('',#13732);
#10601=CIRCLE('',#13733,0.504000000000016);
#10602=LINE('',#13734,#13735);
#10603=VERTEX_POINT('',#13736);
#10604=LINE('',#13737,#13738);
#10605=LINE('',#13739,#13740);
#10606=VERTEX_POINT('',#13741);
#10607=CIRCLE('',#13742,0.504000000000016);
#10608=VERTEX_POINT('',#13743);
#10609=LINE('',#13744,#13745);
#10610=VERTEX_POINT('',#13746);
#10611=LINE('',#13747,#13748);
#10612=VERTEX_POINT('',#13749);
#10613=LINE('',#13750,#13751);
#10614=CIRCLE('',#13752,0.254);
#10615=VERTEX_POINT('',#13753);
#10616=VERTEX_POINT('',#13754);
#10617=LINE('',#13755,#13756);
#10618=LINE('',#13757,#13758);
#10619=LINE('',#13759,#13760);
#10620=LINE('',#13761,#13762);
#10621=LINE('',#13763,#13764);
#10622=LINE('',#13765,#13766);
#10623=LINE('',#13767,#13768);
#10624=VERTEX_POINT('',#13769);
#10625=LINE('',#13770,#13771);
#10626=VERTEX_POINT('',#13772);
#10627=LINE('',#13773,#13774);
#10628=VERTEX_POINT('',#13775);
#10629=LINE('',#13776,#13777);
#10630=LINE('',#13778,#13779);
#10631=LINE('',#13780,#13781);
#10632=LINE('',#13782,#13783);
#10633=VERTEX_POINT('',#13784);
#10634=LINE('',#13785,#13786);
#10635=LINE('',#13787,#13788);
#10636=VERTEX_POINT('',#13789);
#10637=LINE('',#13790,#13791);
#10638=LINE('',#13792,#13793);
#10639=LINE('',#13794,#13795);
#10640=LINE('',#13796,#13797);
#10641=LINE('',#13798,#13799);
#10642=LINE('',#13800,#13801);
#10643=LINE('',#13802,#13803);
#10644=VERTEX_POINT('',#13804);
#10645=LINE('',#13805,#13806);
#10646=VERTEX_POINT('',#13807);
#10647=LINE('',#13808,#13809);
#10648=VERTEX_POINT('',#13810);
#10649=LINE('',#13811,#13812);
#10650=LINE('',#13813,#13814);
#10651=VERTEX_POINT('',#13815);
#10652=LINE('',#13816,#13817);
#10653=LINE('',#13818,#13819);
#10654=VERTEX_POINT('',#13820);
#10655=LINE('',#13821,#13822);
#10656=VERTEX_POINT('',#13823);
#10657=LINE('',#13824,#13825);
#10658=LINE('',#13826,#13827);
#10659=VERTEX_POINT('',#13828);
#10660=LINE('',#13829,#13830);
#10661=LINE('',#13831,#13832);
#10662=VERTEX_POINT('',#13833);
#10663=LINE('',#13834,#13835);
#10664=LINE('',#13836,#13837);
#10665=LINE('',#13838,#13839);
#10666=VERTEX_POINT('',#13840);
#10667=LINE('',#13841,#13842);
#10668=VERTEX_POINT('',#13843);
#10669=LINE('',#13844,#13845);
#10670=LINE('',#13846,#13847);
#10671=VERTEX_POINT('',#13848);
#10672=VERTEX_POINT('',#13849);
#10673=LINE('',#13850,#13851);
#10674=LINE('',#13852,#13853);
#10675=VERTEX_POINT('',#13854);
#10676=LINE('',#13855,#13856);
#10677=VERTEX_POINT('',#13857);
#10678=LINE('',#13858,#13859);
#10679=LINE('',#13860,#13861);
#10680=VERTEX_POINT('',#13862);
#10681=LINE('',#13863,#13864);
#10682=VERTEX_POINT('',#13865);
#10683=LINE('',#13866,#13867);
#10684=LINE('',#13868,#13869);
#10685=VERTEX_POINT('',#13870);
#10686=LINE('',#13871,#13872);
#10687=VERTEX_POINT('',#13873);
#10688=LINE('',#13874,#13875);
#10689=LINE('',#13876,#13877);
#10690=VERTEX_POINT('',#13878);
#10691=VERTEX_POINT('',#13879);
#10692=LINE('',#13880,#13881);
#10693=VERTEX_POINT('',#13882);
#10694=LINE('',#13883,#13884);
#10695=LINE('',#13885,#13886);
#10696=VERTEX_POINT('',#13887);
#10697=LINE('',#13888,#13889);
#10698=VERTEX_POINT('',#13890);
#10699=LINE('',#13891,#13892);
#10700=LINE('',#13893,#13894);
#10701=VERTEX_POINT('',#13895);
#10702=CIRCLE('',#13896,0.254);
#10703=VERTEX_POINT('',#13897);
#10704=LINE('',#13898,#13899);
#10705=VERTEX_POINT('',#13900);
#10706=LINE('',#13901,#13902);
#10707=VERTEX_POINT('',#13903);
#10708=LINE('',#13904,#13905);
#10709=VERTEX_POINT('',#13906);
#10710=CIRCLE('',#13907,0.504000000000016);
#10711=LINE('',#13908,#13909);
#10712=VERTEX_POINT('',#13910);
#10713=LINE('',#13911,#13912);
#10714=LINE('',#13913,#13914);
#10715=VERTEX_POINT('',#13915);
#10716=CIRCLE('',#13916,0.504000000000016);
#10717=VERTEX_POINT('',#13917);
#10718=LINE('',#13918,#13919);
#10719=VERTEX_POINT('',#13920);
#10720=LINE('',#13921,#13922);
#10721=VERTEX_POINT('',#13923);
#10722=LINE('',#13924,#13925);
#10723=CIRCLE('',#13926,0.254);
#10724=VERTEX_POINT('',#13927);
#10725=VERTEX_POINT('',#13928);
#10726=LINE('',#13929,#13930);
#10727=LINE('',#13931,#13932);
#10728=LINE('',#13933,#13934);
#10729=LINE('',#13935,#13936);
#10730=LINE('',#13937,#13938);
#10731=LINE('',#13939,#13940);
#10732=LINE('',#13941,#13942);
#10733=VERTEX_POINT('',#13943);
#10734=LINE('',#13944,#13945);
#10735=VERTEX_POINT('',#13946);
#10736=LINE('',#13947,#13948);
#10737=VERTEX_POINT('',#13949);
#10738=LINE('',#13950,#13951);
#10739=LINE('',#13952,#13953);
#10740=LINE('',#13954,#13955);
#10741=LINE('',#13956,#13957);
#10742=VERTEX_POINT('',#13958);
#10743=LINE('',#13959,#13960);
#10744=LINE('',#13961,#13962);
#10745=VERTEX_POINT('',#13963);
#10746=LINE('',#13964,#13965);
#10747=LINE('',#13966,#13967);
#10748=LINE('',#13968,#13969);
#10749=LINE('',#13970,#13971);
#10750=LINE('',#13972,#13973);
#10751=LINE('',#13974,#13975);
#10752=LINE('',#13976,#13977);
#10753=VERTEX_POINT('',#13978);
#10754=LINE('',#13979,#13980);
#10755=VERTEX_POINT('',#13981);
#10756=LINE('',#13982,#13983);
#10757=VERTEX_POINT('',#13984);
#10758=LINE('',#13985,#13986);
#10759=LINE('',#13987,#13988);
#10760=VERTEX_POINT('',#13989);
#10761=LINE('',#13990,#13991);
#10762=LINE('',#13992,#13993);
#10763=VERTEX_POINT('',#13994);
#10764=LINE('',#13995,#13996);
#10765=VERTEX_POINT('',#13997);
#10766=LINE('',#13998,#13999);
#10767=LINE('',#14000,#14001);
#10768=VERTEX_POINT('',#14002);
#10769=LINE('',#14003,#14004);
#10770=LINE('',#14005,#14006);
#10771=VERTEX_POINT('',#14007);
#10772=LINE('',#14008,#14009);
#10773=LINE('',#14010,#14011);
#10774=LINE('',#14012,#14013);
#10775=VERTEX_POINT('',#14014);
#10776=LINE('',#14015,#14016);
#10777=VERTEX_POINT('',#14017);
#10778=LINE('',#14018,#14019);
#10779=LINE('',#14020,#14021);
#10780=VERTEX_POINT('',#14022);
#10781=VERTEX_POINT('',#14023);
#10782=LINE('',#14024,#14025);
#10783=LINE('',#14026,#14027);
#10784=VERTEX_POINT('',#14028);
#10785=LINE('',#14029,#14030);
#10786=VERTEX_POINT('',#14031);
#10787=LINE('',#14032,#14033);
#10788=LINE('',#14034,#14035);
#10789=VERTEX_POINT('',#14036);
#10790=LINE('',#14037,#14038);
#10791=VERTEX_POINT('',#14039);
#10792=LINE('',#14040,#14041);
#10793=LINE('',#14042,#14043);
#10794=VERTEX_POINT('',#14044);
#10795=LINE('',#14045,#14046);
#10796=VERTEX_POINT('',#14047);
#10797=LINE('',#14048,#14049);
#10798=LINE('',#14050,#14051);
#10799=VERTEX_POINT('',#14052);
#10800=VERTEX_POINT('',#14053);
#10801=LINE('',#14054,#14055);
#10802=VERTEX_POINT('',#14056);
#10803=LINE('',#14057,#14058);
#10804=LINE('',#14059,#14060);
#10805=VERTEX_POINT('',#14061);
#10806=LINE('',#14062,#14063);
#10807=VERTEX_POINT('',#14064);
#10808=LINE('',#14065,#14066);
#10809=LINE('',#14067,#14068);
#10810=VERTEX_POINT('',#14069);
#10811=CIRCLE('',#14070,0.254);
#10812=VERTEX_POINT('',#14071);
#10813=LINE('',#14072,#14073);
#10814=VERTEX_POINT('',#14074);
#10815=LINE('',#14075,#14076);
#10816=VERTEX_POINT('',#14077);
#10817=LINE('',#14078,#14079);
#10818=VERTEX_POINT('',#14080);
#10819=CIRCLE('',#14081,0.504000000000016);
#10820=LINE('',#14082,#14083);
#10821=VERTEX_POINT('',#14084);
#10822=LINE('',#14085,#14086);
#10823=LINE('',#14087,#14088);
#10824=VERTEX_POINT('',#14089);
#10825=CIRCLE('',#14090,0.504000000000016);
#10826=VERTEX_POINT('',#14091);
#10827=LINE('',#14092,#14093);
#10828=VERTEX_POINT('',#14094);
#10829=LINE('',#14095,#14096);
#10830=VERTEX_POINT('',#14097);
#10831=LINE('',#14098,#14099);
#10832=CIRCLE('',#14100,0.254);
#10833=VERTEX_POINT('',#14101);
#10834=VERTEX_POINT('',#14102);
#10835=LINE('',#14103,#14104);
#10836=LINE('',#14105,#14106);
#10837=LINE('',#14107,#14108);
#10838=LINE('',#14109,#14110);
#10839=LINE('',#14111,#14112);
#10840=LINE('',#14113,#14114);
#10841=LINE('',#14115,#14116);
#10842=VERTEX_POINT('',#14117);
#10843=LINE('',#14118,#14119);
#10844=VERTEX_POINT('',#14120);
#10845=LINE('',#14121,#14122);
#10846=VERTEX_POINT('',#14123);
#10847=LINE('',#14124,#14125);
#10848=LINE('',#14126,#14127);
#10849=LINE('',#14128,#14129);
#10850=LINE('',#14130,#14131);
#10851=VERTEX_POINT('',#14132);
#10852=LINE('',#14133,#14134);
#10853=LINE('',#14135,#14136);
#10854=VERTEX_POINT('',#14137);
#10855=LINE('',#14138,#14139);
#10856=LINE('',#14140,#14141);
#10857=LINE('',#14142,#14143);
#10858=LINE('',#14144,#14145);
#10859=LINE('',#14146,#14147);
#10860=LINE('',#14148,#14149);
#10861=LINE('',#14150,#14151);
#10862=VERTEX_POINT('',#14152);
#10863=LINE('',#14153,#14154);
#10864=LINE('',#14155,#14156);
#10865=LINE('',#14157,#14158);
#10866=LINE('',#14159,#14160);
#10867=LINE('',#14161,#14162);
#10868=LINE('',#14163,#14164);
#10869=VERTEX_POINT('',#14165);
#10870=LINE('',#14166,#14167);
#10871=LINE('',#14168,#14169);
#10872=LINE('',#14170,#14171);
#10873=LINE('',#14172,#14173);
#10874=LINE('',#14174,#14175);
#10875=VERTEX_POINT('',#14176);
#10876=LINE('',#14177,#14178);
#10877=VERTEX_POINT('',#14179);
#10878=LINE('',#14180,#14181);
#10879=VERTEX_POINT('',#14182);
#10880=LINE('',#14183,#14184);
#10881=VERTEX_POINT('',#14185);
#10882=LINE('',#14186,#14187);
#10883=LINE('',#14188,#14189);
#10884=VERTEX_POINT('',#14190);
#10885=LINE('',#14191,#14192);
#10886=VERTEX_POINT('',#14193);
#10887=LINE('',#14194,#14195);
#10888=LINE('',#14196,#14197);
#10889=VERTEX_POINT('',#14198);
#10890=VERTEX_POINT('',#14199);
#10891=LINE('',#14200,#14201);
#10892=VERTEX_POINT('',#14202);
#10893=LINE('',#14203,#14204);
#10894=VERTEX_POINT('',#14205);
#10895=LINE('',#14206,#14207);
#10896=VERTEX_POINT('',#14208);
#10897=LINE('',#14209,#14210);
#10898=LINE('',#14211,#14212);
#10899=LINE('',#14213,#14214);
#10900=VERTEX_POINT('',#14215);
#10901=CIRCLE('',#14216,0.254);
#10902=VERTEX_POINT('',#14217);
#10903=LINE('',#14218,#14219);
#10904=VERTEX_POINT('',#14220);
#10905=LINE('',#14221,#14222);
#10906=VERTEX_POINT('',#14223);
#10907=LINE('',#14224,#14225);
#10908=VERTEX_POINT('',#14226);
#10909=CIRCLE('',#14227,0.508);
#10910=LINE('',#14228,#14229);
#10911=VERTEX_POINT('',#14230);
#10912=LINE('',#14231,#14232);
#10913=LINE('',#14233,#14234);
#10914=VERTEX_POINT('',#14235);
#10915=CIRCLE('',#14236,0.508);
#10916=VERTEX_POINT('',#14237);
#10917=LINE('',#14238,#14239);
#10918=VERTEX_POINT('',#14240);
#10919=LINE('',#14241,#14242);
#10920=VERTEX_POINT('',#14243);
#10921=LINE('',#14244,#14245);
#10922=CIRCLE('',#14246,0.254);
#10923=VERTEX_POINT('',#14247);
#10924=VERTEX_POINT('',#14248);
#10925=LINE('',#14249,#14250);
#10926=LINE('',#14251,#14252);
#10927=LINE('',#14253,#14254);
#10928=LINE('',#14255,#14256);
#10929=LINE('',#14257,#14258);
#10930=LINE('',#14259,#14260);
#10931=LINE('',#14261,#14262);
#10932=VERTEX_POINT('',#14263);
#10933=VERTEX_POINT('',#14264);
#10934=LINE('',#14265,#14266);
#10935=VERTEX_POINT('',#14267);
#10936=LINE('',#14268,#14269);
#10937=LINE('',#14270,#14271);
#10938=LINE('',#14272,#14273);
#10939=VERTEX_POINT('',#14274);
#10940=LINE('',#14275,#14276);
#10941=LINE('',#14277,#14278);
#10942=VERTEX_POINT('',#14279);
#10943=LINE('',#14280,#14281);
#10944=LINE('',#14282,#14283);
#10945=LINE('',#14284,#14285);
#10946=VERTEX_POINT('',#14286);
#10947=LINE('',#14287,#14288);
#10948=LINE('',#14289,#14290);
#10949=VERTEX_POINT('',#14291);
#10950=LINE('',#14292,#14293);
#10951=VERTEX_POINT('',#14294);
#10952=LINE('',#14295,#14296);
#10953=LINE('',#14297,#14298);
#10954=LINE('',#14299,#14300);
#10955=VERTEX_POINT('',#14301);
#10956=LINE('',#14302,#14303);
#10957=VERTEX_POINT('',#14304);
#10958=LINE('',#14305,#14306);
#10959=VERTEX_POINT('',#14307);
#10960=LINE('',#14308,#14309);
#10961=LINE('',#14310,#14311);
#10962=LINE('',#14312,#14313);
#10963=VERTEX_POINT('',#14314);
#10964=LINE('',#14315,#14316);
#10965=LINE('',#14317,#14318);
#10966=LINE('',#14319,#14320);
#10967=VERTEX_POINT('',#14321);
#10968=LINE('',#14322,#14323);
#10969=LINE('',#14324,#14325);
#10970=LINE('',#14326,#14327);
#10971=VERTEX_POINT('',#14328);
#10972=LINE('',#14329,#14330);
#10973=VERTEX_POINT('',#14331);
#10974=LINE('',#14332,#14333);
#10975=LINE('',#14334,#14335);
#10976=LINE('',#14336,#14337);
#10977=LINE('',#14338,#14339);
#10978=VERTEX_POINT('',#14340);
#10979=LINE('',#14341,#14342);
#10980=VERTEX_POINT('',#14343);
#10981=LINE('',#14344,#14345);
#10982=VERTEX_POINT('',#14346);
#10983=LINE('',#14347,#14348);
#10984=VERTEX_POINT('',#14349);
#10985=LINE('',#14350,#14351);
#10986=LINE('',#14352,#14353);
#10987=VERTEX_POINT('',#14354);
#10988=LINE('',#14355,#14356);
#10989=VERTEX_POINT('',#14357);
#10990=LINE('',#14358,#14359);
#10991=LINE('',#14360,#14361);
#10992=VERTEX_POINT('',#14362);
#10993=VERTEX_POINT('',#14363);
#10994=LINE('',#14364,#14365);
#10995=VERTEX_POINT('',#14366);
#10996=LINE('',#14367,#14368);
#10997=VERTEX_POINT('',#14369);
#10998=LINE('',#14370,#14371);
#10999=VERTEX_POINT('',#14372);
#11000=LINE('',#14373,#14374);
#11001=LINE('',#14375,#14376);
#11002=LINE('',#14377,#14378);
#11003=VERTEX_POINT('',#14379);
#11004=CIRCLE('',#14380,0.254);
#11005=VERTEX_POINT('',#14381);
#11006=LINE('',#14382,#14383);
#11007=VERTEX_POINT('',#14384);
#11008=LINE('',#14385,#14386);
#11009=VERTEX_POINT('',#14387);
#11010=LINE('',#14388,#14389);
#11011=VERTEX_POINT('',#14390);
#11012=CIRCLE('',#14391,0.508);
#11013=LINE('',#14392,#14393);
#11014=VERTEX_POINT('',#14394);
#11015=LINE('',#14395,#14396);
#11016=LINE('',#14397,#14398);
#11017=VERTEX_POINT('',#14399);
#11018=CIRCLE('',#14400,0.508);
#11019=VERTEX_POINT('',#14401);
#11020=LINE('',#14402,#14403);
#11021=VERTEX_POINT('',#14404);
#11022=LINE('',#14405,#14406);
#11023=VERTEX_POINT('',#14407);
#11024=LINE('',#14408,#14409);
#11025=CIRCLE('',#14410,0.254);
#11026=VERTEX_POINT('',#14411);
#11027=VERTEX_POINT('',#14412);
#11028=LINE('',#14413,#14414);
#11029=LINE('',#14415,#14416);
#11030=LINE('',#14417,#14418);
#11031=LINE('',#14419,#14420);
#11032=LINE('',#14421,#14422);
#11033=LINE('',#14423,#14424);
#11034=LINE('',#14425,#14426);
#11035=VERTEX_POINT('',#14427);
#11036=VERTEX_POINT('',#14428);
#11037=LINE('',#14429,#14430);
#11038=VERTEX_POINT('',#14431);
#11039=LINE('',#14432,#14433);
#11040=LINE('',#14434,#14435);
#11041=LINE('',#14436,#14437);
#11042=VERTEX_POINT('',#14438);
#11043=LINE('',#14439,#14440);
#11044=LINE('',#14441,#14442);
#11045=VERTEX_POINT('',#14443);
#11046=LINE('',#14444,#14445);
#11047=LINE('',#14446,#14447);
#11048=LINE('',#14448,#14449);
#11049=VERTEX_POINT('',#14450);
#11050=LINE('',#14451,#14452);
#11051=LINE('',#14453,#14454);
#11052=VERTEX_POINT('',#14455);
#11053=LINE('',#14456,#14457);
#11054=VERTEX_POINT('',#14458);
#11055=LINE('',#14459,#14460);
#11056=LINE('',#14461,#14462);
#11057=LINE('',#14463,#14464);
#11058=VERTEX_POINT('',#14465);
#11059=LINE('',#14466,#14467);
#11060=VERTEX_POINT('',#14468);
#11061=LINE('',#14469,#14470);
#11062=VERTEX_POINT('',#14471);
#11063=LINE('',#14472,#14473);
#11064=LINE('',#14474,#14475);
#11065=LINE('',#14476,#14477);
#11066=VERTEX_POINT('',#14478);
#11067=LINE('',#14479,#14480);
#11068=LINE('',#14481,#14482);
#11069=LINE('',#14483,#14484);
#11070=VERTEX_POINT('',#14485);
#11071=LINE('',#14486,#14487);
#11072=LINE('',#14488,#14489);
#11073=LINE('',#14490,#14491);
#11074=VERTEX_POINT('',#14492);
#11075=LINE('',#14493,#14494);
#11076=VERTEX_POINT('',#14495);
#11077=LINE('',#14496,#14497);
#11078=LINE('',#14498,#14499);
#11079=LINE('',#14500,#14501);
#11080=LINE('',#14502,#14503);
#11081=VERTEX_POINT('',#14504);
#11082=VERTEX_POINT('',#14505);
#11083=LINE('',#14506,#14507);
#11084=VERTEX_POINT('',#14508);
#11085=LINE('',#14509,#14510);
#11086=LINE('',#14511,#14512);
#11087=VERTEX_POINT('',#14513);
#11088=LINE('',#14514,#14515);
#11089=LINE('',#14516,#14517);
#11090=VERTEX_POINT('',#14518);
#11091=LINE('',#14519,#14520);
#11092=VERTEX_POINT('',#14521);
#11093=LINE('',#14522,#14523);
#11094=LINE('',#14524,#14525);
#11095=VERTEX_POINT('',#14526);
#11096=LINE('',#14527,#14528);
#11097=VERTEX_POINT('',#14529);
#11098=LINE('',#14530,#14531);
#11099=VERTEX_POINT('',#14532);
#11100=LINE('',#14533,#14534);
#11101=VERTEX_POINT('',#14535);
#11102=LINE('',#14536,#14537);
#11103=VERTEX_POINT('',#14538);
#11104=LINE('',#14539,#14540);
#11105=LINE('',#14541,#14542);
#11106=VERTEX_POINT('',#14543);
#11107=LINE('',#14544,#14545);
#11108=VERTEX_POINT('',#14546);
#11109=LINE('',#14547,#14548);
#11110=LINE('',#14549,#14550);
#11111=VERTEX_POINT('',#14551);
#11112=VERTEX_POINT('',#14552);
#11113=LINE('',#14553,#14554);
#11114=LINE('',#14555,#14556);
#11115=VERTEX_POINT('',#14557);
#11116=LINE('',#14558,#14559);
#11117=VERTEX_POINT('',#14560);
#11118=LINE('',#14561,#14562);
#11119=LINE('',#14563,#14564);
#11120=VERTEX_POINT('',#14565);
#11121=CIRCLE('',#14566,0.254);
#11122=VERTEX_POINT('',#14567);
#11123=LINE('',#14568,#14569);
#11124=VERTEX_POINT('',#14570);
#11125=LINE('',#14571,#14572);
#11126=VERTEX_POINT('',#14573);
#11127=LINE('',#14574,#14575);
#11128=VERTEX_POINT('',#14576);
#11129=CIRCLE('',#14577,0.508);
#11130=LINE('',#14578,#14579);
#11131=VERTEX_POINT('',#14580);
#11132=LINE('',#14581,#14582);
#11133=LINE('',#14583,#14584);
#11134=VERTEX_POINT('',#14585);
#11135=CIRCLE('',#14586,0.508);
#11136=VERTEX_POINT('',#14587);
#11137=LINE('',#14588,#14589);
#11138=VERTEX_POINT('',#14590);
#11139=LINE('',#14591,#14592);
#11140=VERTEX_POINT('',#14593);
#11141=LINE('',#14594,#14595);
#11142=CIRCLE('',#14596,0.254);
#11143=VERTEX_POINT('',#14597);
#11144=VERTEX_POINT('',#14598);
#11145=LINE('',#14599,#14600);
#11146=LINE('',#14601,#14602);
#11147=LINE('',#14603,#14604);
#11148=LINE('',#14605,#14606);
#11149=LINE('',#14607,#14608);
#11150=LINE('',#14609,#14610);
#11151=LINE('',#14611,#14612);
#11152=VERTEX_POINT('',#14613);
#11153=LINE('',#14614,#14615);
#11154=VERTEX_POINT('',#14616);
#11155=LINE('',#14617,#14618);
#11156=VERTEX_POINT('',#14619);
#11157=LINE('',#14620,#14621);
#11158=LINE('',#14622,#14623);
#11159=VERTEX_POINT('',#14624);
#11160=LINE('',#14625,#14626);
#11161=LINE('',#14627,#14628);
#11162=LINE('',#14629,#14630);
#11163=VERTEX_POINT('',#14631);
#11164=LINE('',#14632,#14633);
#11165=LINE('',#14634,#14635);
#11166=VERTEX_POINT('',#14636);
#11167=LINE('',#14637,#14638);
#11168=LINE('',#14639,#14640);
#11169=LINE('',#14641,#14642);
#11170=LINE('',#14643,#14644);
#11171=VERTEX_POINT('',#14645);
#11172=LINE('',#14646,#14647);
#11173=VERTEX_POINT('',#14648);
#11174=LINE('',#14649,#14650);
#11175=LINE('',#14651,#14652);
#11176=LINE('',#14653,#14654);
#11177=LINE('',#14655,#14656);
#11178=LINE('',#14657,#14658);
#11179=VERTEX_POINT('',#14659);
#11180=LINE('',#14660,#14661);
#11181=LINE('',#14662,#14663);
#11182=LINE('',#14664,#14665);
#11183=LINE('',#14666,#14667);
#11184=VERTEX_POINT('',#14668);
#11185=VERTEX_POINT('',#14669);
#11186=LINE('',#14670,#14671);
#11187=VERTEX_POINT('',#14672);
#11188=LINE('',#14673,#14674);
#11189=LINE('',#14675,#14676);
#11190=VERTEX_POINT('',#14677);
#11191=LINE('',#14678,#14679);
#11192=LINE('',#14680,#14681);
#11193=VERTEX_POINT('',#14682);
#11194=LINE('',#14683,#14684);
#11195=VERTEX_POINT('',#14685);
#11196=LINE('',#14686,#14687);
#11197=LINE('',#14688,#14689);
#11198=VERTEX_POINT('',#14690);
#11199=LINE('',#14691,#14692);
#11200=VERTEX_POINT('',#14693);
#11201=LINE('',#14694,#14695);
#11202=VERTEX_POINT('',#14696);
#11203=LINE('',#14697,#14698);
#11204=VERTEX_POINT('',#14699);
#11205=LINE('',#14700,#14701);
#11206=VERTEX_POINT('',#14702);
#11207=LINE('',#14703,#14704);
#11208=LINE('',#14705,#14706);
#11209=VERTEX_POINT('',#14707);
#11210=LINE('',#14708,#14709);
#11211=VERTEX_POINT('',#14710);
#11212=LINE('',#14711,#14712);
#11213=LINE('',#14713,#14714);
#11214=VERTEX_POINT('',#14715);
#11215=VERTEX_POINT('',#14716);
#11216=LINE('',#14717,#14718);
#11217=LINE('',#14719,#14720);
#11218=VERTEX_POINT('',#14721);
#11219=LINE('',#14722,#14723);
#11220=VERTEX_POINT('',#14724);
#11221=LINE('',#14725,#14726);
#11222=LINE('',#14727,#14728);
#11223=VERTEX_POINT('',#14729);
#11224=CIRCLE('',#14730,0.254);
#11225=VERTEX_POINT('',#14731);
#11226=LINE('',#14732,#14733);
#11227=VERTEX_POINT('',#14734);
#11228=LINE('',#14735,#14736);
#11229=VERTEX_POINT('',#14737);
#11230=LINE('',#14738,#14739);
#11231=VERTEX_POINT('',#14740);
#11232=CIRCLE('',#14741,0.508);
#11233=LINE('',#14742,#14743);
#11234=VERTEX_POINT('',#14744);
#11235=LINE('',#14745,#14746);
#11236=LINE('',#14747,#14748);
#11237=VERTEX_POINT('',#14749);
#11238=CIRCLE('',#14750,0.508);
#11239=VERTEX_POINT('',#14751);
#11240=LINE('',#14752,#14753);
#11241=VERTEX_POINT('',#14754);
#11242=LINE('',#14755,#14756);
#11243=VERTEX_POINT('',#14757);
#11244=LINE('',#14758,#14759);
#11245=CIRCLE('',#14760,0.254);
#11246=VERTEX_POINT('',#14761);
#11247=VERTEX_POINT('',#14762);
#11248=LINE('',#14763,#14764);
#11249=LINE('',#14765,#14766);
#11250=LINE('',#14767,#14768);
#11251=LINE('',#14769,#14770);
#11252=LINE('',#14771,#14772);
#11253=LINE('',#14773,#14774);
#11254=LINE('',#14775,#14776);
#11255=VERTEX_POINT('',#14777);
#11256=LINE('',#14778,#14779);
#11257=VERTEX_POINT('',#14780);
#11258=LINE('',#14781,#14782);
#11259=VERTEX_POINT('',#14783);
#11260=LINE('',#14784,#14785);
#11261=LINE('',#14786,#14787);
#11262=VERTEX_POINT('',#14788);
#11263=LINE('',#14789,#14790);
#11264=LINE('',#14791,#14792);
#11265=LINE('',#14793,#14794);
#11266=VERTEX_POINT('',#14795);
#11267=LINE('',#14796,#14797);
#11268=LINE('',#14798,#14799);
#11269=VERTEX_POINT('',#14800);
#11270=LINE('',#14801,#14802);
#11271=LINE('',#14803,#14804);
#11272=LINE('',#14805,#14806);
#11273=LINE('',#14807,#14808);
#11274=VERTEX_POINT('',#14809);
#11275=LINE('',#14810,#14811);
#11276=VERTEX_POINT('',#14812);
#11277=LINE('',#14813,#14814);
#11278=LINE('',#14815,#14816);
#11279=LINE('',#14817,#14818);
#11280=LINE('',#14819,#14820);
#11281=LINE('',#14821,#14822);
#11282=VERTEX_POINT('',#14823);
#11283=LINE('',#14824,#14825);
#11284=LINE('',#14826,#14827);
#11285=LINE('',#14828,#14829);
#11286=LINE('',#14830,#14831);
#11287=VERTEX_POINT('',#14832);
#11288=VERTEX_POINT('',#14833);
#11289=LINE('',#14834,#14835);
#11290=VERTEX_POINT('',#14836);
#11291=LINE('',#14837,#14838);
#11292=LINE('',#14839,#14840);
#11293=VERTEX_POINT('',#14841);
#11294=LINE('',#14842,#14843);
#11295=LINE('',#14844,#14845);
#11296=VERTEX_POINT('',#14846);
#11297=LINE('',#14847,#14848);
#11298=VERTEX_POINT('',#14849);
#11299=LINE('',#14850,#14851);
#11300=LINE('',#14852,#14853);
#11301=VERTEX_POINT('',#14854);
#11302=LINE('',#14855,#14856);
#11303=VERTEX_POINT('',#14857);
#11304=LINE('',#14858,#14859);
#11305=VERTEX_POINT('',#14860);
#11306=LINE('',#14861,#14862);
#11307=VERTEX_POINT('',#14863);
#11308=LINE('',#14864,#14865);
#11309=VERTEX_POINT('',#14866);
#11310=LINE('',#14867,#14868);
#11311=LINE('',#14869,#14870);
#11312=VERTEX_POINT('',#14871);
#11313=LINE('',#14872,#14873);
#11314=VERTEX_POINT('',#14874);
#11315=LINE('',#14875,#14876);
#11316=LINE('',#14877,#14878);
#11317=VERTEX_POINT('',#14879);
#11318=VERTEX_POINT('',#14880);
#11319=LINE('',#14881,#14882);
#11320=LINE('',#14883,#14884);
#11321=VERTEX_POINT('',#14885);
#11322=LINE('',#14886,#14887);
#11323=VERTEX_POINT('',#14888);
#11324=LINE('',#14889,#14890);
#11325=LINE('',#14891,#14892);
#11326=VERTEX_POINT('',#14893);
#11327=CIRCLE('',#14894,0.254);
#11328=VERTEX_POINT('',#14895);
#11329=LINE('',#14896,#14897);
#11330=VERTEX_POINT('',#14898);
#11331=LINE('',#14899,#14900);
#11332=VERTEX_POINT('',#14901);
#11333=LINE('',#14902,#14903);
#11334=VERTEX_POINT('',#14904);
#11335=CIRCLE('',#14905,0.508);
#11336=LINE('',#14906,#14907);
#11337=VERTEX_POINT('',#14908);
#11338=LINE('',#14909,#14910);
#11339=LINE('',#14911,#14912);
#11340=VERTEX_POINT('',#14913);
#11341=CIRCLE('',#14914,0.508);
#11342=VERTEX_POINT('',#14915);
#11343=LINE('',#14916,#14917);
#11344=VERTEX_POINT('',#14918);
#11345=LINE('',#14919,#14920);
#11346=VERTEX_POINT('',#14921);
#11347=LINE('',#14922,#14923);
#11348=CIRCLE('',#14924,0.254);
#11349=VERTEX_POINT('',#14925);
#11350=VERTEX_POINT('',#14926);
#11351=LINE('',#14927,#14928);
#11352=LINE('',#14929,#14930);
#11353=LINE('',#14931,#14932);
#11354=LINE('',#14933,#14934);
#11355=LINE('',#14935,#14936);
#11356=LINE('',#14937,#14938);
#11357=LINE('',#14939,#14940);
#11358=VERTEX_POINT('',#14941);
#11359=LINE('',#14942,#14943);
#11360=VERTEX_POINT('',#14944);
#11361=LINE('',#14945,#14946);
#11362=VERTEX_POINT('',#14947);
#11363=LINE('',#14948,#14949);
#11364=LINE('',#14950,#14951);
#11365=VERTEX_POINT('',#14952);
#11366=LINE('',#14953,#14954);
#11367=LINE('',#14955,#14956);
#11368=LINE('',#14957,#14958);
#11369=VERTEX_POINT('',#14959);
#11370=LINE('',#14960,#14961);
#11371=LINE('',#14962,#14963);
#11372=VERTEX_POINT('',#14964);
#11373=LINE('',#14965,#14966);
#11374=LINE('',#14967,#14968);
#11375=LINE('',#14969,#14970);
#11376=LINE('',#14971,#14972);
#11377=VERTEX_POINT('',#14973);
#11378=LINE('',#14974,#14975);
#11379=VERTEX_POINT('',#14976);
#11380=LINE('',#14977,#14978);
#11381=LINE('',#14979,#14980);
#11382=LINE('',#14981,#14982);
#11383=LINE('',#14983,#14984);
#11384=LINE('',#14985,#14986);
#11385=VERTEX_POINT('',#14987);
#11386=LINE('',#14988,#14989);
#11387=LINE('',#14990,#14991);
#11388=LINE('',#14992,#14993);
#11389=LINE('',#14994,#14995);
#11390=VERTEX_POINT('',#14996);
#11391=VERTEX_POINT('',#14997);
#11392=LINE('',#14998,#14999);
#11393=VERTEX_POINT('',#15000);
#11394=LINE('',#15001,#15002);
#11395=LINE('',#15003,#15004);
#11396=VERTEX_POINT('',#15005);
#11397=LINE('',#15006,#15007);
#11398=LINE('',#15008,#15009);
#11399=VERTEX_POINT('',#15010);
#11400=LINE('',#15011,#15012);
#11401=VERTEX_POINT('',#15013);
#11402=LINE('',#15014,#15015);
#11403=LINE('',#15016,#15017);
#11404=VERTEX_POINT('',#15018);
#11405=LINE('',#15019,#15020);
#11406=VERTEX_POINT('',#15021);
#11407=LINE('',#15022,#15023);
#11408=VERTEX_POINT('',#15024);
#11409=LINE('',#15025,#15026);
#11410=VERTEX_POINT('',#15027);
#11411=LINE('',#15028,#15029);
#11412=VERTEX_POINT('',#15030);
#11413=LINE('',#15031,#15032);
#11414=LINE('',#15033,#15034);
#11415=VERTEX_POINT('',#15035);
#11416=LINE('',#15036,#15037);
#11417=VERTEX_POINT('',#15038);
#11418=LINE('',#15039,#15040);
#11419=LINE('',#15041,#15042);
#11420=VERTEX_POINT('',#15043);
#11421=VERTEX_POINT('',#15044);
#11422=LINE('',#15045,#15046);
#11423=LINE('',#15047,#15048);
#11424=VERTEX_POINT('',#15049);
#11425=LINE('',#15050,#15051);
#11426=VERTEX_POINT('',#15052);
#11427=LINE('',#15053,#15054);
#11428=LINE('',#15055,#15056);
#11429=VERTEX_POINT('',#15057);
#11430=CIRCLE('',#15058,0.254);
#11431=VERTEX_POINT('',#15059);
#11432=LINE('',#15060,#15061);
#11433=VERTEX_POINT('',#15062);
#11434=LINE('',#15063,#15064);
#11435=VERTEX_POINT('',#15065);
#11436=LINE('',#15066,#15067);
#11437=VERTEX_POINT('',#15068);
#11438=CIRCLE('',#15069,0.508);
#11439=LINE('',#15070,#15071);
#11440=VERTEX_POINT('',#15072);
#11441=LINE('',#15073,#15074);
#11442=LINE('',#15075,#15076);
#11443=VERTEX_POINT('',#15077);
#11444=CIRCLE('',#15078,0.508);
#11445=VERTEX_POINT('',#15079);
#11446=LINE('',#15080,#15081);
#11447=VERTEX_POINT('',#15082);
#11448=LINE('',#15083,#15084);
#11449=VERTEX_POINT('',#15085);
#11450=LINE('',#15086,#15087);
#11451=CIRCLE('',#15088,0.254);
#11452=VERTEX_POINT('',#15089);
#11453=VERTEX_POINT('',#15090);
#11454=LINE('',#15091,#15092);
#11455=LINE('',#15093,#15094);
#11456=LINE('',#15095,#15096);
#11457=LINE('',#15097,#15098);
#11458=LINE('',#15099,#15100);
#11459=LINE('',#15101,#15102);
#11460=LINE('',#15103,#15104);
#11461=VERTEX_POINT('',#15105);
#11462=LINE('',#15106,#15107);
#11463=VERTEX_POINT('',#15108);
#11464=LINE('',#15109,#15110);
#11465=VERTEX_POINT('',#15111);
#11466=LINE('',#15112,#15113);
#11467=LINE('',#15114,#15115);
#11468=VERTEX_POINT('',#15116);
#11469=LINE('',#15117,#15118);
#11470=LINE('',#15119,#15120);
#11471=LINE('',#15121,#15122);
#11472=VERTEX_POINT('',#15123);
#11473=LINE('',#15124,#15125);
#11474=LINE('',#15126,#15127);
#11475=VERTEX_POINT('',#15128);
#11476=LINE('',#15129,#15130);
#11477=LINE('',#15131,#15132);
#11478=LINE('',#15133,#15134);
#11479=LINE('',#15135,#15136);
#11480=VERTEX_POINT('',#15137);
#11481=LINE('',#15138,#15139);
#11482=VERTEX_POINT('',#15140);
#11483=LINE('',#15141,#15142);
#11484=LINE('',#15143,#15144);
#11485=LINE('',#15145,#15146);
#11486=LINE('',#15147,#15148);
#11487=LINE('',#15149,#15150);
#11488=VERTEX_POINT('',#15151);
#11489=LINE('',#15152,#15153);
#11490=LINE('',#15154,#15155);
#11491=LINE('',#15156,#15157);
#11492=LINE('',#15158,#15159);
#11493=VERTEX_POINT('',#15160);
#11494=LINE('',#15161,#15162);
#11495=VERTEX_POINT('',#15163);
#11496=LINE('',#15164,#15165);
#11497=VERTEX_POINT('',#15166);
#11498=LINE('',#15167,#15168);
#11499=VERTEX_POINT('',#15169);
#11500=LINE('',#15170,#15171);
#11501=LINE('',#15172,#15173);
#11502=VERTEX_POINT('',#15174);
#11503=LINE('',#15175,#15176);
#11504=VERTEX_POINT('',#15177);
#11505=LINE('',#15178,#15179);
#11506=LINE('',#15180,#15181);
#11507=VERTEX_POINT('',#15182);
#11508=VERTEX_POINT('',#15183);
#11509=LINE('',#15184,#15185);
#11510=LINE('',#15186,#15187);
#11511=VERTEX_POINT('',#15188);
#11512=LINE('',#15189,#15190);
#11513=VERTEX_POINT('',#15191);
#11514=LINE('',#15192,#15193);
#11515=VERTEX_POINT('',#15194);
#11516=LINE('',#15195,#15196);
#11517=LINE('',#15197,#15198);
#11518=VERTEX_POINT('',#15199);
#11519=CIRCLE('',#15200,0.254);
#11520=VERTEX_POINT('',#15201);
#11521=LINE('',#15202,#15203);
#11522=VERTEX_POINT('',#15204);
#11523=LINE('',#15205,#15206);
#11524=VERTEX_POINT('',#15207);
#11525=LINE('',#15208,#15209);
#11526=VERTEX_POINT('',#15210);
#11527=CIRCLE('',#15211,0.508);
#11528=LINE('',#15212,#15213);
#11529=VERTEX_POINT('',#15214);
#11530=LINE('',#15215,#15216);
#11531=LINE('',#15217,#15218);
#11532=VERTEX_POINT('',#15219);
#11533=CIRCLE('',#15220,0.508);
#11534=VERTEX_POINT('',#15221);
#11535=LINE('',#15222,#15223);
#11536=VERTEX_POINT('',#15224);
#11537=LINE('',#15225,#15226);
#11538=VERTEX_POINT('',#15227);
#11539=LINE('',#15228,#15229);
#11540=CIRCLE('',#15230,0.254);
#11541=VERTEX_POINT('',#15231);
#11542=VERTEX_POINT('',#15232);
#11543=LINE('',#15233,#15234);
#11544=LINE('',#15235,#15236);
#11545=LINE('',#15237,#15238);
#11546=LINE('',#15239,#15240);
#11547=LINE('',#15241,#15242);
#11548=LINE('',#15243,#15244);
#11549=LINE('',#15245,#15246);
#11550=VERTEX_POINT('',#15247);
#11551=LINE('',#15248,#15249);
#11552=VERTEX_POINT('',#15250);
#11553=LINE('',#15251,#15252);
#11554=VERTEX_POINT('',#15253);
#11555=LINE('',#15254,#15255);
#11556=LINE('',#15256,#15257);
#11557=VERTEX_POINT('',#15258);
#11558=VERTEX_POINT('',#15259);
#11559=LINE('',#15260,#15261);
#11560=VERTEX_POINT('',#15262);
#11561=LINE('',#15263,#15264);
#11562=LINE('',#15265,#15266);
#11563=LINE('',#15267,#15268);
#11564=VERTEX_POINT('',#15269);
#11565=LINE('',#15270,#15271);
#11566=LINE('',#15272,#15273);
#11567=LINE('',#15274,#15275);
#11568=VERTEX_POINT('',#15276);
#11569=LINE('',#15277,#15278);
#11570=VERTEX_POINT('',#15279);
#11571=LINE('',#15280,#15281);
#11572=VERTEX_POINT('',#15282);
#11573=LINE('',#15283,#15284);
#11574=LINE('',#15285,#15286);
#11575=VERTEX_POINT('',#15287);
#11576=LINE('',#15288,#15289);
#11577=VERTEX_POINT('',#15290);
#11578=LINE('',#15291,#15292);
#11579=LINE('',#15293,#15294);
#11580=LINE('',#15295,#15296);
#11581=LINE('',#15297,#15298);
#11582=VERTEX_POINT('',#15299);
#11583=LINE('',#15300,#15301);
#11584=LINE('',#15302,#15303);
#11585=LINE('',#15304,#15305);
#11586=VERTEX_POINT('',#15306);
#11587=LINE('',#15307,#15308);
#11588=LINE('',#15309,#15310);
#11589=LINE('',#15311,#15312);
#11590=LINE('',#15313,#15314);
#11591=LINE('',#15315,#15316);
#11592=VERTEX_POINT('',#15317);
#11593=LINE('',#15318,#15319);
#11594=LINE('',#15320,#15321);
#11595=LINE('',#15322,#15323);
#11596=CARTESIAN_POINT('',(-9.8425,-2.286,0.0));
#11597=CARTESIAN_POINT('',(-9.8425,2.286,0.0));
#11598=CARTESIAN_POINT('',(-9.8425,-2.286,0.0));
#11599=VECTOR('',#15324,4.572);
#11600=CARTESIAN_POINT('',(-10.1473,-2.286,0.0));
#11601=CARTESIAN_POINT('',(-10.1473,-2.286,0.0));
#11602=VECTOR('',#15325,0.3048);
#11603=CARTESIAN_POINT('',(-10.1473,2.286,0.0));
#11604=CARTESIAN_POINT('',(-10.1473,2.286,0.0));
#11605=VECTOR('',#15326,4.572);
#11606=CARTESIAN_POINT('',(-10.1473,2.286,0.0));
#11607=VECTOR('',#15327,0.3048);
#11608=CARTESIAN_POINT('',(-7.3025,-2.286,0.0));
#11609=CARTESIAN_POINT('',(-7.3025,2.286,0.0));
#11610=CARTESIAN_POINT('',(-7.3025,-2.286,0.0));
#11611=VECTOR('',#15328,4.572);
#11612=CARTESIAN_POINT('',(-7.9375,-2.286,0.0));
#11613=CARTESIAN_POINT('',(-7.9375,-2.286,0.0));
#11614=VECTOR('',#15329,0.635);
#11615=CARTESIAN_POINT('',(-7.9375,2.286,0.0));
#11616=CARTESIAN_POINT('',(-7.9375,-2.286,0.0));
#11617=VECTOR('',#15330,4.572);
#11618=CARTESIAN_POINT('',(-7.9375,2.286,0.0));
#11619=VECTOR('',#15331,0.635);
#11620=CARTESIAN_POINT('',(-4.7625,-2.286,0.0));
#11621=CARTESIAN_POINT('',(-4.7625,2.286,0.0));
#11622=CARTESIAN_POINT('',(-4.7625,-2.286,0.0));
#11623=VECTOR('',#15332,4.572);
#11624=CARTESIAN_POINT('',(-5.3975,-2.286,0.0));
#11625=CARTESIAN_POINT('',(-5.3975,-2.286,0.0));
#11626=VECTOR('',#15333,0.635);
#11627=CARTESIAN_POINT('',(-5.3975,2.286,0.0));
#11628=CARTESIAN_POINT('',(-5.3975,-2.286,0.0));
#11629=VECTOR('',#15334,4.572);
#11630=CARTESIAN_POINT('',(-5.3975,2.286,0.0));
#11631=VECTOR('',#15335,0.635);
#11632=CARTESIAN_POINT('',(-2.2225,-2.286,0.0));
#11633=CARTESIAN_POINT('',(-2.2225,2.286,0.0));
#11634=CARTESIAN_POINT('',(-2.2225,-2.286,0.0));
#11635=VECTOR('',#15336,4.572);
#11636=CARTESIAN_POINT('',(-2.8575,-2.286,0.0));
#11637=CARTESIAN_POINT('',(-2.8575,-2.286,0.0));
#11638=VECTOR('',#15337,0.635);
#11639=CARTESIAN_POINT('',(-2.8575,2.286,0.0));
#11640=CARTESIAN_POINT('',(-2.8575,-2.286,0.0));
#11641=VECTOR('',#15338,4.572);
#11642=CARTESIAN_POINT('',(-2.8575,2.286,0.0));
#11643=VECTOR('',#15339,0.635);
#11644=CARTESIAN_POINT('',(0.3175,-2.286,0.0));
#11645=CARTESIAN_POINT('',(0.3175,2.286,0.0));
#11646=CARTESIAN_POINT('',(0.3175,-2.286,0.0));
#11647=VECTOR('',#15340,4.572);
#11648=CARTESIAN_POINT('',(-0.3175,-2.286,0.0));
#11649=CARTESIAN_POINT('',(-0.3175,-2.286,0.0));
#11650=VECTOR('',#15341,0.635);
#11651=CARTESIAN_POINT('',(-0.3175,2.286,0.0));
#11652=CARTESIAN_POINT('',(-0.3175,-2.286,0.0));
#11653=VECTOR('',#15342,4.572);
#11654=CARTESIAN_POINT('',(-0.3175,2.286,0.0));
#11655=VECTOR('',#15343,0.635);
#11656=CARTESIAN_POINT('',(2.8575,-2.286,0.0));
#11657=CARTESIAN_POINT('',(2.8575,2.286,0.0));
#11658=CARTESIAN_POINT('',(2.8575,-2.286,0.0));
#11659=VECTOR('',#15344,4.572);
#11660=CARTESIAN_POINT('',(2.2225,-2.286,0.0));
#11661=CARTESIAN_POINT('',(2.2225,-2.286,0.0));
#11662=VECTOR('',#15345,0.635);
#11663=CARTESIAN_POINT('',(2.2225,2.286,0.0));
#11664=CARTESIAN_POINT('',(2.2225,-2.286,0.0));
#11665=VECTOR('',#15346,4.572);
#11666=CARTESIAN_POINT('',(2.2225,2.286,0.0));
#11667=VECTOR('',#15347,0.635);
#11668=CARTESIAN_POINT('',(9.8425,-2.286,0.0));
#11669=CARTESIAN_POINT('',(10.1473,-2.286,0.0));
#11670=CARTESIAN_POINT('',(9.8425,-2.286,0.0));
#11671=VECTOR('',#15348,0.3048);
#11672=CARTESIAN_POINT('',(9.8425,2.286,0.0));
#11673=CARTESIAN_POINT('',(9.8425,-2.286,0.0));
#11674=VECTOR('',#15349,4.572);
#11675=CARTESIAN_POINT('',(10.1473,2.286,0.0));
#11676=CARTESIAN_POINT('',(9.8425,2.286,0.0));
#11677=VECTOR('',#15350,0.3048);
#11678=CARTESIAN_POINT('',(10.1473,-2.286,0.0));
#11679=VECTOR('',#15351,4.572);
#11680=CARTESIAN_POINT('',(5.3975,-2.286,0.0));
#11681=CARTESIAN_POINT('',(5.3975,2.286,0.0));
#11682=CARTESIAN_POINT('',(5.3975,-2.286,0.0));
#11683=VECTOR('',#15352,4.572);
#11684=CARTESIAN_POINT('',(4.7625,-2.286,0.0));
#11685=CARTESIAN_POINT('',(4.7625,-2.286,0.0));
#11686=VECTOR('',#15353,0.635);
#11687=CARTESIAN_POINT('',(4.7625,2.286,0.0));
#11688=CARTESIAN_POINT('',(4.7625,-2.286,0.0));
#11689=VECTOR('',#15354,4.572);
#11690=CARTESIAN_POINT('',(4.7625,2.286,0.0));
#11691=VECTOR('',#15355,0.635);
#11692=CARTESIAN_POINT('',(7.9375,-2.286,0.0));
#11693=CARTESIAN_POINT('',(7.9375,2.286,0.0));
#11694=CARTESIAN_POINT('',(7.9375,-2.286,0.0));
#11695=VECTOR('',#15356,4.572);
#11696=CARTESIAN_POINT('',(7.3025,-2.286,0.0));
#11697=CARTESIAN_POINT('',(7.3025,-2.286,0.0));
#11698=VECTOR('',#15357,0.635);
#11699=CARTESIAN_POINT('',(7.3025,2.286,0.0));
#11700=CARTESIAN_POINT('',(7.3025,-2.286,0.0));
#11701=VECTOR('',#15358,4.572);
#11702=CARTESIAN_POINT('',(7.3025,2.286,0.0));
#11703=VECTOR('',#15359,0.635);
#11704=CARTESIAN_POINT('',(-10.1473,2.286,0.508));
#11705=CARTESIAN_POINT('',(-10.1473,2.286,0.0));
#11706=VECTOR('',#15360,0.508);
#11707=CARTESIAN_POINT('',(-9.5885,2.286,0.508));
#11708=CARTESIAN_POINT('',(-10.1473,2.286,0.508));
#11709=VECTOR('',#15361,0.5588);
#11710=CARTESIAN_POINT('',(-9.8425,2.286,0.0));
#11711=VECTOR('',#15362,0.567961266285);
#11712=CARTESIAN_POINT('',(-8.1915,2.286,0.508));
#11713=CARTESIAN_POINT('',(-8.1915,2.286,0.508));
#11714=VECTOR('',#15363,0.567961266285);
#11715=CARTESIAN_POINT('',(-7.0485,2.286,0.508));
#11716=CARTESIAN_POINT('',(-8.1915,2.286,0.508));
#11717=VECTOR('',#15364,1.143);
#11718=CARTESIAN_POINT('',(-7.3025,2.286,0.0));
#11719=VECTOR('',#15365,0.567961266285);
#11720=CARTESIAN_POINT('',(-5.6515,2.286,0.508));
#11721=CARTESIAN_POINT('',(-5.6515,2.286,0.508));
#11722=VECTOR('',#15366,0.567961266285);
#11723=CARTESIAN_POINT('',(-4.5085,2.286,0.508));
#11724=CARTESIAN_POINT('',(-5.6515,2.286,0.508));
#11725=VECTOR('',#15367,1.143);
#11726=CARTESIAN_POINT('',(-4.7625,2.286,0.0));
#11727=VECTOR('',#15368,0.567961266285);
#11728=CARTESIAN_POINT('',(-3.1115,2.286,0.508));
#11729=CARTESIAN_POINT('',(-3.1115,2.286,0.508));
#11730=VECTOR('',#15369,0.567961266285);
#11731=CARTESIAN_POINT('',(-1.9685,2.286,0.508));
#11732=CARTESIAN_POINT('',(-3.1115,2.286,0.508));
#11733=VECTOR('',#15370,1.143);
#11734=CARTESIAN_POINT('',(-2.2225,2.286,0.0));
#11735=VECTOR('',#15371,0.567961266285);
#11736=CARTESIAN_POINT('',(-0.5715,2.286,0.508));
#11737=CARTESIAN_POINT('',(-0.5715,2.286,0.508));
#11738=VECTOR('',#15372,0.567961266285);
#11739=CARTESIAN_POINT('',(0.5715,2.286,0.508));
#11740=CARTESIAN_POINT('',(-0.5715,2.286,0.508));
#11741=VECTOR('',#15373,1.143);
#11742=CARTESIAN_POINT('',(0.3175,2.286,0.0));
#11743=VECTOR('',#15374,0.567961266285);
#11744=CARTESIAN_POINT('',(1.9685,2.286,0.508));
#11745=CARTESIAN_POINT('',(1.9685,2.286,0.508));
#11746=VECTOR('',#15375,0.567961266285);
#11747=CARTESIAN_POINT('',(3.1115,2.286,0.508));
#11748=CARTESIAN_POINT('',(1.9685,2.286,0.508));
#11749=VECTOR('',#15376,1.143);
#11750=CARTESIAN_POINT('',(2.8575,2.286,0.0));
#11751=VECTOR('',#15377,0.567961266285);
#11752=CARTESIAN_POINT('',(9.5885,2.286,0.508));
#11753=CARTESIAN_POINT('',(9.5885,2.286,0.508));
#11754=VECTOR('',#15378,0.567961266285);
#11755=CARTESIAN_POINT('',(10.1473,2.286,0.508));
#11756=CARTESIAN_POINT('',(9.5885,2.286,0.508));
#11757=VECTOR('',#15379,0.5588);
#11758=CARTESIAN_POINT('',(10.1473,2.286,0.0));
#11759=VECTOR('',#15380,0.508);
#11760=CARTESIAN_POINT('',(4.5085,2.286,0.508));
#11761=CARTESIAN_POINT('',(4.5085,2.286,0.508));
#11762=VECTOR('',#15381,0.567961266285);
#11763=CARTESIAN_POINT('',(5.6515,2.286,0.508));
#11764=CARTESIAN_POINT('',(4.5085,2.286,0.508));
#11765=VECTOR('',#15382,1.143);
#11766=CARTESIAN_POINT('',(5.3975,2.286,0.0));
#11767=VECTOR('',#15383,0.567961266285);
#11768=CARTESIAN_POINT('',(7.0485,2.286,0.508));
#11769=CARTESIAN_POINT('',(7.0485,2.286,0.508));
#11770=VECTOR('',#15384,0.567961266285);
#11771=CARTESIAN_POINT('',(8.1915,2.286,0.508));
#11772=CARTESIAN_POINT('',(7.0485,2.286,0.508));
#11773=VECTOR('',#15385,1.143);
#11774=CARTESIAN_POINT('',(7.9375,2.286,0.0));
#11775=VECTOR('',#15386,0.567961266285);
#11776=CARTESIAN_POINT('',(-9.5885,-2.286,0.508));
#11777=CARTESIAN_POINT('',(-9.5885,2.286,0.508));
#11778=VECTOR('',#15387,4.572);
#11779=CARTESIAN_POINT('',(-9.8425,-2.286,0.0));
#11780=VECTOR('',#15388,0.567961266285);
#11781=CARTESIAN_POINT('',(-10.1473,-2.286,0.508));
#11782=CARTESIAN_POINT('',(-10.1473,-2.286,0.508));
#11783=VECTOR('',#15389,0.5588);
#11784=CARTESIAN_POINT('',(-10.1473,-2.286,0.0));
#11785=VECTOR('',#15390,0.508);
#11786=CARTESIAN_POINT('',(-7.0485,-2.286,0.508));
#11787=CARTESIAN_POINT('',(-7.3025,-2.286,0.0));
#11788=VECTOR('',#15391,0.567961266285);
#11789=CARTESIAN_POINT('',(-8.1915,-2.286,0.508));
#11790=CARTESIAN_POINT('',(-8.1915,-2.286,0.508));
#11791=VECTOR('',#15392,1.143);
#11792=CARTESIAN_POINT('',(-8.1915,-2.286,0.508));
#11793=VECTOR('',#15393,0.567961266285);
#11794=CARTESIAN_POINT('',(-4.5085,-2.286,0.508));
#11795=CARTESIAN_POINT('',(-4.7625,-2.286,0.0));
#11796=VECTOR('',#15394,0.567961266285);
#11797=CARTESIAN_POINT('',(-5.6515,-2.286,0.508));
#11798=CARTESIAN_POINT('',(-5.6515,-2.286,0.508));
#11799=VECTOR('',#15395,1.143);
#11800=CARTESIAN_POINT('',(-5.6515,-2.286,0.508));
#11801=VECTOR('',#15396,0.567961266285);
#11802=CARTESIAN_POINT('',(-1.9685,-2.286,0.508));
#11803=CARTESIAN_POINT('',(-2.2225,-2.286,0.0));
#11804=VECTOR('',#15397,0.567961266285);
#11805=CARTESIAN_POINT('',(-3.1115,-2.286,0.508));
#11806=CARTESIAN_POINT('',(-3.1115,-2.286,0.508));
#11807=VECTOR('',#15398,1.143);
#11808=CARTESIAN_POINT('',(-3.1115,-2.286,0.508));
#11809=VECTOR('',#15399,0.567961266285);
#11810=CARTESIAN_POINT('',(0.5715,-2.286,0.508));
#11811=CARTESIAN_POINT('',(0.3175,-2.286,0.0));
#11812=VECTOR('',#15400,0.567961266285);
#11813=CARTESIAN_POINT('',(-0.5715,-2.286,0.508));
#11814=CARTESIAN_POINT('',(-0.5715,-2.286,0.508));
#11815=VECTOR('',#15401,1.143);
#11816=CARTESIAN_POINT('',(-0.5715,-2.286,0.508));
#11817=VECTOR('',#15402,0.567961266285);
#11818=CARTESIAN_POINT('',(3.1115,-2.286,0.508));
#11819=CARTESIAN_POINT('',(2.8575,-2.286,0.0));
#11820=VECTOR('',#15403,0.567961266285);
#11821=CARTESIAN_POINT('',(1.9685,-2.286,0.508));
#11822=CARTESIAN_POINT('',(1.9685,-2.286,0.508));
#11823=VECTOR('',#15404,1.143);
#11824=CARTESIAN_POINT('',(1.9685,-2.286,0.508));
#11825=VECTOR('',#15405,0.567961266285);
#11826=CARTESIAN_POINT('',(9.5885,-2.286,0.508));
#11827=CARTESIAN_POINT('',(10.1473,-2.286,0.508));
#11828=CARTESIAN_POINT('',(9.5885,-2.286,0.508));
#11829=VECTOR('',#15406,0.5588);
#11830=CARTESIAN_POINT('',(9.5885,-2.286,0.508));
#11831=VECTOR('',#15407,0.567961266285);
#11832=CARTESIAN_POINT('',(10.1473,-2.286,0.0));
#11833=VECTOR('',#15408,0.508);
#11834=CARTESIAN_POINT('',(5.6515,-2.286,0.508));
#11835=CARTESIAN_POINT('',(5.3975,-2.286,0.0));
#11836=VECTOR('',#15409,0.567961266285);
#11837=CARTESIAN_POINT('',(4.5085,-2.286,0.508));
#11838=CARTESIAN_POINT('',(4.5085,-2.286,0.508));
#11839=VECTOR('',#15410,1.143);
#11840=CARTESIAN_POINT('',(4.5085,-2.286,0.508));
#11841=VECTOR('',#15411,0.567961266285);
#11842=CARTESIAN_POINT('',(8.1915,-2.286,0.508));
#11843=CARTESIAN_POINT('',(7.9375,-2.286,0.0));
#11844=VECTOR('',#15412,0.567961266285);
#11845=CARTESIAN_POINT('',(7.0485,-2.286,0.508));
#11846=CARTESIAN_POINT('',(7.0485,-2.286,0.508));
#11847=VECTOR('',#15413,1.143);
#11848=CARTESIAN_POINT('',(7.0485,-2.286,0.508));
#11849=VECTOR('',#15414,0.567961266285);
#11850=CARTESIAN_POINT('',(-10.1473,-2.5273,0.508));
#11851=CARTESIAN_POINT('',(-10.1473,-2.5273,0.508));
#11852=VECTOR('',#15415,0.2413);
#11853=CARTESIAN_POINT('',(-10.1473,-2.5273,8.636));
#11854=CARTESIAN_POINT('',(-10.1473,-2.5273,0.508));
#11855=VECTOR('',#15416,8.128);
#11856=CARTESIAN_POINT('',(-10.1473,2.5273,8.636));
#11857=CARTESIAN_POINT('',(-10.1473,2.5273,8.636));
#11858=VECTOR('',#15417,5.0546);
#11859=CARTESIAN_POINT('',(-10.1473,2.5273,0.508));
#11860=CARTESIAN_POINT('',(-10.1473,2.5273,0.508));
#11861=VECTOR('',#15418,8.128);
#11862=CARTESIAN_POINT('',(-10.1473,2.5273,0.508));
#11863=VECTOR('',#15419,0.2413);
#11864=CARTESIAN_POINT('',(10.1473,2.5273,0.508));
#11865=CARTESIAN_POINT('',(10.1473,2.5273,0.508));
#11866=VECTOR('',#15420,20.2946);
#11867=CARTESIAN_POINT('',(10.1473,2.5273,0.508));
#11868=VECTOR('',#15421,0.2413);
#11869=CARTESIAN_POINT('',(9.5885,2.286,0.508));
#11870=VECTOR('',#15422,4.572);
#11871=CARTESIAN_POINT('',(10.1473,-2.5273,0.508));
#11872=CARTESIAN_POINT('',(10.1473,-2.5273,0.508));
#11873=VECTOR('',#15423,0.2413);
#11874=CARTESIAN_POINT('',(-10.1473,-2.5273,0.508));
#11875=VECTOR('',#15424,20.2946);
#11876=CARTESIAN_POINT('',(-4.5085,2.286,0.508));
#11877=VECTOR('',#15425,4.572);
#11878=CARTESIAN_POINT('',(-5.6515,2.286,0.508));
#11879=VECTOR('',#15426,4.572);
#11880=CARTESIAN_POINT('',(-1.9685,2.286,0.508));
#11881=VECTOR('',#15427,4.572);
#11882=CARTESIAN_POINT('',(-3.1115,2.286,0.508));
#11883=VECTOR('',#15428,4.572);
#11884=CARTESIAN_POINT('',(0.5715,2.286,0.508));
#11885=VECTOR('',#15429,4.572);
#11886=CARTESIAN_POINT('',(-0.5715,2.286,0.508));
#11887=VECTOR('',#15430,4.572);
#11888=CARTESIAN_POINT('',(3.1115,2.286,0.508));
#11889=VECTOR('',#15431,4.572);
#11890=CARTESIAN_POINT('',(1.9685,2.286,0.508));
#11891=VECTOR('',#15432,4.572);
#11892=CARTESIAN_POINT('',(7.0485,2.286,0.508));
#11893=VECTOR('',#15433,4.572);
#11894=CARTESIAN_POINT('',(8.1915,2.286,0.508));
#11895=VECTOR('',#15434,4.572);
#11896=CARTESIAN_POINT('',(4.5085,2.286,0.508));
#11897=VECTOR('',#15435,4.572);
#11898=CARTESIAN_POINT('',(5.6515,2.286,0.508));
#11899=VECTOR('',#15436,4.572);
#11900=CARTESIAN_POINT('',(-8.1915,2.286,0.508));
#11901=VECTOR('',#15437,4.572);
#11902=CARTESIAN_POINT('',(-7.0485,2.286,0.508));
#11903=VECTOR('',#15438,4.572);
#11904=CARTESIAN_POINT('',(-9.2075,-2.159,0.508));
#11905=CARTESIAN_POINT('',(-8.5725,-2.159,0.508));
#11906=CARTESIAN_POINT('',(-9.2075,-2.159,0.508));
#11907=VECTOR('',#15439,0.635);
#11908=CARTESIAN_POINT('',(-8.5725,-1.905,0.508));
#11909=CARTESIAN_POINT('',(-8.5725,-2.159,0.508));
#11910=VECTOR('',#15440,0.254);
#11911=CARTESIAN_POINT('',(-9.2075,-1.905,0.508));
#11912=CARTESIAN_POINT('',(-9.2075,-1.905,0.508));
#11913=VECTOR('',#15441,0.635);
#11914=CARTESIAN_POINT('',(-9.2075,-2.159,0.508));
#11915=VECTOR('',#15442,0.254);
#11916=CARTESIAN_POINT('',(-6.6675,-2.159,0.508));
#11917=CARTESIAN_POINT('',(-6.0325,-2.159,0.508));
#11918=CARTESIAN_POINT('',(-6.6675,-2.159,0.508));
#11919=VECTOR('',#15443,0.635);
#11920=CARTESIAN_POINT('',(-6.0325,-1.905,0.508));
#11921=CARTESIAN_POINT('',(-6.0325,-2.159,0.508));
#11922=VECTOR('',#15444,0.254);
#11923=CARTESIAN_POINT('',(-6.6675,-1.905,0.508));
#11924=CARTESIAN_POINT('',(-6.6675,-1.905,0.508));
#11925=VECTOR('',#15445,0.635);
#11926=CARTESIAN_POINT('',(-6.6675,-2.159,0.508));
#11927=VECTOR('',#15446,0.254);
#11928=CARTESIAN_POINT('',(-4.1275,-2.159,0.508));
#11929=CARTESIAN_POINT('',(-3.4925,-2.159,0.508));
#11930=CARTESIAN_POINT('',(-4.1275,-2.159,0.508));
#11931=VECTOR('',#15447,0.635);
#11932=CARTESIAN_POINT('',(-3.4925,-1.905,0.508));
#11933=CARTESIAN_POINT('',(-3.4925,-2.159,0.508));
#11934=VECTOR('',#15448,0.254);
#11935=CARTESIAN_POINT('',(-4.1275,-1.905,0.508));
#11936=CARTESIAN_POINT('',(-4.1275,-1.905,0.508));
#11937=VECTOR('',#15449,0.635);
#11938=CARTESIAN_POINT('',(-4.1275,-2.159,0.508));
#11939=VECTOR('',#15450,0.254);
#11940=CARTESIAN_POINT('',(-1.5875,-2.159,0.508));
#11941=CARTESIAN_POINT('',(-0.9525,-2.159,0.508));
#11942=CARTESIAN_POINT('',(-1.5875,-2.159,0.508));
#11943=VECTOR('',#15451,0.635);
#11944=CARTESIAN_POINT('',(-0.9525,-1.905,0.508));
#11945=CARTESIAN_POINT('',(-0.9525,-2.159,0.508));
#11946=VECTOR('',#15452,0.254);
#11947=CARTESIAN_POINT('',(-1.5875,-1.905,0.508));
#11948=CARTESIAN_POINT('',(-1.5875,-1.905,0.508));
#11949=VECTOR('',#15453,0.635);
#11950=CARTESIAN_POINT('',(-1.5875,-2.159,0.508));
#11951=VECTOR('',#15454,0.254);
#11952=CARTESIAN_POINT('',(0.9525,-2.159,0.508));
#11953=CARTESIAN_POINT('',(1.5875,-2.159,0.508));
#11954=CARTESIAN_POINT('',(0.9525,-2.159,0.508));
#11955=VECTOR('',#15455,0.635);
#11956=CARTESIAN_POINT('',(1.5875,-1.905,0.508));
#11957=CARTESIAN_POINT('',(1.5875,-2.159,0.508));
#11958=VECTOR('',#15456,0.254);
#11959=CARTESIAN_POINT('',(0.9525,-1.905,0.508));
#11960=CARTESIAN_POINT('',(0.9525,-1.905,0.508));
#11961=VECTOR('',#15457,0.635);
#11962=CARTESIAN_POINT('',(0.9525,-2.159,0.508));
#11963=VECTOR('',#15458,0.254);
#11964=CARTESIAN_POINT('',(3.4925,-2.159,0.508));
#11965=CARTESIAN_POINT('',(4.1275,-2.159,0.508));
#11966=CARTESIAN_POINT('',(3.4925,-2.159,0.508));
#11967=VECTOR('',#15459,0.635);
#11968=CARTESIAN_POINT('',(4.1275,-1.905,0.508));
#11969=CARTESIAN_POINT('',(4.1275,-2.159,0.508));
#11970=VECTOR('',#15460,0.254);
#11971=CARTESIAN_POINT('',(3.4925,-1.905,0.508));
#11972=CARTESIAN_POINT('',(3.4925,-1.905,0.508));
#11973=VECTOR('',#15461,0.635);
#11974=CARTESIAN_POINT('',(3.4925,-2.159,0.508));
#11975=VECTOR('',#15462,0.254);
#11976=CARTESIAN_POINT('',(6.0325,-2.159,0.508));
#11977=CARTESIAN_POINT('',(6.6675,-2.159,0.508));
#11978=CARTESIAN_POINT('',(6.0325,-2.159,0.508));
#11979=VECTOR('',#15463,0.635);
#11980=CARTESIAN_POINT('',(6.6675,-1.905,0.508));
#11981=CARTESIAN_POINT('',(6.6675,-2.159,0.508));
#11982=VECTOR('',#15464,0.254);
#11983=CARTESIAN_POINT('',(6.0325,-1.905,0.508));
#11984=CARTESIAN_POINT('',(6.0325,-1.905,0.508));
#11985=VECTOR('',#15465,0.635);
#11986=CARTESIAN_POINT('',(6.0325,-2.159,0.508));
#11987=VECTOR('',#15466,0.254);
#11988=CARTESIAN_POINT('',(8.5725,-2.159,0.508));
#11989=CARTESIAN_POINT('',(9.2075,-2.159,0.508));
#11990=CARTESIAN_POINT('',(8.5725,-2.159,0.508));
#11991=VECTOR('',#15467,0.635);
#11992=CARTESIAN_POINT('',(9.2075,-1.905,0.508));
#11993=CARTESIAN_POINT('',(9.2075,-2.159,0.508));
#11994=VECTOR('',#15468,0.254);
#11995=CARTESIAN_POINT('',(8.5725,-1.905,0.508));
#11996=CARTESIAN_POINT('',(8.5725,-1.905,0.508));
#11997=VECTOR('',#15469,0.635);
#11998=CARTESIAN_POINT('',(8.5725,-2.159,0.508));
#11999=VECTOR('',#15470,0.254);
#12000=CARTESIAN_POINT('',(-9.2075,1.905,0.508));
#12001=CARTESIAN_POINT('',(-8.5725,1.905,0.508));
#12002=CARTESIAN_POINT('',(-9.2075,1.905,0.508));
#12003=VECTOR('',#15471,0.635);
#12004=CARTESIAN_POINT('',(-8.5725,2.15500000000002,0.508));
#12005=CARTESIAN_POINT('',(-8.5725,2.15500000000002,0.508));
#12006=VECTOR('',#15472,0.249999999999991);
#12007=CARTESIAN_POINT('',(-9.2075,2.15500000000002,0.508));
#12008=CARTESIAN_POINT('',(-9.2075,2.15500000000002,0.508));
#12009=VECTOR('',#15473,0.635);
#12010=CARTESIAN_POINT('',(-9.2075,2.15500000000002,0.508));
#12011=VECTOR('',#15474,0.249999999999991);
#12012=CARTESIAN_POINT('',(-6.6675,1.905,0.508));
#12013=CARTESIAN_POINT('',(-6.0325,1.905,0.508));
#12014=CARTESIAN_POINT('',(-6.6675,1.905,0.508));
#12015=VECTOR('',#15475,0.635);
#12016=CARTESIAN_POINT('',(-6.0325,2.15500000000002,0.508));
#12017=CARTESIAN_POINT('',(-6.0325,2.15500000000002,0.508));
#12018=VECTOR('',#15476,0.249999999999991);
#12019=CARTESIAN_POINT('',(-6.6675,2.15500000000002,0.508));
#12020=CARTESIAN_POINT('',(-6.6675,2.15500000000002,0.508));
#12021=VECTOR('',#15477,0.635);
#12022=CARTESIAN_POINT('',(-6.6675,2.15500000000002,0.508));
#12023=VECTOR('',#15478,0.249999999999991);
#12024=CARTESIAN_POINT('',(-4.1275,1.905,0.508));
#12025=CARTESIAN_POINT('',(-3.4925,1.905,0.508));
#12026=CARTESIAN_POINT('',(-4.1275,1.905,0.508));
#12027=VECTOR('',#15479,0.635);
#12028=CARTESIAN_POINT('',(-3.4925,2.15500000000002,0.508));
#12029=CARTESIAN_POINT('',(-3.4925,2.15500000000002,0.508));
#12030=VECTOR('',#15480,0.249999999999991);
#12031=CARTESIAN_POINT('',(-4.1275,2.15500000000002,0.508));
#12032=CARTESIAN_POINT('',(-4.1275,2.15500000000002,0.508));
#12033=VECTOR('',#15481,0.635);
#12034=CARTESIAN_POINT('',(-4.1275,2.15500000000002,0.508));
#12035=VECTOR('',#15482,0.249999999999991);
#12036=CARTESIAN_POINT('',(-1.5875,1.905,0.508));
#12037=CARTESIAN_POINT('',(-0.9525,1.905,0.508));
#12038=CARTESIAN_POINT('',(-1.5875,1.905,0.508));
#12039=VECTOR('',#15483,0.635);
#12040=CARTESIAN_POINT('',(-0.9525,2.15500000000002,0.508));
#12041=CARTESIAN_POINT('',(-0.9525,2.15500000000002,0.508));
#12042=VECTOR('',#15484,0.249999999999991);
#12043=CARTESIAN_POINT('',(-1.5875,2.15500000000002,0.508));
#12044=CARTESIAN_POINT('',(-1.5875,2.15500000000002,0.508));
#12045=VECTOR('',#15485,0.635);
#12046=CARTESIAN_POINT('',(-1.5875,2.15500000000002,0.508));
#12047=VECTOR('',#15486,0.249999999999991);
#12048=CARTESIAN_POINT('',(0.9525,1.905,0.508));
#12049=CARTESIAN_POINT('',(1.5875,1.905,0.508));
#12050=CARTESIAN_POINT('',(0.9525,1.905,0.508));
#12051=VECTOR('',#15487,0.635);
#12052=CARTESIAN_POINT('',(1.5875,2.15500000000002,0.508));
#12053=CARTESIAN_POINT('',(1.5875,2.15500000000002,0.508));
#12054=VECTOR('',#15488,0.249999999999991);
#12055=CARTESIAN_POINT('',(0.9525,2.15500000000002,0.508));
#12056=CARTESIAN_POINT('',(0.9525,2.15500000000002,0.508));
#12057=VECTOR('',#15489,0.635);
#12058=CARTESIAN_POINT('',(0.9525,2.15500000000002,0.508));
#12059=VECTOR('',#15490,0.249999999999991);
#12060=CARTESIAN_POINT('',(3.4925,1.905,0.508));
#12061=CARTESIAN_POINT('',(4.1275,1.905,0.508));
#12062=CARTESIAN_POINT('',(3.4925,1.905,0.508));
#12063=VECTOR('',#15491,0.635);
#12064=CARTESIAN_POINT('',(4.1275,2.15500000000002,0.508));
#12065=CARTESIAN_POINT('',(4.1275,2.15500000000002,0.508));
#12066=VECTOR('',#15492,0.249999999999991);
#12067=CARTESIAN_POINT('',(3.4925,2.15500000000002,0.508));
#12068=CARTESIAN_POINT('',(3.4925,2.15500000000002,0.508));
#12069=VECTOR('',#15493,0.635);
#12070=CARTESIAN_POINT('',(3.4925,2.15500000000002,0.508));
#12071=VECTOR('',#15494,0.249999999999991);
#12072=CARTESIAN_POINT('',(6.0325,1.905,0.508));
#12073=CARTESIAN_POINT('',(6.6675,1.905,0.508));
#12074=CARTESIAN_POINT('',(6.0325,1.905,0.508));
#12075=VECTOR('',#15495,0.635);
#12076=CARTESIAN_POINT('',(6.6675,2.15500000000002,0.508));
#12077=CARTESIAN_POINT('',(6.6675,2.15500000000002,0.508));
#12078=VECTOR('',#15496,0.249999999999991);
#12079=CARTESIAN_POINT('',(6.0325,2.15500000000002,0.508));
#12080=CARTESIAN_POINT('',(6.0325,2.15500000000002,0.508));
#12081=VECTOR('',#15497,0.635);
#12082=CARTESIAN_POINT('',(6.0325,2.15500000000002,0.508));
#12083=VECTOR('',#15498,0.249999999999991);
#12084=CARTESIAN_POINT('',(8.5725,1.905,0.508));
#12085=CARTESIAN_POINT('',(9.2075,1.905,0.508));
#12086=CARTESIAN_POINT('',(8.5725,1.905,0.508));
#12087=VECTOR('',#15499,0.635);
#12088=CARTESIAN_POINT('',(9.2075,2.15500000000002,0.508));
#12089=CARTESIAN_POINT('',(9.2075,2.15500000000002,0.508));
#12090=VECTOR('',#15500,0.249999999999991);
#12091=CARTESIAN_POINT('',(8.5725,2.15500000000002,0.508));
#12092=CARTESIAN_POINT('',(8.5725,2.15500000000002,0.508));
#12093=VECTOR('',#15501,0.635);
#12094=CARTESIAN_POINT('',(8.5725,2.15500000000002,0.508));
#12095=VECTOR('',#15502,0.249999999999991);
#12096=CARTESIAN_POINT('',(8.1915,-2.5273,8.636));
#12097=CARTESIAN_POINT('',(8.1915,-2.5273,5.588));
#12098=CARTESIAN_POINT('',(8.1915,-2.5273,8.636));
#12099=VECTOR('',#15503,3.048);
#12100=CARTESIAN_POINT('',(6.4135,-2.5273,8.636));
#12101=CARTESIAN_POINT('',(6.4135,-2.5273,8.636));
#12102=VECTOR('',#15504,1.778);
#12103=CARTESIAN_POINT('',(6.4135,-2.5273,5.588));
#12104=CARTESIAN_POINT('',(6.4135,-2.5273,8.636));
#12105=VECTOR('',#15505,3.048);
#12106=CARTESIAN_POINT('',(5.6515,-2.5273,5.588));
#12107=CARTESIAN_POINT('',(5.6515,-2.5273,5.588));
#12108=VECTOR('',#15506,0.762);
#12109=CARTESIAN_POINT('',(5.6515,-2.5273,8.636));
#12110=CARTESIAN_POINT('',(5.6515,-2.5273,8.636));
#12111=VECTOR('',#15507,3.048);
#12112=CARTESIAN_POINT('',(3.8735,-2.5273,8.636));
#12113=CARTESIAN_POINT('',(3.8735,-2.5273,8.636));
#12114=VECTOR('',#15508,1.778);
#12115=CARTESIAN_POINT('',(3.8735,-2.5273,5.588));
#12116=CARTESIAN_POINT('',(3.8735,-2.5273,8.636));
#12117=VECTOR('',#15509,3.048);
#12118=CARTESIAN_POINT('',(3.1115,-2.5273,5.588));
#12119=CARTESIAN_POINT('',(3.1115,-2.5273,5.588));
#12120=VECTOR('',#15510,0.762);
#12121=CARTESIAN_POINT('',(3.1115,-2.5273,8.636));
#12122=CARTESIAN_POINT('',(3.1115,-2.5273,8.636));
#12123=VECTOR('',#15511,3.048);
#12124=CARTESIAN_POINT('',(1.3335,-2.5273,8.636));
#12125=CARTESIAN_POINT('',(1.3335,-2.5273,8.636));
#12126=VECTOR('',#15512,1.778);
#12127=CARTESIAN_POINT('',(1.3335,-2.5273,5.588));
#12128=CARTESIAN_POINT('',(1.3335,-2.5273,8.636));
#12129=VECTOR('',#15513,3.048);
#12130=CARTESIAN_POINT('',(0.5715,-2.5273,5.588));
#12131=CARTESIAN_POINT('',(0.5715,-2.5273,5.588));
#12132=VECTOR('',#15514,0.762);
#12133=CARTESIAN_POINT('',(0.5715,-2.5273,8.636));
#12134=CARTESIAN_POINT('',(0.5715,-2.5273,8.636));
#12135=VECTOR('',#15515,3.048);
#12136=CARTESIAN_POINT('',(-1.2065,-2.5273,8.636));
#12137=CARTESIAN_POINT('',(-1.2065,-2.5273,8.636));
#12138=VECTOR('',#15516,1.778);
#12139=CARTESIAN_POINT('',(-1.2065,-2.5273,5.588));
#12140=CARTESIAN_POINT('',(-1.2065,-2.5273,8.636));
#12141=VECTOR('',#15517,3.048);
#12142=CARTESIAN_POINT('',(-1.9685,-2.5273,5.588));
#12143=CARTESIAN_POINT('',(-1.9685,-2.5273,5.588));
#12144=VECTOR('',#15518,0.762);
#12145=CARTESIAN_POINT('',(-1.9685,-2.5273,8.636));
#12146=CARTESIAN_POINT('',(-1.9685,-2.5273,8.636));
#12147=VECTOR('',#15519,3.048);
#12148=CARTESIAN_POINT('',(-3.7465,-2.5273,8.636));
#12149=CARTESIAN_POINT('',(-3.7465,-2.5273,8.636));
#12150=VECTOR('',#15520,1.778);
#12151=CARTESIAN_POINT('',(-3.7465,-2.5273,5.588));
#12152=CARTESIAN_POINT('',(-3.7465,-2.5273,8.636));
#12153=VECTOR('',#15521,3.048);
#12154=CARTESIAN_POINT('',(-4.5085,-2.5273,5.588));
#12155=CARTESIAN_POINT('',(-4.5085,-2.5273,5.588));
#12156=VECTOR('',#15522,0.762);
#12157=CARTESIAN_POINT('',(-4.5085,-2.5273,8.636));
#12158=CARTESIAN_POINT('',(-4.5085,-2.5273,8.636));
#12159=VECTOR('',#15523,3.048);
#12160=CARTESIAN_POINT('',(-6.2865,-2.5273,8.636));
#12161=CARTESIAN_POINT('',(-6.2865,-2.5273,8.636));
#12162=VECTOR('',#15524,1.778);
#12163=CARTESIAN_POINT('',(-6.2865,-2.5273,5.588));
#12164=CARTESIAN_POINT('',(-6.2865,-2.5273,8.636));
#12165=VECTOR('',#15525,3.048);
#12166=CARTESIAN_POINT('',(-7.0485,-2.5273,5.588));
#12167=CARTESIAN_POINT('',(-7.0485,-2.5273,5.588));
#12168=VECTOR('',#15526,0.762);
#12169=CARTESIAN_POINT('',(-7.0485,-2.5273,8.636));
#12170=CARTESIAN_POINT('',(-7.0485,-2.5273,8.636));
#12171=VECTOR('',#15527,3.048);
#12172=CARTESIAN_POINT('',(-8.8265,-2.5273,8.636));
#12173=CARTESIAN_POINT('',(-8.8265,-2.5273,8.636));
#12174=VECTOR('',#15528,1.778);
#12175=CARTESIAN_POINT('',(-8.8265,-2.5273,5.588));
#12176=CARTESIAN_POINT('',(-8.8265,-2.5273,8.636));
#12177=VECTOR('',#15529,3.048);
#12178=CARTESIAN_POINT('',(-9.5885,-2.5273,5.588));
#12179=CARTESIAN_POINT('',(-9.5885,-2.5273,5.588));
#12180=VECTOR('',#15530,0.762);
#12181=CARTESIAN_POINT('',(-9.5885,-2.5273,8.636));
#12182=CARTESIAN_POINT('',(-9.5885,-2.5273,8.636));
#12183=VECTOR('',#15531,3.048);
#12184=CARTESIAN_POINT('',(-10.1473,-2.5273,8.636));
#12185=VECTOR('',#15532,0.5588);
#12186=CARTESIAN_POINT('',(10.1473,-2.5273,8.636));
#12187=CARTESIAN_POINT('',(10.1473,-2.5273,0.508));
#12188=VECTOR('',#15533,8.128);
#12189=CARTESIAN_POINT('',(8.9535,-2.5273,8.636));
#12190=CARTESIAN_POINT('',(8.9535,-2.5273,8.636));
#12191=VECTOR('',#15534,1.1938);
#12192=CARTESIAN_POINT('',(8.9535,-2.5273,5.588));
#12193=CARTESIAN_POINT('',(8.9535,-2.5273,8.636));
#12194=VECTOR('',#15535,3.048);
#12195=CARTESIAN_POINT('',(8.1915,-2.5273,5.588));
#12196=VECTOR('',#15536,0.762);
#12197=CARTESIAN_POINT('',(8.5725,-1.9685,5.588));
#12198=CARTESIAN_POINT('',(8.1915,-1.9685,5.588));
#12199=CARTESIAN_POINT('',(8.5725,-1.9685,5.588));
#12200=VECTOR('',#15537,0.381);
#12201=CARTESIAN_POINT('',(8.1915,-1.9685,5.588));
#12202=VECTOR('',#15538,0.5588);
#12203=CARTESIAN_POINT('',(8.9535,-2.159,5.588));
#12204=CARTESIAN_POINT('',(8.9535,-2.5273,5.588));
#12205=VECTOR('',#15539,0.3683);
#12206=CARTESIAN_POINT('',(8.5725,-2.159,5.588));
#12207=CARTESIAN_POINT('',(8.9535,-2.159,5.588));
#12208=VECTOR('',#15540,0.381);
#12209=CARTESIAN_POINT('',(8.5725,-2.159,5.588));
#12210=VECTOR('',#15541,0.1905);
#12211=CARTESIAN_POINT('',(8.5725,-1.905,-0.2032));
#12212=CARTESIAN_POINT('',(8.5725,-1.905,-0.2032));
#12213=VECTOR('',#15542,0.7112);
#12214=CARTESIAN_POINT('',(8.5725,-2.413,-0.7112));
#12215=AXIS2_PLACEMENT_3D('',#15543,#15544,#15545);
#12216=CARTESIAN_POINT('',(8.5725,-3.3782,-0.7112));
#12217=CARTESIAN_POINT('',(8.5725,-3.3782,-0.7112));
#12218=VECTOR('',#15546,0.9652);
#12219=CARTESIAN_POINT('',(8.5725,-3.3782,-0.4572));
#12220=CARTESIAN_POINT('',(8.5725,-3.3782,-0.4572));
#12221=VECTOR('',#15547,0.254);
#12222=CARTESIAN_POINT('',(8.5725,-2.413,-0.4572));
#12223=CARTESIAN_POINT('',(8.5725,-2.413,-0.4572));
#12224=VECTOR('',#15548,0.9652);
#12225=CARTESIAN_POINT('',(8.5725,-2.159,-0.2032));
#12226=AXIS2_PLACEMENT_3D('',#15549,#15550,#15551);
#12227=CARTESIAN_POINT('',(8.5725,-2.159,0.508));
#12228=VECTOR('',#15552,0.7112);
#12229=CARTESIAN_POINT('',(8.5725,-1.9685,6.77301477371984));
#12230=CARTESIAN_POINT('',(8.5725,-1.9685,5.588));
#12231=VECTOR('',#15553,1.18501477371933);
#12232=CARTESIAN_POINT('',(8.5725,-2.159,6.06205909487712));
#12233=CARTESIAN_POINT('',(8.5725,-2.159,6.06205909487712));
#12234=VECTOR('',#15554,0.474059094877374);
#12235=CARTESIAN_POINT('',(8.5725,-1.9685,6.77301477371984));
#12236=VECTOR('',#15555,0.736035479632218);
#12237=CARTESIAN_POINT('',(9.2075,-2.159,-0.2032));
#12238=CARTESIAN_POINT('',(8.5725,-2.159,-0.2032));
#12239=VECTOR('',#15556,0.635);
#12240=CARTESIAN_POINT('',(9.2075,-2.159,0.508));
#12241=VECTOR('',#15557,0.7112);
#12242=CARTESIAN_POINT('',(8.3185,-2.159,7.04343973438776));
#12243=CARTESIAN_POINT('',(8.3185,-2.159,8.0259999999999));
#12244=CARTESIAN_POINT('',(8.3185,-2.159,7.04343973438776));
#12245=VECTOR('',#15558,0.982560265612902);
#12246=CARTESIAN_POINT('',(8.5725,-2.159,7.04343973438776));
#12247=CARTESIAN_POINT('',(8.5725,-2.159,7.04343973438776));
#12248=VECTOR('',#15559,0.254);
#12249=CARTESIAN_POINT('',(8.5725,-2.159,7.04343973438776));
#12250=VECTOR('',#15560,0.981380639509624);
#12251=CARTESIAN_POINT('',(8.9535,-2.159,8.0259999999999));
#12252=CARTESIAN_POINT('',(8.9535,-2.159,5.588));
#12253=VECTOR('',#15561,2.4379999999999);
#12254=CARTESIAN_POINT('',(8.9535,-2.159,8.0259999999999));
#12255=VECTOR('',#15562,0.635);
#12256=CARTESIAN_POINT('',(9.2075,-2.413,-0.4572));
#12257=AXIS2_PLACEMENT_3D('',#15563,#15564,#15565);
#12258=CARTESIAN_POINT('',(9.2075,-3.3782,-0.4572));
#12259=CARTESIAN_POINT('',(9.2075,-2.413,-0.4572));
#12260=VECTOR('',#15566,0.9652);
#12261=CARTESIAN_POINT('',(9.2075,-3.3782,-0.7112));
#12262=CARTESIAN_POINT('',(9.2075,-3.3782,-0.4572));
#12263=VECTOR('',#15567,0.254);
#12264=CARTESIAN_POINT('',(9.2075,-2.413,-0.7112));
#12265=CARTESIAN_POINT('',(9.2075,-3.3782,-0.7112));
#12266=VECTOR('',#15568,0.9652);
#12267=CARTESIAN_POINT('',(9.2075,-1.905,-0.2032));
#12268=AXIS2_PLACEMENT_3D('',#15569,#15570,#15571);
#12269=CARTESIAN_POINT('',(9.2075,-1.905,-0.2032));
#12270=VECTOR('',#15572,0.7112);
#12271=CARTESIAN_POINT('',(8.5725,-1.905,-0.2032));
#12272=VECTOR('',#15573,0.635);
#12273=CARTESIAN_POINT('',(8.5725,-2.413,-0.7112));
#12274=VECTOR('',#15574,0.635);
#12275=CARTESIAN_POINT('',(8.5725,-3.3782,-0.7112));
#12276=VECTOR('',#15575,0.635);
#12277=CARTESIAN_POINT('',(8.5725,-3.3782,-0.4572));
#12278=VECTOR('',#15576,0.635);
#12279=CARTESIAN_POINT('',(8.5725,-2.413,-0.4572));
#12280=VECTOR('',#15577,0.635);
#12281=CARTESIAN_POINT('',(8.9535,-1.9685,8.02613333333242));
#12282=CARTESIAN_POINT('',(8.9535,-1.9685,8.02613333333242));
#12283=VECTOR('',#15578,0.190500046660841);
#12284=CARTESIAN_POINT('',(9.5885,-1.9685,8.02626666666748));
#12285=CARTESIAN_POINT('',(8.9535,-1.9685,8.02613333333242));
#12286=VECTOR('',#15579,0.635000013998194);
#12287=CARTESIAN_POINT('',(9.5885,-0.5715,8.02626666666748));
#12288=CARTESIAN_POINT('',(9.5885,-1.9685,8.02626666666748));
#12289=VECTOR('',#15580,1.397);
#12290=CARTESIAN_POINT('',(8.1915,-0.5715,8.02626666666748));
#12291=CARTESIAN_POINT('',(9.5885,-0.5715,8.02626666666748));
#12292=VECTOR('',#15581,1.397);
#12293=CARTESIAN_POINT('',(8.1915,-1.9685,8.02626666666748));
#12294=CARTESIAN_POINT('',(8.1915,-0.5715,8.02626666666748));
#12295=VECTOR('',#15582,1.397);
#12296=CARTESIAN_POINT('',(8.3185,-1.9685,8.02613333333242));
#12297=CARTESIAN_POINT('',(8.1915,-1.9685,8.02626666666748));
#12298=VECTOR('',#15583,0.127000069991224);
#12299=CARTESIAN_POINT('',(8.3185,-2.159,8.0259999999999));
#12300=VECTOR('',#15584,0.190500046660841);
#12301=CARTESIAN_POINT('',(8.3185,-1.9685,6.77301477371984));
#12302=CARTESIAN_POINT('',(8.3185,-2.24529547438762,5.7399999999999));
#12303=CARTESIAN_POINT('',(8.3185,-1.9685,6.77301477371984));
#12304=VECTOR('',#15585,1.06945558924329);
#12305=CARTESIAN_POINT('',(8.3185,-2.49064063426503,5.8057400374553));
#12306=CARTESIAN_POINT('',(8.3185,-2.24529547438762,5.7399999999999));
#12307=VECTOR('',#15586,0.254);
#12308=CARTESIAN_POINT('',(8.3185,-2.49064063426503,5.8057400374553));
#12309=VECTOR('',#15587,1.2813610147336);
#12310=CARTESIAN_POINT('',(8.3185,-1.9685,6.77301477371984));
#12311=VECTOR('',#15588,1.25311855961385);
#12312=CARTESIAN_POINT('',(8.1915,-1.9685,8.02626666666748));
#12313=VECTOR('',#15589,2.43826666666672);
#12314=CARTESIAN_POINT('',(8.5725,-1.9685,6.77301477371984));
#12315=VECTOR('',#15590,0.254);
#12316=CARTESIAN_POINT('',(8.5725,-2.24529547438762,5.7399999999999));
#12317=CARTESIAN_POINT('',(8.5725,-2.24529547438762,5.7399999999999));
#12318=VECTOR('',#15591,0.254);
#12319=CARTESIAN_POINT('',(8.5725,-2.159,6.06205909487712));
#12320=VECTOR('',#15592,0.333420109611076);
#12321=CARTESIAN_POINT('',(8.5725,-2.49064063426503,5.8057400374553));
#12322=CARTESIAN_POINT('',(8.5725,-2.49064063426503,5.8057400374553));
#12323=VECTOR('',#15593,1.2813610147336);
#12324=CARTESIAN_POINT('',(8.5725,-2.24529547438762,5.7399999999999));
#12325=VECTOR('',#15594,0.254);
#12326=CARTESIAN_POINT('',(8.5725,-2.49064063426503,5.8057400374553));
#12327=VECTOR('',#15595,0.254);
#12328=CARTESIAN_POINT('',(8.1915,-2.2225,8.636));
#12329=CARTESIAN_POINT('',(8.1915,-2.5273,8.636));
#12330=VECTOR('',#15596,0.3048);
#12331=CARTESIAN_POINT('',(8.1915,-0.5715,8.3312));
#12332=CARTESIAN_POINT('',(8.1915,-0.5715,8.02626666666748));
#12333=VECTOR('',#15597,0.304933333333282);
#12334=CARTESIAN_POINT('',(8.1915,-1.9685,8.3312));
#12335=CARTESIAN_POINT('',(8.1915,-0.5715,8.3312));
#12336=VECTOR('',#15598,1.397);
#12337=CARTESIAN_POINT('',(8.1915,-1.9685,8.3312));
#12338=VECTOR('',#15599,0.396760683535974);
#12339=CARTESIAN_POINT('',(7.9375,-2.2225,8.636));
#12340=CARTESIAN_POINT('',(8.1915,-1.9685,8.3312));
#12341=VECTOR('',#15600,0.471099819571146);
#12342=CARTESIAN_POINT('',(7.9375,-2.2225,8.636));
#12343=VECTOR('',#15601,0.254);
#12344=CARTESIAN_POINT('',(8.9535,-2.2225,8.636));
#12345=CARTESIAN_POINT('',(9.8425,-2.2225,8.636));
#12346=CARTESIAN_POINT('',(8.9535,-2.2225,8.636));
#12347=VECTOR('',#15602,0.889);
#12348=CARTESIAN_POINT('',(9.5885,-1.9685,8.3312));
#12349=CARTESIAN_POINT('',(9.5885,-1.9685,8.3312));
#12350=VECTOR('',#15603,0.471099819571146);
#12351=CARTESIAN_POINT('',(8.9535,-1.9685,8.3312));
#12352=CARTESIAN_POINT('',(8.9535,-1.9685,8.3312));
#12353=VECTOR('',#15604,0.635);
#12354=CARTESIAN_POINT('',(8.9535,-1.9685,8.3312));
#12355=VECTOR('',#15605,0.396760683535974);
#12356=CARTESIAN_POINT('',(8.8265,2.5273,8.636));
#12357=CARTESIAN_POINT('',(7.0485,2.5273,8.636));
#12358=CARTESIAN_POINT('',(8.8265,2.5273,8.636));
#12359=VECTOR('',#15606,1.778);
#12360=CARTESIAN_POINT('',(7.0485,2.2225,8.636));
#12361=CARTESIAN_POINT('',(7.0485,2.5273,8.636));
#12362=VECTOR('',#15607,0.3048);
#12363=CARTESIAN_POINT('',(7.31701697176864,2.2225,8.636));
#12364=CARTESIAN_POINT('',(7.0485,2.2225,8.636));
#12365=VECTOR('',#15608,0.26851697176737);
#12366=CARTESIAN_POINT('',(7.31701697176864,0.321144394845308,8.636));
#12367=CARTESIAN_POINT('',(7.31701697176864,2.2225,8.636));
#12368=VECTOR('',#15609,1.90135560515469);
#12369=CARTESIAN_POINT('',(5.41202045775862,0.3175,8.636));
#12370=CARTESIAN_POINT('',(7.31701697176864,0.321144394845308,8.636));
#12371=VECTOR('',#15610,1.905);
#12372=CARTESIAN_POINT('',(5.41202045775862,2.2225,8.636));
#12373=CARTESIAN_POINT('',(5.41202045775862,0.3175,8.636));
#12374=VECTOR('',#15611,1.905);
#12375=CARTESIAN_POINT('',(6.2865,2.2225,8.636));
#12376=CARTESIAN_POINT('',(5.41202045775862,2.2225,8.636));
#12377=VECTOR('',#15612,0.874479542241634);
#12378=CARTESIAN_POINT('',(6.2865,2.5273,8.636));
#12379=CARTESIAN_POINT('',(6.2865,2.5273,8.636));
#12380=VECTOR('',#15613,0.3048);
#12381=CARTESIAN_POINT('',(4.5085,2.5273,8.636));
#12382=CARTESIAN_POINT('',(6.2865,2.5273,8.636));
#12383=VECTOR('',#15614,1.778);
#12384=CARTESIAN_POINT('',(4.5085,2.2225,8.636));
#12385=CARTESIAN_POINT('',(4.5085,2.5273,8.636));
#12386=VECTOR('',#15615,0.3048);
#12387=CARTESIAN_POINT('',(4.77701697176864,2.2225,8.636));
#12388=CARTESIAN_POINT('',(4.5085,2.2225,8.636));
#12389=VECTOR('',#15616,0.26851697176737);
#12390=CARTESIAN_POINT('',(4.77701697176864,0.321144394845308,8.636));
#12391=CARTESIAN_POINT('',(4.77701697176864,2.2225,8.636));
#12392=VECTOR('',#15617,1.90135560515469);
#12393=CARTESIAN_POINT('',(2.87202045775862,0.3175,8.636));
#12394=CARTESIAN_POINT('',(4.77701697176864,0.321144394845308,8.636));
#12395=VECTOR('',#15618,1.905);
#12396=CARTESIAN_POINT('',(2.87202045775862,2.2225,8.636));
#12397=CARTESIAN_POINT('',(2.87202045775862,0.3175,8.636));
#12398=VECTOR('',#15619,1.905);
#12399=CARTESIAN_POINT('',(3.7465,2.2225,8.636));
#12400=CARTESIAN_POINT('',(2.87202045775862,2.2225,8.636));
#12401=VECTOR('',#15620,0.874479542241634);
#12402=CARTESIAN_POINT('',(3.7465,2.5273,8.636));
#12403=CARTESIAN_POINT('',(3.7465,2.5273,8.636));
#12404=VECTOR('',#15621,0.3048);
#12405=CARTESIAN_POINT('',(1.9685,2.5273,8.636));
#12406=CARTESIAN_POINT('',(3.7465,2.5273,8.636));
#12407=VECTOR('',#15622,1.778);
#12408=CARTESIAN_POINT('',(1.9685,2.2225,8.636));
#12409=CARTESIAN_POINT('',(1.9685,2.2225,8.636));
#12410=VECTOR('',#15623,0.3048);
#12411=CARTESIAN_POINT('',(2.23701697176737,2.2225,8.636));
#12412=CARTESIAN_POINT('',(1.9685,2.2225,8.636));
#12413=VECTOR('',#15624,0.26851697176737);
#12414=CARTESIAN_POINT('',(2.23701697176737,0.321144394845308,8.636));
#12415=CARTESIAN_POINT('',(2.23701697176737,2.2225,8.636));
#12416=VECTOR('',#15625,1.90135560515469);
#12417=CARTESIAN_POINT('',(0.332020457758366,0.3175,8.636));
#12418=CARTESIAN_POINT('',(2.23701697176737,0.321144394845308,8.636));
#12419=VECTOR('',#15626,1.905);
#12420=CARTESIAN_POINT('',(0.332020457758366,2.2225,8.636));
#12421=CARTESIAN_POINT('',(0.332020457758366,0.3175,8.636));
#12422=VECTOR('',#15627,1.905);
#12423=CARTESIAN_POINT('',(1.2065,2.2225,8.636));
#12424=CARTESIAN_POINT('',(0.332020457758366,2.2225,8.636));
#12425=VECTOR('',#15628,0.874479542241634);
#12426=CARTESIAN_POINT('',(1.2065,2.5273,8.636));
#12427=CARTESIAN_POINT('',(1.2065,2.2225,8.636));
#12428=VECTOR('',#15629,0.3048);
#12429=CARTESIAN_POINT('',(-0.5715,2.5273,8.636));
#12430=CARTESIAN_POINT('',(1.2065,2.5273,8.636));
#12431=VECTOR('',#15630,1.778);
#12432=CARTESIAN_POINT('',(-0.5715,2.2225,8.636));
#12433=CARTESIAN_POINT('',(-0.5715,2.2225,8.636));
#12434=VECTOR('',#15631,0.3048);
#12435=CARTESIAN_POINT('',(-0.30298302823263,2.2225,8.636));
#12436=CARTESIAN_POINT('',(-0.5715,2.2225,8.636));
#12437=VECTOR('',#15632,0.26851697176737);
#12438=CARTESIAN_POINT('',(-0.30298302823263,0.321144394845308,8.636));
#12439=CARTESIAN_POINT('',(-0.30298302823263,2.2225,8.636));
#12440=VECTOR('',#15633,1.90135560515469);
#12441=CARTESIAN_POINT('',(-2.20797954224163,0.3175,8.636));
#12442=CARTESIAN_POINT('',(-0.30298302823263,0.321144394845308,8.636));
#12443=VECTOR('',#15634,1.905);
#12444=CARTESIAN_POINT('',(-2.20797954224163,2.2225,8.636));
#12445=CARTESIAN_POINT('',(-2.20797954224163,0.3175,8.636));
#12446=VECTOR('',#15635,1.905);
#12447=CARTESIAN_POINT('',(-1.3335,2.2225,8.636));
#12448=CARTESIAN_POINT('',(-2.20797954224163,2.2225,8.636));
#12449=VECTOR('',#15636,0.874479542241634);
#12450=CARTESIAN_POINT('',(-1.3335,2.5273,8.636));
#12451=CARTESIAN_POINT('',(-1.3335,2.2225,8.636));
#12452=VECTOR('',#15637,0.3048);
#12453=CARTESIAN_POINT('',(-3.1115,2.5273,8.636));
#12454=CARTESIAN_POINT('',(-1.3335,2.5273,8.636));
#12455=VECTOR('',#15638,1.778);
#12456=CARTESIAN_POINT('',(-3.1115,2.2225,8.636));
#12457=CARTESIAN_POINT('',(-3.1115,2.2225,8.636));
#12458=VECTOR('',#15639,0.3048);
#12459=CARTESIAN_POINT('',(-2.84298302823136,2.2225,8.636));
#12460=CARTESIAN_POINT('',(-3.1115,2.2225,8.636));
#12461=VECTOR('',#15640,0.26851697176737);
#12462=CARTESIAN_POINT('',(-2.84298302823136,0.321144394845308,8.636));
#12463=CARTESIAN_POINT('',(-2.84298302823136,2.2225,8.636));
#12464=VECTOR('',#15641,1.90135560515469);
#12465=CARTESIAN_POINT('',(-4.74797954224138,0.3175,8.636));
#12466=CARTESIAN_POINT('',(-2.84298302823136,0.321144394845308,8.636));
#12467=VECTOR('',#15642,1.905);
#12468=CARTESIAN_POINT('',(-4.74797954224138,2.2225,8.636));
#12469=CARTESIAN_POINT('',(-4.74797954224138,0.3175,8.636));
#12470=VECTOR('',#15643,1.905);
#12471=CARTESIAN_POINT('',(-3.8735,2.2225,8.636));
#12472=CARTESIAN_POINT('',(-4.74797954224138,2.2225,8.636));
#12473=VECTOR('',#15644,0.874479542241634);
#12474=CARTESIAN_POINT('',(-3.8735,2.5273,8.636));
#12475=CARTESIAN_POINT('',(-3.8735,2.2225,8.636));
#12476=VECTOR('',#15645,0.3048);
#12477=CARTESIAN_POINT('',(-5.6515,2.5273,8.636));
#12478=CARTESIAN_POINT('',(-3.8735,2.5273,8.636));
#12479=VECTOR('',#15646,1.778);
#12480=CARTESIAN_POINT('',(-5.6515,2.2225,8.636));
#12481=CARTESIAN_POINT('',(-5.6515,2.2225,8.636));
#12482=VECTOR('',#15647,0.3048);
#12483=CARTESIAN_POINT('',(-5.38298302823136,2.2225,8.636));
#12484=CARTESIAN_POINT('',(-5.6515,2.2225,8.636));
#12485=VECTOR('',#15648,0.26851697176737);
#12486=CARTESIAN_POINT('',(-5.38298302823136,0.321144394845308,8.636));
#12487=CARTESIAN_POINT('',(-5.38298302823136,2.2225,8.636));
#12488=VECTOR('',#15649,1.90135560515469);
#12489=CARTESIAN_POINT('',(-7.28797954224138,0.3175,8.636));
#12490=CARTESIAN_POINT('',(-5.38298302823136,0.321144394845308,8.636));
#12491=VECTOR('',#15650,1.905);
#12492=CARTESIAN_POINT('',(-7.28797954224138,2.2225,8.636));
#12493=CARTESIAN_POINT('',(-7.28797954224138,0.3175,8.636));
#12494=VECTOR('',#15651,1.905);
#12495=CARTESIAN_POINT('',(-6.4135,2.2225,8.636));
#12496=CARTESIAN_POINT('',(-7.28797954224138,2.2225,8.636));
#12497=VECTOR('',#15652,0.874479542241634);
#12498=CARTESIAN_POINT('',(-6.4135,2.5273,8.636));
#12499=CARTESIAN_POINT('',(-6.4135,2.2225,8.636));
#12500=VECTOR('',#15653,0.3048);
#12501=CARTESIAN_POINT('',(-8.1915,2.5273,8.636));
#12502=CARTESIAN_POINT('',(-6.4135,2.5273,8.636));
#12503=VECTOR('',#15654,1.778);
#12504=CARTESIAN_POINT('',(-8.1915,2.2225,8.636));
#12505=CARTESIAN_POINT('',(-8.1915,2.2225,8.636));
#12506=VECTOR('',#15655,0.3048);
#12507=CARTESIAN_POINT('',(-7.92298302823136,2.2225,8.636));
#12508=CARTESIAN_POINT('',(-8.1915,2.2225,8.636));
#12509=VECTOR('',#15656,0.26851697176737);
#12510=CARTESIAN_POINT('',(-7.92298302823136,0.321144394845308,8.636));
#12511=CARTESIAN_POINT('',(-7.92298302823136,2.2225,8.636));
#12512=VECTOR('',#15657,1.90135560515469);
#12513=CARTESIAN_POINT('',(-9.82797954224138,0.3175,8.636));
#12514=CARTESIAN_POINT('',(-7.92298302823136,0.321144394845308,8.636));
#12515=VECTOR('',#15658,1.905);
#12516=CARTESIAN_POINT('',(-9.82797954224138,2.2225,8.636));
#12517=CARTESIAN_POINT('',(-9.82797954224138,0.3175,8.636));
#12518=VECTOR('',#15659,1.905);
#12519=CARTESIAN_POINT('',(-8.9535,2.2225,8.636));
#12520=CARTESIAN_POINT('',(-9.82797954224138,2.2225,8.636));
#12521=VECTOR('',#15660,0.874479542241634);
#12522=CARTESIAN_POINT('',(-8.9535,2.5273,8.636));
#12523=CARTESIAN_POINT('',(-8.9535,2.2225,8.636));
#12524=VECTOR('',#15661,0.3048);
#12525=CARTESIAN_POINT('',(-8.9535,2.5273,8.636));
#12526=VECTOR('',#15662,1.1938);
#12527=CARTESIAN_POINT('',(-9.5885,-2.2225,8.636));
#12528=CARTESIAN_POINT('',(-9.5885,-2.5273,8.636));
#12529=VECTOR('',#15663,0.3048);
#12530=CARTESIAN_POINT('',(-9.8425,-2.2225,8.636));
#12531=CARTESIAN_POINT('',(-9.8425,-2.2225,8.636));
#12532=VECTOR('',#15664,0.254);
#12533=CARTESIAN_POINT('',(-9.8425,-0.3175,8.636));
#12534=CARTESIAN_POINT('',(-9.8425,-0.3175,8.636));
#12535=VECTOR('',#15665,1.905);
#12536=CARTESIAN_POINT('',(-7.9375,-0.3175,8.636));
#12537=CARTESIAN_POINT('',(-7.9375,-0.3175,8.636));
#12538=VECTOR('',#15666,1.905);
#12539=CARTESIAN_POINT('',(-7.9375,-2.2225,8.636));
#12540=CARTESIAN_POINT('',(-7.9375,-2.2225,8.636));
#12541=VECTOR('',#15667,1.905);
#12542=CARTESIAN_POINT('',(-8.8265,-2.2225,8.636));
#12543=CARTESIAN_POINT('',(-8.8265,-2.2225,8.636));
#12544=VECTOR('',#15668,0.889);
#12545=CARTESIAN_POINT('',(-8.8265,-2.5273,8.636));
#12546=VECTOR('',#15669,0.3048);
#12547=CARTESIAN_POINT('',(-7.0485,-2.2225,8.636));
#12548=CARTESIAN_POINT('',(-7.0485,-2.5273,8.636));
#12549=VECTOR('',#15670,0.3048);
#12550=CARTESIAN_POINT('',(-7.3025,-2.2225,8.636));
#12551=CARTESIAN_POINT('',(-7.3025,-2.2225,8.636));
#12552=VECTOR('',#15671,0.254);
#12553=CARTESIAN_POINT('',(-7.3025,-0.3175,8.636));
#12554=CARTESIAN_POINT('',(-7.3025,-0.3175,8.636));
#12555=VECTOR('',#15672,1.905);
#12556=CARTESIAN_POINT('',(-5.3975,-0.3175,8.636));
#12557=CARTESIAN_POINT('',(-5.3975,-0.3175,8.636));
#12558=VECTOR('',#15673,1.905);
#12559=CARTESIAN_POINT('',(-5.3975,-2.2225,8.636));
#12560=CARTESIAN_POINT('',(-5.3975,-2.2225,8.636));
#12561=VECTOR('',#15674,1.905);
#12562=CARTESIAN_POINT('',(-6.2865,-2.2225,8.636));
#12563=CARTESIAN_POINT('',(-6.2865,-2.2225,8.636));
#12564=VECTOR('',#15675,0.889);
#12565=CARTESIAN_POINT('',(-6.2865,-2.5273,8.636));
#12566=VECTOR('',#15676,0.3048);
#12567=CARTESIAN_POINT('',(-4.5085,-2.2225,8.636));
#12568=CARTESIAN_POINT('',(-4.5085,-2.5273,8.636));
#12569=VECTOR('',#15677,0.3048);
#12570=CARTESIAN_POINT('',(-4.7625,-2.2225,8.636));
#12571=CARTESIAN_POINT('',(-4.7625,-2.2225,8.636));
#12572=VECTOR('',#15678,0.254);
#12573=CARTESIAN_POINT('',(-4.7625,-0.3175,8.636));
#12574=CARTESIAN_POINT('',(-4.7625,-0.3175,8.636));
#12575=VECTOR('',#15679,1.905);
#12576=CARTESIAN_POINT('',(-2.8575,-0.3175,8.636));
#12577=CARTESIAN_POINT('',(-2.8575,-0.3175,8.636));
#12578=VECTOR('',#15680,1.905);
#12579=CARTESIAN_POINT('',(-2.8575,-2.2225,8.636));
#12580=CARTESIAN_POINT('',(-2.8575,-2.2225,8.636));
#12581=VECTOR('',#15681,1.905);
#12582=CARTESIAN_POINT('',(-3.7465,-2.2225,8.636));
#12583=CARTESIAN_POINT('',(-3.7465,-2.2225,8.636));
#12584=VECTOR('',#15682,0.889);
#12585=CARTESIAN_POINT('',(-3.7465,-2.5273,8.636));
#12586=VECTOR('',#15683,0.3048);
#12587=CARTESIAN_POINT('',(-1.9685,-2.2225,8.636));
#12588=CARTESIAN_POINT('',(-1.9685,-2.5273,8.636));
#12589=VECTOR('',#15684,0.3048);
#12590=CARTESIAN_POINT('',(-2.2225,-2.2225,8.636));
#12591=CARTESIAN_POINT('',(-2.2225,-2.2225,8.636));
#12592=VECTOR('',#15685,0.254);
#12593=CARTESIAN_POINT('',(-2.2225,-0.3175,8.636));
#12594=CARTESIAN_POINT('',(-2.2225,-0.3175,8.636));
#12595=VECTOR('',#15686,1.905);
#12596=CARTESIAN_POINT('',(-0.3175,-0.3175,8.636));
#12597=CARTESIAN_POINT('',(-0.3175,-0.3175,8.636));
#12598=VECTOR('',#15687,1.905);
#12599=CARTESIAN_POINT('',(-0.3175,-2.2225,8.636));
#12600=CARTESIAN_POINT('',(-0.3175,-2.2225,8.636));
#12601=VECTOR('',#15688,1.905);
#12602=CARTESIAN_POINT('',(-1.2065,-2.2225,8.636));
#12603=CARTESIAN_POINT('',(-1.2065,-2.2225,8.636));
#12604=VECTOR('',#15689,0.889);
#12605=CARTESIAN_POINT('',(-1.2065,-2.5273,8.636));
#12606=VECTOR('',#15690,0.3048);
#12607=CARTESIAN_POINT('',(0.5715,-2.2225,8.636));
#12608=CARTESIAN_POINT('',(0.5715,-2.5273,8.636));
#12609=VECTOR('',#15691,0.3048);
#12610=CARTESIAN_POINT('',(0.3175,-2.2225,8.636));
#12611=CARTESIAN_POINT('',(0.3175,-2.2225,8.636));
#12612=VECTOR('',#15692,0.254);
#12613=CARTESIAN_POINT('',(0.3175,-0.3175,8.636));
#12614=CARTESIAN_POINT('',(0.3175,-0.3175,8.636));
#12615=VECTOR('',#15693,1.905);
#12616=CARTESIAN_POINT('',(2.2225,-0.3175,8.636));
#12617=CARTESIAN_POINT('',(2.2225,-0.3175,8.636));
#12618=VECTOR('',#15694,1.905);
#12619=CARTESIAN_POINT('',(2.2225,-2.2225,8.636));
#12620=CARTESIAN_POINT('',(2.2225,-2.2225,8.636));
#12621=VECTOR('',#15695,1.905);
#12622=CARTESIAN_POINT('',(1.3335,-2.2225,8.636));
#12623=CARTESIAN_POINT('',(1.3335,-2.2225,8.636));
#12624=VECTOR('',#15696,0.889);
#12625=CARTESIAN_POINT('',(1.3335,-2.5273,8.636));
#12626=VECTOR('',#15697,0.3048);
#12627=CARTESIAN_POINT('',(3.1115,-2.2225,8.636));
#12628=CARTESIAN_POINT('',(3.1115,-2.5273,8.636));
#12629=VECTOR('',#15698,0.3048);
#12630=CARTESIAN_POINT('',(2.8575,-2.2225,8.636));
#12631=CARTESIAN_POINT('',(2.8575,-2.2225,8.636));
#12632=VECTOR('',#15699,0.254);
#12633=CARTESIAN_POINT('',(2.8575,-0.3175,8.636));
#12634=CARTESIAN_POINT('',(2.8575,-0.3175,8.636));
#12635=VECTOR('',#15700,1.905);
#12636=CARTESIAN_POINT('',(4.7625,-0.3175,8.636));
#12637=CARTESIAN_POINT('',(4.7625,-0.3175,8.636));
#12638=VECTOR('',#15701,1.905);
#12639=CARTESIAN_POINT('',(4.7625,-2.2225,8.636));
#12640=CARTESIAN_POINT('',(4.7625,-2.2225,8.636));
#12641=VECTOR('',#15702,1.905);
#12642=CARTESIAN_POINT('',(3.8735,-2.2225,8.636));
#12643=CARTESIAN_POINT('',(3.8735,-2.2225,8.636));
#12644=VECTOR('',#15703,0.889);
#12645=CARTESIAN_POINT('',(3.8735,-2.5273,8.636));
#12646=VECTOR('',#15704,0.3048);
#12647=CARTESIAN_POINT('',(5.6515,-2.2225,8.636));
#12648=CARTESIAN_POINT('',(5.6515,-2.5273,8.636));
#12649=VECTOR('',#15705,0.3048);
#12650=CARTESIAN_POINT('',(5.3975,-2.2225,8.636));
#12651=CARTESIAN_POINT('',(5.3975,-2.2225,8.636));
#12652=VECTOR('',#15706,0.254);
#12653=CARTESIAN_POINT('',(5.3975,-0.3175,8.636));
#12654=CARTESIAN_POINT('',(5.3975,-0.3175,8.636));
#12655=VECTOR('',#15707,1.905);
#12656=CARTESIAN_POINT('',(7.3025,-0.3175,8.636));
#12657=CARTESIAN_POINT('',(7.3025,-0.3175,8.636));
#12658=VECTOR('',#15708,1.905);
#12659=CARTESIAN_POINT('',(7.3025,-2.2225,8.636));
#12660=CARTESIAN_POINT('',(7.3025,-2.2225,8.636));
#12661=VECTOR('',#15709,1.905);
#12662=CARTESIAN_POINT('',(6.4135,-2.2225,8.636));
#12663=CARTESIAN_POINT('',(6.4135,-2.2225,8.636));
#12664=VECTOR('',#15710,0.889);
#12665=CARTESIAN_POINT('',(6.4135,-2.5273,8.636));
#12666=VECTOR('',#15711,0.3048);
#12667=CARTESIAN_POINT('',(7.9375,-0.3175,8.636));
#12668=CARTESIAN_POINT('',(7.9375,-0.3175,8.636));
#12669=VECTOR('',#15712,1.905);
#12670=CARTESIAN_POINT('',(9.8425,-0.3175,8.636));
#12671=CARTESIAN_POINT('',(9.8425,-0.3175,8.636));
#12672=VECTOR('',#15713,1.905);
#12673=CARTESIAN_POINT('',(9.8425,-2.2225,8.636));
#12674=VECTOR('',#15714,1.905);
#12675=CARTESIAN_POINT('',(8.9535,-2.5273,8.636));
#12676=VECTOR('',#15715,0.3048);
#12677=CARTESIAN_POINT('',(10.1473,2.5273,8.636));
#12678=CARTESIAN_POINT('',(10.1473,-2.5273,8.636));
#12679=VECTOR('',#15716,5.0546);
#12680=CARTESIAN_POINT('',(9.5885,2.5273,8.636));
#12681=CARTESIAN_POINT('',(10.1473,2.5273,8.636));
#12682=VECTOR('',#15717,0.5588);
#12683=CARTESIAN_POINT('',(9.5885,2.2225,8.636));
#12684=CARTESIAN_POINT('',(9.5885,2.5273,8.636));
#12685=VECTOR('',#15718,0.3048);
#12686=CARTESIAN_POINT('',(9.85701697176864,2.2225,8.636));
#12687=CARTESIAN_POINT('',(9.5885,2.2225,8.636));
#12688=VECTOR('',#15719,0.26851697176737);
#12689=CARTESIAN_POINT('',(9.85701697176864,0.321144394845308,8.636));
#12690=CARTESIAN_POINT('',(9.85701697176864,2.2225,8.636));
#12691=VECTOR('',#15720,1.90135560515469);
#12692=CARTESIAN_POINT('',(7.95202045775862,0.3175,8.636));
#12693=CARTESIAN_POINT('',(9.85701697176864,0.321144394845308,8.636));
#12694=VECTOR('',#15721,1.905);
#12695=CARTESIAN_POINT('',(7.95202045775862,2.2225,8.636));
#12696=CARTESIAN_POINT('',(7.95202045775862,0.3175,8.636));
#12697=VECTOR('',#15722,1.905);
#12698=CARTESIAN_POINT('',(8.8265,2.2225,8.636));
#12699=CARTESIAN_POINT('',(7.95202045775862,2.2225,8.636));
#12700=VECTOR('',#15723,0.874479542241634);
#12701=CARTESIAN_POINT('',(8.8265,2.5273,8.636));
#12702=VECTOR('',#15724,0.3048);
#12703=CARTESIAN_POINT('',(8.8265,1.9685,8.0264));
#12704=CARTESIAN_POINT('',(8.8265,2.15500000000002,8.0264));
#12705=CARTESIAN_POINT('',(8.8265,1.9685,8.0264));
#12706=VECTOR('',#15725,0.186499999999991);
#12707=CARTESIAN_POINT('',(8.8265,2.15500000000002,5.588));
#12708=CARTESIAN_POINT('',(8.8265,2.15500000000002,5.588));
#12709=VECTOR('',#15726,2.4384);
#12710=CARTESIAN_POINT('',(8.8265,2.5273,5.588));
#12711=CARTESIAN_POINT('',(8.8265,2.15500000000002,5.588));
#12712=VECTOR('',#15727,0.372299999999984);
#12713=CARTESIAN_POINT('',(8.8265,2.5273,8.636));
#12714=VECTOR('',#15728,3.048);
#12715=CARTESIAN_POINT('',(8.8265,1.9685,8.3312));
#12716=CARTESIAN_POINT('',(8.8265,1.9685,8.3312));
#12717=VECTOR('',#15729,0.396760683535974);
#12718=CARTESIAN_POINT('',(8.8265,1.9685,8.0264));
#12719=VECTOR('',#15730,0.3048);
#12720=CARTESIAN_POINT('',(9.5885,1.9685,8.0264));
#12721=CARTESIAN_POINT('',(9.6012,1.9685,8.0264));
#12722=CARTESIAN_POINT('',(9.5885,1.9685,8.0264));
#12723=VECTOR('',#15731,0.0127);
#12724=CARTESIAN_POINT('',(9.6012,1.9685,8.3312));
#12725=CARTESIAN_POINT('',(9.6012,1.9685,8.0264));
#12726=VECTOR('',#15732,0.3048);
#12727=CARTESIAN_POINT('',(9.5885,1.9685,8.3312));
#12728=CARTESIAN_POINT('',(9.5885,1.9685,8.3312));
#12729=VECTOR('',#15733,0.0127);
#12730=CARTESIAN_POINT('',(9.5885,1.9685,8.0264));
#12731=VECTOR('',#15734,0.3048);
#12732=CARTESIAN_POINT('',(8.2042,1.9685,8.3312));
#12733=CARTESIAN_POINT('',(8.2042,1.9685,8.3312));
#12734=VECTOR('',#15735,0.6223);
#12735=CARTESIAN_POINT('',(8.2042,1.9685,8.0264));
#12736=CARTESIAN_POINT('',(8.2042,1.9685,8.0264));
#12737=VECTOR('',#15736,0.3048);
#12738=CARTESIAN_POINT('',(8.2042,1.9685,8.0264));
#12739=VECTOR('',#15737,0.6223);
#12740=CARTESIAN_POINT('',(9.5885,2.5273,5.588));
#12741=CARTESIAN_POINT('',(9.5885,2.5273,8.636));
#12742=VECTOR('',#15738,3.048);
#12743=CARTESIAN_POINT('',(9.5885,1.9685,5.588));
#12744=CARTESIAN_POINT('',(9.5885,2.5273,5.588));
#12745=VECTOR('',#15739,0.5588);
#12746=CARTESIAN_POINT('',(9.5885,1.9685,8.0264));
#12747=VECTOR('',#15740,2.4384);
#12748=CARTESIAN_POINT('',(9.5885,1.9685,8.3312));
#12749=VECTOR('',#15741,0.396760683535974);
#12750=CARTESIAN_POINT('',(8.2042,1.9685,8.3312));
#12751=VECTOR('',#15742,0.47012079461048);
#12752=CARTESIAN_POINT('',(9.6012,1.9685,8.3312));
#12753=VECTOR('',#15743,0.47208194526399);
#12754=CARTESIAN_POINT('',(8.2042,0.5715,8.3312));
#12755=CARTESIAN_POINT('',(8.2042,0.5715,8.3312));
#12756=VECTOR('',#15744,0.47012079461048);
#12757=CARTESIAN_POINT('',(8.2042,0.5715,8.3312));
#12758=VECTOR('',#15745,1.397);
#12759=CARTESIAN_POINT('',(8.2042,0.5715,8.0264));
#12760=CARTESIAN_POINT('',(8.2042,0.5715,8.0264));
#12761=VECTOR('',#15746,0.3048);
#12762=CARTESIAN_POINT('',(8.2042,0.5715,8.0264));
#12763=VECTOR('',#15747,1.397);
#12764=CARTESIAN_POINT('',(9.6012,0.5715,8.0264));
#12765=CARTESIAN_POINT('',(9.6012,0.5715,8.0264));
#12766=VECTOR('',#15748,1.397);
#12767=CARTESIAN_POINT('',(9.6012,1.9685,8.0264));
#12768=VECTOR('',#15749,1.397);
#12769=CARTESIAN_POINT('',(9.4615,1.9685,8.0264));
#12770=CARTESIAN_POINT('',(9.5885,1.9685,8.0264));
#12771=VECTOR('',#15750,0.127);
#12772=CARTESIAN_POINT('',(9.4615,2.15500000000002,8.0264));
#12773=CARTESIAN_POINT('',(9.4615,2.15500000000002,8.0264));
#12774=VECTOR('',#15751,0.186499999999991);
#12775=CARTESIAN_POINT('',(8.8265,2.15500000000002,8.0264));
#12776=VECTOR('',#15752,0.635);
#12777=CARTESIAN_POINT('',(9.2075,2.15500000000002,-0.207200000000009));
#12778=CARTESIAN_POINT('',(9.2075,2.15500000000002,0.508));
#12779=VECTOR('',#15753,0.715199999999984);
#12780=CARTESIAN_POINT('',(8.5725,2.15500000000002,-0.207200000000009));
#12781=CARTESIAN_POINT('',(8.5725,2.15500000000002,-0.207200000000009));
#12782=VECTOR('',#15754,0.635);
#12783=CARTESIAN_POINT('',(8.5725,2.15500000000002,0.508));
#12784=VECTOR('',#15755,0.715199999999984);
#12785=CARTESIAN_POINT('',(9.4615,2.15500000000002,7.0587679376175));
#12786=CARTESIAN_POINT('',(9.4615,2.15500000000002,7.0587679376175));
#12787=VECTOR('',#15756,0.9676320623825);
#12788=CARTESIAN_POINT('',(9.2075,2.15500000000002,7.0587679376175));
#12789=CARTESIAN_POINT('',(9.2075,2.15500000000002,7.0587679376175));
#12790=VECTOR('',#15757,0.254);
#12791=CARTESIAN_POINT('',(9.2075,2.15500000000002,6.07738729810686));
#12792=CARTESIAN_POINT('',(9.2075,2.15500000000002,7.0587679376175));
#12793=VECTOR('',#15758,0.981380639509624);
#12794=CARTESIAN_POINT('',(9.2075,2.15500000000002,5.588));
#12795=CARTESIAN_POINT('',(9.2075,2.15500000000002,6.07738729810686));
#12796=VECTOR('',#15759,0.489387298107876);
#12797=CARTESIAN_POINT('',(8.8265,2.15500000000002,5.588));
#12798=VECTOR('',#15760,0.381);
#12799=CARTESIAN_POINT('',(8.5725,2.40900000000002,-0.461199999999984));
#12800=AXIS2_PLACEMENT_3D('',#15761,#15762,#15763);
#12801=CARTESIAN_POINT('',(8.5725,3.3782,-0.461199999999984));
#12802=CARTESIAN_POINT('',(8.5725,2.40900000000002,-0.461199999999984));
#12803=VECTOR('',#15764,0.969199999999984);
#12804=CARTESIAN_POINT('',(8.5725,3.3782,-0.7112));
#12805=CARTESIAN_POINT('',(8.5725,3.3782,-0.461199999999984));
#12806=VECTOR('',#15765,0.249999999999991);
#12807=CARTESIAN_POINT('',(8.5725,2.40900000000002,-0.7112));
#12808=CARTESIAN_POINT('',(8.5725,3.3782,-0.7112));
#12809=VECTOR('',#15766,0.969199999999984);
#12810=CARTESIAN_POINT('',(8.5725,1.905,-0.207200000000009));
#12811=AXIS2_PLACEMENT_3D('',#15767,#15768,#15769);
#12812=CARTESIAN_POINT('',(8.5725,1.905,-0.207200000000009));
#12813=VECTOR('',#15770,0.715199999999984);
#12814=CARTESIAN_POINT('',(9.2075,1.905,-0.207200000000009));
#12815=CARTESIAN_POINT('',(8.5725,1.905,-0.207200000000009));
#12816=VECTOR('',#15771,0.635);
#12817=CARTESIAN_POINT('',(9.2075,1.905,-0.207200000000009));
#12818=VECTOR('',#15772,0.715199999999984);
#12819=CARTESIAN_POINT('',(9.2075,2.40900000000002,-0.7112));
#12820=AXIS2_PLACEMENT_3D('',#15773,#15774,#15775);
#12821=CARTESIAN_POINT('',(9.2075,3.3782,-0.7112));
#12822=CARTESIAN_POINT('',(9.2075,3.3782,-0.7112));
#12823=VECTOR('',#15776,0.969199999999984);
#12824=CARTESIAN_POINT('',(9.2075,3.3782,-0.461199999999984));
#12825=CARTESIAN_POINT('',(9.2075,3.3782,-0.461199999999984));
#12826=VECTOR('',#15777,0.249999999999991);
#12827=CARTESIAN_POINT('',(9.2075,2.40900000000002,-0.461199999999984));
#12828=CARTESIAN_POINT('',(9.2075,2.40900000000002,-0.461199999999984));
#12829=VECTOR('',#15778,0.969199999999984);
#12830=AXIS2_PLACEMENT_3D('',#15779,#15780,#15781);
#12831=CARTESIAN_POINT('',(9.2075,1.9685,5.588));
#12832=CARTESIAN_POINT('',(9.2075,1.9685,6.77341477371994));
#12833=CARTESIAN_POINT('',(9.2075,1.9685,5.588));
#12834=VECTOR('',#15782,1.18541477371943);
#12835=CARTESIAN_POINT('',(9.2075,2.15500000000002,5.588));
#12836=VECTOR('',#15783,0.186499999999991);
#12837=CARTESIAN_POINT('',(9.2075,1.9685,6.77341477371994));
#12838=VECTOR('',#15784,0.720580666411604);
#12839=CARTESIAN_POINT('',(8.5725,2.40900000000002,-0.461199999999984));
#12840=VECTOR('',#15785,0.635);
#12841=CARTESIAN_POINT('',(8.5725,3.3782,-0.461199999999984));
#12842=VECTOR('',#15786,0.635);
#12843=CARTESIAN_POINT('',(8.5725,3.3782,-0.7112));
#12844=VECTOR('',#15787,0.635);
#12845=CARTESIAN_POINT('',(8.5725,2.40900000000002,-0.7112));
#12846=VECTOR('',#15788,0.635);
#12847=CARTESIAN_POINT('',(9.2075,2.24529547438762,5.7404));
#12848=CARTESIAN_POINT('',(9.4615,2.24529547438762,5.7404));
#12849=CARTESIAN_POINT('',(9.2075,2.24529547438762,5.7404));
#12850=VECTOR('',#15789,0.254);
#12851=CARTESIAN_POINT('',(9.4615,1.9685,6.77341477371994));
#12852=CARTESIAN_POINT('',(9.4615,1.9685,6.77341477371994));
#12853=VECTOR('',#15790,1.06945558924329);
#12854=CARTESIAN_POINT('',(9.2075,1.9685,6.77341477371994));
#12855=VECTOR('',#15791,0.254);
#12856=CARTESIAN_POINT('',(9.2075,2.15500000000002,6.07738729810686));
#12857=VECTOR('',#15792,0.34887492283169);
#12858=CARTESIAN_POINT('',(9.2075,2.49064063426503,5.8061400374554));
#12859=CARTESIAN_POINT('',(9.2075,2.49064063426503,5.8061400374554));
#12860=VECTOR('',#15793,1.29681582795422);
#12861=CARTESIAN_POINT('',(9.2075,2.24529547438762,5.7404));
#12862=VECTOR('',#15794,0.254);
#12863=CARTESIAN_POINT('',(9.4615,2.49064063426503,5.8061400374554));
#12864=CARTESIAN_POINT('',(9.2075,2.49064063426503,5.8061400374554));
#12865=VECTOR('',#15795,0.254);
#12866=CARTESIAN_POINT('',(9.4615,2.24529547438762,5.7404));
#12867=VECTOR('',#15796,0.254);
#12868=CARTESIAN_POINT('',(9.4615,2.49064063426503,5.8061400374554));
#12869=VECTOR('',#15797,1.29681582795422);
#12870=CARTESIAN_POINT('',(9.4615,1.9685,8.0264));
#12871=VECTOR('',#15798,1.25298522628057);
#12872=CARTESIAN_POINT('',(9.5885,1.9685,5.588));
#12873=VECTOR('',#15799,0.381);
#12874=CARTESIAN_POINT('',(8.8265,2.5273,5.588));
#12875=VECTOR('',#15800,0.762);
#12876=CARTESIAN_POINT('',(10.1473,2.5273,0.508));
#12877=VECTOR('',#15801,8.128);
#12878=CARTESIAN_POINT('',(-8.9535,2.5273,5.588));
#12879=CARTESIAN_POINT('',(-8.9535,2.5273,5.588));
#12880=VECTOR('',#15802,3.048);
#12881=CARTESIAN_POINT('',(-8.1915,2.5273,5.588));
#12882=CARTESIAN_POINT('',(-8.9535,2.5273,5.588));
#12883=VECTOR('',#15803,0.762);
#12884=CARTESIAN_POINT('',(-8.1915,2.5273,8.636));
#12885=VECTOR('',#15804,3.048);
#12886=CARTESIAN_POINT('',(-6.4135,2.5273,5.588));
#12887=CARTESIAN_POINT('',(-6.4135,2.5273,5.588));
#12888=VECTOR('',#15805,3.048);
#12889=CARTESIAN_POINT('',(-5.6515,2.5273,5.588));
#12890=CARTESIAN_POINT('',(-6.4135,2.5273,5.588));
#12891=VECTOR('',#15806,0.762);
#12892=CARTESIAN_POINT('',(-5.6515,2.5273,8.636));
#12893=VECTOR('',#15807,3.048);
#12894=CARTESIAN_POINT('',(-3.8735,2.5273,5.588));
#12895=CARTESIAN_POINT('',(-3.8735,2.5273,5.588));
#12896=VECTOR('',#15808,3.048);
#12897=CARTESIAN_POINT('',(-3.1115,2.5273,5.588));
#12898=CARTESIAN_POINT('',(-3.8735,2.5273,5.588));
#12899=VECTOR('',#15809,0.762);
#12900=CARTESIAN_POINT('',(-3.1115,2.5273,8.636));
#12901=VECTOR('',#15810,3.048);
#12902=CARTESIAN_POINT('',(-1.3335,2.5273,5.588));
#12903=CARTESIAN_POINT('',(-1.3335,2.5273,5.588));
#12904=VECTOR('',#15811,3.048);
#12905=CARTESIAN_POINT('',(-0.5715,2.5273,5.588));
#12906=CARTESIAN_POINT('',(-1.3335,2.5273,5.588));
#12907=VECTOR('',#15812,0.762);
#12908=CARTESIAN_POINT('',(-0.5715,2.5273,8.636));
#12909=VECTOR('',#15813,3.048);
#12910=CARTESIAN_POINT('',(1.2065,2.5273,5.588));
#12911=CARTESIAN_POINT('',(1.2065,2.5273,5.588));
#12912=VECTOR('',#15814,3.048);
#12913=CARTESIAN_POINT('',(1.9685,2.5273,5.588));
#12914=CARTESIAN_POINT('',(1.2065,2.5273,5.588));
#12915=VECTOR('',#15815,0.762);
#12916=CARTESIAN_POINT('',(1.9685,2.5273,8.636));
#12917=VECTOR('',#15816,3.048);
#12918=CARTESIAN_POINT('',(3.7465,2.5273,5.588));
#12919=CARTESIAN_POINT('',(3.7465,2.5273,8.636));
#12920=VECTOR('',#15817,3.048);
#12921=CARTESIAN_POINT('',(4.5085,2.5273,5.588));
#12922=CARTESIAN_POINT('',(3.7465,2.5273,5.588));
#12923=VECTOR('',#15818,0.762);
#12924=CARTESIAN_POINT('',(4.5085,2.5273,8.636));
#12925=VECTOR('',#15819,3.048);
#12926=CARTESIAN_POINT('',(6.2865,2.5273,5.588));
#12927=CARTESIAN_POINT('',(6.2865,2.5273,8.636));
#12928=VECTOR('',#15820,3.048);
#12929=CARTESIAN_POINT('',(7.0485,2.5273,5.588));
#12930=CARTESIAN_POINT('',(6.2865,2.5273,5.588));
#12931=VECTOR('',#15821,0.762);
#12932=CARTESIAN_POINT('',(7.0485,2.5273,8.636));
#12933=VECTOR('',#15822,3.048);
#12934=CARTESIAN_POINT('',(7.0485,1.9685,5.588));
#12935=CARTESIAN_POINT('',(7.0485,2.5273,5.588));
#12936=VECTOR('',#15823,0.5588);
#12937=CARTESIAN_POINT('',(7.0485,1.9685,8.0264));
#12938=CARTESIAN_POINT('',(7.0485,1.9685,8.0264));
#12939=VECTOR('',#15824,2.4384);
#12940=CARTESIAN_POINT('',(7.0485,1.9685,8.3312));
#12941=CARTESIAN_POINT('',(7.0485,1.9685,8.0264));
#12942=VECTOR('',#15825,0.3048);
#12943=CARTESIAN_POINT('',(7.0485,1.9685,8.3312));
#12944=VECTOR('',#15826,0.396760683535974);
#12945=CARTESIAN_POINT('',(5.6642,1.9685,8.3312));
#12946=CARTESIAN_POINT('',(5.6642,1.9685,8.3312));
#12947=VECTOR('',#15827,0.47012079461048);
#12948=CARTESIAN_POINT('',(6.2865,1.9685,8.3312));
#12949=CARTESIAN_POINT('',(5.6642,1.9685,8.3312));
#12950=VECTOR('',#15828,0.6223);
#12951=CARTESIAN_POINT('',(6.2865,1.9685,8.3312));
#12952=VECTOR('',#15829,0.396760683535974);
#12953=CARTESIAN_POINT('',(7.0612,1.9685,8.3312));
#12954=CARTESIAN_POINT('',(7.0485,1.9685,8.3312));
#12955=VECTOR('',#15830,0.0127000000000025);
#12956=CARTESIAN_POINT('',(7.0612,1.9685,8.3312));
#12957=VECTOR('',#15831,0.47208194526399);
#12958=CARTESIAN_POINT('',(6.2865,1.9685,8.0264));
#12959=CARTESIAN_POINT('',(6.2865,2.15500000000002,8.0264));
#12960=CARTESIAN_POINT('',(6.2865,1.9685,8.0264));
#12961=VECTOR('',#15832,0.186499999999991);
#12962=CARTESIAN_POINT('',(6.2865,2.15500000000002,5.588));
#12963=CARTESIAN_POINT('',(6.2865,2.15500000000002,5.588));
#12964=VECTOR('',#15833,2.4384);
#12965=CARTESIAN_POINT('',(6.2865,2.15500000000002,5.588));
#12966=VECTOR('',#15834,0.372299999999984);
#12967=CARTESIAN_POINT('',(6.2865,1.9685,8.0264));
#12968=VECTOR('',#15835,0.3048);
#12969=CARTESIAN_POINT('',(7.0612,1.9685,8.0264));
#12970=CARTESIAN_POINT('',(7.0485,1.9685,8.0264));
#12971=VECTOR('',#15836,0.0127000000000025);
#12972=CARTESIAN_POINT('',(7.0612,1.9685,8.0264));
#12973=VECTOR('',#15837,0.3048);
#12974=CARTESIAN_POINT('',(5.6642,1.9685,8.0264));
#12975=CARTESIAN_POINT('',(5.6642,1.9685,8.0264));
#12976=VECTOR('',#15838,0.3048);
#12977=CARTESIAN_POINT('',(5.6642,1.9685,8.0264));
#12978=VECTOR('',#15839,0.6223);
#12979=CARTESIAN_POINT('',(7.0612,0.5715,8.0264));
#12980=CARTESIAN_POINT('',(7.0612,0.5715,8.3312));
#12981=CARTESIAN_POINT('',(7.0612,0.5715,8.0264));
#12982=VECTOR('',#15840,0.3048);
#12983=CARTESIAN_POINT('',(7.0612,1.9685,8.3312));
#12984=VECTOR('',#15841,1.397);
#12985=CARTESIAN_POINT('',(7.0612,1.9685,8.0264));
#12986=VECTOR('',#15842,1.397);
#12987=CARTESIAN_POINT('',(5.6642,0.5715,8.0264));
#12988=CARTESIAN_POINT('',(5.6642,0.5715,8.0264));
#12989=VECTOR('',#15843,1.397);
#12990=CARTESIAN_POINT('',(7.0612,0.5715,8.0264));
#12991=VECTOR('',#15844,1.397);
#12992=CARTESIAN_POINT('',(6.9215,1.9685,8.0264));
#12993=CARTESIAN_POINT('',(7.0485,1.9685,8.0264));
#12994=VECTOR('',#15845,0.127);
#12995=CARTESIAN_POINT('',(6.9215,2.15500000000002,8.0264));
#12996=CARTESIAN_POINT('',(6.9215,2.15500000000002,8.0264));
#12997=VECTOR('',#15846,0.186499999999991);
#12998=CARTESIAN_POINT('',(6.2865,2.15500000000002,8.0264));
#12999=VECTOR('',#15847,0.635);
#13000=CARTESIAN_POINT('',(6.6675,2.15500000000002,-0.207200000000009));
#13001=CARTESIAN_POINT('',(6.6675,2.15500000000002,0.508));
#13002=VECTOR('',#15848,0.715199999999984);
#13003=CARTESIAN_POINT('',(6.0325,2.15500000000002,-0.207200000000009));
#13004=CARTESIAN_POINT('',(6.0325,2.15500000000002,-0.207200000000009));
#13005=VECTOR('',#15849,0.635);
#13006=CARTESIAN_POINT('',(6.0325,2.15500000000002,0.508));
#13007=VECTOR('',#15850,0.715199999999984);
#13008=CARTESIAN_POINT('',(6.9215,2.15500000000002,7.0587679376175));
#13009=CARTESIAN_POINT('',(6.9215,2.15500000000002,7.0587679376175));
#13010=VECTOR('',#15851,0.9676320623825);
#13011=CARTESIAN_POINT('',(6.6675,2.15500000000002,7.0587679376175));
#13012=CARTESIAN_POINT('',(6.6675,2.15500000000002,7.0587679376175));
#13013=VECTOR('',#15852,0.254);
#13014=CARTESIAN_POINT('',(6.6675,2.15500000000002,6.07738729810686));
#13015=CARTESIAN_POINT('',(6.6675,2.15500000000002,7.0587679376175));
#13016=VECTOR('',#15853,0.981380639509624);
#13017=CARTESIAN_POINT('',(6.6675,2.15500000000002,5.588));
#13018=CARTESIAN_POINT('',(6.6675,2.15500000000002,6.07738729810686));
#13019=VECTOR('',#15854,0.489387298107876);
#13020=CARTESIAN_POINT('',(6.2865,2.15500000000002,5.588));
#13021=VECTOR('',#15855,0.381);
#13022=CARTESIAN_POINT('',(6.0325,2.40900000000002,-0.461199999999984));
#13023=AXIS2_PLACEMENT_3D('',#15856,#15857,#15858);
#13024=CARTESIAN_POINT('',(6.0325,3.3782,-0.461199999999984));
#13025=CARTESIAN_POINT('',(6.0325,2.40900000000002,-0.461199999999984));
#13026=VECTOR('',#15859,0.969199999999984);
#13027=CARTESIAN_POINT('',(6.0325,3.3782,-0.7112));
#13028=CARTESIAN_POINT('',(6.0325,3.3782,-0.461199999999984));
#13029=VECTOR('',#15860,0.249999999999991);
#13030=CARTESIAN_POINT('',(6.0325,2.40900000000002,-0.7112));
#13031=CARTESIAN_POINT('',(6.0325,3.3782,-0.7112));
#13032=VECTOR('',#15861,0.969199999999984);
#13033=CARTESIAN_POINT('',(6.0325,1.905,-0.207200000000009));
#13034=AXIS2_PLACEMENT_3D('',#15862,#15863,#15864);
#13035=CARTESIAN_POINT('',(6.0325,1.905,-0.207200000000009));
#13036=VECTOR('',#15865,0.715199999999984);
#13037=CARTESIAN_POINT('',(6.6675,1.905,-0.207200000000009));
#13038=CARTESIAN_POINT('',(6.0325,1.905,-0.207200000000009));
#13039=VECTOR('',#15866,0.635);
#13040=CARTESIAN_POINT('',(6.6675,1.905,-0.207200000000009));
#13041=VECTOR('',#15867,0.715199999999984);
#13042=CARTESIAN_POINT('',(6.6675,2.40900000000002,-0.7112));
#13043=AXIS2_PLACEMENT_3D('',#15868,#15869,#15870);
#13044=CARTESIAN_POINT('',(6.6675,3.3782,-0.7112));
#13045=CARTESIAN_POINT('',(6.6675,3.3782,-0.7112));
#13046=VECTOR('',#15871,0.969199999999984);
#13047=CARTESIAN_POINT('',(6.6675,3.3782,-0.461199999999984));
#13048=CARTESIAN_POINT('',(6.6675,3.3782,-0.461199999999984));
#13049=VECTOR('',#15872,0.249999999999991);
#13050=CARTESIAN_POINT('',(6.6675,2.40900000000002,-0.461199999999984));
#13051=CARTESIAN_POINT('',(6.6675,2.40900000000002,-0.461199999999984));
#13052=VECTOR('',#15873,0.969199999999984);
#13053=AXIS2_PLACEMENT_3D('',#15874,#15875,#15876);
#13054=CARTESIAN_POINT('',(6.6675,1.9685,5.588));
#13055=CARTESIAN_POINT('',(6.6675,1.9685,6.77341477371994));
#13056=CARTESIAN_POINT('',(6.6675,1.9685,5.588));
#13057=VECTOR('',#15877,1.18541477371943);
#13058=CARTESIAN_POINT('',(6.6675,2.15500000000002,5.588));
#13059=VECTOR('',#15878,0.186499999999991);
#13060=CARTESIAN_POINT('',(6.6675,1.9685,6.77341477371994));
#13061=VECTOR('',#15879,0.720580666411604);
#13062=CARTESIAN_POINT('',(6.0325,2.40900000000002,-0.461199999999984));
#13063=VECTOR('',#15880,0.635);
#13064=CARTESIAN_POINT('',(6.0325,3.3782,-0.461199999999984));
#13065=VECTOR('',#15881,0.635);
#13066=CARTESIAN_POINT('',(6.0325,3.3782,-0.7112));
#13067=VECTOR('',#15882,0.635);
#13068=CARTESIAN_POINT('',(6.0325,2.40900000000002,-0.7112));
#13069=VECTOR('',#15883,0.635);
#13070=CARTESIAN_POINT('',(6.6675,2.24529547438762,5.7404));
#13071=CARTESIAN_POINT('',(6.9215,2.24529547438762,5.7404));
#13072=CARTESIAN_POINT('',(6.6675,2.24529547438762,5.7404));
#13073=VECTOR('',#15884,0.254);
#13074=CARTESIAN_POINT('',(6.9215,1.9685,6.77341477371994));
#13075=CARTESIAN_POINT('',(6.9215,1.9685,6.77341477371994));
#13076=VECTOR('',#15885,1.06945558924329);
#13077=CARTESIAN_POINT('',(6.6675,1.9685,6.77341477371994));
#13078=VECTOR('',#15886,0.254);
#13079=CARTESIAN_POINT('',(6.6675,2.15500000000002,6.07738729810686));
#13080=VECTOR('',#15887,0.34887492283169);
#13081=CARTESIAN_POINT('',(6.6675,2.49064063426503,5.8061400374554));
#13082=CARTESIAN_POINT('',(6.6675,2.49064063426503,5.8061400374554));
#13083=VECTOR('',#15888,1.29681582795422);
#13084=CARTESIAN_POINT('',(6.6675,2.24529547438762,5.7404));
#13085=VECTOR('',#15889,0.254);
#13086=CARTESIAN_POINT('',(6.9215,2.49064063426503,5.8061400374554));
#13087=CARTESIAN_POINT('',(6.6675,2.49064063426503,5.8061400374554));
#13088=VECTOR('',#15890,0.254);
#13089=CARTESIAN_POINT('',(6.9215,2.24529547438762,5.7404));
#13090=VECTOR('',#15891,0.254);
#13091=CARTESIAN_POINT('',(6.9215,2.49064063426503,5.8061400374554));
#13092=VECTOR('',#15892,1.29681582795422);
#13093=CARTESIAN_POINT('',(6.9215,1.9685,8.0264));
#13094=VECTOR('',#15893,1.25298522628057);
#13095=CARTESIAN_POINT('',(7.0485,1.9685,5.588));
#13096=VECTOR('',#15894,0.381);
#13097=CARTESIAN_POINT('',(5.6642,0.5715,8.3312));
#13098=CARTESIAN_POINT('',(5.6642,0.5715,8.0264));
#13099=VECTOR('',#15895,0.3048);
#13100=CARTESIAN_POINT('',(7.0612,0.5715,8.3312));
#13101=VECTOR('',#15896,1.397);
#13102=CARTESIAN_POINT('',(7.0612,0.5715,8.3312));
#13103=VECTOR('',#15897,0.470131143487166);
#13104=CARTESIAN_POINT('',(5.6642,0.5715,8.3312));
#13105=VECTOR('',#15898,0.47012079461048);
#13106=CARTESIAN_POINT('',(5.6642,0.5715,8.3312));
#13107=VECTOR('',#15899,1.397);
#13108=CARTESIAN_POINT('',(4.5085,1.9685,5.588));
#13109=CARTESIAN_POINT('',(4.5085,2.5273,5.588));
#13110=VECTOR('',#15900,0.5588);
#13111=CARTESIAN_POINT('',(4.5085,1.9685,8.0264));
#13112=CARTESIAN_POINT('',(4.5085,1.9685,8.0264));
#13113=VECTOR('',#15901,2.4384);
#13114=CARTESIAN_POINT('',(4.5085,1.9685,8.3312));
#13115=CARTESIAN_POINT('',(4.5085,1.9685,8.0264));
#13116=VECTOR('',#15902,0.3048);
#13117=CARTESIAN_POINT('',(4.5085,1.9685,8.3312));
#13118=VECTOR('',#15903,0.396760683535974);
#13119=CARTESIAN_POINT('',(3.1242,1.9685,8.3312));
#13120=CARTESIAN_POINT('',(3.1242,1.9685,8.3312));
#13121=VECTOR('',#15904,0.47012079461048);
#13122=CARTESIAN_POINT('',(3.7465,1.9685,8.3312));
#13123=CARTESIAN_POINT('',(3.1242,1.9685,8.3312));
#13124=VECTOR('',#15905,0.6223);
#13125=CARTESIAN_POINT('',(3.7465,1.9685,8.3312));
#13126=VECTOR('',#15906,0.396760683535974);
#13127=CARTESIAN_POINT('',(4.5212,1.9685,8.3312));
#13128=CARTESIAN_POINT('',(4.5085,1.9685,8.3312));
#13129=VECTOR('',#15907,0.0127);
#13130=CARTESIAN_POINT('',(4.5212,1.9685,8.3312));
#13131=VECTOR('',#15908,0.47208194526399);
#13132=CARTESIAN_POINT('',(3.7465,1.9685,8.0264));
#13133=CARTESIAN_POINT('',(3.7465,2.15500000000002,8.0264));
#13134=CARTESIAN_POINT('',(3.7465,1.9685,8.0264));
#13135=VECTOR('',#15909,0.186499999999991);
#13136=CARTESIAN_POINT('',(3.7465,2.15500000000002,5.588));
#13137=CARTESIAN_POINT('',(3.7465,2.15500000000002,5.588));
#13138=VECTOR('',#15910,2.4384);
#13139=CARTESIAN_POINT('',(3.7465,2.15500000000002,5.588));
#13140=VECTOR('',#15911,0.372299999999984);
#13141=CARTESIAN_POINT('',(3.7465,1.9685,8.0264));
#13142=VECTOR('',#15912,0.3048);
#13143=CARTESIAN_POINT('',(4.5212,1.9685,8.0264));
#13144=CARTESIAN_POINT('',(4.5085,1.9685,8.0264));
#13145=VECTOR('',#15913,0.0126999999999975);
#13146=CARTESIAN_POINT('',(4.5212,1.9685,8.0264));
#13147=VECTOR('',#15914,0.3048);
#13148=CARTESIAN_POINT('',(3.1242,1.9685,8.0264));
#13149=CARTESIAN_POINT('',(3.1242,1.9685,8.0264));
#13150=VECTOR('',#15915,0.3048);
#13151=CARTESIAN_POINT('',(3.1242,1.9685,8.0264));
#13152=VECTOR('',#15916,0.6223);
#13153=CARTESIAN_POINT('',(4.5212,0.5715,8.0264));
#13154=CARTESIAN_POINT('',(4.5212,0.5715,8.3312));
#13155=CARTESIAN_POINT('',(4.5212,0.5715,8.0264));
#13156=VECTOR('',#15917,0.3048);
#13157=CARTESIAN_POINT('',(4.5212,1.9685,8.3312));
#13158=VECTOR('',#15918,1.397);
#13159=CARTESIAN_POINT('',(4.5212,1.9685,8.0264));
#13160=VECTOR('',#15919,1.397);
#13161=CARTESIAN_POINT('',(3.1242,0.5715,8.0264));
#13162=CARTESIAN_POINT('',(3.1242,0.5715,8.0264));
#13163=VECTOR('',#15920,1.397);
#13164=CARTESIAN_POINT('',(4.5212,0.5715,8.0264));
#13165=VECTOR('',#15921,1.397);
#13166=CARTESIAN_POINT('',(4.3815,1.9685,8.0264));
#13167=CARTESIAN_POINT('',(4.5085,1.9685,8.0264));
#13168=VECTOR('',#15922,0.127);
#13169=CARTESIAN_POINT('',(4.3815,2.15500000000002,8.0264));
#13170=CARTESIAN_POINT('',(4.3815,2.15500000000002,8.0264));
#13171=VECTOR('',#15923,0.186499999999991);
#13172=CARTESIAN_POINT('',(3.7465,2.15500000000002,8.0264));
#13173=VECTOR('',#15924,0.635);
#13174=CARTESIAN_POINT('',(4.1275,2.15500000000002,-0.207200000000009));
#13175=CARTESIAN_POINT('',(4.1275,2.15500000000002,0.508));
#13176=VECTOR('',#15925,0.715199999999984);
#13177=CARTESIAN_POINT('',(3.4925,2.15500000000002,-0.207200000000009));
#13178=CARTESIAN_POINT('',(3.4925,2.15500000000002,-0.207200000000009));
#13179=VECTOR('',#15926,0.635);
#13180=CARTESIAN_POINT('',(3.4925,2.15500000000002,0.508));
#13181=VECTOR('',#15927,0.715199999999984);
#13182=CARTESIAN_POINT('',(4.3815,2.15500000000002,7.0587679376175));
#13183=CARTESIAN_POINT('',(4.3815,2.15500000000002,7.0587679376175));
#13184=VECTOR('',#15928,0.9676320623825);
#13185=CARTESIAN_POINT('',(4.1275,2.15500000000002,7.0587679376175));
#13186=CARTESIAN_POINT('',(4.1275,2.15500000000002,7.0587679376175));
#13187=VECTOR('',#15929,0.254);
#13188=CARTESIAN_POINT('',(4.1275,2.15500000000002,6.07738729810686));
#13189=CARTESIAN_POINT('',(4.1275,2.15500000000002,7.0587679376175));
#13190=VECTOR('',#15930,0.981380639509624);
#13191=CARTESIAN_POINT('',(4.1275,2.15500000000002,5.588));
#13192=CARTESIAN_POINT('',(4.1275,2.15500000000002,6.07738729810686));
#13193=VECTOR('',#15931,0.489387298107876);
#13194=CARTESIAN_POINT('',(3.7465,2.15500000000002,5.588));
#13195=VECTOR('',#15932,0.381);
#13196=CARTESIAN_POINT('',(3.4925,2.40900000000002,-0.461199999999984));
#13197=AXIS2_PLACEMENT_3D('',#15933,#15934,#15935);
#13198=CARTESIAN_POINT('',(3.4925,3.3782,-0.461199999999984));
#13199=CARTESIAN_POINT('',(3.4925,2.40900000000002,-0.461199999999984));
#13200=VECTOR('',#15936,0.969199999999984);
#13201=CARTESIAN_POINT('',(3.4925,3.3782,-0.7112));
#13202=CARTESIAN_POINT('',(3.4925,3.3782,-0.461199999999984));
#13203=VECTOR('',#15937,0.249999999999991);
#13204=CARTESIAN_POINT('',(3.4925,2.40900000000002,-0.7112));
#13205=CARTESIAN_POINT('',(3.4925,3.3782,-0.7112));
#13206=VECTOR('',#15938,0.969199999999984);
#13207=CARTESIAN_POINT('',(3.4925,1.905,-0.207200000000009));
#13208=AXIS2_PLACEMENT_3D('',#15939,#15940,#15941);
#13209=CARTESIAN_POINT('',(3.4925,1.905,-0.207200000000009));
#13210=VECTOR('',#15942,0.715199999999984);
#13211=CARTESIAN_POINT('',(4.1275,1.905,-0.207200000000009));
#13212=CARTESIAN_POINT('',(3.4925,1.905,-0.207200000000009));
#13213=VECTOR('',#15943,0.635);
#13214=CARTESIAN_POINT('',(4.1275,1.905,-0.207200000000009));
#13215=VECTOR('',#15944,0.715199999999984);
#13216=CARTESIAN_POINT('',(4.1275,2.40900000000002,-0.7112));
#13217=AXIS2_PLACEMENT_3D('',#15945,#15946,#15947);
#13218=CARTESIAN_POINT('',(4.1275,3.3782,-0.7112));
#13219=CARTESIAN_POINT('',(4.1275,3.3782,-0.7112));
#13220=VECTOR('',#15948,0.969199999999984);
#13221=CARTESIAN_POINT('',(4.1275,3.3782,-0.461199999999984));
#13222=CARTESIAN_POINT('',(4.1275,3.3782,-0.461199999999984));
#13223=VECTOR('',#15949,0.249999999999991);
#13224=CARTESIAN_POINT('',(4.1275,2.40900000000002,-0.461199999999984));
#13225=CARTESIAN_POINT('',(4.1275,2.40900000000002,-0.461199999999984));
#13226=VECTOR('',#15950,0.969199999999984);
#13227=AXIS2_PLACEMENT_3D('',#15951,#15952,#15953);
#13228=CARTESIAN_POINT('',(4.1275,1.9685,5.588));
#13229=CARTESIAN_POINT('',(4.1275,1.9685,6.77341477371994));
#13230=CARTESIAN_POINT('',(4.1275,1.9685,5.588));
#13231=VECTOR('',#15954,1.18541477371943);
#13232=CARTESIAN_POINT('',(4.1275,2.15500000000002,5.588));
#13233=VECTOR('',#15955,0.186499999999991);
#13234=CARTESIAN_POINT('',(4.1275,1.9685,6.77341477371994));
#13235=VECTOR('',#15956,0.720580666411604);
#13236=CARTESIAN_POINT('',(3.4925,2.40900000000002,-0.461199999999984));
#13237=VECTOR('',#15957,0.635);
#13238=CARTESIAN_POINT('',(3.4925,3.3782,-0.461199999999984));
#13239=VECTOR('',#15958,0.635);
#13240=CARTESIAN_POINT('',(3.4925,3.3782,-0.7112));
#13241=VECTOR('',#15959,0.635);
#13242=CARTESIAN_POINT('',(3.4925,2.40900000000002,-0.7112));
#13243=VECTOR('',#15960,0.635);
#13244=CARTESIAN_POINT('',(4.1275,2.24529547438762,5.7404));
#13245=CARTESIAN_POINT('',(4.3815,2.24529547438762,5.7404));
#13246=CARTESIAN_POINT('',(4.1275,2.24529547438762,5.7404));
#13247=VECTOR('',#15961,0.254);
#13248=CARTESIAN_POINT('',(4.3815,1.9685,6.77341477371994));
#13249=CARTESIAN_POINT('',(4.3815,1.9685,6.77341477371994));
#13250=VECTOR('',#15962,1.06945558924329);
#13251=CARTESIAN_POINT('',(4.1275,1.9685,6.77341477371994));
#13252=VECTOR('',#15963,0.254);
#13253=CARTESIAN_POINT('',(4.1275,2.15500000000002,6.07738729810686));
#13254=VECTOR('',#15964,0.34887492283169);
#13255=CARTESIAN_POINT('',(4.1275,2.49064063426503,5.8061400374554));
#13256=CARTESIAN_POINT('',(4.1275,2.49064063426503,5.8061400374554));
#13257=VECTOR('',#15965,1.29681582795422);
#13258=CARTESIAN_POINT('',(4.1275,2.24529547438762,5.7404));
#13259=VECTOR('',#15966,0.254);
#13260=CARTESIAN_POINT('',(4.3815,2.49064063426503,5.8061400374554));
#13261=CARTESIAN_POINT('',(4.1275,2.49064063426503,5.8061400374554));
#13262=VECTOR('',#15967,0.254);
#13263=CARTESIAN_POINT('',(4.3815,2.24529547438762,5.7404));
#13264=VECTOR('',#15968,0.254);
#13265=CARTESIAN_POINT('',(4.3815,2.49064063426503,5.8061400374554));
#13266=VECTOR('',#15969,1.29681582795422);
#13267=CARTESIAN_POINT('',(4.3815,1.9685,8.0264));
#13268=VECTOR('',#15970,1.25298522628057);
#13269=CARTESIAN_POINT('',(4.5085,1.9685,5.588));
#13270=VECTOR('',#15971,0.381);
#13271=CARTESIAN_POINT('',(3.1242,0.5715,8.3312));
#13272=CARTESIAN_POINT('',(3.1242,0.5715,8.0264));
#13273=VECTOR('',#15972,0.3048);
#13274=CARTESIAN_POINT('',(4.5212,0.5715,8.3312));
#13275=VECTOR('',#15973,1.397);
#13276=CARTESIAN_POINT('',(4.5212,0.5715,8.3312));
#13277=VECTOR('',#15974,0.470131143487166);
#13278=CARTESIAN_POINT('',(3.1242,0.5715,8.3312));
#13279=VECTOR('',#15975,0.47012079461048);
#13280=CARTESIAN_POINT('',(3.1242,0.5715,8.3312));
#13281=VECTOR('',#15976,1.397);
#13282=CARTESIAN_POINT('',(1.9685,1.9685,5.588));
#13283=CARTESIAN_POINT('',(1.9685,2.5273,5.588));
#13284=VECTOR('',#15977,0.5588);
#13285=CARTESIAN_POINT('',(1.9685,1.9685,8.0264));
#13286=CARTESIAN_POINT('',(1.9685,1.9685,8.0264));
#13287=VECTOR('',#15978,2.4384);
#13288=CARTESIAN_POINT('',(1.9685,1.9685,8.3312));
#13289=CARTESIAN_POINT('',(1.9685,1.9685,8.0264));
#13290=VECTOR('',#15979,0.3048);
#13291=CARTESIAN_POINT('',(1.9685,1.9685,8.3312));
#13292=VECTOR('',#15980,0.396760683535974);
#13293=CARTESIAN_POINT('',(1.9812,1.9685,8.3312));
#13294=CARTESIAN_POINT('',(1.9685,1.9685,8.3312));
#13295=VECTOR('',#15981,0.0126999999999975);
#13296=CARTESIAN_POINT('',(1.9812,1.9685,8.3312));
#13297=VECTOR('',#15982,0.47208194526399);
#13298=CARTESIAN_POINT('',(0.5842,1.9685,8.3312));
#13299=CARTESIAN_POINT('',(0.5842,1.9685,8.3312));
#13300=VECTOR('',#15983,0.47012079461048);
#13301=CARTESIAN_POINT('',(1.2065,1.9685,8.3312));
#13302=CARTESIAN_POINT('',(0.5842,1.9685,8.3312));
#13303=VECTOR('',#15984,0.6223);
#13304=CARTESIAN_POINT('',(1.2065,2.2225,8.636));
#13305=VECTOR('',#15985,0.396760683535974);
#13306=CARTESIAN_POINT('',(1.9812,0.5715,8.3312));
#13307=CARTESIAN_POINT('',(1.9812,1.9685,8.3312));
#13308=VECTOR('',#15986,1.397);
#13309=CARTESIAN_POINT('',(1.9812,0.5715,8.3312));
#13310=VECTOR('',#15987,0.470131143487166);
#13311=CARTESIAN_POINT('',(0.5842,0.5715,8.3312));
#13312=CARTESIAN_POINT('',(1.9812,0.5715,8.3312));
#13313=VECTOR('',#15988,1.397);
#13314=CARTESIAN_POINT('',(0.5842,0.5715,8.3312));
#13315=VECTOR('',#15989,0.47012079461048);
#13316=CARTESIAN_POINT('',(0.5842,0.5715,8.3312));
#13317=VECTOR('',#15990,1.397);
#13318=CARTESIAN_POINT('',(0.5842,1.9685,8.0264));
#13319=CARTESIAN_POINT('',(0.5842,1.9685,8.0264));
#13320=VECTOR('',#15991,0.3048);
#13321=CARTESIAN_POINT('',(0.5842,0.5715,8.0264));
#13322=CARTESIAN_POINT('',(0.5842,0.5715,8.0264));
#13323=VECTOR('',#15992,0.3048);
#13324=CARTESIAN_POINT('',(0.5842,0.5715,8.0264));
#13325=VECTOR('',#15993,1.397);
#13326=CARTESIAN_POINT('',(1.2065,1.9685,8.0264));
#13327=CARTESIAN_POINT('',(1.2065,2.15500000000002,8.0264));
#13328=CARTESIAN_POINT('',(1.2065,1.9685,8.0264));
#13329=VECTOR('',#15994,0.186499999999991);
#13330=CARTESIAN_POINT('',(0.5842,1.9685,8.0264));
#13331=VECTOR('',#15995,0.6223);
#13332=CARTESIAN_POINT('',(1.9812,0.5715,8.0264));
#13333=CARTESIAN_POINT('',(1.9812,0.5715,8.0264));
#13334=VECTOR('',#15996,1.397);
#13335=CARTESIAN_POINT('',(1.9812,1.9685,8.0264));
#13336=CARTESIAN_POINT('',(1.9812,1.9685,8.0264));
#13337=VECTOR('',#15997,1.397);
#13338=CARTESIAN_POINT('',(1.9685,1.9685,8.0264));
#13339=VECTOR('',#15998,0.0126999999999975);
#13340=CARTESIAN_POINT('',(1.8415,1.9685,8.0264));
#13341=CARTESIAN_POINT('',(1.9685,1.9685,8.0264));
#13342=VECTOR('',#15999,0.127);
#13343=CARTESIAN_POINT('',(1.8415,2.15500000000002,8.0264));
#13344=CARTESIAN_POINT('',(1.8415,2.15500000000002,8.0264));
#13345=VECTOR('',#16000,0.186499999999991);
#13346=CARTESIAN_POINT('',(1.2065,2.15500000000002,8.0264));
#13347=VECTOR('',#16001,0.635);
#13348=CARTESIAN_POINT('',(1.5875,2.15500000000002,-0.207200000000009));
#13349=CARTESIAN_POINT('',(1.5875,2.15500000000002,0.508));
#13350=VECTOR('',#16002,0.715199999999984);
#13351=CARTESIAN_POINT('',(0.9525,2.15500000000002,-0.207200000000009));
#13352=CARTESIAN_POINT('',(0.9525,2.15500000000002,-0.207200000000009));
#13353=VECTOR('',#16003,0.635);
#13354=CARTESIAN_POINT('',(0.9525,2.15500000000002,0.508));
#13355=VECTOR('',#16004,0.715199999999984);
#13356=CARTESIAN_POINT('',(1.5875,2.15500000000002,6.07738729810686));
#13357=CARTESIAN_POINT('',(1.5875,2.15500000000002,5.588));
#13358=CARTESIAN_POINT('',(1.5875,2.15500000000002,6.07738729810686));
#13359=VECTOR('',#16005,0.489387298107876);
#13360=CARTESIAN_POINT('',(1.2065,2.15500000000002,5.588));
#13361=CARTESIAN_POINT('',(1.2065,2.15500000000002,5.588));
#13362=VECTOR('',#16006,0.381);
#13363=CARTESIAN_POINT('',(1.2065,2.15500000000002,5.588));
#13364=VECTOR('',#16007,2.4384);
#13365=CARTESIAN_POINT('',(1.8415,2.15500000000002,7.0587679376175));
#13366=CARTESIAN_POINT('',(1.8415,2.15500000000002,7.0587679376175));
#13367=VECTOR('',#16008,0.9676320623825);
#13368=CARTESIAN_POINT('',(1.5875,2.15500000000002,7.0587679376175));
#13369=CARTESIAN_POINT('',(1.5875,2.15500000000002,7.0587679376175));
#13370=VECTOR('',#16009,0.254);
#13371=CARTESIAN_POINT('',(1.5875,2.15500000000002,7.0587679376175));
#13372=VECTOR('',#16010,0.981380639509624);
#13373=CARTESIAN_POINT('',(0.9525,2.40900000000002,-0.461199999999984));
#13374=AXIS2_PLACEMENT_3D('',#16011,#16012,#16013);
#13375=CARTESIAN_POINT('',(0.9525,3.3782,-0.461199999999984));
#13376=CARTESIAN_POINT('',(0.9525,2.40900000000002,-0.461199999999984));
#13377=VECTOR('',#16014,0.969199999999984);
#13378=CARTESIAN_POINT('',(0.9525,3.3782,-0.7112));
#13379=CARTESIAN_POINT('',(0.9525,3.3782,-0.461199999999984));
#13380=VECTOR('',#16015,0.249999999999991);
#13381=CARTESIAN_POINT('',(0.9525,2.40900000000002,-0.7112));
#13382=CARTESIAN_POINT('',(0.9525,3.3782,-0.7112));
#13383=VECTOR('',#16016,0.969199999999984);
#13384=CARTESIAN_POINT('',(0.9525,1.905,-0.207200000000009));
#13385=AXIS2_PLACEMENT_3D('',#16017,#16018,#16019);
#13386=CARTESIAN_POINT('',(0.9525,1.905,-0.207200000000009));
#13387=VECTOR('',#16020,0.715199999999984);
#13388=CARTESIAN_POINT('',(1.5875,1.905,-0.207200000000009));
#13389=CARTESIAN_POINT('',(0.9525,1.905,-0.207200000000009));
#13390=VECTOR('',#16021,0.635);
#13391=CARTESIAN_POINT('',(1.5875,1.905,-0.207200000000009));
#13392=VECTOR('',#16022,0.715199999999984);
#13393=CARTESIAN_POINT('',(1.5875,2.40900000000002,-0.7112));
#13394=AXIS2_PLACEMENT_3D('',#16023,#16024,#16025);
#13395=CARTESIAN_POINT('',(1.5875,3.3782,-0.7112));
#13396=CARTESIAN_POINT('',(1.5875,3.3782,-0.7112));
#13397=VECTOR('',#16026,0.969199999999984);
#13398=CARTESIAN_POINT('',(1.5875,3.3782,-0.461199999999984));
#13399=CARTESIAN_POINT('',(1.5875,3.3782,-0.461199999999984));
#13400=VECTOR('',#16027,0.249999999999991);
#13401=CARTESIAN_POINT('',(1.5875,2.40900000000002,-0.461199999999984));
#13402=CARTESIAN_POINT('',(1.5875,2.40900000000002,-0.461199999999984));
#13403=VECTOR('',#16028,0.969199999999984);
#13404=AXIS2_PLACEMENT_3D('',#16029,#16030,#16031);
#13405=CARTESIAN_POINT('',(1.5875,1.9685,5.588));
#13406=CARTESIAN_POINT('',(1.5875,1.9685,6.77341477371994));
#13407=CARTESIAN_POINT('',(1.5875,1.9685,5.588));
#13408=VECTOR('',#16032,1.18541477371943);
#13409=CARTESIAN_POINT('',(1.5875,2.15500000000002,5.588));
#13410=VECTOR('',#16033,0.186499999999991);
#13411=CARTESIAN_POINT('',(1.5875,1.9685,6.77341477371994));
#13412=VECTOR('',#16034,0.720580666411604);
#13413=CARTESIAN_POINT('',(0.9525,2.40900000000002,-0.461199999999984));
#13414=VECTOR('',#16035,0.635);
#13415=CARTESIAN_POINT('',(0.9525,3.3782,-0.461199999999984));
#13416=VECTOR('',#16036,0.635);
#13417=CARTESIAN_POINT('',(0.9525,3.3782,-0.7112));
#13418=VECTOR('',#16037,0.635);
#13419=CARTESIAN_POINT('',(0.9525,2.40900000000002,-0.7112));
#13420=VECTOR('',#16038,0.635);
#13421=CARTESIAN_POINT('',(1.5875,2.24529547438762,5.7404));
#13422=CARTESIAN_POINT('',(1.5875,2.15500000000002,6.07738729810686));
#13423=VECTOR('',#16039,0.34887492283169);
#13424=CARTESIAN_POINT('',(1.8415,2.24529547438762,5.7404));
#13425=CARTESIAN_POINT('',(1.5875,2.24529547438762,5.7404));
#13426=VECTOR('',#16040,0.254);
#13427=CARTESIAN_POINT('',(1.8415,1.9685,6.77341477371994));
#13428=CARTESIAN_POINT('',(1.8415,1.9685,6.77341477371994));
#13429=VECTOR('',#16041,1.06945558924329);
#13430=CARTESIAN_POINT('',(1.5875,1.9685,6.77341477371994));
#13431=VECTOR('',#16042,0.254);
#13432=CARTESIAN_POINT('',(1.9685,1.9685,5.588));
#13433=VECTOR('',#16043,0.381);
#13434=CARTESIAN_POINT('',(1.8415,1.9685,8.0264));
#13435=VECTOR('',#16044,1.25298522628057);
#13436=CARTESIAN_POINT('',(1.8415,2.49064063426503,5.8061400374554));
#13437=CARTESIAN_POINT('',(1.8415,2.24529547438762,5.7404));
#13438=VECTOR('',#16045,0.254);
#13439=CARTESIAN_POINT('',(1.8415,2.49064063426503,5.8061400374554));
#13440=VECTOR('',#16046,1.29681582795422);
#13441=CARTESIAN_POINT('',(1.5875,2.49064063426503,5.8061400374554));
#13442=CARTESIAN_POINT('',(1.5875,2.49064063426503,5.8061400374554));
#13443=VECTOR('',#16047,0.254);
#13444=CARTESIAN_POINT('',(1.5875,2.49064063426503,5.8061400374554));
#13445=VECTOR('',#16048,1.29681582795422);
#13446=CARTESIAN_POINT('',(1.5875,2.24529547438762,5.7404));
#13447=VECTOR('',#16049,0.254);
#13448=CARTESIAN_POINT('',(1.2065,2.15500000000002,5.588));
#13449=VECTOR('',#16050,0.372299999999984);
#13450=CARTESIAN_POINT('',(1.2065,1.9685,8.3312));
#13451=VECTOR('',#16051,0.3048);
#13452=CARTESIAN_POINT('',(1.9812,1.9685,8.0264));
#13453=VECTOR('',#16052,0.3048);
#13454=CARTESIAN_POINT('',(1.9812,0.5715,8.0264));
#13455=VECTOR('',#16053,0.3048);
#13456=CARTESIAN_POINT('',(-0.5715,1.9685,5.588));
#13457=CARTESIAN_POINT('',(-0.5715,2.5273,5.588));
#13458=VECTOR('',#16054,0.5588);
#13459=CARTESIAN_POINT('',(-0.5715,1.9685,8.0264));
#13460=CARTESIAN_POINT('',(-0.5715,1.9685,8.0264));
#13461=VECTOR('',#16055,2.4384);
#13462=CARTESIAN_POINT('',(-0.5715,1.9685,8.3312));
#13463=CARTESIAN_POINT('',(-0.5715,1.9685,8.0264));
#13464=VECTOR('',#16056,0.3048);
#13465=CARTESIAN_POINT('',(-0.5715,1.9685,8.3312));
#13466=VECTOR('',#16057,0.396760683535974);
#13467=CARTESIAN_POINT('',(-0.5588,1.9685,8.3312));
#13468=CARTESIAN_POINT('',(-0.5715,1.9685,8.3312));
#13469=VECTOR('',#16058,0.0127);
#13470=CARTESIAN_POINT('',(-0.5588,1.9685,8.3312));
#13471=VECTOR('',#16059,0.47208194526399);
#13472=CARTESIAN_POINT('',(-1.9558,1.9685,8.3312));
#13473=CARTESIAN_POINT('',(-1.9558,1.9685,8.3312));
#13474=VECTOR('',#16060,0.47012079461048);
#13475=CARTESIAN_POINT('',(-1.3335,1.9685,8.3312));
#13476=CARTESIAN_POINT('',(-1.9558,1.9685,8.3312));
#13477=VECTOR('',#16061,0.6223);
#13478=CARTESIAN_POINT('',(-1.3335,2.2225,8.636));
#13479=VECTOR('',#16062,0.396760683535974);
#13480=CARTESIAN_POINT('',(-0.5588,0.5715,8.3312));
#13481=CARTESIAN_POINT('',(-0.5588,1.9685,8.3312));
#13482=VECTOR('',#16063,1.397);
#13483=CARTESIAN_POINT('',(-0.5588,0.5715,8.3312));
#13484=VECTOR('',#16064,0.470131143487166);
#13485=CARTESIAN_POINT('',(-1.9558,0.5715,8.3312));
#13486=CARTESIAN_POINT('',(-0.5588,0.5715,8.3312));
#13487=VECTOR('',#16065,1.397);
#13488=CARTESIAN_POINT('',(-1.9558,0.5715,8.3312));
#13489=VECTOR('',#16066,0.47012079461048);
#13490=CARTESIAN_POINT('',(-1.9558,0.5715,8.3312));
#13491=VECTOR('',#16067,1.397);
#13492=CARTESIAN_POINT('',(-1.9558,1.9685,8.0264));
#13493=CARTESIAN_POINT('',(-1.9558,1.9685,8.0264));
#13494=VECTOR('',#16068,0.3048);
#13495=CARTESIAN_POINT('',(-1.9558,0.5715,8.0264));
#13496=CARTESIAN_POINT('',(-1.9558,0.5715,8.0264));
#13497=VECTOR('',#16069,0.3048);
#13498=CARTESIAN_POINT('',(-1.9558,0.5715,8.0264));
#13499=VECTOR('',#16070,1.397);
#13500=CARTESIAN_POINT('',(-1.3335,1.9685,8.0264));
#13501=CARTESIAN_POINT('',(-1.3335,2.15500000000002,8.0264));
#13502=CARTESIAN_POINT('',(-1.3335,1.9685,8.0264));
#13503=VECTOR('',#16071,0.186499999999991);
#13504=CARTESIAN_POINT('',(-1.9558,1.9685,8.0264));
#13505=VECTOR('',#16072,0.6223);
#13506=CARTESIAN_POINT('',(-0.5588,0.5715,8.0264));
#13507=CARTESIAN_POINT('',(-0.5588,0.5715,8.0264));
#13508=VECTOR('',#16073,1.397);
#13509=CARTESIAN_POINT('',(-0.5588,1.9685,8.0264));
#13510=CARTESIAN_POINT('',(-0.5588,1.9685,8.0264));
#13511=VECTOR('',#16074,1.397);
#13512=CARTESIAN_POINT('',(-0.5715,1.9685,8.0264));
#13513=VECTOR('',#16075,0.0127);
#13514=CARTESIAN_POINT('',(-0.6985,1.9685,8.0264));
#13515=CARTESIAN_POINT('',(-0.5715,1.9685,8.0264));
#13516=VECTOR('',#16076,0.127);
#13517=CARTESIAN_POINT('',(-0.6985,2.15500000000002,8.0264));
#13518=CARTESIAN_POINT('',(-0.6985,2.15500000000002,8.0264));
#13519=VECTOR('',#16077,0.186499999999991);
#13520=CARTESIAN_POINT('',(-1.3335,2.15500000000002,8.0264));
#13521=VECTOR('',#16078,0.635);
#13522=CARTESIAN_POINT('',(-0.9525,2.15500000000002,-0.207200000000009));
#13523=CARTESIAN_POINT('',(-0.9525,2.15500000000002,0.508));
#13524=VECTOR('',#16079,0.715199999999984);
#13525=CARTESIAN_POINT('',(-1.5875,2.15500000000002,-0.207200000000009));
#13526=CARTESIAN_POINT('',(-1.5875,2.15500000000002,-0.207200000000009));
#13527=VECTOR('',#16080,0.635);
#13528=CARTESIAN_POINT('',(-1.5875,2.15500000000002,0.508));
#13529=VECTOR('',#16081,0.715199999999984);
#13530=CARTESIAN_POINT('',(-0.9525,2.15500000000002,6.07738729810686));
#13531=CARTESIAN_POINT('',(-0.9525,2.15500000000002,5.588));
#13532=CARTESIAN_POINT('',(-0.9525,2.15500000000002,6.07738729810686));
#13533=VECTOR('',#16082,0.489387298107876);
#13534=CARTESIAN_POINT('',(-1.3335,2.15500000000002,5.588));
#13535=CARTESIAN_POINT('',(-1.3335,2.15500000000002,5.588));
#13536=VECTOR('',#16083,0.381);
#13537=CARTESIAN_POINT('',(-1.3335,2.15500000000002,5.588));
#13538=VECTOR('',#16084,2.4384);
#13539=CARTESIAN_POINT('',(-0.6985,2.15500000000002,7.0587679376175));
#13540=CARTESIAN_POINT('',(-0.6985,2.15500000000002,7.0587679376175));
#13541=VECTOR('',#16085,0.9676320623825);
#13542=CARTESIAN_POINT('',(-0.9525,2.15500000000002,7.0587679376175));
#13543=CARTESIAN_POINT('',(-0.9525,2.15500000000002,7.0587679376175));
#13544=VECTOR('',#16086,0.254);
#13545=CARTESIAN_POINT('',(-0.9525,2.15500000000002,7.0587679376175));
#13546=VECTOR('',#16087,0.981380639509624);
#13547=CARTESIAN_POINT('',(-1.5875,2.40900000000002,-0.461199999999984));
#13548=AXIS2_PLACEMENT_3D('',#16088,#16089,#16090);
#13549=CARTESIAN_POINT('',(-1.5875,3.3782,-0.461199999999984));
#13550=CARTESIAN_POINT('',(-1.5875,2.40900000000002,-0.461199999999984));
#13551=VECTOR('',#16091,0.969199999999984);
#13552=CARTESIAN_POINT('',(-1.5875,3.3782,-0.7112));
#13553=CARTESIAN_POINT('',(-1.5875,3.3782,-0.461199999999984));
#13554=VECTOR('',#16092,0.249999999999991);
#13555=CARTESIAN_POINT('',(-1.5875,2.40900000000002,-0.7112));
#13556=CARTESIAN_POINT('',(-1.5875,3.3782,-0.7112));
#13557=VECTOR('',#16093,0.969199999999984);
#13558=CARTESIAN_POINT('',(-1.5875,1.905,-0.207200000000009));
#13559=AXIS2_PLACEMENT_3D('',#16094,#16095,#16096);
#13560=CARTESIAN_POINT('',(-1.5875,1.905,-0.207200000000009));
#13561=VECTOR('',#16097,0.715199999999984);
#13562=CARTESIAN_POINT('',(-0.9525,1.905,-0.207200000000009));
#13563=CARTESIAN_POINT('',(-1.5875,1.905,-0.207200000000009));
#13564=VECTOR('',#16098,0.635);
#13565=CARTESIAN_POINT('',(-0.9525,1.905,-0.207200000000009));
#13566=VECTOR('',#16099,0.715199999999984);
#13567=CARTESIAN_POINT('',(-0.9525,2.40900000000002,-0.7112));
#13568=AXIS2_PLACEMENT_3D('',#16100,#16101,#16102);
#13569=CARTESIAN_POINT('',(-0.9525,3.3782,-0.7112));
#13570=CARTESIAN_POINT('',(-0.9525,3.3782,-0.7112));
#13571=VECTOR('',#16103,0.969199999999984);
#13572=CARTESIAN_POINT('',(-0.9525,3.3782,-0.461199999999984));
#13573=CARTESIAN_POINT('',(-0.9525,3.3782,-0.461199999999984));
#13574=VECTOR('',#16104,0.249999999999991);
#13575=CARTESIAN_POINT('',(-0.9525,2.40900000000002,-0.461199999999984));
#13576=CARTESIAN_POINT('',(-0.9525,2.40900000000002,-0.461199999999984));
#13577=VECTOR('',#16105,0.969199999999984);
#13578=AXIS2_PLACEMENT_3D('',#16106,#16107,#16108);
#13579=CARTESIAN_POINT('',(-0.9525,1.9685,5.588));
#13580=CARTESIAN_POINT('',(-0.9525,1.9685,6.77341477371994));
#13581=CARTESIAN_POINT('',(-0.9525,1.9685,5.588));
#13582=VECTOR('',#16109,1.18541477371943);
#13583=CARTESIAN_POINT('',(-0.9525,2.15500000000002,5.588));
#13584=VECTOR('',#16110,0.186499999999991);
#13585=CARTESIAN_POINT('',(-0.9525,1.9685,6.77341477371994));
#13586=VECTOR('',#16111,0.720580666411604);
#13587=CARTESIAN_POINT('',(-1.5875,2.40900000000002,-0.461199999999984));
#13588=VECTOR('',#16112,0.635);
#13589=CARTESIAN_POINT('',(-1.5875,3.3782,-0.461199999999984));
#13590=VECTOR('',#16113,0.635);
#13591=CARTESIAN_POINT('',(-1.5875,3.3782,-0.7112));
#13592=VECTOR('',#16114,0.635);
#13593=CARTESIAN_POINT('',(-1.5875,2.40900000000002,-0.7112));
#13594=VECTOR('',#16115,0.635);
#13595=CARTESIAN_POINT('',(-0.9525,2.24529547438762,5.7404));
#13596=CARTESIAN_POINT('',(-0.9525,2.15500000000002,6.07738729810686));
#13597=VECTOR('',#16116,0.34887492283169);
#13598=CARTESIAN_POINT('',(-0.6985,2.24529547438762,5.7404));
#13599=CARTESIAN_POINT('',(-0.9525,2.24529547438762,5.7404));
#13600=VECTOR('',#16117,0.254);
#13601=CARTESIAN_POINT('',(-0.6985,1.9685,6.77341477371994));
#13602=CARTESIAN_POINT('',(-0.6985,1.9685,6.77341477371994));
#13603=VECTOR('',#16118,1.06945558924329);
#13604=CARTESIAN_POINT('',(-0.9525,1.9685,6.77341477371994));
#13605=VECTOR('',#16119,0.254);
#13606=CARTESIAN_POINT('',(-0.5715,1.9685,5.588));
#13607=VECTOR('',#16120,0.381);
#13608=CARTESIAN_POINT('',(-0.6985,1.9685,8.0264));
#13609=VECTOR('',#16121,1.25298522628057);
#13610=CARTESIAN_POINT('',(-0.6985,2.49064063426503,5.8061400374554));
#13611=CARTESIAN_POINT('',(-0.6985,2.24529547438762,5.7404));
#13612=VECTOR('',#16122,0.254);
#13613=CARTESIAN_POINT('',(-0.6985,2.49064063426503,5.8061400374554));
#13614=VECTOR('',#16123,1.29681582795422);
#13615=CARTESIAN_POINT('',(-0.9525,2.49064063426503,5.8061400374554));
#13616=CARTESIAN_POINT('',(-0.9525,2.49064063426503,5.8061400374554));
#13617=VECTOR('',#16124,0.254);
#13618=CARTESIAN_POINT('',(-0.9525,2.49064063426503,5.8061400374554));
#13619=VECTOR('',#16125,1.29681582795422);
#13620=CARTESIAN_POINT('',(-0.9525,2.24529547438762,5.7404));
#13621=VECTOR('',#16126,0.254);
#13622=CARTESIAN_POINT('',(-1.3335,2.15500000000002,5.588));
#13623=VECTOR('',#16127,0.372299999999984);
#13624=CARTESIAN_POINT('',(-1.3335,1.9685,8.3312));
#13625=VECTOR('',#16128,0.3048);
#13626=CARTESIAN_POINT('',(-0.5588,1.9685,8.0264));
#13627=VECTOR('',#16129,0.3048);
#13628=CARTESIAN_POINT('',(-0.5588,0.5715,8.0264));
#13629=VECTOR('',#16130,0.3048);
#13630=CARTESIAN_POINT('',(-3.1115,1.9685,5.588));
#13631=CARTESIAN_POINT('',(-3.1115,2.5273,5.588));
#13632=VECTOR('',#16131,0.5588);
#13633=CARTESIAN_POINT('',(-3.1115,1.9685,8.0264));
#13634=CARTESIAN_POINT('',(-3.1115,1.9685,8.0264));
#13635=VECTOR('',#16132,2.4384);
#13636=CARTESIAN_POINT('',(-3.1115,1.9685,8.3312));
#13637=CARTESIAN_POINT('',(-3.1115,1.9685,8.0264));
#13638=VECTOR('',#16133,0.3048);
#13639=CARTESIAN_POINT('',(-3.1115,1.9685,8.3312));
#13640=VECTOR('',#16134,0.396760683535974);
#13641=CARTESIAN_POINT('',(-3.0988,1.9685,8.3312));
#13642=CARTESIAN_POINT('',(-3.1115,1.9685,8.3312));
#13643=VECTOR('',#16135,0.0127);
#13644=CARTESIAN_POINT('',(-3.0988,1.9685,8.3312));
#13645=VECTOR('',#16136,0.47208194526399);
#13646=CARTESIAN_POINT('',(-4.4958,1.9685,8.3312));
#13647=CARTESIAN_POINT('',(-4.4958,1.9685,8.3312));
#13648=VECTOR('',#16137,0.47012079461048);
#13649=CARTESIAN_POINT('',(-3.8735,1.9685,8.3312));
#13650=CARTESIAN_POINT('',(-4.4958,1.9685,8.3312));
#13651=VECTOR('',#16138,0.6223);
#13652=CARTESIAN_POINT('',(-3.8735,2.2225,8.636));
#13653=VECTOR('',#16139,0.396760683535974);
#13654=CARTESIAN_POINT('',(-3.0988,0.5715,8.3312));
#13655=CARTESIAN_POINT('',(-3.0988,1.9685,8.3312));
#13656=VECTOR('',#16140,1.397);
#13657=CARTESIAN_POINT('',(-3.0988,0.5715,8.3312));
#13658=VECTOR('',#16141,0.470131143487166);
#13659=CARTESIAN_POINT('',(-4.4958,0.5715,8.3312));
#13660=CARTESIAN_POINT('',(-3.0988,0.5715,8.3312));
#13661=VECTOR('',#16142,1.397);
#13662=CARTESIAN_POINT('',(-4.4958,0.5715,8.3312));
#13663=VECTOR('',#16143,0.47012079461048);
#13664=CARTESIAN_POINT('',(-4.4958,0.5715,8.3312));
#13665=VECTOR('',#16144,1.397);
#13666=CARTESIAN_POINT('',(-4.4958,1.9685,8.0264));
#13667=CARTESIAN_POINT('',(-4.4958,1.9685,8.0264));
#13668=VECTOR('',#16145,0.3048);
#13669=CARTESIAN_POINT('',(-4.4958,0.5715,8.0264));
#13670=CARTESIAN_POINT('',(-4.4958,0.5715,8.0264));
#13671=VECTOR('',#16146,0.3048);
#13672=CARTESIAN_POINT('',(-4.4958,0.5715,8.0264));
#13673=VECTOR('',#16147,1.397);
#13674=CARTESIAN_POINT('',(-3.8735,1.9685,8.0264));
#13675=CARTESIAN_POINT('',(-3.8735,2.15500000000002,8.0264));
#13676=CARTESIAN_POINT('',(-3.8735,1.9685,8.0264));
#13677=VECTOR('',#16148,0.186499999999991);
#13678=CARTESIAN_POINT('',(-4.4958,1.9685,8.0264));
#13679=VECTOR('',#16149,0.6223);
#13680=CARTESIAN_POINT('',(-3.0988,0.5715,8.0264));
#13681=CARTESIAN_POINT('',(-3.0988,0.5715,8.0264));
#13682=VECTOR('',#16150,1.397);
#13683=CARTESIAN_POINT('',(-3.0988,1.9685,8.0264));
#13684=CARTESIAN_POINT('',(-3.0988,1.9685,8.0264));
#13685=VECTOR('',#16151,1.397);
#13686=CARTESIAN_POINT('',(-3.1115,1.9685,8.0264));
#13687=VECTOR('',#16152,0.0127);
#13688=CARTESIAN_POINT('',(-3.2385,1.9685,8.0264));
#13689=CARTESIAN_POINT('',(-3.1115,1.9685,8.0264));
#13690=VECTOR('',#16153,0.127);
#13691=CARTESIAN_POINT('',(-3.2385,2.15500000000002,8.0264));
#13692=CARTESIAN_POINT('',(-3.2385,2.15500000000002,8.0264));
#13693=VECTOR('',#16154,0.186499999999991);
#13694=CARTESIAN_POINT('',(-3.8735,2.15500000000002,8.0264));
#13695=VECTOR('',#16155,0.635);
#13696=CARTESIAN_POINT('',(-3.4925,2.15500000000002,-0.207200000000009));
#13697=CARTESIAN_POINT('',(-3.4925,2.15500000000002,0.508));
#13698=VECTOR('',#16156,0.715199999999984);
#13699=CARTESIAN_POINT('',(-4.1275,2.15500000000002,-0.207200000000009));
#13700=CARTESIAN_POINT('',(-4.1275,2.15500000000002,-0.207200000000009));
#13701=VECTOR('',#16157,0.635);
#13702=CARTESIAN_POINT('',(-4.1275,2.15500000000002,0.508));
#13703=VECTOR('',#16158,0.715199999999984);
#13704=CARTESIAN_POINT('',(-3.4925,2.15500000000002,6.07738729810686));
#13705=CARTESIAN_POINT('',(-3.4925,2.15500000000002,5.588));
#13706=CARTESIAN_POINT('',(-3.4925,2.15500000000002,6.07738729810686));
#13707=VECTOR('',#16159,0.489387298107876);
#13708=CARTESIAN_POINT('',(-3.8735,2.15500000000002,5.588));
#13709=CARTESIAN_POINT('',(-3.8735,2.15500000000002,5.588));
#13710=VECTOR('',#16160,0.381);
#13711=CARTESIAN_POINT('',(-3.8735,2.15500000000002,5.588));
#13712=VECTOR('',#16161,2.4384);
#13713=CARTESIAN_POINT('',(-3.2385,2.15500000000002,7.0587679376175));
#13714=CARTESIAN_POINT('',(-3.2385,2.15500000000002,7.0587679376175));
#13715=VECTOR('',#16162,0.9676320623825);
#13716=CARTESIAN_POINT('',(-3.4925,2.15500000000002,7.0587679376175));
#13717=CARTESIAN_POINT('',(-3.4925,2.15500000000002,7.0587679376175));
#13718=VECTOR('',#16163,0.254);
#13719=CARTESIAN_POINT('',(-3.4925,2.15500000000002,7.0587679376175));
#13720=VECTOR('',#16164,0.981380639509624);
#13721=CARTESIAN_POINT('',(-4.1275,2.40900000000002,-0.461199999999984));
#13722=AXIS2_PLACEMENT_3D('',#16165,#16166,#16167);
#13723=CARTESIAN_POINT('',(-4.1275,3.3782,-0.461199999999984));
#13724=CARTESIAN_POINT('',(-4.1275,2.40900000000002,-0.461199999999984));
#13725=VECTOR('',#16168,0.969199999999984);
#13726=CARTESIAN_POINT('',(-4.1275,3.3782,-0.7112));
#13727=CARTESIAN_POINT('',(-4.1275,3.3782,-0.461199999999984));
#13728=VECTOR('',#16169,0.249999999999991);
#13729=CARTESIAN_POINT('',(-4.1275,2.40900000000002,-0.7112));
#13730=CARTESIAN_POINT('',(-4.1275,3.3782,-0.7112));
#13731=VECTOR('',#16170,0.969199999999984);
#13732=CARTESIAN_POINT('',(-4.1275,1.905,-0.207200000000009));
#13733=AXIS2_PLACEMENT_3D('',#16171,#16172,#16173);
#13734=CARTESIAN_POINT('',(-4.1275,1.905,-0.207200000000009));
#13735=VECTOR('',#16174,0.715199999999984);
#13736=CARTESIAN_POINT('',(-3.4925,1.905,-0.207200000000009));
#13737=CARTESIAN_POINT('',(-4.1275,1.905,-0.207200000000009));
#13738=VECTOR('',#16175,0.635);
#13739=CARTESIAN_POINT('',(-3.4925,1.905,-0.207200000000009));
#13740=VECTOR('',#16176,0.715199999999984);
#13741=CARTESIAN_POINT('',(-3.4925,2.40900000000002,-0.7112));
#13742=AXIS2_PLACEMENT_3D('',#16177,#16178,#16179);
#13743=CARTESIAN_POINT('',(-3.4925,3.3782,-0.7112));
#13744=CARTESIAN_POINT('',(-3.4925,3.3782,-0.7112));
#13745=VECTOR('',#16180,0.969199999999984);
#13746=CARTESIAN_POINT('',(-3.4925,3.3782,-0.461199999999984));
#13747=CARTESIAN_POINT('',(-3.4925,3.3782,-0.461199999999984));
#13748=VECTOR('',#16181,0.249999999999991);
#13749=CARTESIAN_POINT('',(-3.4925,2.40900000000002,-0.461199999999984));
#13750=CARTESIAN_POINT('',(-3.4925,2.40900000000002,-0.461199999999984));
#13751=VECTOR('',#16182,0.969199999999984);
#13752=AXIS2_PLACEMENT_3D('',#16183,#16184,#16185);
#13753=CARTESIAN_POINT('',(-3.4925,1.9685,5.588));
#13754=CARTESIAN_POINT('',(-3.4925,1.9685,6.77341477371994));
#13755=CARTESIAN_POINT('',(-3.4925,1.9685,5.588));
#13756=VECTOR('',#16186,1.18541477371943);
#13757=CARTESIAN_POINT('',(-3.4925,2.15500000000002,5.588));
#13758=VECTOR('',#16187,0.186499999999991);
#13759=CARTESIAN_POINT('',(-3.4925,1.9685,6.77341477371994));
#13760=VECTOR('',#16188,0.720580666411604);
#13761=CARTESIAN_POINT('',(-4.1275,2.40900000000002,-0.461199999999984));
#13762=VECTOR('',#16189,0.635);
#13763=CARTESIAN_POINT('',(-4.1275,3.3782,-0.461199999999984));
#13764=VECTOR('',#16190,0.635);
#13765=CARTESIAN_POINT('',(-4.1275,3.3782,-0.7112));
#13766=VECTOR('',#16191,0.635);
#13767=CARTESIAN_POINT('',(-4.1275,2.40900000000002,-0.7112));
#13768=VECTOR('',#16192,0.635);
#13769=CARTESIAN_POINT('',(-3.4925,2.24529547438762,5.7404));
#13770=CARTESIAN_POINT('',(-3.4925,2.15500000000002,6.07738729810686));
#13771=VECTOR('',#16193,0.34887492283169);
#13772=CARTESIAN_POINT('',(-3.2385,2.24529547438762,5.7404));
#13773=CARTESIAN_POINT('',(-3.4925,2.24529547438762,5.7404));
#13774=VECTOR('',#16194,0.254);
#13775=CARTESIAN_POINT('',(-3.2385,1.9685,6.77341477371994));
#13776=CARTESIAN_POINT('',(-3.2385,1.9685,6.77341477371994));
#13777=VECTOR('',#16195,1.06945558924329);
#13778=CARTESIAN_POINT('',(-3.4925,1.9685,6.77341477371994));
#13779=VECTOR('',#16196,0.254);
#13780=CARTESIAN_POINT('',(-3.1115,1.9685,5.588));
#13781=VECTOR('',#16197,0.381);
#13782=CARTESIAN_POINT('',(-3.2385,1.9685,8.0264));
#13783=VECTOR('',#16198,1.25298522628057);
#13784=CARTESIAN_POINT('',(-3.2385,2.49064063426503,5.8061400374554));
#13785=CARTESIAN_POINT('',(-3.2385,2.24529547438762,5.7404));
#13786=VECTOR('',#16199,0.254);
#13787=CARTESIAN_POINT('',(-3.2385,2.49064063426503,5.8061400374554));
#13788=VECTOR('',#16200,1.29681582795422);
#13789=CARTESIAN_POINT('',(-3.4925,2.49064063426503,5.8061400374554));
#13790=CARTESIAN_POINT('',(-3.4925,2.49064063426503,5.8061400374554));
#13791=VECTOR('',#16201,0.254);
#13792=CARTESIAN_POINT('',(-3.4925,2.49064063426503,5.8061400374554));
#13793=VECTOR('',#16202,1.29681582795422);
#13794=CARTESIAN_POINT('',(-3.4925,2.24529547438762,5.7404));
#13795=VECTOR('',#16203,0.254);
#13796=CARTESIAN_POINT('',(-3.8735,2.15500000000002,5.588));
#13797=VECTOR('',#16204,0.372299999999984);
#13798=CARTESIAN_POINT('',(-3.8735,1.9685,8.3312));
#13799=VECTOR('',#16205,0.3048);
#13800=CARTESIAN_POINT('',(-3.0988,1.9685,8.0264));
#13801=VECTOR('',#16206,0.3048);
#13802=CARTESIAN_POINT('',(-3.0988,0.5715,8.0264));
#13803=VECTOR('',#16207,0.3048);
#13804=CARTESIAN_POINT('',(-5.6515,1.9685,5.588));
#13805=CARTESIAN_POINT('',(-5.6515,2.5273,5.588));
#13806=VECTOR('',#16208,0.5588);
#13807=CARTESIAN_POINT('',(-5.6515,1.9685,8.0264));
#13808=CARTESIAN_POINT('',(-5.6515,1.9685,8.0264));
#13809=VECTOR('',#16209,2.4384);
#13810=CARTESIAN_POINT('',(-5.6515,1.9685,8.3312));
#13811=CARTESIAN_POINT('',(-5.6515,1.9685,8.0264));
#13812=VECTOR('',#16210,0.3048);
#13813=CARTESIAN_POINT('',(-5.6515,1.9685,8.3312));
#13814=VECTOR('',#16211,0.396760683535974);
#13815=CARTESIAN_POINT('',(-5.6388,1.9685,8.3312));
#13816=CARTESIAN_POINT('',(-5.6515,1.9685,8.3312));
#13817=VECTOR('',#16212,0.0126999999999975);
#13818=CARTESIAN_POINT('',(-5.6388,1.9685,8.3312));
#13819=VECTOR('',#16213,0.47208194526399);
#13820=CARTESIAN_POINT('',(-7.0358,1.9685,8.3312));
#13821=CARTESIAN_POINT('',(-7.0358,1.9685,8.3312));
#13822=VECTOR('',#16214,0.47012079461048);
#13823=CARTESIAN_POINT('',(-6.4135,1.9685,8.3312));
#13824=CARTESIAN_POINT('',(-7.0358,1.9685,8.3312));
#13825=VECTOR('',#16215,0.6223);
#13826=CARTESIAN_POINT('',(-6.4135,2.2225,8.636));
#13827=VECTOR('',#16216,0.396760683535974);
#13828=CARTESIAN_POINT('',(-5.6388,0.5715,8.3312));
#13829=CARTESIAN_POINT('',(-5.6388,1.9685,8.3312));
#13830=VECTOR('',#16217,1.397);
#13831=CARTESIAN_POINT('',(-5.6388,0.5715,8.3312));
#13832=VECTOR('',#16218,0.470131143487166);
#13833=CARTESIAN_POINT('',(-7.0358,0.5715,8.3312));
#13834=CARTESIAN_POINT('',(-5.6388,0.5715,8.3312));
#13835=VECTOR('',#16219,1.397);
#13836=CARTESIAN_POINT('',(-7.0358,0.5715,8.3312));
#13837=VECTOR('',#16220,0.47012079461048);
#13838=CARTESIAN_POINT('',(-7.0358,0.5715,8.3312));
#13839=VECTOR('',#16221,1.397);
#13840=CARTESIAN_POINT('',(-7.0358,1.9685,8.0264));
#13841=CARTESIAN_POINT('',(-7.0358,1.9685,8.0264));
#13842=VECTOR('',#16222,0.3048);
#13843=CARTESIAN_POINT('',(-7.0358,0.5715,8.0264));
#13844=CARTESIAN_POINT('',(-7.0358,0.5715,8.0264));
#13845=VECTOR('',#16223,0.3048);
#13846=CARTESIAN_POINT('',(-7.0358,0.5715,8.0264));
#13847=VECTOR('',#16224,1.397);
#13848=CARTESIAN_POINT('',(-6.4135,1.9685,8.0264));
#13849=CARTESIAN_POINT('',(-6.4135,2.15500000000002,8.0264));
#13850=CARTESIAN_POINT('',(-6.4135,1.9685,8.0264));
#13851=VECTOR('',#16225,0.186499999999991);
#13852=CARTESIAN_POINT('',(-7.0358,1.9685,8.0264));
#13853=VECTOR('',#16226,0.6223);
#13854=CARTESIAN_POINT('',(-5.6388,0.5715,8.0264));
#13855=CARTESIAN_POINT('',(-5.6388,0.5715,8.0264));
#13856=VECTOR('',#16227,1.397);
#13857=CARTESIAN_POINT('',(-5.6388,1.9685,8.0264));
#13858=CARTESIAN_POINT('',(-5.6388,1.9685,8.0264));
#13859=VECTOR('',#16228,1.397);
#13860=CARTESIAN_POINT('',(-5.6515,1.9685,8.0264));
#13861=VECTOR('',#16229,0.0126999999999975);
#13862=CARTESIAN_POINT('',(-5.7785,1.9685,8.0264));
#13863=CARTESIAN_POINT('',(-5.6515,1.9685,8.0264));
#13864=VECTOR('',#16230,0.127);
#13865=CARTESIAN_POINT('',(-5.7785,2.15500000000002,8.0264));
#13866=CARTESIAN_POINT('',(-5.7785,2.15500000000002,8.0264));
#13867=VECTOR('',#16231,0.186499999999991);
#13868=CARTESIAN_POINT('',(-6.4135,2.15500000000002,8.0264));
#13869=VECTOR('',#16232,0.635);
#13870=CARTESIAN_POINT('',(-6.0325,2.15500000000002,-0.207200000000009));
#13871=CARTESIAN_POINT('',(-6.0325,2.15500000000002,0.508));
#13872=VECTOR('',#16233,0.715199999999984);
#13873=CARTESIAN_POINT('',(-6.6675,2.15500000000002,-0.207200000000009));
#13874=CARTESIAN_POINT('',(-6.6675,2.15500000000002,-0.207200000000009));
#13875=VECTOR('',#16234,0.635);
#13876=CARTESIAN_POINT('',(-6.6675,2.15500000000002,0.508));
#13877=VECTOR('',#16235,0.715199999999984);
#13878=CARTESIAN_POINT('',(-6.0325,2.15500000000002,6.07738729810686));
#13879=CARTESIAN_POINT('',(-6.0325,2.15500000000002,5.588));
#13880=CARTESIAN_POINT('',(-6.0325,2.15500000000002,6.07738729810686));
#13881=VECTOR('',#16236,0.489387298107876);
#13882=CARTESIAN_POINT('',(-6.4135,2.15500000000002,5.588));
#13883=CARTESIAN_POINT('',(-6.4135,2.15500000000002,5.588));
#13884=VECTOR('',#16237,0.381);
#13885=CARTESIAN_POINT('',(-6.4135,2.15500000000002,5.588));
#13886=VECTOR('',#16238,2.4384);
#13887=CARTESIAN_POINT('',(-5.7785,2.15500000000002,7.0587679376175));
#13888=CARTESIAN_POINT('',(-5.7785,2.15500000000002,7.0587679376175));
#13889=VECTOR('',#16239,0.9676320623825);
#13890=CARTESIAN_POINT('',(-6.0325,2.15500000000002,7.0587679376175));
#13891=CARTESIAN_POINT('',(-6.0325,2.15500000000002,7.0587679376175));
#13892=VECTOR('',#16240,0.254);
#13893=CARTESIAN_POINT('',(-6.0325,2.15500000000002,7.0587679376175));
#13894=VECTOR('',#16241,0.981380639509624);
#13895=CARTESIAN_POINT('',(-6.6675,2.40900000000002,-0.461199999999984));
#13896=AXIS2_PLACEMENT_3D('',#16242,#16243,#16244);
#13897=CARTESIAN_POINT('',(-6.6675,3.3782,-0.461199999999984));
#13898=CARTESIAN_POINT('',(-6.6675,2.40900000000002,-0.461199999999984));
#13899=VECTOR('',#16245,0.969199999999984);
#13900=CARTESIAN_POINT('',(-6.6675,3.3782,-0.7112));
#13901=CARTESIAN_POINT('',(-6.6675,3.3782,-0.461199999999984));
#13902=VECTOR('',#16246,0.249999999999991);
#13903=CARTESIAN_POINT('',(-6.6675,2.40900000000002,-0.7112));
#13904=CARTESIAN_POINT('',(-6.6675,3.3782,-0.7112));
#13905=VECTOR('',#16247,0.969199999999984);
#13906=CARTESIAN_POINT('',(-6.6675,1.905,-0.207200000000009));
#13907=AXIS2_PLACEMENT_3D('',#16248,#16249,#16250);
#13908=CARTESIAN_POINT('',(-6.6675,1.905,-0.207200000000009));
#13909=VECTOR('',#16251,0.715199999999984);
#13910=CARTESIAN_POINT('',(-6.0325,1.905,-0.207200000000009));
#13911=CARTESIAN_POINT('',(-6.6675,1.905,-0.207200000000009));
#13912=VECTOR('',#16252,0.635);
#13913=CARTESIAN_POINT('',(-6.0325,1.905,-0.207200000000009));
#13914=VECTOR('',#16253,0.715199999999984);
#13915=CARTESIAN_POINT('',(-6.0325,2.40900000000002,-0.7112));
#13916=AXIS2_PLACEMENT_3D('',#16254,#16255,#16256);
#13917=CARTESIAN_POINT('',(-6.0325,3.3782,-0.7112));
#13918=CARTESIAN_POINT('',(-6.0325,3.3782,-0.7112));
#13919=VECTOR('',#16257,0.969199999999984);
#13920=CARTESIAN_POINT('',(-6.0325,3.3782,-0.461199999999984));
#13921=CARTESIAN_POINT('',(-6.0325,3.3782,-0.461199999999984));
#13922=VECTOR('',#16258,0.249999999999991);
#13923=CARTESIAN_POINT('',(-6.0325,2.40900000000002,-0.461199999999984));
#13924=CARTESIAN_POINT('',(-6.0325,2.40900000000002,-0.461199999999984));
#13925=VECTOR('',#16259,0.969199999999984);
#13926=AXIS2_PLACEMENT_3D('',#16260,#16261,#16262);
#13927=CARTESIAN_POINT('',(-6.0325,1.9685,5.588));
#13928=CARTESIAN_POINT('',(-6.0325,1.9685,6.77341477371994));
#13929=CARTESIAN_POINT('',(-6.0325,1.9685,5.588));
#13930=VECTOR('',#16263,1.18541477371943);
#13931=CARTESIAN_POINT('',(-6.0325,2.15500000000002,5.588));
#13932=VECTOR('',#16264,0.186499999999991);
#13933=CARTESIAN_POINT('',(-6.0325,1.9685,6.77341477371994));
#13934=VECTOR('',#16265,0.720580666411604);
#13935=CARTESIAN_POINT('',(-6.6675,2.40900000000002,-0.461199999999984));
#13936=VECTOR('',#16266,0.635);
#13937=CARTESIAN_POINT('',(-6.6675,3.3782,-0.461199999999984));
#13938=VECTOR('',#16267,0.635);
#13939=CARTESIAN_POINT('',(-6.6675,3.3782,-0.7112));
#13940=VECTOR('',#16268,0.635);
#13941=CARTESIAN_POINT('',(-6.6675,2.40900000000002,-0.7112));
#13942=VECTOR('',#16269,0.635);
#13943=CARTESIAN_POINT('',(-6.0325,2.24529547438762,5.7404));
#13944=CARTESIAN_POINT('',(-6.0325,2.15500000000002,6.07738729810686));
#13945=VECTOR('',#16270,0.34887492283169);
#13946=CARTESIAN_POINT('',(-5.7785,2.24529547438762,5.7404));
#13947=CARTESIAN_POINT('',(-6.0325,2.24529547438762,5.7404));
#13948=VECTOR('',#16271,0.254);
#13949=CARTESIAN_POINT('',(-5.7785,1.9685,6.77341477371994));
#13950=CARTESIAN_POINT('',(-5.7785,1.9685,6.77341477371994));
#13951=VECTOR('',#16272,1.06945558924329);
#13952=CARTESIAN_POINT('',(-6.0325,1.9685,6.77341477371994));
#13953=VECTOR('',#16273,0.254);
#13954=CARTESIAN_POINT('',(-5.6515,1.9685,5.588));
#13955=VECTOR('',#16274,0.381);
#13956=CARTESIAN_POINT('',(-5.7785,1.9685,8.0264));
#13957=VECTOR('',#16275,1.25298522628057);
#13958=CARTESIAN_POINT('',(-5.7785,2.49064063426503,5.8061400374554));
#13959=CARTESIAN_POINT('',(-5.7785,2.24529547438762,5.7404));
#13960=VECTOR('',#16276,0.254);
#13961=CARTESIAN_POINT('',(-5.7785,2.49064063426503,5.8061400374554));
#13962=VECTOR('',#16277,1.29681582795422);
#13963=CARTESIAN_POINT('',(-6.0325,2.49064063426503,5.8061400374554));
#13964=CARTESIAN_POINT('',(-6.0325,2.49064063426503,5.8061400374554));
#13965=VECTOR('',#16278,0.254);
#13966=CARTESIAN_POINT('',(-6.0325,2.49064063426503,5.8061400374554));
#13967=VECTOR('',#16279,1.29681582795422);
#13968=CARTESIAN_POINT('',(-6.0325,2.24529547438762,5.7404));
#13969=VECTOR('',#16280,0.254);
#13970=CARTESIAN_POINT('',(-6.4135,2.15500000000002,5.588));
#13971=VECTOR('',#16281,0.372299999999984);
#13972=CARTESIAN_POINT('',(-6.4135,1.9685,8.3312));
#13973=VECTOR('',#16282,0.3048);
#13974=CARTESIAN_POINT('',(-5.6388,1.9685,8.0264));
#13975=VECTOR('',#16283,0.3048);
#13976=CARTESIAN_POINT('',(-5.6388,0.5715,8.0264));
#13977=VECTOR('',#16284,0.3048);
#13978=CARTESIAN_POINT('',(-8.1915,1.9685,5.588));
#13979=CARTESIAN_POINT('',(-8.1915,2.5273,5.588));
#13980=VECTOR('',#16285,0.5588);
#13981=CARTESIAN_POINT('',(-8.1915,1.9685,8.0264));
#13982=CARTESIAN_POINT('',(-8.1915,1.9685,8.0264));
#13983=VECTOR('',#16286,2.4384);
#13984=CARTESIAN_POINT('',(-8.1915,1.9685,8.3312));
#13985=CARTESIAN_POINT('',(-8.1915,1.9685,8.0264));
#13986=VECTOR('',#16287,0.3048);
#13987=CARTESIAN_POINT('',(-8.1915,1.9685,8.3312));
#13988=VECTOR('',#16288,0.396760683535974);
#13989=CARTESIAN_POINT('',(-8.1788,1.9685,8.3312));
#13990=CARTESIAN_POINT('',(-8.1915,1.9685,8.3312));
#13991=VECTOR('',#16289,0.0126999999999949);
#13992=CARTESIAN_POINT('',(-8.1788,1.9685,8.3312));
#13993=VECTOR('',#16290,0.47208194526399);
#13994=CARTESIAN_POINT('',(-9.5758,1.9685,8.3312));
#13995=CARTESIAN_POINT('',(-9.5758,1.9685,8.3312));
#13996=VECTOR('',#16291,0.47012079461048);
#13997=CARTESIAN_POINT('',(-8.9535,1.9685,8.3312));
#13998=CARTESIAN_POINT('',(-9.5758,1.9685,8.3312));
#13999=VECTOR('',#16292,0.6223);
#14000=CARTESIAN_POINT('',(-8.9535,2.2225,8.636));
#14001=VECTOR('',#16293,0.396760683535974);
#14002=CARTESIAN_POINT('',(-8.1788,0.5715,8.3312));
#14003=CARTESIAN_POINT('',(-8.1788,1.9685,8.3312));
#14004=VECTOR('',#16294,1.397);
#14005=CARTESIAN_POINT('',(-8.1788,0.5715,8.3312));
#14006=VECTOR('',#16295,0.470131143487166);
#14007=CARTESIAN_POINT('',(-9.5758,0.5715,8.3312));
#14008=CARTESIAN_POINT('',(-8.1788,0.5715,8.3312));
#14009=VECTOR('',#16296,1.397);
#14010=CARTESIAN_POINT('',(-9.5758,0.5715,8.3312));
#14011=VECTOR('',#16297,0.47012079461048);
#14012=CARTESIAN_POINT('',(-9.5758,0.5715,8.3312));
#14013=VECTOR('',#16298,1.397);
#14014=CARTESIAN_POINT('',(-9.5758,1.9685,8.0264));
#14015=CARTESIAN_POINT('',(-9.5758,1.9685,8.0264));
#14016=VECTOR('',#16299,0.3048);
#14017=CARTESIAN_POINT('',(-9.5758,0.5715,8.0264));
#14018=CARTESIAN_POINT('',(-9.5758,0.5715,8.0264));
#14019=VECTOR('',#16300,0.3048);
#14020=CARTESIAN_POINT('',(-9.5758,0.5715,8.0264));
#14021=VECTOR('',#16301,1.397);
#14022=CARTESIAN_POINT('',(-8.9535,1.9685,8.0264));
#14023=CARTESIAN_POINT('',(-8.9535,2.15500000000002,8.0264));
#14024=CARTESIAN_POINT('',(-8.9535,1.9685,8.0264));
#14025=VECTOR('',#16302,0.186499999999991);
#14026=CARTESIAN_POINT('',(-9.5758,1.9685,8.0264));
#14027=VECTOR('',#16303,0.6223);
#14028=CARTESIAN_POINT('',(-8.1788,0.5715,8.0264));
#14029=CARTESIAN_POINT('',(-8.1788,0.5715,8.0264));
#14030=VECTOR('',#16304,1.397);
#14031=CARTESIAN_POINT('',(-8.1788,1.9685,8.0264));
#14032=CARTESIAN_POINT('',(-8.1788,1.9685,8.0264));
#14033=VECTOR('',#16305,1.397);
#14034=CARTESIAN_POINT('',(-8.1915,1.9685,8.0264));
#14035=VECTOR('',#16306,0.0126999999999975);
#14036=CARTESIAN_POINT('',(-8.3185,1.9685,8.0264));
#14037=CARTESIAN_POINT('',(-8.1915,1.9685,8.0264));
#14038=VECTOR('',#16307,0.127);
#14039=CARTESIAN_POINT('',(-8.3185,2.15500000000002,8.0264));
#14040=CARTESIAN_POINT('',(-8.3185,2.15500000000002,8.0264));
#14041=VECTOR('',#16308,0.186499999999991);
#14042=CARTESIAN_POINT('',(-8.9535,2.15500000000002,8.0264));
#14043=VECTOR('',#16309,0.635);
#14044=CARTESIAN_POINT('',(-8.5725,2.15500000000002,-0.207200000000009));
#14045=CARTESIAN_POINT('',(-8.5725,2.15500000000002,0.508));
#14046=VECTOR('',#16310,0.715199999999984);
#14047=CARTESIAN_POINT('',(-9.2075,2.15500000000002,-0.207200000000009));
#14048=CARTESIAN_POINT('',(-9.2075,2.15500000000002,-0.207200000000009));
#14049=VECTOR('',#16311,0.635);
#14050=CARTESIAN_POINT('',(-9.2075,2.15500000000002,0.508));
#14051=VECTOR('',#16312,0.715199999999984);
#14052=CARTESIAN_POINT('',(-8.5725,2.15500000000002,6.07738729810686));
#14053=CARTESIAN_POINT('',(-8.5725,2.15500000000002,5.588));
#14054=CARTESIAN_POINT('',(-8.5725,2.15500000000002,6.07738729810686));
#14055=VECTOR('',#16313,0.489387298107876);
#14056=CARTESIAN_POINT('',(-8.9535,2.15500000000002,5.588));
#14057=CARTESIAN_POINT('',(-8.9535,2.15500000000002,5.588));
#14058=VECTOR('',#16314,0.381);
#14059=CARTESIAN_POINT('',(-8.9535,2.15500000000002,5.588));
#14060=VECTOR('',#16315,2.4384);
#14061=CARTESIAN_POINT('',(-8.3185,2.15500000000002,7.0587679376175));
#14062=CARTESIAN_POINT('',(-8.3185,2.15500000000002,7.0587679376175));
#14063=VECTOR('',#16316,0.9676320623825);
#14064=CARTESIAN_POINT('',(-8.5725,2.15500000000002,7.0587679376175));
#14065=CARTESIAN_POINT('',(-8.5725,2.15500000000002,7.0587679376175));
#14066=VECTOR('',#16317,0.254);
#14067=CARTESIAN_POINT('',(-8.5725,2.15500000000002,7.0587679376175));
#14068=VECTOR('',#16318,0.981380639509624);
#14069=CARTESIAN_POINT('',(-9.2075,2.40900000000002,-0.461199999999984));
#14070=AXIS2_PLACEMENT_3D('',#16319,#16320,#16321);
#14071=CARTESIAN_POINT('',(-9.2075,3.3782,-0.461199999999984));
#14072=CARTESIAN_POINT('',(-9.2075,2.40900000000002,-0.461199999999984));
#14073=VECTOR('',#16322,0.969199999999984);
#14074=CARTESIAN_POINT('',(-9.2075,3.3782,-0.7112));
#14075=CARTESIAN_POINT('',(-9.2075,3.3782,-0.461199999999984));
#14076=VECTOR('',#16323,0.249999999999991);
#14077=CARTESIAN_POINT('',(-9.2075,2.40900000000002,-0.7112));
#14078=CARTESIAN_POINT('',(-9.2075,3.3782,-0.7112));
#14079=VECTOR('',#16324,0.969199999999984);
#14080=CARTESIAN_POINT('',(-9.2075,1.905,-0.207200000000009));
#14081=AXIS2_PLACEMENT_3D('',#16325,#16326,#16327);
#14082=CARTESIAN_POINT('',(-9.2075,1.905,-0.207200000000009));
#14083=VECTOR('',#16328,0.715199999999984);
#14084=CARTESIAN_POINT('',(-8.5725,1.905,-0.207200000000009));
#14085=CARTESIAN_POINT('',(-9.2075,1.905,-0.207200000000009));
#14086=VECTOR('',#16329,0.635);
#14087=CARTESIAN_POINT('',(-8.5725,1.905,-0.207200000000009));
#14088=VECTOR('',#16330,0.715199999999984);
#14089=CARTESIAN_POINT('',(-8.5725,2.40900000000002,-0.7112));
#14090=AXIS2_PLACEMENT_3D('',#16331,#16332,#16333);
#14091=CARTESIAN_POINT('',(-8.5725,3.3782,-0.7112));
#14092=CARTESIAN_POINT('',(-8.5725,3.3782,-0.7112));
#14093=VECTOR('',#16334,0.969199999999984);
#14094=CARTESIAN_POINT('',(-8.5725,3.3782,-0.461199999999984));
#14095=CARTESIAN_POINT('',(-8.5725,3.3782,-0.461199999999984));
#14096=VECTOR('',#16335,0.249999999999991);
#14097=CARTESIAN_POINT('',(-8.5725,2.40900000000002,-0.461199999999984));
#14098=CARTESIAN_POINT('',(-8.5725,2.40900000000002,-0.461199999999984));
#14099=VECTOR('',#16336,0.969199999999984);
#14100=AXIS2_PLACEMENT_3D('',#16337,#16338,#16339);
#14101=CARTESIAN_POINT('',(-8.5725,1.9685,5.588));
#14102=CARTESIAN_POINT('',(-8.5725,1.9685,6.77341477371994));
#14103=CARTESIAN_POINT('',(-8.5725,1.9685,5.588));
#14104=VECTOR('',#16340,1.18541477371943);
#14105=CARTESIAN_POINT('',(-8.5725,2.15500000000002,5.588));
#14106=VECTOR('',#16341,0.186499999999991);
#14107=CARTESIAN_POINT('',(-8.5725,1.9685,6.77341477371994));
#14108=VECTOR('',#16342,0.720580666411604);
#14109=CARTESIAN_POINT('',(-9.2075,2.40900000000002,-0.461199999999984));
#14110=VECTOR('',#16343,0.635);
#14111=CARTESIAN_POINT('',(-9.2075,3.3782,-0.461199999999984));
#14112=VECTOR('',#16344,0.635);
#14113=CARTESIAN_POINT('',(-9.2075,3.3782,-0.7112));
#14114=VECTOR('',#16345,0.635);
#14115=CARTESIAN_POINT('',(-9.2075,2.40900000000002,-0.7112));
#14116=VECTOR('',#16346,0.635);
#14117=CARTESIAN_POINT('',(-8.5725,2.24529547438762,5.7404));
#14118=CARTESIAN_POINT('',(-8.5725,2.15500000000002,6.07738729810686));
#14119=VECTOR('',#16347,0.34887492283169);
#14120=CARTESIAN_POINT('',(-8.3185,2.24529547438762,5.7404));
#14121=CARTESIAN_POINT('',(-8.5725,2.24529547438762,5.7404));
#14122=VECTOR('',#16348,0.254);
#14123=CARTESIAN_POINT('',(-8.3185,1.9685,6.77341477371994));
#14124=CARTESIAN_POINT('',(-8.3185,1.9685,6.77341477371994));
#14125=VECTOR('',#16349,1.06945558924329);
#14126=CARTESIAN_POINT('',(-8.5725,1.9685,6.77341477371994));
#14127=VECTOR('',#16350,0.254);
#14128=CARTESIAN_POINT('',(-8.1915,1.9685,5.588));
#14129=VECTOR('',#16351,0.381);
#14130=CARTESIAN_POINT('',(-8.3185,1.9685,8.0264));
#14131=VECTOR('',#16352,1.25298522628057);
#14132=CARTESIAN_POINT('',(-8.3185,2.49064063426503,5.8061400374554));
#14133=CARTESIAN_POINT('',(-8.3185,2.24529547438762,5.7404));
#14134=VECTOR('',#16353,0.254);
#14135=CARTESIAN_POINT('',(-8.3185,2.49064063426503,5.8061400374554));
#14136=VECTOR('',#16354,1.29681582795422);
#14137=CARTESIAN_POINT('',(-8.5725,2.49064063426503,5.8061400374554));
#14138=CARTESIAN_POINT('',(-8.5725,2.49064063426503,5.8061400374554));
#14139=VECTOR('',#16355,0.254);
#14140=CARTESIAN_POINT('',(-8.5725,2.49064063426503,5.8061400374554));
#14141=VECTOR('',#16356,1.29681582795422);
#14142=CARTESIAN_POINT('',(-8.5725,2.24529547438762,5.7404));
#14143=VECTOR('',#16357,0.254);
#14144=CARTESIAN_POINT('',(-8.9535,2.15500000000002,5.588));
#14145=VECTOR('',#16358,0.372299999999984);
#14146=CARTESIAN_POINT('',(-8.9535,1.9685,8.3312));
#14147=VECTOR('',#16359,0.3048);
#14148=CARTESIAN_POINT('',(-8.1788,1.9685,8.0264));
#14149=VECTOR('',#16360,0.3048);
#14150=CARTESIAN_POINT('',(-8.1788,0.5715,8.0264));
#14151=VECTOR('',#16361,0.3048);
#14152=CARTESIAN_POINT('',(9.6012,0.5715,8.3312));
#14153=CARTESIAN_POINT('',(9.6012,0.5715,8.0264));
#14154=VECTOR('',#16362,0.3048);
#14155=CARTESIAN_POINT('',(9.6012,1.9685,8.3312));
#14156=VECTOR('',#16363,1.397);
#14157=CARTESIAN_POINT('',(9.6012,0.5715,8.3312));
#14158=VECTOR('',#16364,0.470131143487166);
#14159=CARTESIAN_POINT('',(9.6012,0.5715,8.3312));
#14160=VECTOR('',#16365,1.397);
#14161=CARTESIAN_POINT('',(8.9535,-1.9685,8.02613333333242));
#14162=VECTOR('',#16366,0.305066666666564);
#14163=CARTESIAN_POINT('',(9.5885,-1.9685,8.02626666666748));
#14164=VECTOR('',#16367,0.304933333333282);
#14165=CARTESIAN_POINT('',(9.5885,-0.5715,8.3312));
#14166=CARTESIAN_POINT('',(9.5885,-1.9685,8.3312));
#14167=VECTOR('',#16368,1.397);
#14168=CARTESIAN_POINT('',(9.5885,-0.5715,8.02626666666748));
#14169=VECTOR('',#16369,0.304933333333282);
#14170=CARTESIAN_POINT('',(9.5885,-0.5715,8.3312));
#14171=VECTOR('',#16370,1.397);
#14172=CARTESIAN_POINT('',(8.1915,-0.5715,8.3312));
#14173=VECTOR('',#16371,0.471099819571146);
#14174=CARTESIAN_POINT('',(9.5885,-0.5715,8.3312));
#14175=VECTOR('',#16372,0.471099819571146);
#14176=CARTESIAN_POINT('',(6.4135,-2.159,5.588));
#14177=CARTESIAN_POINT('',(6.4135,-2.5273,5.588));
#14178=VECTOR('',#16373,0.3683);
#14179=CARTESIAN_POINT('',(6.4135,-1.9685,8.3312));
#14180=CARTESIAN_POINT('',(6.4135,-1.9685,8.3312));
#14181=VECTOR('',#16374,0.396760683535974);
#14182=CARTESIAN_POINT('',(6.4135,-1.9685,8.02613333333242));
#14183=CARTESIAN_POINT('',(6.4135,-1.9685,8.02613333333242));
#14184=VECTOR('',#16375,0.305066666666564);
#14185=CARTESIAN_POINT('',(6.4135,-2.159,8.0259999999999));
#14186=CARTESIAN_POINT('',(6.4135,-1.9685,8.02613333333242));
#14187=VECTOR('',#16376,0.190500046660841);
#14188=CARTESIAN_POINT('',(6.4135,-2.159,5.588));
#14189=VECTOR('',#16377,2.4379999999999);
#14190=CARTESIAN_POINT('',(6.0325,-2.159,-0.2032));
#14191=CARTESIAN_POINT('',(6.0325,-2.159,0.508));
#14192=VECTOR('',#16378,0.7112);
#14193=CARTESIAN_POINT('',(6.6675,-2.159,-0.2032));
#14194=CARTESIAN_POINT('',(6.0325,-2.159,-0.2032));
#14195=VECTOR('',#16379,0.635);
#14196=CARTESIAN_POINT('',(6.6675,-2.159,0.508));
#14197=VECTOR('',#16380,0.7112);
#14198=CARTESIAN_POINT('',(5.7785,-2.159,7.04343973438776));
#14199=CARTESIAN_POINT('',(5.7785,-2.159,8.0259999999999));
#14200=CARTESIAN_POINT('',(5.7785,-2.159,7.04343973438776));
#14201=VECTOR('',#16381,0.982560265612902);
#14202=CARTESIAN_POINT('',(6.0325,-2.159,7.04343973438776));
#14203=CARTESIAN_POINT('',(6.0325,-2.159,7.04343973438776));
#14204=VECTOR('',#16382,0.254);
#14205=CARTESIAN_POINT('',(6.0325,-2.159,6.06205909487712));
#14206=CARTESIAN_POINT('',(6.0325,-2.159,7.04343973438776));
#14207=VECTOR('',#16383,0.981380639509624);
#14208=CARTESIAN_POINT('',(6.0325,-2.159,5.588));
#14209=CARTESIAN_POINT('',(6.0325,-2.159,6.06205909487712));
#14210=VECTOR('',#16384,0.474059094877374);
#14211=CARTESIAN_POINT('',(6.4135,-2.159,5.588));
#14212=VECTOR('',#16385,0.381);
#14213=CARTESIAN_POINT('',(6.4135,-2.159,8.0259999999999));
#14214=VECTOR('',#16386,0.635);
#14215=CARTESIAN_POINT('',(6.6675,-2.413,-0.4572));
#14216=AXIS2_PLACEMENT_3D('',#16387,#16388,#16389);
#14217=CARTESIAN_POINT('',(6.6675,-3.3782,-0.4572));
#14218=CARTESIAN_POINT('',(6.6675,-2.413,-0.4572));
#14219=VECTOR('',#16390,0.9652);
#14220=CARTESIAN_POINT('',(6.6675,-3.3782,-0.7112));
#14221=CARTESIAN_POINT('',(6.6675,-3.3782,-0.4572));
#14222=VECTOR('',#16391,0.254);
#14223=CARTESIAN_POINT('',(6.6675,-2.413,-0.7112));
#14224=CARTESIAN_POINT('',(6.6675,-3.3782,-0.7112));
#14225=VECTOR('',#16392,0.9652);
#14226=CARTESIAN_POINT('',(6.6675,-1.905,-0.2032));
#14227=AXIS2_PLACEMENT_3D('',#16393,#16394,#16395);
#14228=CARTESIAN_POINT('',(6.6675,-1.905,-0.2032));
#14229=VECTOR('',#16396,0.7112);
#14230=CARTESIAN_POINT('',(6.0325,-1.905,-0.2032));
#14231=CARTESIAN_POINT('',(6.0325,-1.905,-0.2032));
#14232=VECTOR('',#16397,0.635);
#14233=CARTESIAN_POINT('',(6.0325,-1.905,-0.2032));
#14234=VECTOR('',#16398,0.7112);
#14235=CARTESIAN_POINT('',(6.0325,-2.413,-0.7112));
#14236=AXIS2_PLACEMENT_3D('',#16399,#16400,#16401);
#14237=CARTESIAN_POINT('',(6.0325,-3.3782,-0.7112));
#14238=CARTESIAN_POINT('',(6.0325,-3.3782,-0.7112));
#14239=VECTOR('',#16402,0.9652);
#14240=CARTESIAN_POINT('',(6.0325,-3.3782,-0.4572));
#14241=CARTESIAN_POINT('',(6.0325,-3.3782,-0.4572));
#14242=VECTOR('',#16403,0.254);
#14243=CARTESIAN_POINT('',(6.0325,-2.413,-0.4572));
#14244=CARTESIAN_POINT('',(6.0325,-2.413,-0.4572));
#14245=VECTOR('',#16404,0.9652);
#14246=AXIS2_PLACEMENT_3D('',#16405,#16406,#16407);
#14247=CARTESIAN_POINT('',(6.0325,-1.9685,5.588));
#14248=CARTESIAN_POINT('',(6.0325,-1.9685,6.77301477371984));
#14249=CARTESIAN_POINT('',(6.0325,-1.9685,5.588));
#14250=VECTOR('',#16408,1.18501477371933);
#14251=CARTESIAN_POINT('',(6.0325,-2.159,5.588));
#14252=VECTOR('',#16409,0.1905);
#14253=CARTESIAN_POINT('',(6.0325,-1.9685,6.77301477371984));
#14254=VECTOR('',#16410,0.736035479632218);
#14255=CARTESIAN_POINT('',(6.0325,-2.413,-0.4572));
#14256=VECTOR('',#16411,0.635);
#14257=CARTESIAN_POINT('',(6.0325,-3.3782,-0.4572));
#14258=VECTOR('',#16412,0.635);
#14259=CARTESIAN_POINT('',(6.0325,-3.3782,-0.7112));
#14260=VECTOR('',#16413,0.635);
#14261=CARTESIAN_POINT('',(6.0325,-2.413,-0.7112));
#14262=VECTOR('',#16414,0.635);
#14263=CARTESIAN_POINT('',(6.0325,-2.24529547438762,5.7399999999999));
#14264=CARTESIAN_POINT('',(5.7785,-2.24529547438762,5.7399999999999));
#14265=CARTESIAN_POINT('',(6.0325,-2.24529547438762,5.7399999999999));
#14266=VECTOR('',#16415,0.254);
#14267=CARTESIAN_POINT('',(5.7785,-1.9685,6.77301477371984));
#14268=CARTESIAN_POINT('',(5.7785,-1.9685,6.77301477371984));
#14269=VECTOR('',#16416,1.06945558924329);
#14270=CARTESIAN_POINT('',(6.0325,-1.9685,6.77301477371984));
#14271=VECTOR('',#16417,0.254);
#14272=CARTESIAN_POINT('',(6.0325,-2.159,6.06205909487712));
#14273=VECTOR('',#16418,0.333420109611076);
#14274=CARTESIAN_POINT('',(6.0325,-2.49064063426503,5.8057400374553));
#14275=CARTESIAN_POINT('',(6.0325,-2.49064063426503,5.8057400374553));
#14276=VECTOR('',#16419,1.2813610147336);
#14277=CARTESIAN_POINT('',(6.0325,-2.24529547438762,5.7399999999999));
#14278=VECTOR('',#16420,0.254);
#14279=CARTESIAN_POINT('',(5.7785,-2.49064063426503,5.8057400374553));
#14280=CARTESIAN_POINT('',(6.0325,-2.49064063426503,5.8057400374553));
#14281=VECTOR('',#16421,0.254);
#14282=CARTESIAN_POINT('',(5.7785,-2.24529547438762,5.7399999999999));
#14283=VECTOR('',#16422,0.254);
#14284=CARTESIAN_POINT('',(5.7785,-2.49064063426503,5.8057400374553));
#14285=VECTOR('',#16423,1.2813610147336);
#14286=CARTESIAN_POINT('',(5.7785,-1.9685,8.02613333333242));
#14287=CARTESIAN_POINT('',(5.7785,-2.159,8.0259999999999));
#14288=VECTOR('',#16424,0.190500046660841);
#14289=CARTESIAN_POINT('',(5.7785,-1.9685,6.77301477371984));
#14290=VECTOR('',#16425,1.25311855961385);
#14291=CARTESIAN_POINT('',(5.6515,-1.9685,8.02626666666748));
#14292=CARTESIAN_POINT('',(5.6515,-1.9685,8.02626666666748));
#14293=VECTOR('',#16426,0.127000069991224);
#14294=CARTESIAN_POINT('',(5.6515,-1.9685,5.588));
#14295=CARTESIAN_POINT('',(5.6515,-1.9685,8.02626666666748));
#14296=VECTOR('',#16427,2.43826666666672);
#14297=CARTESIAN_POINT('',(6.0325,-1.9685,5.588));
#14298=VECTOR('',#16428,0.381);
#14299=CARTESIAN_POINT('',(5.6515,-1.9685,5.588));
#14300=VECTOR('',#16429,0.5588);
#14301=CARTESIAN_POINT('',(5.6515,-0.5715,8.02626666666748));
#14302=CARTESIAN_POINT('',(5.6515,-0.5715,8.02626666666748));
#14303=VECTOR('',#16430,1.397);
#14304=CARTESIAN_POINT('',(5.6515,-0.5715,8.3312));
#14305=CARTESIAN_POINT('',(5.6515,-0.5715,8.02626666666748));
#14306=VECTOR('',#16431,0.304933333333282);
#14307=CARTESIAN_POINT('',(5.6515,-1.9685,8.3312));
#14308=CARTESIAN_POINT('',(5.6515,-0.5715,8.3312));
#14309=VECTOR('',#16432,1.397);
#14310=CARTESIAN_POINT('',(5.6515,-1.9685,8.3312));
#14311=VECTOR('',#16433,0.396760683535974);
#14312=CARTESIAN_POINT('',(5.6515,-1.9685,8.3312));
#14313=VECTOR('',#16434,0.471099819571146);
#14314=CARTESIAN_POINT('',(7.0485,-1.9685,8.3312));
#14315=CARTESIAN_POINT('',(7.0485,-1.9685,8.3312));
#14316=VECTOR('',#16435,0.471099819571146);
#14317=CARTESIAN_POINT('',(6.4135,-1.9685,8.3312));
#14318=VECTOR('',#16436,0.635);
#14319=CARTESIAN_POINT('',(5.6515,-0.5715,8.3312));
#14320=VECTOR('',#16437,0.471099819571146);
#14321=CARTESIAN_POINT('',(7.0485,-0.5715,8.3312));
#14322=CARTESIAN_POINT('',(7.0485,-0.5715,8.3312));
#14323=VECTOR('',#16438,1.397);
#14324=CARTESIAN_POINT('',(7.0485,-0.5715,8.3312));
#14325=VECTOR('',#16439,0.471099819571146);
#14326=CARTESIAN_POINT('',(7.0485,-1.9685,8.3312));
#14327=VECTOR('',#16440,1.397);
#14328=CARTESIAN_POINT('',(7.0485,-1.9685,8.02626666666748));
#14329=CARTESIAN_POINT('',(7.0485,-1.9685,8.02626666666748));
#14330=VECTOR('',#16441,0.304933333333282);
#14331=CARTESIAN_POINT('',(7.0485,-0.5715,8.02626666666748));
#14332=CARTESIAN_POINT('',(7.0485,-0.5715,8.02626666666748));
#14333=VECTOR('',#16442,0.304933333333282);
#14334=CARTESIAN_POINT('',(7.0485,-1.9685,8.02626666666748));
#14335=VECTOR('',#16443,1.397);
#14336=CARTESIAN_POINT('',(6.4135,-1.9685,8.02613333333242));
#14337=VECTOR('',#16444,0.635000013998194);
#14338=CARTESIAN_POINT('',(7.0485,-0.5715,8.02626666666748));
#14339=VECTOR('',#16445,1.397);
#14340=CARTESIAN_POINT('',(3.8735,-2.159,5.588));
#14341=CARTESIAN_POINT('',(3.8735,-2.5273,5.588));
#14342=VECTOR('',#16446,0.3683);
#14343=CARTESIAN_POINT('',(3.8735,-1.9685,8.3312));
#14344=CARTESIAN_POINT('',(3.8735,-1.9685,8.3312));
#14345=VECTOR('',#16447,0.396760683535974);
#14346=CARTESIAN_POINT('',(3.8735,-1.9685,8.02613333333242));
#14347=CARTESIAN_POINT('',(3.8735,-1.9685,8.02613333333242));
#14348=VECTOR('',#16448,0.305066666666564);
#14349=CARTESIAN_POINT('',(3.8735,-2.159,8.0259999999999));
#14350=CARTESIAN_POINT('',(3.8735,-1.9685,8.02613333333242));
#14351=VECTOR('',#16449,0.190500046660841);
#14352=CARTESIAN_POINT('',(3.8735,-2.159,5.588));
#14353=VECTOR('',#16450,2.4379999999999);
#14354=CARTESIAN_POINT('',(3.4925,-2.159,-0.2032));
#14355=CARTESIAN_POINT('',(3.4925,-2.159,0.508));
#14356=VECTOR('',#16451,0.7112);
#14357=CARTESIAN_POINT('',(4.1275,-2.159,-0.2032));
#14358=CARTESIAN_POINT('',(3.4925,-2.159,-0.2032));
#14359=VECTOR('',#16452,0.635);
#14360=CARTESIAN_POINT('',(4.1275,-2.159,0.508));
#14361=VECTOR('',#16453,0.7112);
#14362=CARTESIAN_POINT('',(3.2385,-2.159,7.04343973438776));
#14363=CARTESIAN_POINT('',(3.2385,-2.159,8.0259999999999));
#14364=CARTESIAN_POINT('',(3.2385,-2.159,7.04343973438776));
#14365=VECTOR('',#16454,0.982560265612902);
#14366=CARTESIAN_POINT('',(3.4925,-2.159,7.04343973438776));
#14367=CARTESIAN_POINT('',(3.4925,-2.159,7.04343973438776));
#14368=VECTOR('',#16455,0.254);
#14369=CARTESIAN_POINT('',(3.4925,-2.159,6.06205909487712));
#14370=CARTESIAN_POINT('',(3.4925,-2.159,7.04343973438776));
#14371=VECTOR('',#16456,0.981380639509624);
#14372=CARTESIAN_POINT('',(3.4925,-2.159,5.588));
#14373=CARTESIAN_POINT('',(3.4925,-2.159,6.06205909487712));
#14374=VECTOR('',#16457,0.474059094877374);
#14375=CARTESIAN_POINT('',(3.8735,-2.159,5.588));
#14376=VECTOR('',#16458,0.381);
#14377=CARTESIAN_POINT('',(3.8735,-2.159,8.0259999999999));
#14378=VECTOR('',#16459,0.635);
#14379=CARTESIAN_POINT('',(4.1275,-2.413,-0.4572));
#14380=AXIS2_PLACEMENT_3D('',#16460,#16461,#16462);
#14381=CARTESIAN_POINT('',(4.1275,-3.3782,-0.4572));
#14382=CARTESIAN_POINT('',(4.1275,-2.413,-0.4572));
#14383=VECTOR('',#16463,0.9652);
#14384=CARTESIAN_POINT('',(4.1275,-3.3782,-0.7112));
#14385=CARTESIAN_POINT('',(4.1275,-3.3782,-0.4572));
#14386=VECTOR('',#16464,0.254);
#14387=CARTESIAN_POINT('',(4.1275,-2.413,-0.7112));
#14388=CARTESIAN_POINT('',(4.1275,-3.3782,-0.7112));
#14389=VECTOR('',#16465,0.9652);
#14390=CARTESIAN_POINT('',(4.1275,-1.905,-0.2032));
#14391=AXIS2_PLACEMENT_3D('',#16466,#16467,#16468);
#14392=CARTESIAN_POINT('',(4.1275,-1.905,-0.2032));
#14393=VECTOR('',#16469,0.7112);
#14394=CARTESIAN_POINT('',(3.4925,-1.905,-0.2032));
#14395=CARTESIAN_POINT('',(3.4925,-1.905,-0.2032));
#14396=VECTOR('',#16470,0.635);
#14397=CARTESIAN_POINT('',(3.4925,-1.905,-0.2032));
#14398=VECTOR('',#16471,0.7112);
#14399=CARTESIAN_POINT('',(3.4925,-2.413,-0.7112));
#14400=AXIS2_PLACEMENT_3D('',#16472,#16473,#16474);
#14401=CARTESIAN_POINT('',(3.4925,-3.3782,-0.7112));
#14402=CARTESIAN_POINT('',(3.4925,-3.3782,-0.7112));
#14403=VECTOR('',#16475,0.9652);
#14404=CARTESIAN_POINT('',(3.4925,-3.3782,-0.4572));
#14405=CARTESIAN_POINT('',(3.4925,-3.3782,-0.4572));
#14406=VECTOR('',#16476,0.254);
#14407=CARTESIAN_POINT('',(3.4925,-2.413,-0.4572));
#14408=CARTESIAN_POINT('',(3.4925,-2.413,-0.4572));
#14409=VECTOR('',#16477,0.9652);
#14410=AXIS2_PLACEMENT_3D('',#16478,#16479,#16480);
#14411=CARTESIAN_POINT('',(3.4925,-1.9685,5.588));
#14412=CARTESIAN_POINT('',(3.4925,-1.9685,6.77301477371984));
#14413=CARTESIAN_POINT('',(3.4925,-1.9685,5.588));
#14414=VECTOR('',#16481,1.18501477371933);
#14415=CARTESIAN_POINT('',(3.4925,-2.159,5.588));
#14416=VECTOR('',#16482,0.1905);
#14417=CARTESIAN_POINT('',(3.4925,-1.9685,6.77301477371984));
#14418=VECTOR('',#16483,0.736035479632218);
#14419=CARTESIAN_POINT('',(3.4925,-2.413,-0.4572));
#14420=VECTOR('',#16484,0.635);
#14421=CARTESIAN_POINT('',(3.4925,-3.3782,-0.4572));
#14422=VECTOR('',#16485,0.635);
#14423=CARTESIAN_POINT('',(3.4925,-3.3782,-0.7112));
#14424=VECTOR('',#16486,0.635);
#14425=CARTESIAN_POINT('',(3.4925,-2.413,-0.7112));
#14426=VECTOR('',#16487,0.635);
#14427=CARTESIAN_POINT('',(3.4925,-2.24529547438762,5.7399999999999));
#14428=CARTESIAN_POINT('',(3.2385,-2.24529547438762,5.7399999999999));
#14429=CARTESIAN_POINT('',(3.4925,-2.24529547438762,5.7399999999999));
#14430=VECTOR('',#16488,0.254);
#14431=CARTESIAN_POINT('',(3.2385,-1.9685,6.77301477371984));
#14432=CARTESIAN_POINT('',(3.2385,-1.9685,6.77301477371984));
#14433=VECTOR('',#16489,1.06945558924329);
#14434=CARTESIAN_POINT('',(3.4925,-1.9685,6.77301477371984));
#14435=VECTOR('',#16490,0.254);
#14436=CARTESIAN_POINT('',(3.4925,-2.159,6.06205909487712));
#14437=VECTOR('',#16491,0.333420109611076);
#14438=CARTESIAN_POINT('',(3.4925,-2.49064063426503,5.8057400374553));
#14439=CARTESIAN_POINT('',(3.4925,-2.49064063426503,5.8057400374553));
#14440=VECTOR('',#16492,1.2813610147336);
#14441=CARTESIAN_POINT('',(3.4925,-2.24529547438762,5.7399999999999));
#14442=VECTOR('',#16493,0.254);
#14443=CARTESIAN_POINT('',(3.2385,-2.49064063426503,5.8057400374553));
#14444=CARTESIAN_POINT('',(3.4925,-2.49064063426503,5.8057400374553));
#14445=VECTOR('',#16494,0.254);
#14446=CARTESIAN_POINT('',(3.2385,-2.24529547438762,5.7399999999999));
#14447=VECTOR('',#16495,0.254);
#14448=CARTESIAN_POINT('',(3.2385,-2.49064063426503,5.8057400374553));
#14449=VECTOR('',#16496,1.2813610147336);
#14450=CARTESIAN_POINT('',(3.2385,-1.9685,8.02613333333242));
#14451=CARTESIAN_POINT('',(3.2385,-2.159,8.0259999999999));
#14452=VECTOR('',#16497,0.190500046660841);
#14453=CARTESIAN_POINT('',(3.2385,-1.9685,6.77301477371984));
#14454=VECTOR('',#16498,1.25311855961385);
#14455=CARTESIAN_POINT('',(3.1115,-1.9685,8.02626666666748));
#14456=CARTESIAN_POINT('',(3.1115,-1.9685,8.02626666666748));
#14457=VECTOR('',#16499,0.127000069991224);
#14458=CARTESIAN_POINT('',(3.1115,-1.9685,5.588));
#14459=CARTESIAN_POINT('',(3.1115,-1.9685,8.02626666666748));
#14460=VECTOR('',#16500,2.43826666666672);
#14461=CARTESIAN_POINT('',(3.4925,-1.9685,5.588));
#14462=VECTOR('',#16501,0.381);
#14463=CARTESIAN_POINT('',(3.1115,-1.9685,5.588));
#14464=VECTOR('',#16502,0.5588);
#14465=CARTESIAN_POINT('',(3.1115,-0.5715,8.02626666666748));
#14466=CARTESIAN_POINT('',(3.1115,-0.5715,8.02626666666748));
#14467=VECTOR('',#16503,1.397);
#14468=CARTESIAN_POINT('',(3.1115,-0.5715,8.3312));
#14469=CARTESIAN_POINT('',(3.1115,-0.5715,8.02626666666748));
#14470=VECTOR('',#16504,0.304933333333282);
#14471=CARTESIAN_POINT('',(3.1115,-1.9685,8.3312));
#14472=CARTESIAN_POINT('',(3.1115,-0.5715,8.3312));
#14473=VECTOR('',#16505,1.397);
#14474=CARTESIAN_POINT('',(3.1115,-1.9685,8.3312));
#14475=VECTOR('',#16506,0.396760683535974);
#14476=CARTESIAN_POINT('',(3.1115,-1.9685,8.3312));
#14477=VECTOR('',#16507,0.471099819571146);
#14478=CARTESIAN_POINT('',(4.5085,-1.9685,8.3312));
#14479=CARTESIAN_POINT('',(4.5085,-1.9685,8.3312));
#14480=VECTOR('',#16508,0.471099819571146);
#14481=CARTESIAN_POINT('',(3.8735,-1.9685,8.3312));
#14482=VECTOR('',#16509,0.635);
#14483=CARTESIAN_POINT('',(3.1115,-0.5715,8.3312));
#14484=VECTOR('',#16510,0.471099819571146);
#14485=CARTESIAN_POINT('',(4.5085,-0.5715,8.3312));
#14486=CARTESIAN_POINT('',(4.5085,-0.5715,8.3312));
#14487=VECTOR('',#16511,1.397);
#14488=CARTESIAN_POINT('',(4.5085,-0.5715,8.3312));
#14489=VECTOR('',#16512,0.471099819571146);
#14490=CARTESIAN_POINT('',(4.5085,-1.9685,8.3312));
#14491=VECTOR('',#16513,1.397);
#14492=CARTESIAN_POINT('',(4.5085,-1.9685,8.02626666666748));
#14493=CARTESIAN_POINT('',(4.5085,-1.9685,8.02626666666748));
#14494=VECTOR('',#16514,0.304933333333282);
#14495=CARTESIAN_POINT('',(4.5085,-0.5715,8.02626666666748));
#14496=CARTESIAN_POINT('',(4.5085,-0.5715,8.02626666666748));
#14497=VECTOR('',#16515,0.304933333333282);
#14498=CARTESIAN_POINT('',(4.5085,-1.9685,8.02626666666748));
#14499=VECTOR('',#16516,1.397);
#14500=CARTESIAN_POINT('',(3.8735,-1.9685,8.02613333333242));
#14501=VECTOR('',#16517,0.635000013998194);
#14502=CARTESIAN_POINT('',(4.5085,-0.5715,8.02626666666748));
#14503=VECTOR('',#16518,1.397);
#14504=CARTESIAN_POINT('',(1.3335,-1.9685,8.02626666666748));
#14505=CARTESIAN_POINT('',(1.3335,-2.159,8.02613333333242));
#14506=CARTESIAN_POINT('',(1.3335,-1.9685,8.02626666666748));
#14507=VECTOR('',#16519,0.190500046660841);
#14508=CARTESIAN_POINT('',(1.3335,-2.159,5.588));
#14509=CARTESIAN_POINT('',(1.3335,-2.159,5.588));
#14510=VECTOR('',#16520,2.43813333333344);
#14511=CARTESIAN_POINT('',(1.3335,-2.5273,5.588));
#14512=VECTOR('',#16521,0.3683);
#14513=CARTESIAN_POINT('',(1.3335,-1.9685,8.3312));
#14514=CARTESIAN_POINT('',(1.3335,-1.9685,8.3312));
#14515=VECTOR('',#16522,0.396760683535974);
#14516=CARTESIAN_POINT('',(1.3335,-1.9685,8.02626666666748));
#14517=VECTOR('',#16523,0.304933333333282);
#14518=CARTESIAN_POINT('',(1.9685,-1.9685,8.3312));
#14519=CARTESIAN_POINT('',(1.3335,-1.9685,8.3312));
#14520=VECTOR('',#16524,0.635);
#14521=CARTESIAN_POINT('',(1.9685,-1.9685,8.0264));
#14522=CARTESIAN_POINT('',(1.9685,-1.9685,8.0264));
#14523=VECTOR('',#16525,0.3048);
#14524=CARTESIAN_POINT('',(1.3335,-1.9685,8.02626666666748));
#14525=VECTOR('',#16526,0.635000013998194);
#14526=CARTESIAN_POINT('',(1.9685,-0.5715,8.0264));
#14527=CARTESIAN_POINT('',(1.9685,-1.9685,8.0264));
#14528=VECTOR('',#16527,1.397);
#14529=CARTESIAN_POINT('',(0.5715,-0.5715,8.0264));
#14530=CARTESIAN_POINT('',(1.9685,-0.5715,8.0264));
#14531=VECTOR('',#16528,1.397);
#14532=CARTESIAN_POINT('',(0.5715,-1.9685,8.0264));
#14533=CARTESIAN_POINT('',(0.5715,-0.5715,8.0264));
#14534=VECTOR('',#16529,1.397);
#14535=CARTESIAN_POINT('',(0.6985,-1.9685,8.02626666666748));
#14536=CARTESIAN_POINT('',(0.5715,-1.9685,8.0264));
#14537=VECTOR('',#16530,0.127000069991224);
#14538=CARTESIAN_POINT('',(0.6985,-2.159,8.02613333333242));
#14539=CARTESIAN_POINT('',(0.6985,-2.159,8.02613333333242));
#14540=VECTOR('',#16531,0.190500046660841);
#14541=CARTESIAN_POINT('',(1.3335,-2.159,8.02613333333242));
#14542=VECTOR('',#16532,0.635);
#14543=CARTESIAN_POINT('',(0.9525,-2.159,-0.2032));
#14544=CARTESIAN_POINT('',(0.9525,-2.159,0.508));
#14545=VECTOR('',#16533,0.7112);
#14546=CARTESIAN_POINT('',(1.5875,-2.159,-0.2032));
#14547=CARTESIAN_POINT('',(0.9525,-2.159,-0.2032));
#14548=VECTOR('',#16534,0.635);
#14549=CARTESIAN_POINT('',(1.5875,-2.159,0.508));
#14550=VECTOR('',#16535,0.7112);
#14551=CARTESIAN_POINT('',(0.9525,-2.159,6.06205909487712));
#14552=CARTESIAN_POINT('',(0.9525,-2.159,5.588));
#14553=CARTESIAN_POINT('',(0.9525,-2.159,6.06205909487712));
#14554=VECTOR('',#16536,0.474059094877374);
#14555=CARTESIAN_POINT('',(1.3335,-2.159,5.588));
#14556=VECTOR('',#16537,0.381);
#14557=CARTESIAN_POINT('',(0.6985,-2.159,7.04343973438776));
#14558=CARTESIAN_POINT('',(0.6985,-2.159,7.04343973438776));
#14559=VECTOR('',#16538,0.982693598946184);
#14560=CARTESIAN_POINT('',(0.9525,-2.159,7.04343973438776));
#14561=CARTESIAN_POINT('',(0.9525,-2.159,7.04343973438776));
#14562=VECTOR('',#16539,0.254);
#14563=CARTESIAN_POINT('',(0.9525,-2.159,7.04343973438776));
#14564=VECTOR('',#16540,0.981380639509624);
#14565=CARTESIAN_POINT('',(1.5875,-2.413,-0.4572));
#14566=AXIS2_PLACEMENT_3D('',#16541,#16542,#16543);
#14567=CARTESIAN_POINT('',(1.5875,-3.3782,-0.4572));
#14568=CARTESIAN_POINT('',(1.5875,-2.413,-0.4572));
#14569=VECTOR('',#16544,0.9652);
#14570=CARTESIAN_POINT('',(1.5875,-3.3782,-0.7112));
#14571=CARTESIAN_POINT('',(1.5875,-3.3782,-0.4572));
#14572=VECTOR('',#16545,0.254);
#14573=CARTESIAN_POINT('',(1.5875,-2.413,-0.7112));
#14574=CARTESIAN_POINT('',(1.5875,-3.3782,-0.7112));
#14575=VECTOR('',#16546,0.9652);
#14576=CARTESIAN_POINT('',(1.5875,-1.905,-0.2032));
#14577=AXIS2_PLACEMENT_3D('',#16547,#16548,#16549);
#14578=CARTESIAN_POINT('',(1.5875,-1.905,-0.2032));
#14579=VECTOR('',#16550,0.7112);
#14580=CARTESIAN_POINT('',(0.9525,-1.905,-0.2032));
#14581=CARTESIAN_POINT('',(0.9525,-1.905,-0.2032));
#14582=VECTOR('',#16551,0.635);
#14583=CARTESIAN_POINT('',(0.9525,-1.905,-0.2032));
#14584=VECTOR('',#16552,0.7112);
#14585=CARTESIAN_POINT('',(0.9525,-2.413,-0.7112));
#14586=AXIS2_PLACEMENT_3D('',#16553,#16554,#16555);
#14587=CARTESIAN_POINT('',(0.9525,-3.3782,-0.7112));
#14588=CARTESIAN_POINT('',(0.9525,-3.3782,-0.7112));
#14589=VECTOR('',#16556,0.9652);
#14590=CARTESIAN_POINT('',(0.9525,-3.3782,-0.4572));
#14591=CARTESIAN_POINT('',(0.9525,-3.3782,-0.4572));
#14592=VECTOR('',#16557,0.254);
#14593=CARTESIAN_POINT('',(0.9525,-2.413,-0.4572));
#14594=CARTESIAN_POINT('',(0.9525,-2.413,-0.4572));
#14595=VECTOR('',#16558,0.9652);
#14596=AXIS2_PLACEMENT_3D('',#16559,#16560,#16561);
#14597=CARTESIAN_POINT('',(0.9525,-1.9685,5.588));
#14598=CARTESIAN_POINT('',(0.9525,-1.9685,6.77301477371984));
#14599=CARTESIAN_POINT('',(0.9525,-1.9685,5.588));
#14600=VECTOR('',#16562,1.18501477371933);
#14601=CARTESIAN_POINT('',(0.9525,-2.159,5.588));
#14602=VECTOR('',#16563,0.1905);
#14603=CARTESIAN_POINT('',(0.9525,-2.159,6.06205909487712));
#14604=VECTOR('',#16564,0.736035479632218);
#14605=CARTESIAN_POINT('',(0.9525,-2.413,-0.4572));
#14606=VECTOR('',#16565,0.635);
#14607=CARTESIAN_POINT('',(0.9525,-3.3782,-0.4572));
#14608=VECTOR('',#16566,0.635);
#14609=CARTESIAN_POINT('',(0.9525,-3.3782,-0.7112));
#14610=VECTOR('',#16567,0.635);
#14611=CARTESIAN_POINT('',(0.9525,-2.413,-0.7112));
#14612=VECTOR('',#16568,0.635);
#14613=CARTESIAN_POINT('',(0.9525,-2.24529547438762,5.7399999999999));
#14614=CARTESIAN_POINT('',(0.9525,-2.159,6.06205909487712));
#14615=VECTOR('',#16569,0.333420109611076);
#14616=CARTESIAN_POINT('',(0.6985,-2.24529547438762,5.7399999999999));
#14617=CARTESIAN_POINT('',(0.9525,-2.24529547438762,5.7399999999999));
#14618=VECTOR('',#16570,0.254);
#14619=CARTESIAN_POINT('',(0.6985,-1.9685,6.77301477371984));
#14620=CARTESIAN_POINT('',(0.6985,-1.9685,6.77301477371984));
#14621=VECTOR('',#16571,1.06945558924329);
#14622=CARTESIAN_POINT('',(0.9525,-1.9685,6.77301477371984));
#14623=VECTOR('',#16572,0.254);
#14624=CARTESIAN_POINT('',(0.5715,-1.9685,5.588));
#14625=CARTESIAN_POINT('',(0.5715,-1.9685,8.0264));
#14626=VECTOR('',#16573,2.4384);
#14627=CARTESIAN_POINT('',(0.9525,-1.9685,5.588));
#14628=VECTOR('',#16574,0.381);
#14629=CARTESIAN_POINT('',(0.6985,-1.9685,8.02626666666748));
#14630=VECTOR('',#16575,1.25325189294739);
#14631=CARTESIAN_POINT('',(0.6985,-2.49064063426503,5.8057400374553));
#14632=CARTESIAN_POINT('',(0.6985,-2.24529547438762,5.7399999999999));
#14633=VECTOR('',#16576,0.254);
#14634=CARTESIAN_POINT('',(0.6985,-2.49064063426503,5.8057400374553));
#14635=VECTOR('',#16577,1.2813610147336);
#14636=CARTESIAN_POINT('',(0.9525,-2.49064063426503,5.8057400374553));
#14637=CARTESIAN_POINT('',(0.9525,-2.49064063426503,5.8057400374553));
#14638=VECTOR('',#16578,0.254);
#14639=CARTESIAN_POINT('',(0.9525,-2.49064063426503,5.8057400374553));
#14640=VECTOR('',#16579,1.2813610147336);
#14641=CARTESIAN_POINT('',(0.9525,-2.24529547438762,5.7399999999999));
#14642=VECTOR('',#16580,0.254);
#14643=CARTESIAN_POINT('',(0.5715,-1.9685,5.588));
#14644=VECTOR('',#16581,0.5588);
#14645=CARTESIAN_POINT('',(0.5715,-0.5715,8.3312));
#14646=CARTESIAN_POINT('',(0.5715,-0.5715,8.0264));
#14647=VECTOR('',#16582,0.3048);
#14648=CARTESIAN_POINT('',(0.5715,-1.9685,8.3312));
#14649=CARTESIAN_POINT('',(0.5715,-0.5715,8.3312));
#14650=VECTOR('',#16583,1.397);
#14651=CARTESIAN_POINT('',(0.5715,-1.9685,8.3312));
#14652=VECTOR('',#16584,0.396760683535974);
#14653=CARTESIAN_POINT('',(0.5715,-1.9685,8.3312));
#14654=VECTOR('',#16585,0.471099819571146);
#14655=CARTESIAN_POINT('',(1.9685,-1.9685,8.3312));
#14656=VECTOR('',#16586,0.471099819571146);
#14657=CARTESIAN_POINT('',(0.5715,-0.5715,8.3312));
#14658=VECTOR('',#16587,0.471099819571146);
#14659=CARTESIAN_POINT('',(1.9685,-0.5715,8.3312));
#14660=CARTESIAN_POINT('',(1.9685,-0.5715,8.3312));
#14661=VECTOR('',#16588,1.397);
#14662=CARTESIAN_POINT('',(1.9685,-0.5715,8.3312));
#14663=VECTOR('',#16589,0.471099819571146);
#14664=CARTESIAN_POINT('',(1.9685,-1.9685,8.3312));
#14665=VECTOR('',#16590,1.397);
#14666=CARTESIAN_POINT('',(1.9685,-0.5715,8.0264));
#14667=VECTOR('',#16591,0.3048);
#14668=CARTESIAN_POINT('',(-1.2065,-1.9685,8.02626666666748));
#14669=CARTESIAN_POINT('',(-1.2065,-2.159,8.02613333333242));
#14670=CARTESIAN_POINT('',(-1.2065,-1.9685,8.02626666666748));
#14671=VECTOR('',#16592,0.190500046660841);
#14672=CARTESIAN_POINT('',(-1.2065,-2.159,5.588));
#14673=CARTESIAN_POINT('',(-1.2065,-2.159,5.588));
#14674=VECTOR('',#16593,2.43813333333344);
#14675=CARTESIAN_POINT('',(-1.2065,-2.5273,5.588));
#14676=VECTOR('',#16594,0.3683);
#14677=CARTESIAN_POINT('',(-1.2065,-1.9685,8.3312));
#14678=CARTESIAN_POINT('',(-1.2065,-1.9685,8.3312));
#14679=VECTOR('',#16595,0.396760683535974);
#14680=CARTESIAN_POINT('',(-1.2065,-1.9685,8.02626666666748));
#14681=VECTOR('',#16596,0.304933333333282);
#14682=CARTESIAN_POINT('',(-0.5715,-1.9685,8.3312));
#14683=CARTESIAN_POINT('',(-1.2065,-1.9685,8.3312));
#14684=VECTOR('',#16597,0.635);
#14685=CARTESIAN_POINT('',(-0.5715,-1.9685,8.0264));
#14686=CARTESIAN_POINT('',(-0.5715,-1.9685,8.0264));
#14687=VECTOR('',#16598,0.3048);
#14688=CARTESIAN_POINT('',(-1.2065,-1.9685,8.02626666666748));
#14689=VECTOR('',#16599,0.635000013998194);
#14690=CARTESIAN_POINT('',(-0.5715,-0.5715,8.0264));
#14691=CARTESIAN_POINT('',(-0.5715,-1.9685,8.0264));
#14692=VECTOR('',#16600,1.397);
#14693=CARTESIAN_POINT('',(-1.9685,-0.5715,8.0264));
#14694=CARTESIAN_POINT('',(-0.5715,-0.5715,8.0264));
#14695=VECTOR('',#16601,1.397);
#14696=CARTESIAN_POINT('',(-1.9685,-1.9685,8.0264));
#14697=CARTESIAN_POINT('',(-1.9685,-0.5715,8.0264));
#14698=VECTOR('',#16602,1.397);
#14699=CARTESIAN_POINT('',(-1.8415,-1.9685,8.02626666666748));
#14700=CARTESIAN_POINT('',(-1.9685,-1.9685,8.0264));
#14701=VECTOR('',#16603,0.127000069991224);
#14702=CARTESIAN_POINT('',(-1.8415,-2.159,8.02613333333242));
#14703=CARTESIAN_POINT('',(-1.8415,-2.159,8.02613333333242));
#14704=VECTOR('',#16604,0.190500046660841);
#14705=CARTESIAN_POINT('',(-1.2065,-2.159,8.02613333333242));
#14706=VECTOR('',#16605,0.635);
#14707=CARTESIAN_POINT('',(-1.5875,-2.159,-0.2032));
#14708=CARTESIAN_POINT('',(-1.5875,-2.159,0.508));
#14709=VECTOR('',#16606,0.7112);
#14710=CARTESIAN_POINT('',(-0.9525,-2.159,-0.2032));
#14711=CARTESIAN_POINT('',(-1.5875,-2.159,-0.2032));
#14712=VECTOR('',#16607,0.635);
#14713=CARTESIAN_POINT('',(-0.9525,-2.159,0.508));
#14714=VECTOR('',#16608,0.7112);
#14715=CARTESIAN_POINT('',(-1.5875,-2.159,6.06205909487712));
#14716=CARTESIAN_POINT('',(-1.5875,-2.159,5.588));
#14717=CARTESIAN_POINT('',(-1.5875,-2.159,6.06205909487712));
#14718=VECTOR('',#16609,0.474059094877374);
#14719=CARTESIAN_POINT('',(-1.2065,-2.159,5.588));
#14720=VECTOR('',#16610,0.381);
#14721=CARTESIAN_POINT('',(-1.8415,-2.159,7.04343973438776));
#14722=CARTESIAN_POINT('',(-1.8415,-2.159,7.04343973438776));
#14723=VECTOR('',#16611,0.982693598946184);
#14724=CARTESIAN_POINT('',(-1.5875,-2.159,7.04343973438776));
#14725=CARTESIAN_POINT('',(-1.5875,-2.159,7.04343973438776));
#14726=VECTOR('',#16612,0.254);
#14727=CARTESIAN_POINT('',(-1.5875,-2.159,7.04343973438776));
#14728=VECTOR('',#16613,0.981380639509624);
#14729=CARTESIAN_POINT('',(-0.9525,-2.413,-0.4572));
#14730=AXIS2_PLACEMENT_3D('',#16614,#16615,#16616);
#14731=CARTESIAN_POINT('',(-0.9525,-3.3782,-0.4572));
#14732=CARTESIAN_POINT('',(-0.9525,-2.413,-0.4572));
#14733=VECTOR('',#16617,0.9652);
#14734=CARTESIAN_POINT('',(-0.9525,-3.3782,-0.7112));
#14735=CARTESIAN_POINT('',(-0.9525,-3.3782,-0.4572));
#14736=VECTOR('',#16618,0.254);
#14737=CARTESIAN_POINT('',(-0.9525,-2.413,-0.7112));
#14738=CARTESIAN_POINT('',(-0.9525,-3.3782,-0.7112));
#14739=VECTOR('',#16619,0.9652);
#14740=CARTESIAN_POINT('',(-0.9525,-1.905,-0.2032));
#14741=AXIS2_PLACEMENT_3D('',#16620,#16621,#16622);
#14742=CARTESIAN_POINT('',(-0.9525,-1.905,-0.2032));
#14743=VECTOR('',#16623,0.7112);
#14744=CARTESIAN_POINT('',(-1.5875,-1.905,-0.2032));
#14745=CARTESIAN_POINT('',(-1.5875,-1.905,-0.2032));
#14746=VECTOR('',#16624,0.635);
#14747=CARTESIAN_POINT('',(-1.5875,-1.905,-0.2032));
#14748=VECTOR('',#16625,0.7112);
#14749=CARTESIAN_POINT('',(-1.5875,-2.413,-0.7112));
#14750=AXIS2_PLACEMENT_3D('',#16626,#16627,#16628);
#14751=CARTESIAN_POINT('',(-1.5875,-3.3782,-0.7112));
#14752=CARTESIAN_POINT('',(-1.5875,-3.3782,-0.7112));
#14753=VECTOR('',#16629,0.9652);
#14754=CARTESIAN_POINT('',(-1.5875,-3.3782,-0.4572));
#14755=CARTESIAN_POINT('',(-1.5875,-3.3782,-0.4572));
#14756=VECTOR('',#16630,0.254);
#14757=CARTESIAN_POINT('',(-1.5875,-2.413,-0.4572));
#14758=CARTESIAN_POINT('',(-1.5875,-2.413,-0.4572));
#14759=VECTOR('',#16631,0.9652);
#14760=AXIS2_PLACEMENT_3D('',#16632,#16633,#16634);
#14761=CARTESIAN_POINT('',(-1.5875,-1.9685,5.588));
#14762=CARTESIAN_POINT('',(-1.5875,-1.9685,6.77301477371984));
#14763=CARTESIAN_POINT('',(-1.5875,-1.9685,5.588));
#14764=VECTOR('',#16635,1.18501477371933);
#14765=CARTESIAN_POINT('',(-1.5875,-2.159,5.588));
#14766=VECTOR('',#16636,0.1905);
#14767=CARTESIAN_POINT('',(-1.5875,-2.159,6.06205909487712));
#14768=VECTOR('',#16637,0.736035479632218);
#14769=CARTESIAN_POINT('',(-1.5875,-2.413,-0.4572));
#14770=VECTOR('',#16638,0.635);
#14771=CARTESIAN_POINT('',(-1.5875,-3.3782,-0.4572));
#14772=VECTOR('',#16639,0.635);
#14773=CARTESIAN_POINT('',(-1.5875,-3.3782,-0.7112));
#14774=VECTOR('',#16640,0.635);
#14775=CARTESIAN_POINT('',(-1.5875,-2.413,-0.7112));
#14776=VECTOR('',#16641,0.635);
#14777=CARTESIAN_POINT('',(-1.5875,-2.24529547438762,5.7399999999999));
#14778=CARTESIAN_POINT('',(-1.5875,-2.159,6.06205909487712));
#14779=VECTOR('',#16642,0.333420109611076);
#14780=CARTESIAN_POINT('',(-1.8415,-2.24529547438762,5.7399999999999));
#14781=CARTESIAN_POINT('',(-1.5875,-2.24529547438762,5.7399999999999));
#14782=VECTOR('',#16643,0.254);
#14783=CARTESIAN_POINT('',(-1.8415,-1.9685,6.77301477371984));
#14784=CARTESIAN_POINT('',(-1.8415,-1.9685,6.77301477371984));
#14785=VECTOR('',#16644,1.06945558924329);
#14786=CARTESIAN_POINT('',(-1.5875,-1.9685,6.77301477371984));
#14787=VECTOR('',#16645,0.254);
#14788=CARTESIAN_POINT('',(-1.9685,-1.9685,5.588));
#14789=CARTESIAN_POINT('',(-1.9685,-1.9685,8.0264));
#14790=VECTOR('',#16646,2.4384);
#14791=CARTESIAN_POINT('',(-1.5875,-1.9685,5.588));
#14792=VECTOR('',#16647,0.381);
#14793=CARTESIAN_POINT('',(-1.8415,-1.9685,8.02626666666748));
#14794=VECTOR('',#16648,1.25325189294739);
#14795=CARTESIAN_POINT('',(-1.8415,-2.49064063426503,5.8057400374553));
#14796=CARTESIAN_POINT('',(-1.8415,-2.24529547438762,5.7399999999999));
#14797=VECTOR('',#16649,0.254);
#14798=CARTESIAN_POINT('',(-1.8415,-2.49064063426503,5.8057400374553));
#14799=VECTOR('',#16650,1.2813610147336);
#14800=CARTESIAN_POINT('',(-1.5875,-2.49064063426503,5.8057400374553));
#14801=CARTESIAN_POINT('',(-1.5875,-2.49064063426503,5.8057400374553));
#14802=VECTOR('',#16651,0.254);
#14803=CARTESIAN_POINT('',(-1.5875,-2.49064063426503,5.8057400374553));
#14804=VECTOR('',#16652,1.2813610147336);
#14805=CARTESIAN_POINT('',(-1.5875,-2.24529547438762,5.7399999999999));
#14806=VECTOR('',#16653,0.254);
#14807=CARTESIAN_POINT('',(-1.9685,-1.9685,5.588));
#14808=VECTOR('',#16654,0.5588);
#14809=CARTESIAN_POINT('',(-1.9685,-0.5715,8.3312));
#14810=CARTESIAN_POINT('',(-1.9685,-0.5715,8.0264));
#14811=VECTOR('',#16655,0.3048);
#14812=CARTESIAN_POINT('',(-1.9685,-1.9685,8.3312));
#14813=CARTESIAN_POINT('',(-1.9685,-0.5715,8.3312));
#14814=VECTOR('',#16656,1.397);
#14815=CARTESIAN_POINT('',(-1.9685,-1.9685,8.3312));
#14816=VECTOR('',#16657,0.396760683535974);
#14817=CARTESIAN_POINT('',(-1.9685,-1.9685,8.3312));
#14818=VECTOR('',#16658,0.471099819571146);
#14819=CARTESIAN_POINT('',(-0.5715,-1.9685,8.3312));
#14820=VECTOR('',#16659,0.471099819571146);
#14821=CARTESIAN_POINT('',(-1.9685,-0.5715,8.3312));
#14822=VECTOR('',#16660,0.471099819571146);
#14823=CARTESIAN_POINT('',(-0.5715,-0.5715,8.3312));
#14824=CARTESIAN_POINT('',(-0.5715,-0.5715,8.3312));
#14825=VECTOR('',#16661,1.397);
#14826=CARTESIAN_POINT('',(-0.5715,-0.5715,8.3312));
#14827=VECTOR('',#16662,0.471099819571146);
#14828=CARTESIAN_POINT('',(-0.5715,-1.9685,8.3312));
#14829=VECTOR('',#16663,1.397);
#14830=CARTESIAN_POINT('',(-0.5715,-0.5715,8.0264));
#14831=VECTOR('',#16664,0.3048);
#14832=CARTESIAN_POINT('',(-3.7465,-1.9685,8.02626666666748));
#14833=CARTESIAN_POINT('',(-3.7465,-2.159,8.02613333333242));
#14834=CARTESIAN_POINT('',(-3.7465,-1.9685,8.02626666666748));
#14835=VECTOR('',#16665,0.190500046660841);
#14836=CARTESIAN_POINT('',(-3.7465,-2.159,5.588));
#14837=CARTESIAN_POINT('',(-3.7465,-2.159,5.588));
#14838=VECTOR('',#16666,2.43813333333344);
#14839=CARTESIAN_POINT('',(-3.7465,-2.5273,5.588));
#14840=VECTOR('',#16667,0.3683);
#14841=CARTESIAN_POINT('',(-3.7465,-1.9685,8.3312));
#14842=CARTESIAN_POINT('',(-3.7465,-1.9685,8.3312));
#14843=VECTOR('',#16668,0.396760683535974);
#14844=CARTESIAN_POINT('',(-3.7465,-1.9685,8.02626666666748));
#14845=VECTOR('',#16669,0.304933333333282);
#14846=CARTESIAN_POINT('',(-3.1115,-1.9685,8.3312));
#14847=CARTESIAN_POINT('',(-3.7465,-1.9685,8.3312));
#14848=VECTOR('',#16670,0.635);
#14849=CARTESIAN_POINT('',(-3.1115,-1.9685,8.0264));
#14850=CARTESIAN_POINT('',(-3.1115,-1.9685,8.0264));
#14851=VECTOR('',#16671,0.3048);
#14852=CARTESIAN_POINT('',(-3.7465,-1.9685,8.02626666666748));
#14853=VECTOR('',#16672,0.635000013998194);
#14854=CARTESIAN_POINT('',(-3.1115,-0.5715,8.0264));
#14855=CARTESIAN_POINT('',(-3.1115,-1.9685,8.0264));
#14856=VECTOR('',#16673,1.397);
#14857=CARTESIAN_POINT('',(-4.5085,-0.5715,8.0264));
#14858=CARTESIAN_POINT('',(-3.1115,-0.5715,8.0264));
#14859=VECTOR('',#16674,1.397);
#14860=CARTESIAN_POINT('',(-4.5085,-1.9685,8.0264));
#14861=CARTESIAN_POINT('',(-4.5085,-0.5715,8.0264));
#14862=VECTOR('',#16675,1.397);
#14863=CARTESIAN_POINT('',(-4.3815,-1.9685,8.02626666666748));
#14864=CARTESIAN_POINT('',(-4.5085,-1.9685,8.0264));
#14865=VECTOR('',#16676,0.127000069991224);
#14866=CARTESIAN_POINT('',(-4.3815,-2.159,8.02613333333242));
#14867=CARTESIAN_POINT('',(-4.3815,-2.159,8.02613333333242));
#14868=VECTOR('',#16677,0.190500046660841);
#14869=CARTESIAN_POINT('',(-3.7465,-2.159,8.02613333333242));
#14870=VECTOR('',#16678,0.635);
#14871=CARTESIAN_POINT('',(-4.1275,-2.159,-0.2032));
#14872=CARTESIAN_POINT('',(-4.1275,-2.159,0.508));
#14873=VECTOR('',#16679,0.7112);
#14874=CARTESIAN_POINT('',(-3.4925,-2.159,-0.2032));
#14875=CARTESIAN_POINT('',(-4.1275,-2.159,-0.2032));
#14876=VECTOR('',#16680,0.635);
#14877=CARTESIAN_POINT('',(-3.4925,-2.159,0.508));
#14878=VECTOR('',#16681,0.7112);
#14879=CARTESIAN_POINT('',(-4.1275,-2.159,6.06205909487712));
#14880=CARTESIAN_POINT('',(-4.1275,-2.159,5.588));
#14881=CARTESIAN_POINT('',(-4.1275,-2.159,6.06205909487712));
#14882=VECTOR('',#16682,0.474059094877374);
#14883=CARTESIAN_POINT('',(-3.7465,-2.159,5.588));
#14884=VECTOR('',#16683,0.381);
#14885=CARTESIAN_POINT('',(-4.3815,-2.159,7.04343973438776));
#14886=CARTESIAN_POINT('',(-4.3815,-2.159,7.04343973438776));
#14887=VECTOR('',#16684,0.982693598946184);
#14888=CARTESIAN_POINT('',(-4.1275,-2.159,7.04343973438776));
#14889=CARTESIAN_POINT('',(-4.1275,-2.159,7.04343973438776));
#14890=VECTOR('',#16685,0.254);
#14891=CARTESIAN_POINT('',(-4.1275,-2.159,7.04343973438776));
#14892=VECTOR('',#16686,0.981380639509624);
#14893=CARTESIAN_POINT('',(-3.4925,-2.413,-0.4572));
#14894=AXIS2_PLACEMENT_3D('',#16687,#16688,#16689);
#14895=CARTESIAN_POINT('',(-3.4925,-3.3782,-0.4572));
#14896=CARTESIAN_POINT('',(-3.4925,-2.413,-0.4572));
#14897=VECTOR('',#16690,0.9652);
#14898=CARTESIAN_POINT('',(-3.4925,-3.3782,-0.7112));
#14899=CARTESIAN_POINT('',(-3.4925,-3.3782,-0.4572));
#14900=VECTOR('',#16691,0.254);
#14901=CARTESIAN_POINT('',(-3.4925,-2.413,-0.7112));
#14902=CARTESIAN_POINT('',(-3.4925,-3.3782,-0.7112));
#14903=VECTOR('',#16692,0.9652);
#14904=CARTESIAN_POINT('',(-3.4925,-1.905,-0.2032));
#14905=AXIS2_PLACEMENT_3D('',#16693,#16694,#16695);
#14906=CARTESIAN_POINT('',(-3.4925,-1.905,-0.2032));
#14907=VECTOR('',#16696,0.7112);
#14908=CARTESIAN_POINT('',(-4.1275,-1.905,-0.2032));
#14909=CARTESIAN_POINT('',(-4.1275,-1.905,-0.2032));
#14910=VECTOR('',#16697,0.635);
#14911=CARTESIAN_POINT('',(-4.1275,-1.905,-0.2032));
#14912=VECTOR('',#16698,0.7112);
#14913=CARTESIAN_POINT('',(-4.1275,-2.413,-0.7112));
#14914=AXIS2_PLACEMENT_3D('',#16699,#16700,#16701);
#14915=CARTESIAN_POINT('',(-4.1275,-3.3782,-0.7112));
#14916=CARTESIAN_POINT('',(-4.1275,-3.3782,-0.7112));
#14917=VECTOR('',#16702,0.9652);
#14918=CARTESIAN_POINT('',(-4.1275,-3.3782,-0.4572));
#14919=CARTESIAN_POINT('',(-4.1275,-3.3782,-0.4572));
#14920=VECTOR('',#16703,0.254);
#14921=CARTESIAN_POINT('',(-4.1275,-2.413,-0.4572));
#14922=CARTESIAN_POINT('',(-4.1275,-2.413,-0.4572));
#14923=VECTOR('',#16704,0.9652);
#14924=AXIS2_PLACEMENT_3D('',#16705,#16706,#16707);
#14925=CARTESIAN_POINT('',(-4.1275,-1.9685,5.588));
#14926=CARTESIAN_POINT('',(-4.1275,-1.9685,6.77301477371984));
#14927=CARTESIAN_POINT('',(-4.1275,-1.9685,5.588));
#14928=VECTOR('',#16708,1.18501477371933);
#14929=CARTESIAN_POINT('',(-4.1275,-2.159,5.588));
#14930=VECTOR('',#16709,0.1905);
#14931=CARTESIAN_POINT('',(-4.1275,-2.159,6.06205909487712));
#14932=VECTOR('',#16710,0.736035479632218);
#14933=CARTESIAN_POINT('',(-4.1275,-2.413,-0.4572));
#14934=VECTOR('',#16711,0.635);
#14935=CARTESIAN_POINT('',(-4.1275,-3.3782,-0.4572));
#14936=VECTOR('',#16712,0.635);
#14937=CARTESIAN_POINT('',(-4.1275,-3.3782,-0.7112));
#14938=VECTOR('',#16713,0.635);
#14939=CARTESIAN_POINT('',(-4.1275,-2.413,-0.7112));
#14940=VECTOR('',#16714,0.635);
#14941=CARTESIAN_POINT('',(-4.1275,-2.24529547438762,5.7399999999999));
#14942=CARTESIAN_POINT('',(-4.1275,-2.159,6.06205909487712));
#14943=VECTOR('',#16715,0.333420109611076);
#14944=CARTESIAN_POINT('',(-4.3815,-2.24529547438762,5.7399999999999));
#14945=CARTESIAN_POINT('',(-4.1275,-2.24529547438762,5.7399999999999));
#14946=VECTOR('',#16716,0.254);
#14947=CARTESIAN_POINT('',(-4.3815,-1.9685,6.77301477371984));
#14948=CARTESIAN_POINT('',(-4.3815,-1.9685,6.77301477371984));
#14949=VECTOR('',#16717,1.06945558924329);
#14950=CARTESIAN_POINT('',(-4.1275,-1.9685,6.77301477371984));
#14951=VECTOR('',#16718,0.254);
#14952=CARTESIAN_POINT('',(-4.5085,-1.9685,5.588));
#14953=CARTESIAN_POINT('',(-4.5085,-1.9685,8.0264));
#14954=VECTOR('',#16719,2.4384);
#14955=CARTESIAN_POINT('',(-4.1275,-1.9685,5.588));
#14956=VECTOR('',#16720,0.381);
#14957=CARTESIAN_POINT('',(-4.3815,-1.9685,8.02626666666748));
#14958=VECTOR('',#16721,1.25325189294739);
#14959=CARTESIAN_POINT('',(-4.3815,-2.49064063426503,5.8057400374553));
#14960=CARTESIAN_POINT('',(-4.3815,-2.24529547438762,5.7399999999999));
#14961=VECTOR('',#16722,0.254);
#14962=CARTESIAN_POINT('',(-4.3815,-2.49064063426503,5.8057400374553));
#14963=VECTOR('',#16723,1.2813610147336);
#14964=CARTESIAN_POINT('',(-4.1275,-2.49064063426503,5.8057400374553));
#14965=CARTESIAN_POINT('',(-4.1275,-2.49064063426503,5.8057400374553));
#14966=VECTOR('',#16724,0.254);
#14967=CARTESIAN_POINT('',(-4.1275,-2.49064063426503,5.8057400374553));
#14968=VECTOR('',#16725,1.2813610147336);
#14969=CARTESIAN_POINT('',(-4.1275,-2.24529547438762,5.7399999999999));
#14970=VECTOR('',#16726,0.254);
#14971=CARTESIAN_POINT('',(-4.5085,-1.9685,5.588));
#14972=VECTOR('',#16727,0.5588);
#14973=CARTESIAN_POINT('',(-4.5085,-0.5715,8.3312));
#14974=CARTESIAN_POINT('',(-4.5085,-0.5715,8.0264));
#14975=VECTOR('',#16728,0.3048);
#14976=CARTESIAN_POINT('',(-4.5085,-1.9685,8.3312));
#14977=CARTESIAN_POINT('',(-4.5085,-0.5715,8.3312));
#14978=VECTOR('',#16729,1.397);
#14979=CARTESIAN_POINT('',(-4.5085,-1.9685,8.3312));
#14980=VECTOR('',#16730,0.396760683535974);
#14981=CARTESIAN_POINT('',(-4.5085,-1.9685,8.3312));
#14982=VECTOR('',#16731,0.471099819571146);
#14983=CARTESIAN_POINT('',(-3.1115,-1.9685,8.3312));
#14984=VECTOR('',#16732,0.471099819571146);
#14985=CARTESIAN_POINT('',(-4.5085,-0.5715,8.3312));
#14986=VECTOR('',#16733,0.471099819571146);
#14987=CARTESIAN_POINT('',(-3.1115,-0.5715,8.3312));
#14988=CARTESIAN_POINT('',(-3.1115,-0.5715,8.3312));
#14989=VECTOR('',#16734,1.397);
#14990=CARTESIAN_POINT('',(-3.1115,-0.5715,8.3312));
#14991=VECTOR('',#16735,0.471099819571146);
#14992=CARTESIAN_POINT('',(-3.1115,-1.9685,8.3312));
#14993=VECTOR('',#16736,1.397);
#14994=CARTESIAN_POINT('',(-3.1115,-0.5715,8.0264));
#14995=VECTOR('',#16737,0.3048);
#14996=CARTESIAN_POINT('',(-6.2865,-1.9685,8.02626666666748));
#14997=CARTESIAN_POINT('',(-6.2865,-2.159,8.02613333333242));
#14998=CARTESIAN_POINT('',(-6.2865,-1.9685,8.02626666666748));
#14999=VECTOR('',#16738,0.190500046660841);
#15000=CARTESIAN_POINT('',(-6.2865,-2.159,5.588));
#15001=CARTESIAN_POINT('',(-6.2865,-2.159,5.588));
#15002=VECTOR('',#16739,2.43813333333344);
#15003=CARTESIAN_POINT('',(-6.2865,-2.5273,5.588));
#15004=VECTOR('',#16740,0.3683);
#15005=CARTESIAN_POINT('',(-6.2865,-1.9685,8.3312));
#15006=CARTESIAN_POINT('',(-6.2865,-1.9685,8.3312));
#15007=VECTOR('',#16741,0.396760683535974);
#15008=CARTESIAN_POINT('',(-6.2865,-1.9685,8.02626666666748));
#15009=VECTOR('',#16742,0.304933333333282);
#15010=CARTESIAN_POINT('',(-5.6515,-1.9685,8.3312));
#15011=CARTESIAN_POINT('',(-6.2865,-1.9685,8.3312));
#15012=VECTOR('',#16743,0.635);
#15013=CARTESIAN_POINT('',(-5.6515,-1.9685,8.0264));
#15014=CARTESIAN_POINT('',(-5.6515,-1.9685,8.0264));
#15015=VECTOR('',#16744,0.3048);
#15016=CARTESIAN_POINT('',(-6.2865,-1.9685,8.02626666666748));
#15017=VECTOR('',#16745,0.635000013998194);
#15018=CARTESIAN_POINT('',(-5.6515,-0.5715,8.0264));
#15019=CARTESIAN_POINT('',(-5.6515,-1.9685,8.0264));
#15020=VECTOR('',#16746,1.397);
#15021=CARTESIAN_POINT('',(-7.0485,-0.5715,8.0264));
#15022=CARTESIAN_POINT('',(-5.6515,-0.5715,8.0264));
#15023=VECTOR('',#16747,1.397);
#15024=CARTESIAN_POINT('',(-7.0485,-1.9685,8.0264));
#15025=CARTESIAN_POINT('',(-7.0485,-0.5715,8.0264));
#15026=VECTOR('',#16748,1.397);
#15027=CARTESIAN_POINT('',(-6.9215,-1.9685,8.02626666666748));
#15028=CARTESIAN_POINT('',(-7.0485,-1.9685,8.0264));
#15029=VECTOR('',#16749,0.127000069991224);
#15030=CARTESIAN_POINT('',(-6.9215,-2.159,8.02613333333242));
#15031=CARTESIAN_POINT('',(-6.9215,-2.159,8.02613333333242));
#15032=VECTOR('',#16750,0.190500046660841);
#15033=CARTESIAN_POINT('',(-6.2865,-2.159,8.02613333333242));
#15034=VECTOR('',#16751,0.635);
#15035=CARTESIAN_POINT('',(-6.6675,-2.159,-0.2032));
#15036=CARTESIAN_POINT('',(-6.6675,-2.159,0.508));
#15037=VECTOR('',#16752,0.7112);
#15038=CARTESIAN_POINT('',(-6.0325,-2.159,-0.2032));
#15039=CARTESIAN_POINT('',(-6.6675,-2.159,-0.2032));
#15040=VECTOR('',#16753,0.635);
#15041=CARTESIAN_POINT('',(-6.0325,-2.159,0.508));
#15042=VECTOR('',#16754,0.7112);
#15043=CARTESIAN_POINT('',(-6.6675,-2.159,6.06205909487712));
#15044=CARTESIAN_POINT('',(-6.6675,-2.159,5.588));
#15045=CARTESIAN_POINT('',(-6.6675,-2.159,6.06205909487712));
#15046=VECTOR('',#16755,0.474059094877374);
#15047=CARTESIAN_POINT('',(-6.2865,-2.159,5.588));
#15048=VECTOR('',#16756,0.381);
#15049=CARTESIAN_POINT('',(-6.9215,-2.159,7.04343973438776));
#15050=CARTESIAN_POINT('',(-6.9215,-2.159,7.04343973438776));
#15051=VECTOR('',#16757,0.982693598946184);
#15052=CARTESIAN_POINT('',(-6.6675,-2.159,7.04343973438776));
#15053=CARTESIAN_POINT('',(-6.6675,-2.159,7.04343973438776));
#15054=VECTOR('',#16758,0.254);
#15055=CARTESIAN_POINT('',(-6.6675,-2.159,7.04343973438776));
#15056=VECTOR('',#16759,0.981380639509624);
#15057=CARTESIAN_POINT('',(-6.0325,-2.413,-0.4572));
#15058=AXIS2_PLACEMENT_3D('',#16760,#16761,#16762);
#15059=CARTESIAN_POINT('',(-6.0325,-3.3782,-0.4572));
#15060=CARTESIAN_POINT('',(-6.0325,-2.413,-0.4572));
#15061=VECTOR('',#16763,0.9652);
#15062=CARTESIAN_POINT('',(-6.0325,-3.3782,-0.7112));
#15063=CARTESIAN_POINT('',(-6.0325,-3.3782,-0.4572));
#15064=VECTOR('',#16764,0.254);
#15065=CARTESIAN_POINT('',(-6.0325,-2.413,-0.7112));
#15066=CARTESIAN_POINT('',(-6.0325,-3.3782,-0.7112));
#15067=VECTOR('',#16765,0.9652);
#15068=CARTESIAN_POINT('',(-6.0325,-1.905,-0.2032));
#15069=AXIS2_PLACEMENT_3D('',#16766,#16767,#16768);
#15070=CARTESIAN_POINT('',(-6.0325,-1.905,-0.2032));
#15071=VECTOR('',#16769,0.7112);
#15072=CARTESIAN_POINT('',(-6.6675,-1.905,-0.2032));
#15073=CARTESIAN_POINT('',(-6.6675,-1.905,-0.2032));
#15074=VECTOR('',#16770,0.635);
#15075=CARTESIAN_POINT('',(-6.6675,-1.905,-0.2032));
#15076=VECTOR('',#16771,0.7112);
#15077=CARTESIAN_POINT('',(-6.6675,-2.413,-0.7112));
#15078=AXIS2_PLACEMENT_3D('',#16772,#16773,#16774);
#15079=CARTESIAN_POINT('',(-6.6675,-3.3782,-0.7112));
#15080=CARTESIAN_POINT('',(-6.6675,-3.3782,-0.7112));
#15081=VECTOR('',#16775,0.9652);
#15082=CARTESIAN_POINT('',(-6.6675,-3.3782,-0.4572));
#15083=CARTESIAN_POINT('',(-6.6675,-3.3782,-0.4572));
#15084=VECTOR('',#16776,0.254);
#15085=CARTESIAN_POINT('',(-6.6675,-2.413,-0.4572));
#15086=CARTESIAN_POINT('',(-6.6675,-2.413,-0.4572));
#15087=VECTOR('',#16777,0.9652);
#15088=AXIS2_PLACEMENT_3D('',#16778,#16779,#16780);
#15089=CARTESIAN_POINT('',(-6.6675,-1.9685,5.588));
#15090=CARTESIAN_POINT('',(-6.6675,-1.9685,6.77301477371984));
#15091=CARTESIAN_POINT('',(-6.6675,-1.9685,5.588));
#15092=VECTOR('',#16781,1.18501477371933);
#15093=CARTESIAN_POINT('',(-6.6675,-2.159,5.588));
#15094=VECTOR('',#16782,0.1905);
#15095=CARTESIAN_POINT('',(-6.6675,-2.159,6.06205909487712));
#15096=VECTOR('',#16783,0.736035479632218);
#15097=CARTESIAN_POINT('',(-6.6675,-2.413,-0.4572));
#15098=VECTOR('',#16784,0.635);
#15099=CARTESIAN_POINT('',(-6.6675,-3.3782,-0.4572));
#15100=VECTOR('',#16785,0.635);
#15101=CARTESIAN_POINT('',(-6.6675,-3.3782,-0.7112));
#15102=VECTOR('',#16786,0.635);
#15103=CARTESIAN_POINT('',(-6.6675,-2.413,-0.7112));
#15104=VECTOR('',#16787,0.635);
#15105=CARTESIAN_POINT('',(-6.6675,-2.24529547438762,5.7399999999999));
#15106=CARTESIAN_POINT('',(-6.6675,-2.159,6.06205909487712));
#15107=VECTOR('',#16788,0.333420109611076);
#15108=CARTESIAN_POINT('',(-6.9215,-2.24529547438762,5.7399999999999));
#15109=CARTESIAN_POINT('',(-6.6675,-2.24529547438762,5.7399999999999));
#15110=VECTOR('',#16789,0.254);
#15111=CARTESIAN_POINT('',(-6.9215,-1.9685,6.77301477371984));
#15112=CARTESIAN_POINT('',(-6.9215,-1.9685,6.77301477371984));
#15113=VECTOR('',#16790,1.06945558924329);
#15114=CARTESIAN_POINT('',(-6.6675,-1.9685,6.77301477371984));
#15115=VECTOR('',#16791,0.254);
#15116=CARTESIAN_POINT('',(-7.0485,-1.9685,5.588));
#15117=CARTESIAN_POINT('',(-7.0485,-1.9685,8.0264));
#15118=VECTOR('',#16792,2.4384);
#15119=CARTESIAN_POINT('',(-6.6675,-1.9685,5.588));
#15120=VECTOR('',#16793,0.381);
#15121=CARTESIAN_POINT('',(-6.9215,-1.9685,8.02626666666748));
#15122=VECTOR('',#16794,1.25325189294739);
#15123=CARTESIAN_POINT('',(-6.9215,-2.49064063426503,5.8057400374553));
#15124=CARTESIAN_POINT('',(-6.9215,-2.24529547438762,5.7399999999999));
#15125=VECTOR('',#16795,0.254);
#15126=CARTESIAN_POINT('',(-6.9215,-2.49064063426503,5.8057400374553));
#15127=VECTOR('',#16796,1.2813610147336);
#15128=CARTESIAN_POINT('',(-6.6675,-2.49064063426503,5.8057400374553));
#15129=CARTESIAN_POINT('',(-6.6675,-2.49064063426503,5.8057400374553));
#15130=VECTOR('',#16797,0.254);
#15131=CARTESIAN_POINT('',(-6.6675,-2.49064063426503,5.8057400374553));
#15132=VECTOR('',#16798,1.2813610147336);
#15133=CARTESIAN_POINT('',(-6.6675,-2.24529547438762,5.7399999999999));
#15134=VECTOR('',#16799,0.254);
#15135=CARTESIAN_POINT('',(-7.0485,-1.9685,5.588));
#15136=VECTOR('',#16800,0.5588);
#15137=CARTESIAN_POINT('',(-7.0485,-0.5715,8.3312));
#15138=CARTESIAN_POINT('',(-7.0485,-0.5715,8.0264));
#15139=VECTOR('',#16801,0.3048);
#15140=CARTESIAN_POINT('',(-7.0485,-1.9685,8.3312));
#15141=CARTESIAN_POINT('',(-7.0485,-0.5715,8.3312));
#15142=VECTOR('',#16802,1.397);
#15143=CARTESIAN_POINT('',(-7.0485,-1.9685,8.3312));
#15144=VECTOR('',#16803,0.396760683535974);
#15145=CARTESIAN_POINT('',(-7.0485,-1.9685,8.3312));
#15146=VECTOR('',#16804,0.471099819571146);
#15147=CARTESIAN_POINT('',(-5.6515,-1.9685,8.3312));
#15148=VECTOR('',#16805,0.471099819571146);
#15149=CARTESIAN_POINT('',(-7.0485,-0.5715,8.3312));
#15150=VECTOR('',#16806,0.471099819571146);
#15151=CARTESIAN_POINT('',(-5.6515,-0.5715,8.3312));
#15152=CARTESIAN_POINT('',(-5.6515,-0.5715,8.3312));
#15153=VECTOR('',#16807,1.397);
#15154=CARTESIAN_POINT('',(-5.6515,-0.5715,8.3312));
#15155=VECTOR('',#16808,0.471099819571146);
#15156=CARTESIAN_POINT('',(-5.6515,-1.9685,8.3312));
#15157=VECTOR('',#16809,1.397);
#15158=CARTESIAN_POINT('',(-5.6515,-0.5715,8.0264));
#15159=VECTOR('',#16810,0.3048);
#15160=CARTESIAN_POINT('',(-8.8265,-2.159,5.588));
#15161=CARTESIAN_POINT('',(-8.8265,-2.5273,5.588));
#15162=VECTOR('',#16811,0.3683);
#15163=CARTESIAN_POINT('',(-8.8265,-1.9685,8.3312));
#15164=CARTESIAN_POINT('',(-8.8265,-1.9685,8.3312));
#15165=VECTOR('',#16812,0.396760683535974);
#15166=CARTESIAN_POINT('',(-8.8265,-1.9685,8.02626666666748));
#15167=CARTESIAN_POINT('',(-8.8265,-1.9685,8.02626666666748));
#15168=VECTOR('',#16813,0.304933333333282);
#15169=CARTESIAN_POINT('',(-8.8265,-2.159,8.02613333333242));
#15170=CARTESIAN_POINT('',(-8.8265,-1.9685,8.02626666666748));
#15171=VECTOR('',#16814,0.190500046660841);
#15172=CARTESIAN_POINT('',(-8.8265,-2.159,5.588));
#15173=VECTOR('',#16815,2.43813333333344);
#15174=CARTESIAN_POINT('',(-9.2075,-2.159,-0.2032));
#15175=CARTESIAN_POINT('',(-9.2075,-2.159,0.508));
#15176=VECTOR('',#16816,0.7112);
#15177=CARTESIAN_POINT('',(-8.5725,-2.159,-0.2032));
#15178=CARTESIAN_POINT('',(-9.2075,-2.159,-0.2032));
#15179=VECTOR('',#16817,0.635);
#15180=CARTESIAN_POINT('',(-8.5725,-2.159,0.508));
#15181=VECTOR('',#16818,0.7112);
#15182=CARTESIAN_POINT('',(-9.2075,-2.159,6.06205909487712));
#15183=CARTESIAN_POINT('',(-9.2075,-2.159,5.588));
#15184=CARTESIAN_POINT('',(-9.2075,-2.159,6.06205909487712));
#15185=VECTOR('',#16819,0.474059094877374);
#15186=CARTESIAN_POINT('',(-8.8265,-2.159,5.588));
#15187=VECTOR('',#16820,0.381);
#15188=CARTESIAN_POINT('',(-9.4615,-2.159,8.02613333333242));
#15189=CARTESIAN_POINT('',(-8.8265,-2.159,8.02613333333242));
#15190=VECTOR('',#16821,0.635);
#15191=CARTESIAN_POINT('',(-9.4615,-2.159,7.04343973438776));
#15192=CARTESIAN_POINT('',(-9.4615,-2.159,7.04343973438776));
#15193=VECTOR('',#16822,0.982693598946184);
#15194=CARTESIAN_POINT('',(-9.2075,-2.159,7.04343973438776));
#15195=CARTESIAN_POINT('',(-9.2075,-2.159,7.04343973438776));
#15196=VECTOR('',#16823,0.254);
#15197=CARTESIAN_POINT('',(-9.2075,-2.159,7.04343973438776));
#15198=VECTOR('',#16824,0.981380639509624);
#15199=CARTESIAN_POINT('',(-8.5725,-2.413,-0.4572));
#15200=AXIS2_PLACEMENT_3D('',#16825,#16826,#16827);
#15201=CARTESIAN_POINT('',(-8.5725,-3.3782,-0.4572));
#15202=CARTESIAN_POINT('',(-8.5725,-2.413,-0.4572));
#15203=VECTOR('',#16828,0.9652);
#15204=CARTESIAN_POINT('',(-8.5725,-3.3782,-0.7112));
#15205=CARTESIAN_POINT('',(-8.5725,-3.3782,-0.4572));
#15206=VECTOR('',#16829,0.254);
#15207=CARTESIAN_POINT('',(-8.5725,-2.413,-0.7112));
#15208=CARTESIAN_POINT('',(-8.5725,-3.3782,-0.7112));
#15209=VECTOR('',#16830,0.9652);
#15210=CARTESIAN_POINT('',(-8.5725,-1.905,-0.2032));
#15211=AXIS2_PLACEMENT_3D('',#16831,#16832,#16833);
#15212=CARTESIAN_POINT('',(-8.5725,-1.905,-0.2032));
#15213=VECTOR('',#16834,0.7112);
#15214=CARTESIAN_POINT('',(-9.2075,-1.905,-0.2032));
#15215=CARTESIAN_POINT('',(-9.2075,-1.905,-0.2032));
#15216=VECTOR('',#16835,0.635);
#15217=CARTESIAN_POINT('',(-9.2075,-1.905,-0.2032));
#15218=VECTOR('',#16836,0.7112);
#15219=CARTESIAN_POINT('',(-9.2075,-2.413,-0.7112));
#15220=AXIS2_PLACEMENT_3D('',#16837,#16838,#16839);
#15221=CARTESIAN_POINT('',(-9.2075,-3.3782,-0.7112));
#15222=CARTESIAN_POINT('',(-9.2075,-3.3782,-0.7112));
#15223=VECTOR('',#16840,0.9652);
#15224=CARTESIAN_POINT('',(-9.2075,-3.3782,-0.4572));
#15225=CARTESIAN_POINT('',(-9.2075,-3.3782,-0.4572));
#15226=VECTOR('',#16841,0.254);
#15227=CARTESIAN_POINT('',(-9.2075,-2.413,-0.4572));
#15228=CARTESIAN_POINT('',(-9.2075,-2.413,-0.4572));
#15229=VECTOR('',#16842,0.9652);
#15230=AXIS2_PLACEMENT_3D('',#16843,#16844,#16845);
#15231=CARTESIAN_POINT('',(-9.2075,-1.9685,5.588));
#15232=CARTESIAN_POINT('',(-9.2075,-1.9685,6.77301477371984));
#15233=CARTESIAN_POINT('',(-9.2075,-1.9685,5.588));
#15234=VECTOR('',#16846,1.18501477371933);
#15235=CARTESIAN_POINT('',(-9.2075,-2.159,5.588));
#15236=VECTOR('',#16847,0.1905);
#15237=CARTESIAN_POINT('',(-9.2075,-2.159,6.06205909487712));
#15238=VECTOR('',#16848,0.736035479632218);
#15239=CARTESIAN_POINT('',(-9.2075,-2.413,-0.4572));
#15240=VECTOR('',#16849,0.635);
#15241=CARTESIAN_POINT('',(-9.2075,-3.3782,-0.4572));
#15242=VECTOR('',#16850,0.635);
#15243=CARTESIAN_POINT('',(-9.2075,-3.3782,-0.7112));
#15244=VECTOR('',#16851,0.635);
#15245=CARTESIAN_POINT('',(-9.2075,-2.413,-0.7112));
#15246=VECTOR('',#16852,0.635);
#15247=CARTESIAN_POINT('',(-9.2075,-2.24529547438762,5.7399999999999));
#15248=CARTESIAN_POINT('',(-9.2075,-2.159,6.06205909487712));
#15249=VECTOR('',#16853,0.333420109611076);
#15250=CARTESIAN_POINT('',(-9.4615,-2.24529547438762,5.7399999999999));
#15251=CARTESIAN_POINT('',(-9.2075,-2.24529547438762,5.7399999999999));
#15252=VECTOR('',#16854,0.254);
#15253=CARTESIAN_POINT('',(-9.4615,-1.9685,6.77301477371984));
#15254=CARTESIAN_POINT('',(-9.4615,-1.9685,6.77301477371984));
#15255=VECTOR('',#16855,1.06945558924329);
#15256=CARTESIAN_POINT('',(-9.2075,-1.9685,6.77301477371984));
#15257=VECTOR('',#16856,0.254);
#15258=CARTESIAN_POINT('',(-9.5885,-1.9685,8.0264));
#15259=CARTESIAN_POINT('',(-9.4615,-1.9685,8.02626666666748));
#15260=CARTESIAN_POINT('',(-9.5885,-1.9685,8.0264));
#15261=VECTOR('',#16857,0.127000069991224);
#15262=CARTESIAN_POINT('',(-9.5885,-1.9685,5.588));
#15263=CARTESIAN_POINT('',(-9.5885,-1.9685,8.0264));
#15264=VECTOR('',#16858,2.4384);
#15265=CARTESIAN_POINT('',(-9.2075,-1.9685,5.588));
#15266=VECTOR('',#16859,0.381);
#15267=CARTESIAN_POINT('',(-9.4615,-1.9685,8.02626666666748));
#15268=VECTOR('',#16860,1.25325189294739);
#15269=CARTESIAN_POINT('',(-9.4615,-2.49064063426503,5.8057400374553));
#15270=CARTESIAN_POINT('',(-9.4615,-2.24529547438762,5.7399999999999));
#15271=VECTOR('',#16861,0.254);
#15272=CARTESIAN_POINT('',(-9.4615,-2.49064063426503,5.8057400374553));
#15273=VECTOR('',#16862,1.2813610147336);
#15274=CARTESIAN_POINT('',(-9.4615,-2.159,8.02613333333242));
#15275=VECTOR('',#16863,0.190500046660841);
#15276=CARTESIAN_POINT('',(-8.1915,-1.9685,8.0264));
#15277=CARTESIAN_POINT('',(-8.8265,-1.9685,8.02626666666748));
#15278=VECTOR('',#16864,0.635000013998194);
#15279=CARTESIAN_POINT('',(-8.1915,-0.5715,8.0264));
#15280=CARTESIAN_POINT('',(-8.1915,-1.9685,8.0264));
#15281=VECTOR('',#16865,1.397);
#15282=CARTESIAN_POINT('',(-9.5885,-0.5715,8.0264));
#15283=CARTESIAN_POINT('',(-8.1915,-0.5715,8.0264));
#15284=VECTOR('',#16866,1.397);
#15285=CARTESIAN_POINT('',(-9.5885,-0.5715,8.0264));
#15286=VECTOR('',#16867,1.397);
#15287=CARTESIAN_POINT('',(-9.5885,-0.5715,8.3312));
#15288=CARTESIAN_POINT('',(-9.5885,-0.5715,8.0264));
#15289=VECTOR('',#16868,0.3048);
#15290=CARTESIAN_POINT('',(-9.5885,-1.9685,8.3312));
#15291=CARTESIAN_POINT('',(-9.5885,-0.5715,8.3312));
#15292=VECTOR('',#16869,1.397);
#15293=CARTESIAN_POINT('',(-9.5885,-1.9685,8.3312));
#15294=VECTOR('',#16870,0.396760683535974);
#15295=CARTESIAN_POINT('',(-9.5885,-1.9685,5.588));
#15296=VECTOR('',#16871,0.5588);
#15297=CARTESIAN_POINT('',(-9.5885,-1.9685,8.3312));
#15298=VECTOR('',#16872,0.471099819571146);
#15299=CARTESIAN_POINT('',(-8.1915,-1.9685,8.3312));
#15300=CARTESIAN_POINT('',(-8.1915,-1.9685,8.3312));
#15301=VECTOR('',#16873,0.471099819571146);
#15302=CARTESIAN_POINT('',(-8.8265,-1.9685,8.3312));
#15303=VECTOR('',#16874,0.635);
#15304=CARTESIAN_POINT('',(-9.5885,-0.5715,8.3312));
#15305=VECTOR('',#16875,0.471099819571146);
#15306=CARTESIAN_POINT('',(-8.1915,-0.5715,8.3312));
#15307=CARTESIAN_POINT('',(-8.1915,-0.5715,8.3312));
#15308=VECTOR('',#16876,1.397);
#15309=CARTESIAN_POINT('',(-8.1915,-0.5715,8.3312));
#15310=VECTOR('',#16877,0.471099819571146);
#15311=CARTESIAN_POINT('',(-8.1915,-1.9685,8.3312));
#15312=VECTOR('',#16878,1.397);
#15313=CARTESIAN_POINT('',(-8.1915,-1.9685,8.0264));
#15314=VECTOR('',#16879,0.3048);
#15315=CARTESIAN_POINT('',(-8.1915,-0.5715,8.0264));
#15316=VECTOR('',#16880,0.3048);
#15317=CARTESIAN_POINT('',(-9.2075,-2.49064063426503,5.8057400374553));
#15318=CARTESIAN_POINT('',(-9.2075,-2.49064063426503,5.8057400374553));
#15319=VECTOR('',#16881,0.254);
#15320=CARTESIAN_POINT('',(-9.2075,-2.49064063426503,5.8057400374553));
#15321=VECTOR('',#16882,1.2813610147336);
#15322=CARTESIAN_POINT('',(-9.2075,-2.24529547438762,5.7399999999999));
#15323=VECTOR('',#16883,0.254);
#15324=DIRECTION('',(0.0,1.0,0.0));
#15325=DIRECTION('',(1.0,0.0,0.0));
#15326=DIRECTION('',(0.0,-1.0,0.0));
#15327=DIRECTION('',(1.0,0.0,0.0));
#15328=DIRECTION('',(0.0,1.0,0.0));
#15329=DIRECTION('',(1.0,0.0,0.0));
#15330=DIRECTION('',(0.0,1.0,0.0));
#15331=DIRECTION('',(1.0,0.0,0.0));
#15332=DIRECTION('',(0.0,1.0,0.0));
#15333=DIRECTION('',(1.0,0.0,0.0));
#15334=DIRECTION('',(0.0,1.0,0.0));
#15335=DIRECTION('',(1.0,0.0,0.0));
#15336=DIRECTION('',(0.0,1.0,0.0));
#15337=DIRECTION('',(1.0,0.0,0.0));
#15338=DIRECTION('',(0.0,1.0,0.0));
#15339=DIRECTION('',(1.0,0.0,0.0));
#15340=DIRECTION('',(0.0,1.0,0.0));
#15341=DIRECTION('',(1.0,0.0,0.0));
#15342=DIRECTION('',(0.0,1.0,0.0));
#15343=DIRECTION('',(1.0,0.0,0.0));
#15344=DIRECTION('',(0.0,1.0,0.0));
#15345=DIRECTION('',(1.0,0.0,0.0));
#15346=DIRECTION('',(0.0,1.0,0.0));
#15347=DIRECTION('',(1.0,0.0,0.0));
#15348=DIRECTION('',(1.0,0.0,0.0));
#15349=DIRECTION('',(0.0,1.0,0.0));
#15350=DIRECTION('',(1.0,0.0,0.0));
#15351=DIRECTION('',(0.0,1.0,0.0));
#15352=DIRECTION('',(0.0,1.0,0.0));
#15353=DIRECTION('',(1.0,0.0,0.0));
#15354=DIRECTION('',(0.0,1.0,0.0));
#15355=DIRECTION('',(1.0,0.0,0.0));
#15356=DIRECTION('',(0.0,1.0,0.0));
#15357=DIRECTION('',(1.0,0.0,0.0));
#15358=DIRECTION('',(0.0,1.0,0.0));
#15359=DIRECTION('',(1.0,0.0,0.0));
#15360=DIRECTION('',(0.0,0.0,1.0));
#15361=DIRECTION('',(1.0,0.0,0.0));
#15362=DIRECTION('',(0.447213595499998,0.0,0.894427190999896));
#15363=DIRECTION('',(0.447213595499998,0.0,-0.894427190999896));
#15364=DIRECTION('',(1.0,0.0,0.0));
#15365=DIRECTION('',(0.447213595499998,0.0,0.894427190999896));
#15366=DIRECTION('',(0.447213595499998,0.0,-0.894427190999896));
#15367=DIRECTION('',(1.0,0.0,0.0));
#15368=DIRECTION('',(0.447213595499998,0.0,0.894427190999896));
#15369=DIRECTION('',(0.447213595499998,0.0,-0.894427190999896));
#15370=DIRECTION('',(1.0,0.0,0.0));
#15371=DIRECTION('',(0.447213595499998,0.0,0.894427190999896));
#15372=DIRECTION('',(0.447213595499998,0.0,-0.894427190999896));
#15373=DIRECTION('',(1.0,0.0,0.0));
#15374=DIRECTION('',(0.447213595499998,0.0,0.894427190999896));
#15375=DIRECTION('',(0.447213595499998,0.0,-0.894427190999896));
#15376=DIRECTION('',(1.0,0.0,0.0));
#15377=DIRECTION('',(0.447213595499998,0.0,0.894427190999896));
#15378=DIRECTION('',(0.447213595499998,0.0,-0.894427190999896));
#15379=DIRECTION('',(1.0,0.0,0.0));
#15380=DIRECTION('',(0.0,0.0,1.0));
#15381=DIRECTION('',(0.447213595499998,0.0,-0.894427190999896));
#15382=DIRECTION('',(1.0,0.0,0.0));
#15383=DIRECTION('',(0.447213595499998,0.0,0.894427190999896));
#15384=DIRECTION('',(0.447213595499998,0.0,-0.894427190999896));
#15385=DIRECTION('',(1.0,0.0,0.0));
#15386=DIRECTION('',(0.447213595499998,0.0,0.894427190999896));
#15387=DIRECTION('',(0.0,-1.0,0.0));
#15388=DIRECTION('',(0.447213595499998,0.0,0.894427190999896));
#15389=DIRECTION('',(1.0,0.0,0.0));
#15390=DIRECTION('',(0.0,0.0,1.0));
#15391=DIRECTION('',(0.447213595499998,0.0,0.894427190999896));
#15392=DIRECTION('',(1.0,0.0,0.0));
#15393=DIRECTION('',(0.447213595499998,0.0,-0.894427190999896));
#15394=DIRECTION('',(0.447213595499998,0.0,0.894427190999896));
#15395=DIRECTION('',(1.0,0.0,0.0));
#15396=DIRECTION('',(0.447213595499998,0.0,-0.894427190999896));
#15397=DIRECTION('',(0.447213595499998,0.0,0.894427190999896));
#15398=DIRECTION('',(1.0,0.0,0.0));
#15399=DIRECTION('',(0.447213595499998,0.0,-0.894427190999896));
#15400=DIRECTION('',(0.447213595499998,0.0,0.894427190999896));
#15401=DIRECTION('',(1.0,0.0,0.0));
#15402=DIRECTION('',(0.447213595499998,0.0,-0.894427190999896));
#15403=DIRECTION('',(0.447213595499998,0.0,0.894427190999896));
#15404=DIRECTION('',(1.0,0.0,0.0));
#15405=DIRECTION('',(0.447213595499998,0.0,-0.894427190999896));
#15406=DIRECTION('',(1.0,0.0,0.0));
#15407=DIRECTION('',(0.447213595499998,0.0,-0.894427190999896));
#15408=DIRECTION('',(0.0,0.0,1.0));
#15409=DIRECTION('',(0.447213595499998,0.0,0.894427190999896));
#15410=DIRECTION('',(1.0,0.0,0.0));
#15411=DIRECTION('',(0.447213595499998,0.0,-0.894427190999896));
#15412=DIRECTION('',(0.447213595499998,0.0,0.894427190999896));
#15413=DIRECTION('',(1.0,0.0,0.0));
#15414=DIRECTION('',(0.447213595499998,0.0,-0.894427190999896));
#15415=DIRECTION('',(0.0,1.0,0.0));
#15416=DIRECTION('',(0.0,0.0,1.0));
#15417=DIRECTION('',(0.0,-1.0,0.0));
#15418=DIRECTION('',(0.0,0.0,1.0));
#15419=DIRECTION('',(0.0,-1.0,0.0));
#15420=DIRECTION('',(-1.0,0.0,0.0));
#15421=DIRECTION('',(0.0,-1.0,0.0));
#15422=DIRECTION('',(0.0,-1.0,0.0));
#15423=DIRECTION('',(0.0,1.0,0.0));
#15424=DIRECTION('',(1.0,0.0,0.0));
#15425=DIRECTION('',(0.0,-1.0,0.0));
#15426=DIRECTION('',(0.0,-1.0,0.0));
#15427=DIRECTION('',(0.0,-1.0,0.0));
#15428=DIRECTION('',(0.0,-1.0,0.0));
#15429=DIRECTION('',(0.0,-1.0,0.0));
#15430=DIRECTION('',(0.0,-1.0,0.0));
#15431=DIRECTION('',(0.0,-1.0,0.0));
#15432=DIRECTION('',(0.0,-1.0,0.0));
#15433=DIRECTION('',(0.0,-1.0,0.0));
#15434=DIRECTION('',(0.0,-1.0,0.0));
#15435=DIRECTION('',(0.0,-1.0,0.0));
#15436=DIRECTION('',(0.0,-1.0,0.0));
#15437=DIRECTION('',(0.0,-1.0,0.0));
#15438=DIRECTION('',(0.0,-1.0,0.0));
#15439=DIRECTION('',(1.0,0.0,0.0));
#15440=DIRECTION('',(0.0,1.0,0.0));
#15441=DIRECTION('',(1.0,0.0,0.0));
#15442=DIRECTION('',(0.0,1.0,0.0));
#15443=DIRECTION('',(1.0,0.0,0.0));
#15444=DIRECTION('',(0.0,1.0,0.0));
#15445=DIRECTION('',(1.0,0.0,0.0));
#15446=DIRECTION('',(0.0,1.0,0.0));
#15447=DIRECTION('',(1.0,0.0,0.0));
#15448=DIRECTION('',(0.0,1.0,0.0));
#15449=DIRECTION('',(1.0,0.0,0.0));
#15450=DIRECTION('',(0.0,1.0,0.0));
#15451=DIRECTION('',(1.0,0.0,0.0));
#15452=DIRECTION('',(0.0,1.0,0.0));
#15453=DIRECTION('',(1.0,0.0,0.0));
#15454=DIRECTION('',(0.0,1.0,0.0));
#15455=DIRECTION('',(1.0,0.0,0.0));
#15456=DIRECTION('',(0.0,1.0,0.0));
#15457=DIRECTION('',(1.0,0.0,0.0));
#15458=DIRECTION('',(0.0,1.0,0.0));
#15459=DIRECTION('',(1.0,0.0,0.0));
#15460=DIRECTION('',(0.0,1.0,0.0));
#15461=DIRECTION('',(1.0,0.0,0.0));
#15462=DIRECTION('',(0.0,1.0,0.0));
#15463=DIRECTION('',(1.0,0.0,0.0));
#15464=DIRECTION('',(0.0,1.0,0.0));
#15465=DIRECTION('',(1.0,0.0,0.0));
#15466=DIRECTION('',(0.0,1.0,0.0));
#15467=DIRECTION('',(1.0,0.0,0.0));
#15468=DIRECTION('',(0.0,1.0,0.0));
#15469=DIRECTION('',(1.0,0.0,0.0));
#15470=DIRECTION('',(0.0,1.0,0.0));
#15471=DIRECTION('',(1.0,0.0,0.0));
#15472=DIRECTION('',(0.0,-1.0,0.0));
#15473=DIRECTION('',(1.0,0.0,0.0));
#15474=DIRECTION('',(0.0,-1.0,0.0));
#15475=DIRECTION('',(1.0,0.0,0.0));
#15476=DIRECTION('',(0.0,-1.0,0.0));
#15477=DIRECTION('',(1.0,0.0,0.0));
#15478=DIRECTION('',(0.0,-1.0,0.0));
#15479=DIRECTION('',(1.0,0.0,0.0));
#15480=DIRECTION('',(0.0,-1.0,0.0));
#15481=DIRECTION('',(1.0,0.0,0.0));
#15482=DIRECTION('',(0.0,-1.0,0.0));
#15483=DIRECTION('',(1.0,0.0,0.0));
#15484=DIRECTION('',(0.0,-1.0,0.0));
#15485=DIRECTION('',(1.0,0.0,0.0));
#15486=DIRECTION('',(0.0,-1.0,0.0));
#15487=DIRECTION('',(1.0,0.0,0.0));
#15488=DIRECTION('',(0.0,-1.0,0.0));
#15489=DIRECTION('',(1.0,0.0,0.0));
#15490=DIRECTION('',(0.0,-1.0,0.0));
#15491=DIRECTION('',(1.0,0.0,0.0));
#15492=DIRECTION('',(0.0,-1.0,0.0));
#15493=DIRECTION('',(1.0,0.0,0.0));
#15494=DIRECTION('',(0.0,-1.0,0.0));
#15495=DIRECTION('',(1.0,0.0,0.0));
#15496=DIRECTION('',(0.0,-1.0,0.0));
#15497=DIRECTION('',(1.0,0.0,0.0));
#15498=DIRECTION('',(0.0,-1.0,0.0));
#15499=DIRECTION('',(1.0,0.0,0.0));
#15500=DIRECTION('',(0.0,-1.0,0.0));
#15501=DIRECTION('',(1.0,0.0,0.0));
#15502=DIRECTION('',(0.0,-1.0,0.0));
#15503=DIRECTION('',(0.0,0.0,-1.0));
#15504=DIRECTION('',(1.0,0.0,0.0));
#15505=DIRECTION('',(0.0,0.0,-1.0));
#15506=DIRECTION('',(1.0,0.0,0.0));
#15507=DIRECTION('',(0.0,0.0,-1.0));
#15508=DIRECTION('',(1.0,0.0,0.0));
#15509=DIRECTION('',(0.0,0.0,-1.0));
#15510=DIRECTION('',(1.0,0.0,0.0));
#15511=DIRECTION('',(0.0,0.0,-1.0));
#15512=DIRECTION('',(1.0,0.0,0.0));
#15513=DIRECTION('',(0.0,0.0,-1.0));
#15514=DIRECTION('',(1.0,0.0,0.0));
#15515=DIRECTION('',(0.0,0.0,-1.0));
#15516=DIRECTION('',(1.0,0.0,0.0));
#15517=DIRECTION('',(0.0,0.0,-1.0));
#15518=DIRECTION('',(1.0,0.0,0.0));
#15519=DIRECTION('',(0.0,0.0,-1.0));
#15520=DIRECTION('',(1.0,0.0,0.0));
#15521=DIRECTION('',(0.0,0.0,-1.0));
#15522=DIRECTION('',(1.0,0.0,0.0));
#15523=DIRECTION('',(0.0,0.0,-1.0));
#15524=DIRECTION('',(1.0,0.0,0.0));
#15525=DIRECTION('',(0.0,0.0,-1.0));
#15526=DIRECTION('',(1.0,0.0,0.0));
#15527=DIRECTION('',(0.0,0.0,-1.0));
#15528=DIRECTION('',(1.0,0.0,0.0));
#15529=DIRECTION('',(0.0,0.0,-1.0));
#15530=DIRECTION('',(1.0,0.0,0.0));
#15531=DIRECTION('',(0.0,0.0,-1.0));
#15532=DIRECTION('',(1.0,0.0,0.0));
#15533=DIRECTION('',(0.0,0.0,1.0));
#15534=DIRECTION('',(1.0,0.0,0.0));
#15535=DIRECTION('',(0.0,0.0,-1.0));
#15536=DIRECTION('',(1.0,0.0,0.0));
#15537=DIRECTION('',(-1.0,0.0,0.0));
#15538=DIRECTION('',(0.0,-1.0,0.0));
#15539=DIRECTION('',(0.0,1.0,0.0));
#15540=DIRECTION('',(-1.0,0.0,0.0));
#15541=DIRECTION('',(0.0,1.0,0.0));
#15542=DIRECTION('',(0.0,0.0,1.0));
#15543=CARTESIAN_POINT('',(8.5725,-2.413,-0.2032));
#15544=DIRECTION('',(1.0,0.0,0.0));
#15545=DIRECTION('',(0.0,0.0,-1.0));
#15546=DIRECTION('',(0.0,1.0,0.0));
#15547=DIRECTION('',(0.0,0.0,-1.0));
#15548=DIRECTION('',(0.0,-1.0,0.0));
#15549=CARTESIAN_POINT('',(8.5725,-2.413,-0.2032));
#15550=DIRECTION('',(-1.0,0.0,0.0));
#15551=DIRECTION('',(0.0,1.0,0.0));
#15552=DIRECTION('',(0.0,0.0,-1.0));
#15553=DIRECTION('',(0.0,0.0,1.0));
#15554=DIRECTION('',(0.0,0.0,-1.0));
#15555=DIRECTION('',(0.0,-0.258819045102493,-0.965925826289076));
#15556=DIRECTION('',(1.0,0.0,0.0));
#15557=DIRECTION('',(0.0,0.0,-1.0));
#15558=DIRECTION('',(0.0,0.0,1.0));
#15559=DIRECTION('',(-1.0,0.0,0.0));
#15560=DIRECTION('',(0.0,0.0,-1.0));
#15561=DIRECTION('',(0.0,0.0,1.0));
#15562=DIRECTION('',(-1.0,0.0,0.0));
#15563=CARTESIAN_POINT('',(9.2075,-2.413,-0.2032));
#15564=DIRECTION('',(-1.0,0.0,0.0));
#15565=DIRECTION('',(0.0,1.0,0.0));
#15566=DIRECTION('',(0.0,-1.0,0.0));
#15567=DIRECTION('',(0.0,0.0,-1.0));
#15568=DIRECTION('',(0.0,1.0,0.0));
#15569=CARTESIAN_POINT('',(9.2075,-2.413,-0.2032));
#15570=DIRECTION('',(1.0,0.0,0.0));
#15571=DIRECTION('',(0.0,0.0,-1.0));
#15572=DIRECTION('',(0.0,0.0,1.0));
#15573=DIRECTION('',(1.0,0.0,0.0));
#15574=DIRECTION('',(1.0,0.0,0.0));
#15575=DIRECTION('',(1.0,0.0,0.0));
#15576=DIRECTION('',(1.0,0.0,0.0));
#15577=DIRECTION('',(1.0,0.0,0.0));
#15578=DIRECTION('',(0.0,-0.999999755061329,-0.00069991233950552));
#15579=DIRECTION('',(0.999999977955512,0.0,0.000209973748653603));
#15580=DIRECTION('',(0.0,1.0,0.0));
#15581=DIRECTION('',(-1.0,0.0,0.0));
#15582=DIRECTION('',(0.0,-1.0,0.0));
#15583=DIRECTION('',(0.999999448888242,0.0,-0.00104986818781704));
#15584=DIRECTION('',(0.0,0.999999755061329,0.00069991233950552));
#15585=DIRECTION('',(0.0,-0.258819045102493,-0.965925826289076));
#15586=DIRECTION('',(0.0,-0.965925826289075,0.258819045102493));
#15587=DIRECTION('',(0.0,0.258819045102493,0.965925826289076));
#15588=DIRECTION('',(0.0,0.0,1.0));
#15589=DIRECTION('',(0.0,0.0,-1.0));
#15590=DIRECTION('',(-1.0,0.0,0.0));
#15591=DIRECTION('',(-1.0,0.0,0.0));
#15592=DIRECTION('',(0.0,-0.258819045102493,-0.965925826289076));
#15593=DIRECTION('',(0.0,0.258819045102493,0.965925826289076));
#15594=DIRECTION('',(0.0,-0.965925826289075,0.258819045102493));
#15595=DIRECTION('',(-1.0,0.0,0.0));
#15596=DIRECTION('',(0.0,1.0,0.0));
#15597=DIRECTION('',(0.0,0.0,1.0));
#15598=DIRECTION('',(0.0,-1.0,0.0));
#15599=DIRECTION('',(0.0,-0.64018439966448,0.768221279597376));
#15600=DIRECTION('',(-0.539163866017206,-0.539163866017206,0.646996639220607));
#15601=DIRECTION('',(1.0,0.0,0.0));
#15602=DIRECTION('',(1.0,0.0,0.0));
#15603=DIRECTION('',(0.539163866017206,-0.539163866017206,0.646996639220607));
#15604=DIRECTION('',(1.0,0.0,0.0));
#15605=DIRECTION('',(0.0,-0.64018439966448,0.768221279597376));
#15606=DIRECTION('',(-1.0,0.0,0.0));
#15607=DIRECTION('',(0.0,-1.0,0.0));
#15608=DIRECTION('',(1.0,0.0,0.0));
#15609=DIRECTION('',(0.0,-1.0,0.0));
#15610=DIRECTION('',(-0.999998170083433,-0.00191306816031506,0.0));
#15611=DIRECTION('',(0.0,1.0,0.0));
#15612=DIRECTION('',(1.0,0.0,0.0));
#15613=DIRECTION('',(0.0,-1.0,0.0));
#15614=DIRECTION('',(-1.0,0.0,0.0));
#15615=DIRECTION('',(0.0,-1.0,0.0));
#15616=DIRECTION('',(1.0,0.0,0.0));
#15617=DIRECTION('',(0.0,-1.0,0.0));
#15618=DIRECTION('',(-0.999998170083433,-0.00191306816031506,0.0));
#15619=DIRECTION('',(0.0,1.0,0.0));
#15620=DIRECTION('',(1.0,0.0,0.0));
#15621=DIRECTION('',(0.0,-1.0,0.0));
#15622=DIRECTION('',(-1.0,0.0,0.0));
#15623=DIRECTION('',(0.0,1.0,0.0));
#15624=DIRECTION('',(1.0,0.0,0.0));
#15625=DIRECTION('',(0.0,-1.0,0.0));
#15626=DIRECTION('',(-0.999998170083433,-0.00191306816031506,0.0));
#15627=DIRECTION('',(0.0,1.0,0.0));
#15628=DIRECTION('',(1.0,0.0,0.0));
#15629=DIRECTION('',(0.0,1.0,0.0));
#15630=DIRECTION('',(-1.0,0.0,0.0));
#15631=DIRECTION('',(0.0,1.0,0.0));
#15632=DIRECTION('',(1.0,0.0,0.0));
#15633=DIRECTION('',(0.0,-1.0,0.0));
#15634=DIRECTION('',(-0.999998170083433,-0.00191306816031506,0.0));
#15635=DIRECTION('',(0.0,1.0,0.0));
#15636=DIRECTION('',(1.0,0.0,0.0));
#15637=DIRECTION('',(0.0,1.0,0.0));
#15638=DIRECTION('',(-1.0,0.0,0.0));
#15639=DIRECTION('',(0.0,1.0,0.0));
#15640=DIRECTION('',(1.0,0.0,0.0));
#15641=DIRECTION('',(0.0,-1.0,0.0));
#15642=DIRECTION('',(-0.999998170083433,-0.00191306816031506,0.0));
#15643=DIRECTION('',(0.0,1.0,0.0));
#15644=DIRECTION('',(1.0,0.0,0.0));
#15645=DIRECTION('',(0.0,1.0,0.0));
#15646=DIRECTION('',(-1.0,0.0,0.0));
#15647=DIRECTION('',(0.0,1.0,0.0));
#15648=DIRECTION('',(1.0,0.0,0.0));
#15649=DIRECTION('',(0.0,-1.0,0.0));
#15650=DIRECTION('',(-0.999998170083433,-0.00191306816031506,0.0));
#15651=DIRECTION('',(0.0,1.0,0.0));
#15652=DIRECTION('',(1.0,0.0,0.0));
#15653=DIRECTION('',(0.0,1.0,0.0));
#15654=DIRECTION('',(-1.0,0.0,0.0));
#15655=DIRECTION('',(0.0,1.0,0.0));
#15656=DIRECTION('',(1.0,0.0,0.0));
#15657=DIRECTION('',(0.0,-1.0,0.0));
#15658=DIRECTION('',(-0.999998170083433,-0.00191306816031506,0.0));
#15659=DIRECTION('',(0.0,1.0,0.0));
#15660=DIRECTION('',(1.0,0.0,0.0));
#15661=DIRECTION('',(0.0,1.0,0.0));
#15662=DIRECTION('',(-1.0,0.0,0.0));
#15663=DIRECTION('',(0.0,1.0,0.0));
#15664=DIRECTION('',(1.0,0.0,0.0));
#15665=DIRECTION('',(0.0,-1.0,0.0));
#15666=DIRECTION('',(-1.0,0.0,0.0));
#15667=DIRECTION('',(0.0,1.0,0.0));
#15668=DIRECTION('',(1.0,0.0,0.0));
#15669=DIRECTION('',(0.0,1.0,0.0));
#15670=DIRECTION('',(0.0,1.0,0.0));
#15671=DIRECTION('',(1.0,0.0,0.0));
#15672=DIRECTION('',(0.0,-1.0,0.0));
#15673=DIRECTION('',(-1.0,0.0,0.0));
#15674=DIRECTION('',(0.0,1.0,0.0));
#15675=DIRECTION('',(1.0,0.0,0.0));
#15676=DIRECTION('',(0.0,1.0,0.0));
#15677=DIRECTION('',(0.0,1.0,0.0));
#15678=DIRECTION('',(1.0,0.0,0.0));
#15679=DIRECTION('',(0.0,-1.0,0.0));
#15680=DIRECTION('',(-1.0,0.0,0.0));
#15681=DIRECTION('',(0.0,1.0,0.0));
#15682=DIRECTION('',(1.0,0.0,0.0));
#15683=DIRECTION('',(0.0,1.0,0.0));
#15684=DIRECTION('',(0.0,1.0,0.0));
#15685=DIRECTION('',(1.0,0.0,0.0));
#15686=DIRECTION('',(0.0,-1.0,0.0));
#15687=DIRECTION('',(-1.0,0.0,0.0));
#15688=DIRECTION('',(0.0,1.0,0.0));
#15689=DIRECTION('',(1.0,0.0,0.0));
#15690=DIRECTION('',(0.0,1.0,0.0));
#15691=DIRECTION('',(0.0,1.0,0.0));
#15692=DIRECTION('',(1.0,0.0,0.0));
#15693=DIRECTION('',(0.0,-1.0,0.0));
#15694=DIRECTION('',(-1.0,0.0,0.0));
#15695=DIRECTION('',(0.0,1.0,0.0));
#15696=DIRECTION('',(1.0,0.0,0.0));
#15697=DIRECTION('',(0.0,1.0,0.0));
#15698=DIRECTION('',(0.0,1.0,0.0));
#15699=DIRECTION('',(1.0,0.0,0.0));
#15700=DIRECTION('',(0.0,-1.0,0.0));
#15701=DIRECTION('',(-1.0,0.0,0.0));
#15702=DIRECTION('',(0.0,1.0,0.0));
#15703=DIRECTION('',(1.0,0.0,0.0));
#15704=DIRECTION('',(0.0,1.0,0.0));
#15705=DIRECTION('',(0.0,1.0,0.0));
#15706=DIRECTION('',(1.0,0.0,0.0));
#15707=DIRECTION('',(0.0,-1.0,0.0));
#15708=DIRECTION('',(-1.0,0.0,0.0));
#15709=DIRECTION('',(0.0,1.0,0.0));
#15710=DIRECTION('',(1.0,0.0,0.0));
#15711=DIRECTION('',(0.0,1.0,0.0));
#15712=DIRECTION('',(0.0,-1.0,0.0));
#15713=DIRECTION('',(-1.0,0.0,0.0));
#15714=DIRECTION('',(0.0,1.0,0.0));
#15715=DIRECTION('',(0.0,1.0,0.0));
#15716=DIRECTION('',(0.0,1.0,0.0));
#15717=DIRECTION('',(-1.0,0.0,0.0));
#15718=DIRECTION('',(0.0,-1.0,0.0));
#15719=DIRECTION('',(1.0,0.0,0.0));
#15720=DIRECTION('',(0.0,-1.0,0.0));
#15721=DIRECTION('',(-0.999998170083433,-0.00191306816031506,0.0));
#15722=DIRECTION('',(0.0,1.0,0.0));
#15723=DIRECTION('',(1.0,0.0,0.0));
#15724=DIRECTION('',(0.0,-1.0,0.0));
#15725=DIRECTION('',(0.0,1.0,0.0));
#15726=DIRECTION('',(0.0,0.0,1.0));
#15727=DIRECTION('',(0.0,1.0,0.0));
#15728=DIRECTION('',(0.0,0.0,-1.0));
#15729=DIRECTION('',(0.0,0.64018439966448,0.768221279597376));
#15730=DIRECTION('',(0.0,0.0,1.0));
#15731=DIRECTION('',(1.0,-5.551115123126E-14,0.0));
#15732=DIRECTION('',(0.0,0.0,1.0));
#15733=DIRECTION('',(1.0,2.775557561563E-14,0.0));
#15734=DIRECTION('',(0.0,0.0,1.0));
#15735=DIRECTION('',(1.0,0.0,0.0));
#15736=DIRECTION('',(0.0,0.0,1.0));
#15737=DIRECTION('',(1.0,0.0,0.0));
#15738=DIRECTION('',(0.0,0.0,-1.0));
#15739=DIRECTION('',(0.0,-1.0,0.0));
#15740=DIRECTION('',(0.0,0.0,-1.0));
#15741=DIRECTION('',(0.0,0.64018439966448,0.768221279597376));
#15742=DIRECTION('',(-0.536414353784335,0.540286672940035,0.648344007528042));
#15743=DIRECTION('',(0.541891030431923,0.538042182185023,0.645650618622028));
#15744=DIRECTION('',(-0.536414353784335,-0.540286672940035,0.648344007528042));
#15745=DIRECTION('',(0.0,1.0,0.0));
#15746=DIRECTION('',(0.0,0.0,1.0));
#15747=DIRECTION('',(0.0,1.0,0.0));
#15748=DIRECTION('',(-1.0,0.0,0.0));
#15749=DIRECTION('',(0.0,-1.0,0.0));
#15750=DIRECTION('',(-1.0,0.0,0.0));
#15751=DIRECTION('',(0.0,-1.0,0.0));
#15752=DIRECTION('',(1.0,0.0,0.0));
#15753=DIRECTION('',(0.0,0.0,-1.0));
#15754=DIRECTION('',(1.0,0.0,0.0));
#15755=DIRECTION('',(0.0,0.0,-1.0));
#15756=DIRECTION('',(0.0,0.0,1.0));
#15757=DIRECTION('',(1.0,0.0,-1.110223024625E-14));
#15758=DIRECTION('',(0.0,0.0,-1.0));
#15759=DIRECTION('',(0.0,0.0,-1.0));
#15760=DIRECTION('',(1.0,0.0,0.0));
#15761=CARTESIAN_POINT('',(8.5725,2.40900000000002,-0.207200000000009));
#15762=DIRECTION('',(1.0,0.0,0.0));
#15763=DIRECTION('',(0.0,-1.0,0.0));
#15764=DIRECTION('',(0.0,1.0,0.0));
#15765=DIRECTION('',(0.0,0.0,-1.0));
#15766=DIRECTION('',(0.0,-1.0,0.0));
#15767=CARTESIAN_POINT('',(8.5725,2.40900000000002,-0.207200000000009));
#15768=DIRECTION('',(-1.0,0.0,0.0));
#15769=DIRECTION('',(0.0,0.0,-1.0));
#15770=DIRECTION('',(0.0,0.0,1.0));
#15771=DIRECTION('',(1.0,0.0,0.0));
#15772=DIRECTION('',(0.0,0.0,1.0));
#15773=CARTESIAN_POINT('',(9.2075,2.40900000000002,-0.207200000000009));
#15774=DIRECTION('',(-1.0,0.0,0.0));
#15775=DIRECTION('',(0.0,0.0,-1.0));
#15776=DIRECTION('',(0.0,-1.0,0.0));
#15777=DIRECTION('',(0.0,0.0,-1.0));
#15778=DIRECTION('',(0.0,1.0,0.0));
#15779=CARTESIAN_POINT('',(9.2075,2.40900000000002,-0.207200000000009));
#15780=DIRECTION('',(1.0,0.0,0.0));
#15781=DIRECTION('',(0.0,-1.0,0.0));
#15782=DIRECTION('',(0.0,0.0,1.0));
#15783=DIRECTION('',(0.0,-1.0,0.0));
#15784=DIRECTION('',(0.0,0.258819045102493,-0.965925826289076));
#15785=DIRECTION('',(1.0,0.0,0.0));
#15786=DIRECTION('',(1.0,0.0,0.0));
#15787=DIRECTION('',(1.0,0.0,0.0));
#15788=DIRECTION('',(1.0,0.0,0.0));
#15789=DIRECTION('',(1.0,0.0,0.0));
#15790=DIRECTION('',(0.0,0.258819045102493,-0.965925826289076));
#15791=DIRECTION('',(1.0,0.0,0.0));
#15792=DIRECTION('',(0.0,0.258819045102493,-0.965925826289076));
#15793=DIRECTION('',(0.0,-0.258819045102493,0.965925826289076));
#15794=DIRECTION('',(0.0,0.965925826289075,0.258819045102493));
#15795=DIRECTION('',(1.0,0.0,0.0));
#15796=DIRECTION('',(0.0,0.965925826289075,0.258819045102493));
#15797=DIRECTION('',(0.0,-0.258819045102493,0.965925826289076));
#15798=DIRECTION('',(0.0,0.0,-1.0));
#15799=DIRECTION('',(-1.0,0.0,0.0));
#15800=DIRECTION('',(1.0,0.0,0.0));
#15801=DIRECTION('',(0.0,0.0,1.0));
#15802=DIRECTION('',(0.0,0.0,1.0));
#15803=DIRECTION('',(1.0,0.0,0.0));
#15804=DIRECTION('',(0.0,0.0,-1.0));
#15805=DIRECTION('',(0.0,0.0,1.0));
#15806=DIRECTION('',(1.0,0.0,0.0));
#15807=DIRECTION('',(0.0,0.0,-1.0));
#15808=DIRECTION('',(0.0,0.0,1.0));
#15809=DIRECTION('',(1.0,0.0,0.0));
#15810=DIRECTION('',(0.0,0.0,-1.0));
#15811=DIRECTION('',(0.0,0.0,1.0));
#15812=DIRECTION('',(1.0,0.0,0.0));
#15813=DIRECTION('',(0.0,0.0,-1.0));
#15814=DIRECTION('',(0.0,0.0,1.0));
#15815=DIRECTION('',(1.0,0.0,0.0));
#15816=DIRECTION('',(0.0,0.0,-1.0));
#15817=DIRECTION('',(0.0,0.0,-1.0));
#15818=DIRECTION('',(1.0,0.0,0.0));
#15819=DIRECTION('',(0.0,0.0,-1.0));
#15820=DIRECTION('',(0.0,0.0,-1.0));
#15821=DIRECTION('',(1.0,0.0,0.0));
#15822=DIRECTION('',(0.0,0.0,-1.0));
#15823=DIRECTION('',(0.0,-1.0,0.0));
#15824=DIRECTION('',(0.0,0.0,-1.0));
#15825=DIRECTION('',(0.0,0.0,1.0));
#15826=DIRECTION('',(0.0,0.64018439966448,0.768221279597376));
#15827=DIRECTION('',(-0.536414353784335,0.540286672940035,0.648344007528042));
#15828=DIRECTION('',(1.0,0.0,0.0));
#15829=DIRECTION('',(0.0,0.64018439966448,0.768221279597376));
#15830=DIRECTION('',(1.0,0.0,0.0));
#15831=DIRECTION('',(0.541891030431923,0.538042182185023,0.645650618622028));
#15832=DIRECTION('',(0.0,1.0,0.0));
#15833=DIRECTION('',(0.0,0.0,1.0));
#15834=DIRECTION('',(0.0,1.0,0.0));
#15835=DIRECTION('',(0.0,0.0,1.0));
#15836=DIRECTION('',(1.0,0.0,0.0));
#15837=DIRECTION('',(0.0,0.0,1.0));
#15838=DIRECTION('',(0.0,0.0,1.0));
#15839=DIRECTION('',(1.0,0.0,0.0));
#15840=DIRECTION('',(0.0,0.0,1.0));
#15841=DIRECTION('',(0.0,-1.0,0.0));
#15842=DIRECTION('',(0.0,-1.0,0.0));
#15843=DIRECTION('',(0.0,1.0,0.0));
#15844=DIRECTION('',(-1.0,0.0,0.0));
#15845=DIRECTION('',(-1.0,0.0,0.0));
#15846=DIRECTION('',(0.0,-1.0,0.0));
#15847=DIRECTION('',(1.0,0.0,0.0));
#15848=DIRECTION('',(0.0,0.0,-1.0));
#15849=DIRECTION('',(1.0,0.0,0.0));
#15850=DIRECTION('',(0.0,0.0,-1.0));
#15851=DIRECTION('',(0.0,0.0,1.0));
#15852=DIRECTION('',(1.0,0.0,-1.110223024625E-14));
#15853=DIRECTION('',(0.0,0.0,-1.0));
#15854=DIRECTION('',(0.0,0.0,-1.0));
#15855=DIRECTION('',(1.0,0.0,0.0));
#15856=CARTESIAN_POINT('',(6.0325,2.40900000000002,-0.207200000000009));
#15857=DIRECTION('',(1.0,0.0,0.0));
#15858=DIRECTION('',(0.0,-1.0,0.0));
#15859=DIRECTION('',(0.0,1.0,0.0));
#15860=DIRECTION('',(0.0,0.0,-1.0));
#15861=DIRECTION('',(0.0,-1.0,0.0));
#15862=CARTESIAN_POINT('',(6.0325,2.40900000000002,-0.207200000000009));
#15863=DIRECTION('',(-1.0,0.0,0.0));
#15864=DIRECTION('',(0.0,0.0,-1.0));
#15865=DIRECTION('',(0.0,0.0,1.0));
#15866=DIRECTION('',(1.0,0.0,0.0));
#15867=DIRECTION('',(0.0,0.0,1.0));
#15868=CARTESIAN_POINT('',(6.6675,2.40900000000002,-0.207200000000009));
#15869=DIRECTION('',(-1.0,0.0,0.0));
#15870=DIRECTION('',(0.0,0.0,-1.0));
#15871=DIRECTION('',(0.0,-1.0,0.0));
#15872=DIRECTION('',(0.0,0.0,-1.0));
#15873=DIRECTION('',(0.0,1.0,0.0));
#15874=CARTESIAN_POINT('',(6.6675,2.40900000000002,-0.207200000000009));
#15875=DIRECTION('',(1.0,0.0,0.0));
#15876=DIRECTION('',(0.0,-1.0,0.0));
#15877=DIRECTION('',(0.0,0.0,1.0));
#15878=DIRECTION('',(0.0,-1.0,0.0));
#15879=DIRECTION('',(0.0,0.258819045102493,-0.965925826289076));
#15880=DIRECTION('',(1.0,0.0,0.0));
#15881=DIRECTION('',(1.0,0.0,0.0));
#15882=DIRECTION('',(1.0,0.0,0.0));
#15883=DIRECTION('',(1.0,0.0,0.0));
#15884=DIRECTION('',(1.0,0.0,0.0));
#15885=DIRECTION('',(0.0,0.258819045102493,-0.965925826289076));
#15886=DIRECTION('',(1.0,0.0,0.0));
#15887=DIRECTION('',(0.0,0.258819045102493,-0.965925826289076));
#15888=DIRECTION('',(0.0,-0.258819045102493,0.965925826289076));
#15889=DIRECTION('',(0.0,0.965925826289075,0.258819045102493));
#15890=DIRECTION('',(1.0,0.0,0.0));
#15891=DIRECTION('',(0.0,0.965925826289075,0.258819045102493));
#15892=DIRECTION('',(0.0,-0.258819045102493,0.965925826289076));
#15893=DIRECTION('',(0.0,0.0,-1.0));
#15894=DIRECTION('',(-1.0,0.0,0.0));
#15895=DIRECTION('',(0.0,0.0,1.0));
#15896=DIRECTION('',(-1.0,0.0,0.0));
#15897=DIRECTION('',(0.544139598729572,-0.532522911155372,0.648329735697066));
#15898=DIRECTION('',(-0.536414353784335,-0.540286672940035,0.648344007528042));
#15899=DIRECTION('',(0.0,1.0,0.0));
#15900=DIRECTION('',(0.0,-1.0,0.0));
#15901=DIRECTION('',(0.0,0.0,-1.0));
#15902=DIRECTION('',(0.0,0.0,1.0));
#15903=DIRECTION('',(0.0,0.64018439966448,0.768221279597376));
#15904=DIRECTION('',(-0.536414353784335,0.540286672940035,0.648344007528042));
#15905=DIRECTION('',(1.0,0.0,0.0));
#15906=DIRECTION('',(0.0,0.64018439966448,0.768221279597376));
#15907=DIRECTION('',(1.0,2.775557561563E-14,0.0));
#15908=DIRECTION('',(0.541891030431923,0.538042182185023,0.645650618622028));
#15909=DIRECTION('',(0.0,1.0,0.0));
#15910=DIRECTION('',(0.0,0.0,1.0));
#15911=DIRECTION('',(0.0,1.0,0.0));
#15912=DIRECTION('',(0.0,0.0,1.0));
#15913=DIRECTION('',(1.0,-5.551115123126E-14,0.0));
#15914=DIRECTION('',(0.0,0.0,1.0));
#15915=DIRECTION('',(0.0,0.0,1.0));
#15916=DIRECTION('',(1.0,0.0,0.0));
#15917=DIRECTION('',(0.0,0.0,1.0));
#15918=DIRECTION('',(0.0,-1.0,0.0));
#15919=DIRECTION('',(0.0,-1.0,0.0));
#15920=DIRECTION('',(0.0,1.0,0.0));
#15921=DIRECTION('',(-1.0,0.0,0.0));
#15922=DIRECTION('',(-1.0,0.0,0.0));
#15923=DIRECTION('',(0.0,-1.0,0.0));
#15924=DIRECTION('',(1.0,0.0,0.0));
#15925=DIRECTION('',(0.0,0.0,-1.0));
#15926=DIRECTION('',(1.0,0.0,0.0));
#15927=DIRECTION('',(0.0,0.0,-1.0));
#15928=DIRECTION('',(0.0,0.0,1.0));
#15929=DIRECTION('',(1.0,0.0,-1.110223024625E-14));
#15930=DIRECTION('',(0.0,0.0,-1.0));
#15931=DIRECTION('',(0.0,0.0,-1.0));
#15932=DIRECTION('',(1.0,0.0,0.0));
#15933=CARTESIAN_POINT('',(3.4925,2.40900000000002,-0.207200000000009));
#15934=DIRECTION('',(1.0,0.0,0.0));
#15935=DIRECTION('',(0.0,-1.0,0.0));
#15936=DIRECTION('',(0.0,1.0,0.0));
#15937=DIRECTION('',(0.0,0.0,-1.0));
#15938=DIRECTION('',(0.0,-1.0,0.0));
#15939=CARTESIAN_POINT('',(3.4925,2.40900000000002,-0.207200000000009));
#15940=DIRECTION('',(-1.0,0.0,0.0));
#15941=DIRECTION('',(0.0,0.0,-1.0));
#15942=DIRECTION('',(0.0,0.0,1.0));
#15943=DIRECTION('',(1.0,0.0,0.0));
#15944=DIRECTION('',(0.0,0.0,1.0));
#15945=CARTESIAN_POINT('',(4.1275,2.40900000000002,-0.207200000000009));
#15946=DIRECTION('',(-1.0,0.0,0.0));
#15947=DIRECTION('',(0.0,0.0,-1.0));
#15948=DIRECTION('',(0.0,-1.0,0.0));
#15949=DIRECTION('',(0.0,0.0,-1.0));
#15950=DIRECTION('',(0.0,1.0,0.0));
#15951=CARTESIAN_POINT('',(4.1275,2.40900000000002,-0.207200000000009));
#15952=DIRECTION('',(1.0,0.0,0.0));
#15953=DIRECTION('',(0.0,-1.0,0.0));
#15954=DIRECTION('',(0.0,0.0,1.0));
#15955=DIRECTION('',(0.0,-1.0,0.0));
#15956=DIRECTION('',(0.0,0.258819045102493,-0.965925826289076));
#15957=DIRECTION('',(1.0,0.0,0.0));
#15958=DIRECTION('',(1.0,0.0,0.0));
#15959=DIRECTION('',(1.0,0.0,0.0));
#15960=DIRECTION('',(1.0,0.0,0.0));
#15961=DIRECTION('',(1.0,0.0,0.0));
#15962=DIRECTION('',(0.0,0.258819045102493,-0.965925826289076));
#15963=DIRECTION('',(1.0,0.0,0.0));
#15964=DIRECTION('',(0.0,0.258819045102493,-0.965925826289076));
#15965=DIRECTION('',(0.0,-0.258819045102493,0.965925826289076));
#15966=DIRECTION('',(0.0,0.965925826289075,0.258819045102493));
#15967=DIRECTION('',(1.0,0.0,0.0));
#15968=DIRECTION('',(0.0,0.965925826289075,0.258819045102493));
#15969=DIRECTION('',(0.0,-0.258819045102493,0.965925826289076));
#15970=DIRECTION('',(0.0,0.0,-1.0));
#15971=DIRECTION('',(-1.0,0.0,0.0));
#15972=DIRECTION('',(0.0,0.0,1.0));
#15973=DIRECTION('',(-1.0,0.0,0.0));
#15974=DIRECTION('',(0.544139598729572,-0.532522911155372,0.648329735697066));
#15975=DIRECTION('',(-0.536414353784335,-0.540286672940035,0.648344007528042));
#15976=DIRECTION('',(0.0,1.0,0.0));
#15977=DIRECTION('',(0.0,-1.0,0.0));
#15978=DIRECTION('',(0.0,0.0,-1.0));
#15979=DIRECTION('',(0.0,0.0,1.0));
#15980=DIRECTION('',(0.0,0.64018439966448,0.768221279597376));
#15981=DIRECTION('',(1.0,2.775557561563E-14,0.0));
#15982=DIRECTION('',(0.541891030431923,0.538042182185023,0.645650618622028));
#15983=DIRECTION('',(-0.536414353784335,0.540286672940035,0.648344007528042));
#15984=DIRECTION('',(1.0,0.0,0.0));
#15985=DIRECTION('',(0.0,-0.64018439966448,-0.768221279597376));
#15986=DIRECTION('',(0.0,-1.0,0.0));
#15987=DIRECTION('',(0.544139598729572,-0.532522911155372,0.648329735697066));
#15988=DIRECTION('',(-1.0,0.0,0.0));
#15989=DIRECTION('',(-0.536414353784335,-0.540286672940035,0.648344007528042));
#15990=DIRECTION('',(0.0,1.0,0.0));
#15991=DIRECTION('',(0.0,0.0,1.0));
#15992=DIRECTION('',(0.0,0.0,1.0));
#15993=DIRECTION('',(0.0,1.0,0.0));
#15994=DIRECTION('',(0.0,1.0,0.0));
#15995=DIRECTION('',(1.0,0.0,0.0));
#15996=DIRECTION('',(-1.0,0.0,0.0));
#15997=DIRECTION('',(0.0,-1.0,0.0));
#15998=DIRECTION('',(1.0,-5.551115123126E-14,0.0));
#15999=DIRECTION('',(-1.0,0.0,0.0));
#16000=DIRECTION('',(0.0,-1.0,0.0));
#16001=DIRECTION('',(1.0,0.0,0.0));
#16002=DIRECTION('',(0.0,0.0,-1.0));
#16003=DIRECTION('',(1.0,0.0,0.0));
#16004=DIRECTION('',(0.0,0.0,-1.0));
#16005=DIRECTION('',(0.0,0.0,-1.0));
#16006=DIRECTION('',(1.0,0.0,0.0));
#16007=DIRECTION('',(0.0,0.0,1.0));
#16008=DIRECTION('',(0.0,0.0,1.0));
#16009=DIRECTION('',(1.0,0.0,-1.110223024625E-14));
#16010=DIRECTION('',(0.0,0.0,-1.0));
#16011=CARTESIAN_POINT('',(0.9525,2.40900000000002,-0.207200000000009));
#16012=DIRECTION('',(1.0,0.0,0.0));
#16013=DIRECTION('',(0.0,-1.0,0.0));
#16014=DIRECTION('',(0.0,1.0,0.0));
#16015=DIRECTION('',(0.0,0.0,-1.0));
#16016=DIRECTION('',(0.0,-1.0,0.0));
#16017=CARTESIAN_POINT('',(0.9525,2.40900000000002,-0.207200000000009));
#16018=DIRECTION('',(-1.0,0.0,0.0));
#16019=DIRECTION('',(0.0,0.0,-1.0));
#16020=DIRECTION('',(0.0,0.0,1.0));
#16021=DIRECTION('',(1.0,0.0,0.0));
#16022=DIRECTION('',(0.0,0.0,1.0));
#16023=CARTESIAN_POINT('',(1.5875,2.40900000000002,-0.207200000000009));
#16024=DIRECTION('',(-1.0,0.0,0.0));
#16025=DIRECTION('',(0.0,0.0,-1.0));
#16026=DIRECTION('',(0.0,-1.0,0.0));
#16027=DIRECTION('',(0.0,0.0,-1.0));
#16028=DIRECTION('',(0.0,1.0,0.0));
#16029=CARTESIAN_POINT('',(1.5875,2.40900000000002,-0.207200000000009));
#16030=DIRECTION('',(1.0,0.0,0.0));
#16031=DIRECTION('',(0.0,-1.0,0.0));
#16032=DIRECTION('',(0.0,0.0,1.0));
#16033=DIRECTION('',(0.0,-1.0,0.0));
#16034=DIRECTION('',(0.0,0.258819045102493,-0.965925826289076));
#16035=DIRECTION('',(1.0,0.0,0.0));
#16036=DIRECTION('',(1.0,0.0,0.0));
#16037=DIRECTION('',(1.0,0.0,0.0));
#16038=DIRECTION('',(1.0,0.0,0.0));
#16039=DIRECTION('',(0.0,0.258819045102493,-0.965925826289076));
#16040=DIRECTION('',(1.0,0.0,0.0));
#16041=DIRECTION('',(0.0,0.258819045102493,-0.965925826289076));
#16042=DIRECTION('',(1.0,0.0,0.0));
#16043=DIRECTION('',(-1.0,0.0,0.0));
#16044=DIRECTION('',(0.0,0.0,-1.0));
#16045=DIRECTION('',(0.0,0.965925826289075,0.258819045102493));
#16046=DIRECTION('',(0.0,-0.258819045102493,0.965925826289076));
#16047=DIRECTION('',(1.0,0.0,0.0));
#16048=DIRECTION('',(0.0,-0.258819045102493,0.965925826289076));
#16049=DIRECTION('',(0.0,0.965925826289075,0.258819045102493));
#16050=DIRECTION('',(0.0,1.0,0.0));
#16051=DIRECTION('',(0.0,0.0,-1.0));
#16052=DIRECTION('',(0.0,0.0,1.0));
#16053=DIRECTION('',(0.0,0.0,1.0));
#16054=DIRECTION('',(0.0,-1.0,0.0));
#16055=DIRECTION('',(0.0,0.0,-1.0));
#16056=DIRECTION('',(0.0,0.0,1.0));
#16057=DIRECTION('',(0.0,0.64018439966448,0.768221279597376));
#16058=DIRECTION('',(1.0,2.775557561563E-14,0.0));
#16059=DIRECTION('',(0.541891030431923,0.538042182185023,0.645650618622028));
#16060=DIRECTION('',(-0.536414353784335,0.540286672940035,0.648344007528042));
#16061=DIRECTION('',(1.0,0.0,0.0));
#16062=DIRECTION('',(0.0,-0.64018439966448,-0.768221279597376));
#16063=DIRECTION('',(0.0,-1.0,0.0));
#16064=DIRECTION('',(0.544139598729572,-0.532522911155372,0.648329735697066));
#16065=DIRECTION('',(-1.0,0.0,0.0));
#16066=DIRECTION('',(-0.536414353784335,-0.540286672940035,0.648344007528042));
#16067=DIRECTION('',(0.0,1.0,0.0));
#16068=DIRECTION('',(0.0,0.0,1.0));
#16069=DIRECTION('',(0.0,0.0,1.0));
#16070=DIRECTION('',(0.0,1.0,0.0));
#16071=DIRECTION('',(0.0,1.0,0.0));
#16072=DIRECTION('',(1.0,0.0,0.0));
#16073=DIRECTION('',(-1.0,0.0,0.0));
#16074=DIRECTION('',(0.0,-1.0,0.0));
#16075=DIRECTION('',(1.0,-5.551115123126E-14,0.0));
#16076=DIRECTION('',(-1.0,0.0,0.0));
#16077=DIRECTION('',(0.0,-1.0,0.0));
#16078=DIRECTION('',(1.0,0.0,0.0));
#16079=DIRECTION('',(0.0,0.0,-1.0));
#16080=DIRECTION('',(1.0,0.0,0.0));
#16081=DIRECTION('',(0.0,0.0,-1.0));
#16082=DIRECTION('',(0.0,0.0,-1.0));
#16083=DIRECTION('',(1.0,0.0,0.0));
#16084=DIRECTION('',(0.0,0.0,1.0));
#16085=DIRECTION('',(0.0,0.0,1.0));
#16086=DIRECTION('',(1.0,0.0,-1.110223024625E-14));
#16087=DIRECTION('',(0.0,0.0,-1.0));
#16088=CARTESIAN_POINT('',(-1.5875,2.40900000000002,-0.207200000000009));
#16089=DIRECTION('',(1.0,0.0,0.0));
#16090=DIRECTION('',(0.0,-1.0,0.0));
#16091=DIRECTION('',(0.0,1.0,0.0));
#16092=DIRECTION('',(0.0,0.0,-1.0));
#16093=DIRECTION('',(0.0,-1.0,0.0));
#16094=CARTESIAN_POINT('',(-1.5875,2.40900000000002,-0.207200000000009));
#16095=DIRECTION('',(-1.0,0.0,0.0));
#16096=DIRECTION('',(0.0,0.0,-1.0));
#16097=DIRECTION('',(0.0,0.0,1.0));
#16098=DIRECTION('',(1.0,0.0,0.0));
#16099=DIRECTION('',(0.0,0.0,1.0));
#16100=CARTESIAN_POINT('',(-0.9525,2.40900000000002,-0.207200000000009));
#16101=DIRECTION('',(-1.0,0.0,0.0));
#16102=DIRECTION('',(0.0,0.0,-1.0));
#16103=DIRECTION('',(0.0,-1.0,0.0));
#16104=DIRECTION('',(0.0,0.0,-1.0));
#16105=DIRECTION('',(0.0,1.0,0.0));
#16106=CARTESIAN_POINT('',(-0.9525,2.40900000000002,-0.207200000000009));
#16107=DIRECTION('',(1.0,0.0,0.0));
#16108=DIRECTION('',(0.0,-1.0,0.0));
#16109=DIRECTION('',(0.0,0.0,1.0));
#16110=DIRECTION('',(0.0,-1.0,0.0));
#16111=DIRECTION('',(0.0,0.258819045102493,-0.965925826289076));
#16112=DIRECTION('',(1.0,0.0,0.0));
#16113=DIRECTION('',(1.0,0.0,0.0));
#16114=DIRECTION('',(1.0,0.0,0.0));
#16115=DIRECTION('',(1.0,0.0,0.0));
#16116=DIRECTION('',(0.0,0.258819045102493,-0.965925826289076));
#16117=DIRECTION('',(1.0,0.0,0.0));
#16118=DIRECTION('',(0.0,0.258819045102493,-0.965925826289076));
#16119=DIRECTION('',(1.0,0.0,0.0));
#16120=DIRECTION('',(-1.0,0.0,0.0));
#16121=DIRECTION('',(0.0,0.0,-1.0));
#16122=DIRECTION('',(0.0,0.965925826289075,0.258819045102493));
#16123=DIRECTION('',(0.0,-0.258819045102493,0.965925826289076));
#16124=DIRECTION('',(1.0,0.0,0.0));
#16125=DIRECTION('',(0.0,-0.258819045102493,0.965925826289076));
#16126=DIRECTION('',(0.0,0.965925826289075,0.258819045102493));
#16127=DIRECTION('',(0.0,1.0,0.0));
#16128=DIRECTION('',(0.0,0.0,-1.0));
#16129=DIRECTION('',(0.0,0.0,1.0));
#16130=DIRECTION('',(0.0,0.0,1.0));
#16131=DIRECTION('',(0.0,-1.0,0.0));
#16132=DIRECTION('',(0.0,0.0,-1.0));
#16133=DIRECTION('',(0.0,0.0,1.0));
#16134=DIRECTION('',(0.0,0.64018439966448,0.768221279597376));
#16135=DIRECTION('',(1.0,2.775557561563E-14,0.0));
#16136=DIRECTION('',(0.541891030431923,0.538042182185023,0.645650618622028));
#16137=DIRECTION('',(-0.536414353784335,0.540286672940035,0.648344007528042));
#16138=DIRECTION('',(1.0,0.0,0.0));
#16139=DIRECTION('',(0.0,-0.64018439966448,-0.768221279597376));
#16140=DIRECTION('',(0.0,-1.0,0.0));
#16141=DIRECTION('',(0.544139598729572,-0.532522911155372,0.648329735697066));
#16142=DIRECTION('',(-1.0,0.0,0.0));
#16143=DIRECTION('',(-0.536414353784335,-0.540286672940035,0.648344007528042));
#16144=DIRECTION('',(0.0,1.0,0.0));
#16145=DIRECTION('',(0.0,0.0,1.0));
#16146=DIRECTION('',(0.0,0.0,1.0));
#16147=DIRECTION('',(0.0,1.0,0.0));
#16148=DIRECTION('',(0.0,1.0,0.0));
#16149=DIRECTION('',(1.0,0.0,0.0));
#16150=DIRECTION('',(-1.0,0.0,0.0));
#16151=DIRECTION('',(0.0,-1.0,0.0));
#16152=DIRECTION('',(1.0,-5.551115123126E-14,0.0));
#16153=DIRECTION('',(-1.0,0.0,0.0));
#16154=DIRECTION('',(0.0,-1.0,0.0));
#16155=DIRECTION('',(1.0,0.0,0.0));
#16156=DIRECTION('',(0.0,0.0,-1.0));
#16157=DIRECTION('',(1.0,0.0,0.0));
#16158=DIRECTION('',(0.0,0.0,-1.0));
#16159=DIRECTION('',(0.0,0.0,-1.0));
#16160=DIRECTION('',(1.0,0.0,0.0));
#16161=DIRECTION('',(0.0,0.0,1.0));
#16162=DIRECTION('',(0.0,0.0,1.0));
#16163=DIRECTION('',(1.0,0.0,-1.110223024625E-14));
#16164=DIRECTION('',(0.0,0.0,-1.0));
#16165=CARTESIAN_POINT('',(-4.1275,2.40900000000002,-0.207200000000009));
#16166=DIRECTION('',(1.0,0.0,0.0));
#16167=DIRECTION('',(0.0,-1.0,0.0));
#16168=DIRECTION('',(0.0,1.0,0.0));
#16169=DIRECTION('',(0.0,0.0,-1.0));
#16170=DIRECTION('',(0.0,-1.0,0.0));
#16171=CARTESIAN_POINT('',(-4.1275,2.40900000000002,-0.207200000000009));
#16172=DIRECTION('',(-1.0,0.0,0.0));
#16173=DIRECTION('',(0.0,0.0,-1.0));
#16174=DIRECTION('',(0.0,0.0,1.0));
#16175=DIRECTION('',(1.0,0.0,0.0));
#16176=DIRECTION('',(0.0,0.0,1.0));
#16177=CARTESIAN_POINT('',(-3.4925,2.40900000000002,-0.207200000000009));
#16178=DIRECTION('',(-1.0,0.0,0.0));
#16179=DIRECTION('',(0.0,0.0,-1.0));
#16180=DIRECTION('',(0.0,-1.0,0.0));
#16181=DIRECTION('',(0.0,0.0,-1.0));
#16182=DIRECTION('',(0.0,1.0,0.0));
#16183=CARTESIAN_POINT('',(-3.4925,2.40900000000002,-0.207200000000009));
#16184=DIRECTION('',(1.0,0.0,0.0));
#16185=DIRECTION('',(0.0,-1.0,0.0));
#16186=DIRECTION('',(0.0,0.0,1.0));
#16187=DIRECTION('',(0.0,-1.0,0.0));
#16188=DIRECTION('',(0.0,0.258819045102493,-0.965925826289076));
#16189=DIRECTION('',(1.0,0.0,0.0));
#16190=DIRECTION('',(1.0,0.0,0.0));
#16191=DIRECTION('',(1.0,0.0,0.0));
#16192=DIRECTION('',(1.0,0.0,0.0));
#16193=DIRECTION('',(0.0,0.258819045102493,-0.965925826289076));
#16194=DIRECTION('',(1.0,0.0,0.0));
#16195=DIRECTION('',(0.0,0.258819045102493,-0.965925826289076));
#16196=DIRECTION('',(1.0,0.0,0.0));
#16197=DIRECTION('',(-1.0,0.0,0.0));
#16198=DIRECTION('',(0.0,0.0,-1.0));
#16199=DIRECTION('',(0.0,0.965925826289075,0.258819045102493));
#16200=DIRECTION('',(0.0,-0.258819045102493,0.965925826289076));
#16201=DIRECTION('',(1.0,0.0,0.0));
#16202=DIRECTION('',(0.0,-0.258819045102493,0.965925826289076));
#16203=DIRECTION('',(0.0,0.965925826289075,0.258819045102493));
#16204=DIRECTION('',(0.0,1.0,0.0));
#16205=DIRECTION('',(0.0,0.0,-1.0));
#16206=DIRECTION('',(0.0,0.0,1.0));
#16207=DIRECTION('',(0.0,0.0,1.0));
#16208=DIRECTION('',(0.0,-1.0,0.0));
#16209=DIRECTION('',(0.0,0.0,-1.0));
#16210=DIRECTION('',(0.0,0.0,1.0));
#16211=DIRECTION('',(0.0,0.64018439966448,0.768221279597376));
#16212=DIRECTION('',(1.0,0.0,0.0));
#16213=DIRECTION('',(0.541891030431923,0.538042182185023,0.645650618622028));
#16214=DIRECTION('',(-0.536414353784335,0.540286672940035,0.648344007528042));
#16215=DIRECTION('',(1.0,0.0,0.0));
#16216=DIRECTION('',(0.0,-0.64018439966448,-0.768221279597376));
#16217=DIRECTION('',(0.0,-1.0,0.0));
#16218=DIRECTION('',(0.544139598729572,-0.532522911155372,0.648329735697066));
#16219=DIRECTION('',(-1.0,0.0,0.0));
#16220=DIRECTION('',(-0.536414353784335,-0.540286672940035,0.648344007528042));
#16221=DIRECTION('',(0.0,1.0,0.0));
#16222=DIRECTION('',(0.0,0.0,1.0));
#16223=DIRECTION('',(0.0,0.0,1.0));
#16224=DIRECTION('',(0.0,1.0,0.0));
#16225=DIRECTION('',(0.0,1.0,0.0));
#16226=DIRECTION('',(1.0,0.0,0.0));
#16227=DIRECTION('',(-1.0,0.0,0.0));
#16228=DIRECTION('',(0.0,-1.0,0.0));
#16229=DIRECTION('',(1.0,0.0,0.0));
#16230=DIRECTION('',(-1.0,0.0,0.0));
#16231=DIRECTION('',(0.0,-1.0,0.0));
#16232=DIRECTION('',(1.0,0.0,0.0));
#16233=DIRECTION('',(0.0,0.0,-1.0));
#16234=DIRECTION('',(1.0,0.0,0.0));
#16235=DIRECTION('',(0.0,0.0,-1.0));
#16236=DIRECTION('',(0.0,0.0,-1.0));
#16237=DIRECTION('',(1.0,0.0,0.0));
#16238=DIRECTION('',(0.0,0.0,1.0));
#16239=DIRECTION('',(0.0,0.0,1.0));
#16240=DIRECTION('',(1.0,0.0,-1.110223024625E-14));
#16241=DIRECTION('',(0.0,0.0,-1.0));
#16242=CARTESIAN_POINT('',(-6.6675,2.40900000000002,-0.207200000000009));
#16243=DIRECTION('',(1.0,0.0,0.0));
#16244=DIRECTION('',(0.0,-1.0,0.0));
#16245=DIRECTION('',(0.0,1.0,0.0));
#16246=DIRECTION('',(0.0,0.0,-1.0));
#16247=DIRECTION('',(0.0,-1.0,0.0));
#16248=CARTESIAN_POINT('',(-6.6675,2.40900000000002,-0.207200000000009));
#16249=DIRECTION('',(-1.0,0.0,0.0));
#16250=DIRECTION('',(0.0,0.0,-1.0));
#16251=DIRECTION('',(0.0,0.0,1.0));
#16252=DIRECTION('',(1.0,0.0,0.0));
#16253=DIRECTION('',(0.0,0.0,1.0));
#16254=CARTESIAN_POINT('',(-6.0325,2.40900000000002,-0.207200000000009));
#16255=DIRECTION('',(-1.0,0.0,0.0));
#16256=DIRECTION('',(0.0,0.0,-1.0));
#16257=DIRECTION('',(0.0,-1.0,0.0));
#16258=DIRECTION('',(0.0,0.0,-1.0));
#16259=DIRECTION('',(0.0,1.0,0.0));
#16260=CARTESIAN_POINT('',(-6.0325,2.40900000000002,-0.207200000000009));
#16261=DIRECTION('',(1.0,0.0,0.0));
#16262=DIRECTION('',(0.0,-1.0,0.0));
#16263=DIRECTION('',(0.0,0.0,1.0));
#16264=DIRECTION('',(0.0,-1.0,0.0));
#16265=DIRECTION('',(0.0,0.258819045102493,-0.965925826289076));
#16266=DIRECTION('',(1.0,0.0,0.0));
#16267=DIRECTION('',(1.0,0.0,0.0));
#16268=DIRECTION('',(1.0,0.0,0.0));
#16269=DIRECTION('',(1.0,0.0,0.0));
#16270=DIRECTION('',(0.0,0.258819045102493,-0.965925826289076));
#16271=DIRECTION('',(1.0,0.0,0.0));
#16272=DIRECTION('',(0.0,0.258819045102493,-0.965925826289076));
#16273=DIRECTION('',(1.0,0.0,0.0));
#16274=DIRECTION('',(-1.0,0.0,0.0));
#16275=DIRECTION('',(0.0,0.0,-1.0));
#16276=DIRECTION('',(0.0,0.965925826289075,0.258819045102493));
#16277=DIRECTION('',(0.0,-0.258819045102493,0.965925826289076));
#16278=DIRECTION('',(1.0,0.0,0.0));
#16279=DIRECTION('',(0.0,-0.258819045102493,0.965925826289076));
#16280=DIRECTION('',(0.0,0.965925826289075,0.258819045102493));
#16281=DIRECTION('',(0.0,1.0,0.0));
#16282=DIRECTION('',(0.0,0.0,-1.0));
#16283=DIRECTION('',(0.0,0.0,1.0));
#16284=DIRECTION('',(0.0,0.0,1.0));
#16285=DIRECTION('',(0.0,-1.0,0.0));
#16286=DIRECTION('',(0.0,0.0,-1.0));
#16287=DIRECTION('',(0.0,0.0,1.0));
#16288=DIRECTION('',(0.0,0.64018439966448,0.768221279597376));
#16289=DIRECTION('',(1.0,0.0,0.0));
#16290=DIRECTION('',(0.541891030431923,0.538042182185023,0.645650618622028));
#16291=DIRECTION('',(-0.536414353784335,0.540286672940035,0.648344007528042));
#16292=DIRECTION('',(1.0,0.0,0.0));
#16293=DIRECTION('',(0.0,-0.64018439966448,-0.768221279597376));
#16294=DIRECTION('',(0.0,-1.0,0.0));
#16295=DIRECTION('',(0.544139598729572,-0.532522911155372,0.648329735697066));
#16296=DIRECTION('',(-1.0,0.0,0.0));
#16297=DIRECTION('',(-0.536414353784335,-0.540286672940035,0.648344007528042));
#16298=DIRECTION('',(0.0,1.0,0.0));
#16299=DIRECTION('',(0.0,0.0,1.0));
#16300=DIRECTION('',(0.0,0.0,1.0));
#16301=DIRECTION('',(0.0,1.0,0.0));
#16302=DIRECTION('',(0.0,1.0,0.0));
#16303=DIRECTION('',(1.0,0.0,0.0));
#16304=DIRECTION('',(-1.0,0.0,0.0));
#16305=DIRECTION('',(0.0,-1.0,0.0));
#16306=DIRECTION('',(1.0,-2.775557561564E-14,0.0));
#16307=DIRECTION('',(-1.0,0.0,0.0));
#16308=DIRECTION('',(0.0,-1.0,0.0));
#16309=DIRECTION('',(1.0,0.0,0.0));
#16310=DIRECTION('',(0.0,0.0,-1.0));
#16311=DIRECTION('',(1.0,0.0,0.0));
#16312=DIRECTION('',(0.0,0.0,-1.0));
#16313=DIRECTION('',(0.0,0.0,-1.0));
#16314=DIRECTION('',(1.0,0.0,0.0));
#16315=DIRECTION('',(0.0,0.0,1.0));
#16316=DIRECTION('',(0.0,0.0,1.0));
#16317=DIRECTION('',(1.0,0.0,-1.110223024625E-14));
#16318=DIRECTION('',(0.0,0.0,-1.0));
#16319=CARTESIAN_POINT('',(-9.2075,2.40900000000002,-0.207200000000009));
#16320=DIRECTION('',(1.0,0.0,0.0));
#16321=DIRECTION('',(0.0,-1.0,0.0));
#16322=DIRECTION('',(0.0,1.0,0.0));
#16323=DIRECTION('',(0.0,0.0,-1.0));
#16324=DIRECTION('',(0.0,-1.0,0.0));
#16325=CARTESIAN_POINT('',(-9.2075,2.40900000000002,-0.207200000000009));
#16326=DIRECTION('',(-1.0,0.0,0.0));
#16327=DIRECTION('',(0.0,0.0,-1.0));
#16328=DIRECTION('',(0.0,0.0,1.0));
#16329=DIRECTION('',(1.0,0.0,0.0));
#16330=DIRECTION('',(0.0,0.0,1.0));
#16331=CARTESIAN_POINT('',(-8.5725,2.40900000000002,-0.207200000000009));
#16332=DIRECTION('',(-1.0,0.0,0.0));
#16333=DIRECTION('',(0.0,0.0,-1.0));
#16334=DIRECTION('',(0.0,-1.0,0.0));
#16335=DIRECTION('',(0.0,0.0,-1.0));
#16336=DIRECTION('',(0.0,1.0,0.0));
#16337=CARTESIAN_POINT('',(-8.5725,2.40900000000002,-0.207200000000009));
#16338=DIRECTION('',(1.0,0.0,0.0));
#16339=DIRECTION('',(0.0,-1.0,0.0));
#16340=DIRECTION('',(0.0,0.0,1.0));
#16341=DIRECTION('',(0.0,-1.0,0.0));
#16342=DIRECTION('',(0.0,0.258819045102493,-0.965925826289076));
#16343=DIRECTION('',(1.0,0.0,0.0));
#16344=DIRECTION('',(1.0,0.0,0.0));
#16345=DIRECTION('',(1.0,0.0,0.0));
#16346=DIRECTION('',(1.0,0.0,0.0));
#16347=DIRECTION('',(0.0,0.258819045102493,-0.965925826289076));
#16348=DIRECTION('',(1.0,0.0,0.0));
#16349=DIRECTION('',(0.0,0.258819045102493,-0.965925826289076));
#16350=DIRECTION('',(1.0,0.0,0.0));
#16351=DIRECTION('',(-1.0,0.0,0.0));
#16352=DIRECTION('',(0.0,0.0,-1.0));
#16353=DIRECTION('',(0.0,0.965925826289075,0.258819045102493));
#16354=DIRECTION('',(0.0,-0.258819045102493,0.965925826289076));
#16355=DIRECTION('',(1.0,0.0,0.0));
#16356=DIRECTION('',(0.0,-0.258819045102493,0.965925826289076));
#16357=DIRECTION('',(0.0,0.965925826289075,0.258819045102493));
#16358=DIRECTION('',(0.0,1.0,0.0));
#16359=DIRECTION('',(0.0,0.0,-1.0));
#16360=DIRECTION('',(0.0,0.0,1.0));
#16361=DIRECTION('',(0.0,0.0,1.0));
#16362=DIRECTION('',(0.0,0.0,1.0));
#16363=DIRECTION('',(0.0,-1.0,0.0));
#16364=DIRECTION('',(0.544139598729572,-0.532522911155372,0.648329735697066));
#16365=DIRECTION('',(-1.0,0.0,0.0));
#16366=DIRECTION('',(0.0,0.0,1.0));
#16367=DIRECTION('',(0.0,0.0,1.0));
#16368=DIRECTION('',(0.0,1.0,0.0));
#16369=DIRECTION('',(0.0,0.0,1.0));
#16370=DIRECTION('',(-1.0,0.0,0.0));
#16371=DIRECTION('',(-0.539163866017206,0.539163866017206,0.646996639220607));
#16372=DIRECTION('',(0.539163866017206,0.539163866017206,0.646996639220607));
#16373=DIRECTION('',(0.0,1.0,0.0));
#16374=DIRECTION('',(0.0,-0.64018439966448,0.768221279597376));
#16375=DIRECTION('',(0.0,0.0,1.0));
#16376=DIRECTION('',(0.0,-0.999999755061329,-0.00069991233950552));
#16377=DIRECTION('',(0.0,0.0,1.0));
#16378=DIRECTION('',(0.0,0.0,-1.0));
#16379=DIRECTION('',(1.0,0.0,0.0));
#16380=DIRECTION('',(0.0,0.0,-1.0));
#16381=DIRECTION('',(0.0,0.0,1.0));
#16382=DIRECTION('',(-1.0,0.0,0.0));
#16383=DIRECTION('',(0.0,0.0,-1.0));
#16384=DIRECTION('',(0.0,0.0,-1.0));
#16385=DIRECTION('',(-1.0,0.0,0.0));
#16386=DIRECTION('',(-1.0,0.0,0.0));
#16387=CARTESIAN_POINT('',(6.6675,-2.413,-0.2032));
#16388=DIRECTION('',(-1.0,0.0,0.0));
#16389=DIRECTION('',(0.0,1.0,0.0));
#16390=DIRECTION('',(0.0,-1.0,0.0));
#16391=DIRECTION('',(0.0,0.0,-1.0));
#16392=DIRECTION('',(0.0,1.0,0.0));
#16393=CARTESIAN_POINT('',(6.6675,-2.413,-0.2032));
#16394=DIRECTION('',(1.0,0.0,0.0));
#16395=DIRECTION('',(0.0,0.0,-1.0));
#16396=DIRECTION('',(0.0,0.0,1.0));
#16397=DIRECTION('',(1.0,0.0,0.0));
#16398=DIRECTION('',(0.0,0.0,1.0));
#16399=CARTESIAN_POINT('',(6.0325,-2.413,-0.2032));
#16400=DIRECTION('',(1.0,0.0,0.0));
#16401=DIRECTION('',(0.0,0.0,-1.0));
#16402=DIRECTION('',(0.0,1.0,0.0));
#16403=DIRECTION('',(0.0,0.0,-1.0));
#16404=DIRECTION('',(0.0,-1.0,0.0));
#16405=CARTESIAN_POINT('',(6.0325,-2.413,-0.2032));
#16406=DIRECTION('',(-1.0,0.0,0.0));
#16407=DIRECTION('',(0.0,1.0,0.0));
#16408=DIRECTION('',(0.0,0.0,1.0));
#16409=DIRECTION('',(0.0,1.0,0.0));
#16410=DIRECTION('',(0.0,-0.258819045102493,-0.965925826289076));
#16411=DIRECTION('',(1.0,0.0,0.0));
#16412=DIRECTION('',(1.0,0.0,0.0));
#16413=DIRECTION('',(1.0,0.0,0.0));
#16414=DIRECTION('',(1.0,0.0,0.0));
#16415=DIRECTION('',(-1.0,0.0,0.0));
#16416=DIRECTION('',(0.0,-0.258819045102493,-0.965925826289076));
#16417=DIRECTION('',(-1.0,0.0,0.0));
#16418=DIRECTION('',(0.0,-0.258819045102493,-0.965925826289076));
#16419=DIRECTION('',(0.0,0.258819045102493,0.965925826289076));
#16420=DIRECTION('',(0.0,-0.965925826289075,0.258819045102493));
#16421=DIRECTION('',(-1.0,0.0,0.0));
#16422=DIRECTION('',(0.0,-0.965925826289075,0.258819045102493));
#16423=DIRECTION('',(0.0,0.258819045102493,0.965925826289076));
#16424=DIRECTION('',(0.0,0.999999755061329,0.00069991233950552));
#16425=DIRECTION('',(0.0,0.0,1.0));
#16426=DIRECTION('',(0.999999448888242,0.0,-0.00104986818781704));
#16427=DIRECTION('',(0.0,0.0,-1.0));
#16428=DIRECTION('',(-1.0,0.0,0.0));
#16429=DIRECTION('',(0.0,-1.0,0.0));
#16430=DIRECTION('',(0.0,-1.0,0.0));
#16431=DIRECTION('',(0.0,0.0,1.0));
#16432=DIRECTION('',(0.0,-1.0,0.0));
#16433=DIRECTION('',(0.0,-0.64018439966448,0.768221279597376));
#16434=DIRECTION('',(-0.539163866017206,-0.539163866017206,0.646996639220607));
#16435=DIRECTION('',(0.539163866017206,-0.539163866017206,0.646996639220607));
#16436=DIRECTION('',(1.0,0.0,0.0));
#16437=DIRECTION('',(-0.539163866017206,0.539163866017206,0.646996639220607));
#16438=DIRECTION('',(-1.0,0.0,0.0));
#16439=DIRECTION('',(0.539163866017206,0.539163866017206,0.646996639220607));
#16440=DIRECTION('',(0.0,1.0,0.0));
#16441=DIRECTION('',(0.0,0.0,1.0));
#16442=DIRECTION('',(0.0,0.0,1.0));
#16443=DIRECTION('',(0.0,1.0,0.0));
#16444=DIRECTION('',(0.999999977955512,0.0,0.000209973748653603));
#16445=DIRECTION('',(-1.0,0.0,0.0));
#16446=DIRECTION('',(0.0,1.0,0.0));
#16447=DIRECTION('',(0.0,-0.64018439966448,0.768221279597376));
#16448=DIRECTION('',(0.0,0.0,1.0));
#16449=DIRECTION('',(0.0,-0.999999755061329,-0.00069991233950552));
#16450=DIRECTION('',(0.0,0.0,1.0));
#16451=DIRECTION('',(0.0,0.0,-1.0));
#16452=DIRECTION('',(1.0,0.0,0.0));
#16453=DIRECTION('',(0.0,0.0,-1.0));
#16454=DIRECTION('',(0.0,0.0,1.0));
#16455=DIRECTION('',(-1.0,0.0,0.0));
#16456=DIRECTION('',(0.0,0.0,-1.0));
#16457=DIRECTION('',(0.0,0.0,-1.0));
#16458=DIRECTION('',(-1.0,0.0,0.0));
#16459=DIRECTION('',(-1.0,0.0,0.0));
#16460=CARTESIAN_POINT('',(4.1275,-2.413,-0.2032));
#16461=DIRECTION('',(-1.0,0.0,0.0));
#16462=DIRECTION('',(0.0,1.0,0.0));
#16463=DIRECTION('',(0.0,-1.0,0.0));
#16464=DIRECTION('',(0.0,0.0,-1.0));
#16465=DIRECTION('',(0.0,1.0,0.0));
#16466=CARTESIAN_POINT('',(4.1275,-2.413,-0.2032));
#16467=DIRECTION('',(1.0,0.0,0.0));
#16468=DIRECTION('',(0.0,0.0,-1.0));
#16469=DIRECTION('',(0.0,0.0,1.0));
#16470=DIRECTION('',(1.0,0.0,0.0));
#16471=DIRECTION('',(0.0,0.0,1.0));
#16472=CARTESIAN_POINT('',(3.4925,-2.413,-0.2032));
#16473=DIRECTION('',(1.0,0.0,0.0));
#16474=DIRECTION('',(0.0,0.0,-1.0));
#16475=DIRECTION('',(0.0,1.0,0.0));
#16476=DIRECTION('',(0.0,0.0,-1.0));
#16477=DIRECTION('',(0.0,-1.0,0.0));
#16478=CARTESIAN_POINT('',(3.4925,-2.413,-0.2032));
#16479=DIRECTION('',(-1.0,0.0,0.0));
#16480=DIRECTION('',(0.0,1.0,0.0));
#16481=DIRECTION('',(0.0,0.0,1.0));
#16482=DIRECTION('',(0.0,1.0,0.0));
#16483=DIRECTION('',(0.0,-0.258819045102493,-0.965925826289076));
#16484=DIRECTION('',(1.0,0.0,0.0));
#16485=DIRECTION('',(1.0,0.0,0.0));
#16486=DIRECTION('',(1.0,0.0,0.0));
#16487=DIRECTION('',(1.0,0.0,0.0));
#16488=DIRECTION('',(-1.0,0.0,0.0));
#16489=DIRECTION('',(0.0,-0.258819045102493,-0.965925826289076));
#16490=DIRECTION('',(-1.0,0.0,0.0));
#16491=DIRECTION('',(0.0,-0.258819045102493,-0.965925826289076));
#16492=DIRECTION('',(0.0,0.258819045102493,0.965925826289076));
#16493=DIRECTION('',(0.0,-0.965925826289075,0.258819045102493));
#16494=DIRECTION('',(-1.0,0.0,0.0));
#16495=DIRECTION('',(0.0,-0.965925826289075,0.258819045102493));
#16496=DIRECTION('',(0.0,0.258819045102493,0.965925826289076));
#16497=DIRECTION('',(0.0,0.999999755061329,0.00069991233950552));
#16498=DIRECTION('',(0.0,0.0,1.0));
#16499=DIRECTION('',(0.999999448888242,0.0,-0.00104986818781704));
#16500=DIRECTION('',(0.0,0.0,-1.0));
#16501=DIRECTION('',(-1.0,0.0,0.0));
#16502=DIRECTION('',(0.0,-1.0,0.0));
#16503=DIRECTION('',(0.0,-1.0,0.0));
#16504=DIRECTION('',(0.0,0.0,1.0));
#16505=DIRECTION('',(0.0,-1.0,0.0));
#16506=DIRECTION('',(0.0,-0.64018439966448,0.768221279597376));
#16507=DIRECTION('',(-0.539163866017206,-0.539163866017206,0.646996639220607));
#16508=DIRECTION('',(0.539163866017206,-0.539163866017206,0.646996639220607));
#16509=DIRECTION('',(1.0,0.0,0.0));
#16510=DIRECTION('',(-0.539163866017206,0.539163866017206,0.646996639220607));
#16511=DIRECTION('',(-1.0,0.0,0.0));
#16512=DIRECTION('',(0.539163866017206,0.539163866017206,0.646996639220607));
#16513=DIRECTION('',(0.0,1.0,0.0));
#16514=DIRECTION('',(0.0,0.0,1.0));
#16515=DIRECTION('',(0.0,0.0,1.0));
#16516=DIRECTION('',(0.0,1.0,0.0));
#16517=DIRECTION('',(0.999999977955512,0.0,0.000209973748653603));
#16518=DIRECTION('',(-1.0,0.0,0.0));
#16519=DIRECTION('',(0.0,-0.999999755061329,-0.00069991233950552));
#16520=DIRECTION('',(0.0,0.0,1.0));
#16521=DIRECTION('',(0.0,1.0,0.0));
#16522=DIRECTION('',(0.0,-0.64018439966448,0.768221279597376));
#16523=DIRECTION('',(0.0,0.0,1.0));
#16524=DIRECTION('',(1.0,0.0,0.0));
#16525=DIRECTION('',(0.0,0.0,1.0));
#16526=DIRECTION('',(0.999999977955512,0.0,0.000209973748651403));
#16527=DIRECTION('',(0.0,1.0,0.0));
#16528=DIRECTION('',(-1.0,0.0,0.0));
#16529=DIRECTION('',(0.0,-1.0,0.0));
#16530=DIRECTION('',(0.999999448888242,0.0,-0.00104986818781704));
#16531=DIRECTION('',(0.0,0.999999755061329,0.00069991233950552));
#16532=DIRECTION('',(-1.0,0.0,0.0));
#16533=DIRECTION('',(0.0,0.0,-1.0));
#16534=DIRECTION('',(1.0,0.0,0.0));
#16535=DIRECTION('',(0.0,0.0,-1.0));
#16536=DIRECTION('',(0.0,0.0,-1.0));
#16537=DIRECTION('',(-1.0,0.0,0.0));
#16538=DIRECTION('',(0.0,0.0,1.0));
#16539=DIRECTION('',(-1.0,0.0,0.0));
#16540=DIRECTION('',(0.0,0.0,-1.0));
#16541=CARTESIAN_POINT('',(1.5875,-2.413,-0.2032));
#16542=DIRECTION('',(-1.0,0.0,0.0));
#16543=DIRECTION('',(0.0,1.0,0.0));
#16544=DIRECTION('',(0.0,-1.0,0.0));
#16545=DIRECTION('',(0.0,0.0,-1.0));
#16546=DIRECTION('',(0.0,1.0,0.0));
#16547=CARTESIAN_POINT('',(1.5875,-2.413,-0.2032));
#16548=DIRECTION('',(1.0,0.0,0.0));
#16549=DIRECTION('',(0.0,0.0,-1.0));
#16550=DIRECTION('',(0.0,0.0,1.0));
#16551=DIRECTION('',(1.0,0.0,0.0));
#16552=DIRECTION('',(0.0,0.0,1.0));
#16553=CARTESIAN_POINT('',(0.9525,-2.413,-0.2032));
#16554=DIRECTION('',(1.0,0.0,0.0));
#16555=DIRECTION('',(0.0,0.0,-1.0));
#16556=DIRECTION('',(0.0,1.0,0.0));
#16557=DIRECTION('',(0.0,0.0,-1.0));
#16558=DIRECTION('',(0.0,-1.0,0.0));
#16559=CARTESIAN_POINT('',(0.9525,-2.413,-0.2032));
#16560=DIRECTION('',(-1.0,0.0,0.0));
#16561=DIRECTION('',(0.0,1.0,0.0));
#16562=DIRECTION('',(0.0,0.0,1.0));
#16563=DIRECTION('',(0.0,1.0,0.0));
#16564=DIRECTION('',(0.0,0.258819045102493,0.965925826289076));
#16565=DIRECTION('',(1.0,0.0,0.0));
#16566=DIRECTION('',(1.0,0.0,0.0));
#16567=DIRECTION('',(1.0,0.0,0.0));
#16568=DIRECTION('',(1.0,0.0,0.0));
#16569=DIRECTION('',(0.0,-0.258819045102493,-0.965925826289076));
#16570=DIRECTION('',(-1.0,0.0,0.0));
#16571=DIRECTION('',(0.0,-0.258819045102493,-0.965925826289076));
#16572=DIRECTION('',(-1.0,0.0,0.0));
#16573=DIRECTION('',(0.0,0.0,-1.0));
#16574=DIRECTION('',(-1.0,0.0,0.0));
#16575=DIRECTION('',(0.0,0.0,-1.0));
#16576=DIRECTION('',(0.0,-0.965925826289075,0.258819045102493));
#16577=DIRECTION('',(0.0,0.258819045102493,0.965925826289076));
#16578=DIRECTION('',(-1.0,0.0,0.0));
#16579=DIRECTION('',(0.0,0.258819045102493,0.965925826289076));
#16580=DIRECTION('',(0.0,-0.965925826289075,0.258819045102493));
#16581=DIRECTION('',(0.0,-1.0,0.0));
#16582=DIRECTION('',(0.0,0.0,1.0));
#16583=DIRECTION('',(0.0,-1.0,0.0));
#16584=DIRECTION('',(0.0,-0.64018439966448,0.768221279597376));
#16585=DIRECTION('',(-0.539163866017206,-0.539163866017206,0.646996639220607));
#16586=DIRECTION('',(0.539163866017206,-0.539163866017206,0.646996639220607));
#16587=DIRECTION('',(-0.539163866017206,0.539163866017206,0.646996639220607));
#16588=DIRECTION('',(-1.0,0.0,0.0));
#16589=DIRECTION('',(0.539163866017206,0.539163866017206,0.646996639220607));
#16590=DIRECTION('',(0.0,1.0,0.0));
#16591=DIRECTION('',(0.0,0.0,1.0));
#16592=DIRECTION('',(0.0,-0.999999755061329,-0.00069991233950552));
#16593=DIRECTION('',(0.0,0.0,1.0));
#16594=DIRECTION('',(0.0,1.0,0.0));
#16595=DIRECTION('',(0.0,-0.64018439966448,0.768221279597376));
#16596=DIRECTION('',(0.0,0.0,1.0));
#16597=DIRECTION('',(1.0,0.0,0.0));
#16598=DIRECTION('',(0.0,0.0,1.0));
#16599=DIRECTION('',(0.999999977955512,0.0,0.000209973748651403));
#16600=DIRECTION('',(0.0,1.0,0.0));
#16601=DIRECTION('',(-1.0,0.0,0.0));
#16602=DIRECTION('',(0.0,-1.0,0.0));
#16603=DIRECTION('',(0.999999448888242,0.0,-0.00104986818781704));
#16604=DIRECTION('',(0.0,0.999999755061329,0.00069991233950552));
#16605=DIRECTION('',(-1.0,0.0,0.0));
#16606=DIRECTION('',(0.0,0.0,-1.0));
#16607=DIRECTION('',(1.0,0.0,0.0));
#16608=DIRECTION('',(0.0,0.0,-1.0));
#16609=DIRECTION('',(0.0,0.0,-1.0));
#16610=DIRECTION('',(-1.0,0.0,0.0));
#16611=DIRECTION('',(0.0,0.0,1.0));
#16612=DIRECTION('',(-1.0,0.0,0.0));
#16613=DIRECTION('',(0.0,0.0,-1.0));
#16614=CARTESIAN_POINT('',(-0.9525,-2.413,-0.2032));
#16615=DIRECTION('',(-1.0,0.0,0.0));
#16616=DIRECTION('',(0.0,1.0,0.0));
#16617=DIRECTION('',(0.0,-1.0,0.0));
#16618=DIRECTION('',(0.0,0.0,-1.0));
#16619=DIRECTION('',(0.0,1.0,0.0));
#16620=CARTESIAN_POINT('',(-0.9525,-2.413,-0.2032));
#16621=DIRECTION('',(1.0,0.0,0.0));
#16622=DIRECTION('',(0.0,0.0,-1.0));
#16623=DIRECTION('',(0.0,0.0,1.0));
#16624=DIRECTION('',(1.0,0.0,0.0));
#16625=DIRECTION('',(0.0,0.0,1.0));
#16626=CARTESIAN_POINT('',(-1.5875,-2.413,-0.2032));
#16627=DIRECTION('',(1.0,0.0,0.0));
#16628=DIRECTION('',(0.0,0.0,-1.0));
#16629=DIRECTION('',(0.0,1.0,0.0));
#16630=DIRECTION('',(0.0,0.0,-1.0));
#16631=DIRECTION('',(0.0,-1.0,0.0));
#16632=CARTESIAN_POINT('',(-1.5875,-2.413,-0.2032));
#16633=DIRECTION('',(-1.0,0.0,0.0));
#16634=DIRECTION('',(0.0,1.0,0.0));
#16635=DIRECTION('',(0.0,0.0,1.0));
#16636=DIRECTION('',(0.0,1.0,0.0));
#16637=DIRECTION('',(0.0,0.258819045102493,0.965925826289076));
#16638=DIRECTION('',(1.0,0.0,0.0));
#16639=DIRECTION('',(1.0,0.0,0.0));
#16640=DIRECTION('',(1.0,0.0,0.0));
#16641=DIRECTION('',(1.0,0.0,0.0));
#16642=DIRECTION('',(0.0,-0.258819045102493,-0.965925826289076));
#16643=DIRECTION('',(-1.0,0.0,0.0));
#16644=DIRECTION('',(0.0,-0.258819045102493,-0.965925826289076));
#16645=DIRECTION('',(-1.0,0.0,0.0));
#16646=DIRECTION('',(0.0,0.0,-1.0));
#16647=DIRECTION('',(-1.0,0.0,0.0));
#16648=DIRECTION('',(0.0,0.0,-1.0));
#16649=DIRECTION('',(0.0,-0.965925826289075,0.258819045102493));
#16650=DIRECTION('',(0.0,0.258819045102493,0.965925826289076));
#16651=DIRECTION('',(-1.0,0.0,0.0));
#16652=DIRECTION('',(0.0,0.258819045102493,0.965925826289076));
#16653=DIRECTION('',(0.0,-0.965925826289075,0.258819045102493));
#16654=DIRECTION('',(0.0,-1.0,0.0));
#16655=DIRECTION('',(0.0,0.0,1.0));
#16656=DIRECTION('',(0.0,-1.0,0.0));
#16657=DIRECTION('',(0.0,-0.64018439966448,0.768221279597376));
#16658=DIRECTION('',(-0.539163866017206,-0.539163866017206,0.646996639220607));
#16659=DIRECTION('',(0.539163866017206,-0.539163866017206,0.646996639220607));
#16660=DIRECTION('',(-0.539163866017206,0.539163866017206,0.646996639220607));
#16661=DIRECTION('',(-1.0,0.0,0.0));
#16662=DIRECTION('',(0.539163866017206,0.539163866017206,0.646996639220607));
#16663=DIRECTION('',(0.0,1.0,0.0));
#16664=DIRECTION('',(0.0,0.0,1.0));
#16665=DIRECTION('',(0.0,-0.999999755061329,-0.00069991233950552));
#16666=DIRECTION('',(0.0,0.0,1.0));
#16667=DIRECTION('',(0.0,1.0,0.0));
#16668=DIRECTION('',(0.0,-0.64018439966448,0.768221279597376));
#16669=DIRECTION('',(0.0,0.0,1.0));
#16670=DIRECTION('',(1.0,0.0,0.0));
#16671=DIRECTION('',(0.0,0.0,1.0));
#16672=DIRECTION('',(0.999999977955512,0.0,0.000209973748651403));
#16673=DIRECTION('',(0.0,1.0,0.0));
#16674=DIRECTION('',(-1.0,0.0,0.0));
#16675=DIRECTION('',(0.0,-1.0,0.0));
#16676=DIRECTION('',(0.999999448888242,0.0,-0.00104986818781704));
#16677=DIRECTION('',(0.0,0.999999755061329,0.00069991233950552));
#16678=DIRECTION('',(-1.0,0.0,0.0));
#16679=DIRECTION('',(0.0,0.0,-1.0));
#16680=DIRECTION('',(1.0,0.0,0.0));
#16681=DIRECTION('',(0.0,0.0,-1.0));
#16682=DIRECTION('',(0.0,0.0,-1.0));
#16683=DIRECTION('',(-1.0,0.0,0.0));
#16684=DIRECTION('',(0.0,0.0,1.0));
#16685=DIRECTION('',(-1.0,0.0,0.0));
#16686=DIRECTION('',(0.0,0.0,-1.0));
#16687=CARTESIAN_POINT('',(-3.4925,-2.413,-0.2032));
#16688=DIRECTION('',(-1.0,0.0,0.0));
#16689=DIRECTION('',(0.0,1.0,0.0));
#16690=DIRECTION('',(0.0,-1.0,0.0));
#16691=DIRECTION('',(0.0,0.0,-1.0));
#16692=DIRECTION('',(0.0,1.0,0.0));
#16693=CARTESIAN_POINT('',(-3.4925,-2.413,-0.2032));
#16694=DIRECTION('',(1.0,0.0,0.0));
#16695=DIRECTION('',(0.0,0.0,-1.0));
#16696=DIRECTION('',(0.0,0.0,1.0));
#16697=DIRECTION('',(1.0,0.0,0.0));
#16698=DIRECTION('',(0.0,0.0,1.0));
#16699=CARTESIAN_POINT('',(-4.1275,-2.413,-0.2032));
#16700=DIRECTION('',(1.0,0.0,0.0));
#16701=DIRECTION('',(0.0,0.0,-1.0));
#16702=DIRECTION('',(0.0,1.0,0.0));
#16703=DIRECTION('',(0.0,0.0,-1.0));
#16704=DIRECTION('',(0.0,-1.0,0.0));
#16705=CARTESIAN_POINT('',(-4.1275,-2.413,-0.2032));
#16706=DIRECTION('',(-1.0,0.0,0.0));
#16707=DIRECTION('',(0.0,1.0,0.0));
#16708=DIRECTION('',(0.0,0.0,1.0));
#16709=DIRECTION('',(0.0,1.0,0.0));
#16710=DIRECTION('',(0.0,0.258819045102493,0.965925826289076));
#16711=DIRECTION('',(1.0,0.0,0.0));
#16712=DIRECTION('',(1.0,0.0,0.0));
#16713=DIRECTION('',(1.0,0.0,0.0));
#16714=DIRECTION('',(1.0,0.0,0.0));
#16715=DIRECTION('',(0.0,-0.258819045102493,-0.965925826289076));
#16716=DIRECTION('',(-1.0,0.0,0.0));
#16717=DIRECTION('',(0.0,-0.258819045102493,-0.965925826289076));
#16718=DIRECTION('',(-1.0,0.0,0.0));
#16719=DIRECTION('',(0.0,0.0,-1.0));
#16720=DIRECTION('',(-1.0,0.0,0.0));
#16721=DIRECTION('',(0.0,0.0,-1.0));
#16722=DIRECTION('',(0.0,-0.965925826289075,0.258819045102493));
#16723=DIRECTION('',(0.0,0.258819045102493,0.965925826289076));
#16724=DIRECTION('',(-1.0,0.0,0.0));
#16725=DIRECTION('',(0.0,0.258819045102493,0.965925826289076));
#16726=DIRECTION('',(0.0,-0.965925826289075,0.258819045102493));
#16727=DIRECTION('',(0.0,-1.0,0.0));
#16728=DIRECTION('',(0.0,0.0,1.0));
#16729=DIRECTION('',(0.0,-1.0,0.0));
#16730=DIRECTION('',(0.0,-0.64018439966448,0.768221279597376));
#16731=DIRECTION('',(-0.539163866017206,-0.539163866017206,0.646996639220607));
#16732=DIRECTION('',(0.539163866017206,-0.539163866017206,0.646996639220607));
#16733=DIRECTION('',(-0.539163866017206,0.539163866017206,0.646996639220607));
#16734=DIRECTION('',(-1.0,0.0,0.0));
#16735=DIRECTION('',(0.539163866017206,0.539163866017206,0.646996639220607));
#16736=DIRECTION('',(0.0,1.0,0.0));
#16737=DIRECTION('',(0.0,0.0,1.0));
#16738=DIRECTION('',(0.0,-0.999999755061329,-0.00069991233950552));
#16739=DIRECTION('',(0.0,0.0,1.0));
#16740=DIRECTION('',(0.0,1.0,0.0));
#16741=DIRECTION('',(0.0,-0.64018439966448,0.768221279597376));
#16742=DIRECTION('',(0.0,0.0,1.0));
#16743=DIRECTION('',(1.0,0.0,0.0));
#16744=DIRECTION('',(0.0,0.0,1.0));
#16745=DIRECTION('',(0.999999977955512,0.0,0.000209973748651403));
#16746=DIRECTION('',(0.0,1.0,0.0));
#16747=DIRECTION('',(-1.0,0.0,0.0));
#16748=DIRECTION('',(0.0,-1.0,0.0));
#16749=DIRECTION('',(0.999999448888242,0.0,-0.00104986818781704));
#16750=DIRECTION('',(0.0,0.999999755061329,0.00069991233950552));
#16751=DIRECTION('',(-1.0,0.0,0.0));
#16752=DIRECTION('',(0.0,0.0,-1.0));
#16753=DIRECTION('',(1.0,0.0,0.0));
#16754=DIRECTION('',(0.0,0.0,-1.0));
#16755=DIRECTION('',(0.0,0.0,-1.0));
#16756=DIRECTION('',(-1.0,0.0,0.0));
#16757=DIRECTION('',(0.0,0.0,1.0));
#16758=DIRECTION('',(-1.0,0.0,0.0));
#16759=DIRECTION('',(0.0,0.0,-1.0));
#16760=CARTESIAN_POINT('',(-6.0325,-2.413,-0.2032));
#16761=DIRECTION('',(-1.0,0.0,0.0));
#16762=DIRECTION('',(0.0,1.0,0.0));
#16763=DIRECTION('',(0.0,-1.0,0.0));
#16764=DIRECTION('',(0.0,0.0,-1.0));
#16765=DIRECTION('',(0.0,1.0,0.0));
#16766=CARTESIAN_POINT('',(-6.0325,-2.413,-0.2032));
#16767=DIRECTION('',(1.0,0.0,0.0));
#16768=DIRECTION('',(0.0,0.0,-1.0));
#16769=DIRECTION('',(0.0,0.0,1.0));
#16770=DIRECTION('',(1.0,0.0,0.0));
#16771=DIRECTION('',(0.0,0.0,1.0));
#16772=CARTESIAN_POINT('',(-6.6675,-2.413,-0.2032));
#16773=DIRECTION('',(1.0,0.0,0.0));
#16774=DIRECTION('',(0.0,0.0,-1.0));
#16775=DIRECTION('',(0.0,1.0,0.0));
#16776=DIRECTION('',(0.0,0.0,-1.0));
#16777=DIRECTION('',(0.0,-1.0,0.0));
#16778=CARTESIAN_POINT('',(-6.6675,-2.413,-0.2032));
#16779=DIRECTION('',(-1.0,0.0,0.0));
#16780=DIRECTION('',(0.0,1.0,0.0));
#16781=DIRECTION('',(0.0,0.0,1.0));
#16782=DIRECTION('',(0.0,1.0,0.0));
#16783=DIRECTION('',(0.0,0.258819045102493,0.965925826289076));
#16784=DIRECTION('',(1.0,0.0,0.0));
#16785=DIRECTION('',(1.0,0.0,0.0));
#16786=DIRECTION('',(1.0,0.0,0.0));
#16787=DIRECTION('',(1.0,0.0,0.0));
#16788=DIRECTION('',(0.0,-0.258819045102493,-0.965925826289076));
#16789=DIRECTION('',(-1.0,0.0,0.0));
#16790=DIRECTION('',(0.0,-0.258819045102493,-0.965925826289076));
#16791=DIRECTION('',(-1.0,0.0,0.0));
#16792=DIRECTION('',(0.0,0.0,-1.0));
#16793=DIRECTION('',(-1.0,0.0,0.0));
#16794=DIRECTION('',(0.0,0.0,-1.0));
#16795=DIRECTION('',(0.0,-0.965925826289075,0.258819045102493));
#16796=DIRECTION('',(0.0,0.258819045102493,0.965925826289076));
#16797=DIRECTION('',(-1.0,0.0,0.0));
#16798=DIRECTION('',(0.0,0.258819045102493,0.965925826289076));
#16799=DIRECTION('',(0.0,-0.965925826289075,0.258819045102493));
#16800=DIRECTION('',(0.0,-1.0,0.0));
#16801=DIRECTION('',(0.0,0.0,1.0));
#16802=DIRECTION('',(0.0,-1.0,0.0));
#16803=DIRECTION('',(0.0,-0.64018439966448,0.768221279597376));
#16804=DIRECTION('',(-0.539163866017206,-0.539163866017206,0.646996639220607));
#16805=DIRECTION('',(0.539163866017206,-0.539163866017206,0.646996639220607));
#16806=DIRECTION('',(-0.539163866017206,0.539163866017206,0.646996639220607));
#16807=DIRECTION('',(-1.0,0.0,0.0));
#16808=DIRECTION('',(0.539163866017206,0.539163866017206,0.646996639220607));
#16809=DIRECTION('',(0.0,1.0,0.0));
#16810=DIRECTION('',(0.0,0.0,1.0));
#16811=DIRECTION('',(0.0,1.0,0.0));
#16812=DIRECTION('',(0.0,-0.64018439966448,0.768221279597376));
#16813=DIRECTION('',(0.0,0.0,1.0));
#16814=DIRECTION('',(0.0,-0.999999755061329,-0.00069991233950552));
#16815=DIRECTION('',(0.0,0.0,1.0));
#16816=DIRECTION('',(0.0,0.0,-1.0));
#16817=DIRECTION('',(1.0,0.0,0.0));
#16818=DIRECTION('',(0.0,0.0,-1.0));
#16819=DIRECTION('',(0.0,0.0,-1.0));
#16820=DIRECTION('',(-1.0,0.0,0.0));
#16821=DIRECTION('',(-1.0,0.0,0.0));
#16822=DIRECTION('',(0.0,0.0,1.0));
#16823=DIRECTION('',(-1.0,0.0,0.0));
#16824=DIRECTION('',(0.0,0.0,-1.0));
#16825=CARTESIAN_POINT('',(-8.5725,-2.413,-0.2032));
#16826=DIRECTION('',(-1.0,0.0,0.0));
#16827=DIRECTION('',(0.0,1.0,0.0));
#16828=DIRECTION('',(0.0,-1.0,0.0));
#16829=DIRECTION('',(0.0,0.0,-1.0));
#16830=DIRECTION('',(0.0,1.0,0.0));
#16831=CARTESIAN_POINT('',(-8.5725,-2.413,-0.2032));
#16832=DIRECTION('',(1.0,0.0,0.0));
#16833=DIRECTION('',(0.0,0.0,-1.0));
#16834=DIRECTION('',(0.0,0.0,1.0));
#16835=DIRECTION('',(1.0,0.0,0.0));
#16836=DIRECTION('',(0.0,0.0,1.0));
#16837=CARTESIAN_POINT('',(-9.2075,-2.413,-0.2032));
#16838=DIRECTION('',(1.0,0.0,0.0));
#16839=DIRECTION('',(0.0,0.0,-1.0));
#16840=DIRECTION('',(0.0,1.0,0.0));
#16841=DIRECTION('',(0.0,0.0,-1.0));
#16842=DIRECTION('',(0.0,-1.0,0.0));
#16843=CARTESIAN_POINT('',(-9.2075,-2.413,-0.2032));
#16844=DIRECTION('',(-1.0,0.0,0.0));
#16845=DIRECTION('',(0.0,1.0,0.0));
#16846=DIRECTION('',(0.0,0.0,1.0));
#16847=DIRECTION('',(0.0,1.0,0.0));
#16848=DIRECTION('',(0.0,0.258819045102493,0.965925826289076));
#16849=DIRECTION('',(1.0,0.0,0.0));
#16850=DIRECTION('',(1.0,0.0,0.0));
#16851=DIRECTION('',(1.0,0.0,0.0));
#16852=DIRECTION('',(1.0,0.0,0.0));
#16853=DIRECTION('',(0.0,-0.258819045102493,-0.965925826289076));
#16854=DIRECTION('',(-1.0,0.0,0.0));
#16855=DIRECTION('',(0.0,-0.258819045102493,-0.965925826289076));
#16856=DIRECTION('',(-1.0,0.0,0.0));
#16857=DIRECTION('',(0.999999448888242,0.0,-0.00104986818781704));
#16858=DIRECTION('',(0.0,0.0,-1.0));
#16859=DIRECTION('',(-1.0,0.0,0.0));
#16860=DIRECTION('',(0.0,0.0,-1.0));
#16861=DIRECTION('',(0.0,-0.965925826289075,0.258819045102493));
#16862=DIRECTION('',(0.0,0.258819045102493,0.965925826289076));
#16863=DIRECTION('',(0.0,0.999999755061329,0.00069991233950552));
#16864=DIRECTION('',(0.999999977955512,0.0,0.000209973748651403));
#16865=DIRECTION('',(0.0,1.0,0.0));
#16866=DIRECTION('',(-1.0,0.0,0.0));
#16867=DIRECTION('',(0.0,-1.0,0.0));
#16868=DIRECTION('',(0.0,0.0,1.0));
#16869=DIRECTION('',(0.0,-1.0,0.0));
#16870=DIRECTION('',(0.0,-0.64018439966448,0.768221279597376));
#16871=DIRECTION('',(0.0,-1.0,0.0));
#16872=DIRECTION('',(-0.539163866017206,-0.539163866017206,0.646996639220607));
#16873=DIRECTION('',(0.539163866017206,-0.539163866017206,0.646996639220607));
#16874=DIRECTION('',(1.0,0.0,0.0));
#16875=DIRECTION('',(-0.539163866017206,0.539163866017206,0.646996639220607));
#16876=DIRECTION('',(-1.0,0.0,0.0));
#16877=DIRECTION('',(0.539163866017206,0.539163866017206,0.646996639220607));
#16878=DIRECTION('',(0.0,1.0,0.0));
#16879=DIRECTION('',(0.0,0.0,1.0));
#16880=DIRECTION('',(0.0,0.0,1.0));
#16881=DIRECTION('',(-1.0,0.0,0.0));
#16882=DIRECTION('',(0.0,0.258819045102493,0.965925826289076));
#16883=DIRECTION('',(0.0,-0.965925826289075,0.258819045102493));
ENDSEC;
END-ISO-10303-21;
