ISO-10303-21;
HEADER;
FILE_DESCRIPTION(('KiCad electronic assembly'),'2;1');
FILE_NAME('RealQuadcellAmp.step','2025-11-12T21:42:40',('Pcbnew'),(
    'Kicad'),'Open CASCADE STEP processor 7.8','KiCad to STEP converter'
  ,'Unknown');
FILE_SCHEMA(('AUTOMOTIVE_DESIGN { 1 0 10303 214 1 1 1 1 }'));
ENDSEC;
DATA;
#1 = APPLICATION_PROTOCOL_DEFINITION('international standard',
  'automotive_design',2000,#2);
#2 = APPLICATION_CONTEXT(
  'core data for automotive mechanical design processes');
#3 = SHAPE_DEFINITION_REPRESENTATION(#4,#10);
#4 = PRODUCT_DEFINITION_SHAPE('','',#5);
#5 = PRODUCT_DEFINITION('design','',#6,#9);
#6 = PRODUCT_DEFINITION_FORMATION('','',#7);
#7 = PRODUCT('RealQuadcellAmp 1','RealQuadcellAmp 1','',(#8));
#8 = PRODUCT_CONTEXT('',#2,'mechanical');
#9 = PRODUCT_DEFINITION_CONTEXT('part definition',#2,'design');
#10 = SHAPE_REPRESENTATION('',(#11,#15,#19,#23,#27,#31,#35,#39,#43,#47,
    #51,#55,#59,#63,#67,#71,#75,#79,#83,#87,#91,#95,#99,#103,#107,#111,
    #115,#119,#123,#127,#131,#135,#139,#143,#147,#151,#155,#159,#163,
    #167,#171,#175,#179,#183,#187),#191);
#11 = AXIS2_PLACEMENT_3D('',#12,#13,#14);
#12 = CARTESIAN_POINT('',(0.,0.,0.));
#13 = DIRECTION('',(0.,0.,1.));
#14 = DIRECTION('',(1.,0.,-0.));
#15 = AXIS2_PLACEMENT_3D('',#16,#17,#18);
#16 = CARTESIAN_POINT('',(123.8,-87.4,1.65));
#17 = DIRECTION('',(0.,0.,1.));
#18 = DIRECTION('',(1.,0.,0.));
#19 = AXIS2_PLACEMENT_3D('',#20,#21,#22);
#20 = CARTESIAN_POINT('',(141.115,-57.7625,1.65));
#21 = DIRECTION('',(0.,0.,1.));
#22 = DIRECTION('',(1.,0.,0.));
#23 = AXIS2_PLACEMENT_3D('',#24,#25,#26);
#24 = CARTESIAN_POINT('',(121.4,-57.,1.65));
#25 = DIRECTION('',(0.,0.,1.));
#26 = DIRECTION('',(1.,0.,0.));
#27 = AXIS2_PLACEMENT_3D('',#28,#29,#30);
#28 = CARTESIAN_POINT('',(141.115,-71.2625,1.65));
#29 = DIRECTION('',(0.,0.,1.));
#30 = DIRECTION('',(1.,0.,0.));
#31 = AXIS2_PLACEMENT_3D('',#32,#33,#34);
#32 = CARTESIAN_POINT('',(148.6125,-102.9875,1.65));
#33 = DIRECTION('',(0.,0.,1.));
#34 = DIRECTION('',(1.,0.,0.));
#35 = AXIS2_PLACEMENT_3D('',#36,#37,#38);
#36 = CARTESIAN_POINT('',(134.8,-74.52,1.65));
#37 = DIRECTION('',(0.,0.,1.));
#38 = DIRECTION('',(1.,0.,0.));
#39 = AXIS2_PLACEMENT_3D('',#40,#41,#42);
#40 = CARTESIAN_POINT('',(119.4,-71.0625,1.65));
#41 = DIRECTION('',(0.,0.,1.));
#42 = DIRECTION('',(-1.,1.224646799147E-16,0.));
#43 = AXIS2_PLACEMENT_3D('',#44,#45,#46);
#44 = CARTESIAN_POINT('',(106.,-52.5375,1.65));
#45 = DIRECTION('',(0.,-0.,1.));
#46 = DIRECTION('',(1.110223024625E-16,1.,0.));
#47 = AXIS2_PLACEMENT_3D('',#48,#49,#50);
#48 = CARTESIAN_POINT('',(141.115,-53.2625,1.65));
#49 = DIRECTION('',(0.,0.,1.));
#50 = DIRECTION('',(1.,0.,0.));
#51 = AXIS2_PLACEMENT_3D('',#52,#53,#54);
#52 = CARTESIAN_POINT('',(141.115,-76.2625,1.65));
#53 = DIRECTION('',(0.,0.,1.));
#54 = DIRECTION('',(-1.,1.224646799147E-16,0.));
#55 = AXIS2_PLACEMENT_3D('',#56,#57,#58);
#56 = CARTESIAN_POINT('',(128.6,-84.8,1.65));
#57 = DIRECTION('',(0.,0.,1.));
#58 = DIRECTION('',(1.,0.,0.));
#59 = AXIS2_PLACEMENT_3D('',#60,#61,#62);
#60 = CARTESIAN_POINT('',(148.6125,-93.4875,1.65));
#61 = DIRECTION('',(0.,0.,1.));
#62 = DIRECTION('',(1.,0.,0.));
#63 = AXIS2_PLACEMENT_3D('',#64,#65,#66);
#64 = CARTESIAN_POINT('',(141.81,-86.0675,1.65));
#65 = DIRECTION('',(0.,0.,1.));
#66 = DIRECTION('',(-1.,1.224646799147E-16,0.));
#67 = AXIS2_PLACEMENT_3D('',#68,#69,#70);
#68 = CARTESIAN_POINT('',(125.8,-57.,1.65));
#69 = DIRECTION('',(0.,0.,1.));
#70 = DIRECTION('',(1.,0.,0.));
#71 = AXIS2_PLACEMENT_3D('',#72,#73,#74);
#72 = CARTESIAN_POINT('',(141.,-64.,1.65));
#73 = DIRECTION('',(-0.,0.,1.));
#74 = DIRECTION('',(1.110223024625E-16,-1.,0.));
#75 = AXIS2_PLACEMENT_3D('',#76,#77,#78);
#76 = CARTESIAN_POINT('',(131.3,-99.825,1.65));
#77 = DIRECTION('',(0.,0.,1.));
#78 = DIRECTION('',(1.,0.,0.));
#79 = AXIS2_PLACEMENT_3D('',#80,#81,#82);
#80 = CARTESIAN_POINT('',(123.8,-71.,1.65));
#81 = DIRECTION('',(0.,0.,1.));
#82 = DIRECTION('',(1.,0.,0.));
#83 = AXIS2_PLACEMENT_3D('',#84,#85,#86);
#84 = CARTESIAN_POINT('',(120.635,-63.325,1.65));
#85 = DIRECTION('',(-0.,0.,1.));
#86 = DIRECTION('',(1.110223024625E-16,-1.,0.));
#87 = AXIS2_PLACEMENT_3D('',#88,#89,#90);
#88 = CARTESIAN_POINT('',(120.165,-93.275,1.65));
#89 = DIRECTION('',(-0.,0.,1.));
#90 = DIRECTION('',(1.110223024625E-16,-1.,0.));
#91 = AXIS2_PLACEMENT_3D('',#92,#93,#94);
#92 = CARTESIAN_POINT('',(127.8,-68.,1.65));
#93 = DIRECTION('',(0.,0.,1.));
#94 = DIRECTION('',(1.,0.,0.));
#95 = AXIS2_PLACEMENT_3D('',#96,#97,#98);
#96 = CARTESIAN_POINT('',(119.3625,-74.2,1.65));
#97 = DIRECTION('',(0.,0.,1.));
#98 = DIRECTION('',(1.,0.,0.));
#99 = AXIS2_PLACEMENT_3D('',#100,#101,#102);
#100 = CARTESIAN_POINT('',(119.4,-81.4,1.65));
#101 = DIRECTION('',(0.,0.,1.));
#102 = DIRECTION('',(-1.,1.224646799147E-16,0.));
#103 = AXIS2_PLACEMENT_3D('',#104,#105,#106);
#104 = CARTESIAN_POINT('',(141.295,-95.725,1.65));
#105 = DIRECTION('',(-0.,0.,1.));
#106 = DIRECTION('',(1.110223024625E-16,-1.,0.));
#107 = AXIS2_PLACEMENT_3D('',#108,#109,#110);
#108 = CARTESIAN_POINT('',(101.325,-64.765,1.65));
#109 = DIRECTION('',(0.,0.,1.));
#110 = DIRECTION('',(-1.,1.224646799147E-16,0.));
#111 = AXIS2_PLACEMENT_3D('',#112,#113,#114);
#112 = CARTESIAN_POINT('',(141.81,-90.5675,1.65));
#113 = DIRECTION('',(0.,0.,1.));
#114 = DIRECTION('',(1.,0.,0.));
#115 = AXIS2_PLACEMENT_3D('',#116,#117,#118);
#116 = CARTESIAN_POINT('',(125.8,-53.4,1.65));
#117 = DIRECTION('',(0.,0.,1.));
#118 = DIRECTION('',(1.,0.,0.));
#119 = AXIS2_PLACEMENT_3D('',#120,#121,#122);
#120 = CARTESIAN_POINT('',(125.3625,-103.2,1.65));
#121 = DIRECTION('',(0.,0.,1.));
#122 = DIRECTION('',(1.,0.,0.));
#123 = AXIS2_PLACEMENT_3D('',#124,#125,#126);
#124 = CARTESIAN_POINT('',(148.6125,-61.4875,1.65));
#125 = DIRECTION('',(0.,0.,1.));
#126 = DIRECTION('',(1.,0.,0.));
#127 = AXIS2_PLACEMENT_3D('',#128,#129,#130);
#128 = CARTESIAN_POINT('',(141.81,-109.0675,1.65));
#129 = DIRECTION('',(0.,0.,1.));
#130 = DIRECTION('',(1.,0.,0.));
#131 = AXIS2_PLACEMENT_3D('',#132,#133,#134);
#132 = CARTESIAN_POINT('',(123.8375,-84.8,1.65));
#133 = DIRECTION('',(0.,0.,1.));
#134 = DIRECTION('',(1.,0.,0.));
#135 = AXIS2_PLACEMENT_3D('',#136,#137,#138);
#136 = CARTESIAN_POINT('',(119.9,-98.8875,1.65));
#137 = DIRECTION('',(0.,0.,1.));
#138 = DIRECTION('',(1.,0.,0.));
#139 = AXIS2_PLACEMENT_3D('',#140,#141,#142);
#140 = CARTESIAN_POINT('',(148.6125,-70.9875,1.65));
#141 = DIRECTION('',(0.,0.,1.));
#142 = DIRECTION('',(1.,0.,0.));
#143 = AXIS2_PLACEMENT_3D('',#144,#145,#146);
#144 = CARTESIAN_POINT('',(125.3,-99.825,1.65));
#145 = DIRECTION('',(0.,0.,1.));
#146 = DIRECTION('',(1.,0.,0.));
#147 = AXIS2_PLACEMENT_3D('',#148,#149,#150);
#148 = CARTESIAN_POINT('',(119.4,-84.8,1.65));
#149 = DIRECTION('',(0.,0.,1.));
#150 = DIRECTION('',(1.,0.,0.));
#151 = AXIS2_PLACEMENT_3D('',#152,#153,#154);
#152 = CARTESIAN_POINT('',(121.4,-53.4,1.65));
#153 = DIRECTION('',(0.,0.,1.));
#154 = DIRECTION('',(1.,0.,0.));
#155 = AXIS2_PLACEMENT_3D('',#156,#157,#158);
#156 = CARTESIAN_POINT('',(141.81,-104.0675,1.65));
#157 = DIRECTION('',(0.,0.,1.));
#158 = DIRECTION('',(1.,0.,0.));
#159 = AXIS2_PLACEMENT_3D('',#160,#161,#162);
#160 = CARTESIAN_POINT('',(106.2,-56.644888,1.65));
#161 = DIRECTION('',(-0.,0.,1.));
#162 = DIRECTION('',(1.110223024625E-16,-1.,0.));
#163 = AXIS2_PLACEMENT_3D('',#164,#165,#166);
#164 = CARTESIAN_POINT('',(119.8625,-102.3875,1.65));
#165 = DIRECTION('',(0.,0.,1.));
#166 = DIRECTION('',(1.,0.,0.));
#167 = AXIS2_PLACEMENT_3D('',#168,#169,#170);
#168 = CARTESIAN_POINT('',(153.5375,-76.6575,1.65));
#169 = DIRECTION('',(0.,0.,1.));
#170 = DIRECTION('',(1.,0.,0.));
#171 = AXIS2_PLACEMENT_3D('',#172,#173,#174);
#172 = CARTESIAN_POINT('',(101.5,-52.5,1.65));
#173 = DIRECTION('',(0.,-0.,1.));
#174 = DIRECTION('',(1.110223024625E-16,1.,0.));
#175 = AXIS2_PLACEMENT_3D('',#176,#177,#178);
#176 = CARTESIAN_POINT('',(130.2,-53.4,1.65));
#177 = DIRECTION('',(0.,0.,1.));
#178 = DIRECTION('',(1.,0.,0.));
#179 = AXIS2_PLACEMENT_3D('',#180,#181,#182);
#180 = CARTESIAN_POINT('',(123.7625,-74.2,1.65));
#181 = DIRECTION('',(0.,0.,1.));
#182 = DIRECTION('',(1.,0.,0.));
#183 = AXIS2_PLACEMENT_3D('',#184,#185,#186);
#184 = CARTESIAN_POINT('',(101.4,-57.4,1.65));
#185 = DIRECTION('',(-0.,0.,1.));
#186 = DIRECTION('',(1.110223024625E-16,-1.,0.));
#187 = AXIS2_PLACEMENT_3D('',#188,#189,#190);
#188 = CARTESIAN_POINT('',(0.,0.,0.));
#189 = DIRECTION('',(0.,0.,1.));
#190 = DIRECTION('',(1.,0.,-0.));
#191 = ( GEOMETRIC_REPRESENTATION_CONTEXT(3) 
GLOBAL_UNCERTAINTY_ASSIGNED_CONTEXT((#195)) GLOBAL_UNIT_ASSIGNED_CONTEXT
((#192,#193,#194)) REPRESENTATION_CONTEXT('Context #1',
  '3D Context with UNIT and UNCERTAINTY') );
#192 = ( LENGTH_UNIT() NAMED_UNIT(*) SI_UNIT(.MILLI.,.METRE.) );
#193 = ( NAMED_UNIT(*) PLANE_ANGLE_UNIT() SI_UNIT($,.RADIAN.) );
#194 = ( NAMED_UNIT(*) SI_UNIT($,.STERADIAN.) SOLID_ANGLE_UNIT() );
#195 = UNCERTAINTY_MEASURE_WITH_UNIT(LENGTH_MEASURE(1.E-06),#192,
  'distance_accuracy_value','confusion accuracy');
#196 = PRODUCT_RELATED_PRODUCT_CATEGORY('part',$,(#7));
#197 = SHAPE_DEFINITION_REPRESENTATION(#198,#204);
#198 = PRODUCT_DEFINITION_SHAPE('','',#199);
#199 = PRODUCT_DEFINITION('design','',#200,#203);
#200 = PRODUCT_DEFINITION_FORMATION('','',#201);
#201 = PRODUCT('R_0805_2012Metric','R_0805_2012Metric','',(#202));
#202 = PRODUCT_CONTEXT('',#2,'mechanical');
#203 = PRODUCT_DEFINITION_CONTEXT('part definition',#2,'design');
#204 = SHAPE_REPRESENTATION('',(#11,#205),#209);
#205 = AXIS2_PLACEMENT_3D('',#206,#207,#208);
#206 = CARTESIAN_POINT('',(0.,0.,0.));
#207 = DIRECTION('',(0.,0.,1.));
#208 = DIRECTION('',(1.,0.,-0.));
#209 = ( GEOMETRIC_REPRESENTATION_CONTEXT(3) 
GLOBAL_UNCERTAINTY_ASSIGNED_CONTEXT((#213)) GLOBAL_UNIT_ASSIGNED_CONTEXT
((#210,#211,#212)) REPRESENTATION_CONTEXT('Context #1',
  '3D Context with UNIT and UNCERTAINTY') );
#210 = ( LENGTH_UNIT() NAMED_UNIT(*) SI_UNIT(.MILLI.,.METRE.) );
#211 = ( NAMED_UNIT(*) PLANE_ANGLE_UNIT() SI_UNIT($,.RADIAN.) );
#212 = ( NAMED_UNIT(*) SI_UNIT($,.STERADIAN.) SOLID_ANGLE_UNIT() );
#213 = UNCERTAINTY_MEASURE_WITH_UNIT(LENGTH_MEASURE(1.E-07),#210,
  'distance_accuracy_value','confusion accuracy');
#214 = CONTEXT_DEPENDENT_SHAPE_REPRESENTATION(#215,#217);
#215 = ( REPRESENTATION_RELATIONSHIP('','',#204,#10) 
REPRESENTATION_RELATIONSHIP_WITH_TRANSFORMATION(#216) 
SHAPE_REPRESENTATION_RELATIONSHIP() );
#216 = ITEM_DEFINED_TRANSFORMATION('','',#11,#15);
#217 = PRODUCT_DEFINITION_SHAPE('Placement','Placement of an item',#218
  );
#218 = NEXT_ASSEMBLY_USAGE_OCCURRENCE('2','R9','',#5,#199,$);
#219 = PRODUCT_RELATED_PRODUCT_CATEGORY('part',$,(#201));
#220 = SHAPE_DEFINITION_REPRESENTATION(#221,#227);
#221 = PRODUCT_DEFINITION_SHAPE('','',#222);
#222 = PRODUCT_DEFINITION('design','',#223,#226);
#223 = PRODUCT_DEFINITION_FORMATION('','',#224);
#224 = PRODUCT('R_0805_2012Metric','R_0805_2012Metric','',(#225));
#225 = PRODUCT_CONTEXT('',#2,'mechanical');
#226 = PRODUCT_DEFINITION_CONTEXT('part definition',#2,'design');
#227 = ADVANCED_BREP_SHAPE_REPRESENTATION('',(#11,#228),#1018);
#228 = MANIFOLD_SOLID_BREP('',#229);
#229 = CLOSED_SHELL('',(#230,#270,#353,#378,#403,#470,#487,#504,#553,
    #570,#587,#636,#653,#722,#753,#777,#846,#870,#887,#904,#921,#938,
    #955,#972,#989,#1006));
#230 = ADVANCED_FACE('',(#231),#265,.F.);
#231 = FACE_BOUND('',#232,.F.);
#232 = EDGE_LOOP('',(#233,#243,#251,#259));
#233 = ORIENTED_EDGE('',*,*,#234,.F.);
#234 = EDGE_CURVE('',#235,#237,#239,.T.);
#235 = VERTEX_POINT('',#236);
#236 = CARTESIAN_POINT('',(-1.,-0.6,4.5E-02));
#237 = VERTEX_POINT('',#238);
#238 = CARTESIAN_POINT('',(-1.,-0.6,0.405));
#239 = LINE('',#240,#241);
#240 = CARTESIAN_POINT('',(-1.,-0.6,0.));
#241 = VECTOR('',#242,1.);
#242 = DIRECTION('',(0.,0.,1.));
#243 = ORIENTED_EDGE('',*,*,#244,.T.);
#244 = EDGE_CURVE('',#235,#245,#247,.T.);
#245 = VERTEX_POINT('',#246);
#246 = CARTESIAN_POINT('',(-1.,0.6,4.5E-02));
#247 = LINE('',#248,#249);
#248 = CARTESIAN_POINT('',(-1.,-0.6,4.5E-02));
#249 = VECTOR('',#250,1.);
#250 = DIRECTION('',(0.,1.,0.));
#251 = ORIENTED_EDGE('',*,*,#252,.T.);
#252 = EDGE_CURVE('',#245,#253,#255,.T.);
#253 = VERTEX_POINT('',#254);
#254 = CARTESIAN_POINT('',(-1.,0.6,0.405));
#255 = LINE('',#256,#257);
#256 = CARTESIAN_POINT('',(-1.,0.6,0.));
#257 = VECTOR('',#258,1.);
#258 = DIRECTION('',(0.,0.,1.));
#259 = ORIENTED_EDGE('',*,*,#260,.F.);
#260 = EDGE_CURVE('',#237,#253,#261,.T.);
#261 = LINE('',#262,#263);
#262 = CARTESIAN_POINT('',(-1.,-0.6,0.405));
#263 = VECTOR('',#264,1.);
#264 = DIRECTION('',(0.,1.,0.));
#265 = PLANE('',#266);
#266 = AXIS2_PLACEMENT_3D('',#267,#268,#269);
#267 = CARTESIAN_POINT('',(-1.,-0.6,0.));
#268 = DIRECTION('',(1.,0.,0.));
#269 = DIRECTION('',(0.,0.,1.));
#270 = ADVANCED_FACE('',(#271),#348,.F.);
#271 = FACE_BOUND('',#272,.F.);
#272 = EDGE_LOOP('',(#273,#283,#290,#291,#300,#308,#317,#325,#333,#341)
  );
#273 = ORIENTED_EDGE('',*,*,#274,.F.);
#274 = EDGE_CURVE('',#275,#277,#279,.T.);
#275 = VERTEX_POINT('',#276);
#276 = CARTESIAN_POINT('',(-0.955,-0.6,-2.775557561563E-17));
#277 = VERTEX_POINT('',#278);
#278 = CARTESIAN_POINT('',(-0.745,-0.6,-2.775557561563E-17));
#279 = LINE('',#280,#281);
#280 = CARTESIAN_POINT('',(-1.,-0.6,0.));
#281 = VECTOR('',#282,1.);
#282 = DIRECTION('',(1.,0.,0.));
#283 = ORIENTED_EDGE('',*,*,#284,.F.);
#284 = EDGE_CURVE('',#235,#275,#285,.T.);
#285 = CIRCLE('',#286,4.5E-02);
#286 = AXIS2_PLACEMENT_3D('',#287,#288,#289);
#287 = CARTESIAN_POINT('',(-0.955,-0.6,4.5E-02));
#288 = DIRECTION('',(0.,-1.,0.));
#289 = DIRECTION('',(0.,0.,1.));
#290 = ORIENTED_EDGE('',*,*,#234,.T.);
#291 = ORIENTED_EDGE('',*,*,#292,.T.);
#292 = EDGE_CURVE('',#237,#293,#295,.T.);
#293 = VERTEX_POINT('',#294);
#294 = CARTESIAN_POINT('',(-0.955,-0.6,0.45));
#295 = CIRCLE('',#296,4.5E-02);
#296 = AXIS2_PLACEMENT_3D('',#297,#298,#299);
#297 = CARTESIAN_POINT('',(-0.955,-0.6,0.405));
#298 = DIRECTION('',(0.,1.,0.));
#299 = DIRECTION('',(0.,-0.,1.));
#300 = ORIENTED_EDGE('',*,*,#301,.T.);
#301 = EDGE_CURVE('',#293,#302,#304,.T.);
#302 = VERTEX_POINT('',#303);
#303 = CARTESIAN_POINT('',(-0.745,-0.6,0.45));
#304 = LINE('',#305,#306);
#305 = CARTESIAN_POINT('',(-1.,-0.6,0.45));
#306 = VECTOR('',#307,1.);
#307 = DIRECTION('',(1.,0.,0.));
#308 = ORIENTED_EDGE('',*,*,#309,.F.);
#309 = EDGE_CURVE('',#310,#302,#312,.T.);
#310 = VERTEX_POINT('',#311);
#311 = CARTESIAN_POINT('',(-0.7,-0.6,0.405));
#312 = CIRCLE('',#313,4.5E-02);
#313 = AXIS2_PLACEMENT_3D('',#314,#315,#316);
#314 = CARTESIAN_POINT('',(-0.745,-0.6,0.405));
#315 = DIRECTION('',(0.,-1.,0.));
#316 = DIRECTION('',(0.,0.,1.));
#317 = ORIENTED_EDGE('',*,*,#318,.F.);
#318 = EDGE_CURVE('',#319,#310,#321,.T.);
#319 = VERTEX_POINT('',#320);
#320 = CARTESIAN_POINT('',(-0.955,-0.6,0.405));
#321 = LINE('',#322,#323);
#322 = CARTESIAN_POINT('',(-0.955,-0.6,0.405));
#323 = VECTOR('',#324,1.);
#324 = DIRECTION('',(1.,0.,0.));
#325 = ORIENTED_EDGE('',*,*,#326,.F.);
#326 = EDGE_CURVE('',#327,#319,#329,.T.);
#327 = VERTEX_POINT('',#328);
#328 = CARTESIAN_POINT('',(-0.955,-0.6,4.5E-02));
#329 = LINE('',#330,#331);
#330 = CARTESIAN_POINT('',(-0.955,-0.6,4.5E-02));
#331 = VECTOR('',#332,1.);
#332 = DIRECTION('',(0.,0.,1.));
#333 = ORIENTED_EDGE('',*,*,#334,.T.);
#334 = EDGE_CURVE('',#327,#335,#337,.T.);
#335 = VERTEX_POINT('',#336);
#336 = CARTESIAN_POINT('',(-0.7,-0.6,4.5E-02));
#337 = LINE('',#338,#339);
#338 = CARTESIAN_POINT('',(-0.955,-0.6,4.5E-02));
#339 = VECTOR('',#340,1.);
#340 = DIRECTION('',(1.,0.,0.));
#341 = ORIENTED_EDGE('',*,*,#342,.T.);
#342 = EDGE_CURVE('',#335,#277,#343,.T.);
#343 = CIRCLE('',#344,4.5E-02);
#344 = AXIS2_PLACEMENT_3D('',#345,#346,#347);
#345 = CARTESIAN_POINT('',(-0.745,-0.6,4.5E-02));
#346 = DIRECTION('',(0.,1.,0.));
#347 = DIRECTION('',(0.,-0.,1.));
#348 = PLANE('',#349);
#349 = AXIS2_PLACEMENT_3D('',#350,#351,#352);
#350 = CARTESIAN_POINT('',(-1.,-0.6,0.));
#351 = DIRECTION('',(0.,1.,0.));
#352 = DIRECTION('',(0.,-0.,1.));
#353 = ADVANCED_FACE('',(#354),#373,.T.);
#354 = FACE_BOUND('',#355,.T.);
#355 = EDGE_LOOP('',(#356,#357,#366,#372));
#356 = ORIENTED_EDGE('',*,*,#244,.T.);
#357 = ORIENTED_EDGE('',*,*,#358,.T.);
#358 = EDGE_CURVE('',#245,#359,#361,.T.);
#359 = VERTEX_POINT('',#360);
#360 = CARTESIAN_POINT('',(-0.955,0.6,-2.775557561563E-17));
#361 = CIRCLE('',#362,4.5E-02);
#362 = AXIS2_PLACEMENT_3D('',#363,#364,#365);
#363 = CARTESIAN_POINT('',(-0.955,0.6,4.5E-02));
#364 = DIRECTION('',(0.,-1.,0.));
#365 = DIRECTION('',(0.,0.,1.));
#366 = ORIENTED_EDGE('',*,*,#367,.F.);
#367 = EDGE_CURVE('',#275,#359,#368,.T.);
#368 = LINE('',#369,#370);
#369 = CARTESIAN_POINT('',(-0.955,-0.6,-2.775557561563E-17));
#370 = VECTOR('',#371,1.);
#371 = DIRECTION('',(0.,1.,0.));
#372 = ORIENTED_EDGE('',*,*,#284,.F.);
#373 = CYLINDRICAL_SURFACE('',#374,4.5E-02);
#374 = AXIS2_PLACEMENT_3D('',#375,#376,#377);
#375 = CARTESIAN_POINT('',(-0.955,-0.6,4.5E-02));
#376 = DIRECTION('',(0.,1.,0.));
#377 = DIRECTION('',(-1.,0.,0.));
#378 = ADVANCED_FACE('',(#379),#398,.T.);
#379 = FACE_BOUND('',#380,.T.);
#380 = EDGE_LOOP('',(#381,#382,#390,#397));
#381 = ORIENTED_EDGE('',*,*,#292,.T.);
#382 = ORIENTED_EDGE('',*,*,#383,.T.);
#383 = EDGE_CURVE('',#293,#384,#386,.T.);
#384 = VERTEX_POINT('',#385);
#385 = CARTESIAN_POINT('',(-0.955,0.6,0.45));
#386 = LINE('',#387,#388);
#387 = CARTESIAN_POINT('',(-0.955,-0.6,0.45));
#388 = VECTOR('',#389,1.);
#389 = DIRECTION('',(0.,1.,0.));
#390 = ORIENTED_EDGE('',*,*,#391,.F.);
#391 = EDGE_CURVE('',#253,#384,#392,.T.);
#392 = CIRCLE('',#393,4.5E-02);
#393 = AXIS2_PLACEMENT_3D('',#394,#395,#396);
#394 = CARTESIAN_POINT('',(-0.955,0.6,0.405));
#395 = DIRECTION('',(0.,1.,0.));
#396 = DIRECTION('',(0.,-0.,1.));
#397 = ORIENTED_EDGE('',*,*,#260,.F.);
#398 = CYLINDRICAL_SURFACE('',#399,4.5E-02);
#399 = AXIS2_PLACEMENT_3D('',#400,#401,#402);
#400 = CARTESIAN_POINT('',(-0.955,-0.6,0.405));
#401 = DIRECTION('',(0.,1.,0.));
#402 = DIRECTION('',(-1.,0.,0.));
#403 = ADVANCED_FACE('',(#404),#465,.T.);
#404 = FACE_BOUND('',#405,.T.);
#405 = EDGE_LOOP('',(#406,#414,#415,#416,#417,#425,#434,#442,#450,#458)
  );
#406 = ORIENTED_EDGE('',*,*,#407,.F.);
#407 = EDGE_CURVE('',#359,#408,#410,.T.);
#408 = VERTEX_POINT('',#409);
#409 = CARTESIAN_POINT('',(-0.745,0.6,-2.775557561563E-17));
#410 = LINE('',#411,#412);
#411 = CARTESIAN_POINT('',(-1.,0.6,0.));
#412 = VECTOR('',#413,1.);
#413 = DIRECTION('',(1.,0.,0.));
#414 = ORIENTED_EDGE('',*,*,#358,.F.);
#415 = ORIENTED_EDGE('',*,*,#252,.T.);
#416 = ORIENTED_EDGE('',*,*,#391,.T.);
#417 = ORIENTED_EDGE('',*,*,#418,.T.);
#418 = EDGE_CURVE('',#384,#419,#421,.T.);
#419 = VERTEX_POINT('',#420);
#420 = CARTESIAN_POINT('',(-0.745,0.6,0.45));
#421 = LINE('',#422,#423);
#422 = CARTESIAN_POINT('',(-1.,0.6,0.45));
#423 = VECTOR('',#424,1.);
#424 = DIRECTION('',(1.,0.,0.));
#425 = ORIENTED_EDGE('',*,*,#426,.F.);
#426 = EDGE_CURVE('',#427,#419,#429,.T.);
#427 = VERTEX_POINT('',#428);
#428 = CARTESIAN_POINT('',(-0.7,0.6,0.405));
#429 = CIRCLE('',#430,4.5E-02);
#430 = AXIS2_PLACEMENT_3D('',#431,#432,#433);
#431 = CARTESIAN_POINT('',(-0.745,0.6,0.405));
#432 = DIRECTION('',(0.,-1.,0.));
#433 = DIRECTION('',(0.,0.,1.));
#434 = ORIENTED_EDGE('',*,*,#435,.F.);
#435 = EDGE_CURVE('',#436,#427,#438,.T.);
#436 = VERTEX_POINT('',#437);
#437 = CARTESIAN_POINT('',(-0.955,0.6,0.405));
#438 = LINE('',#439,#440);
#439 = CARTESIAN_POINT('',(-0.955,0.6,0.405));
#440 = VECTOR('',#441,1.);
#441 = DIRECTION('',(1.,0.,0.));
#442 = ORIENTED_EDGE('',*,*,#443,.F.);
#443 = EDGE_CURVE('',#444,#436,#446,.T.);
#444 = VERTEX_POINT('',#445);
#445 = CARTESIAN_POINT('',(-0.955,0.6,4.5E-02));
#446 = LINE('',#447,#448);
#447 = CARTESIAN_POINT('',(-0.955,0.6,4.5E-02));
#448 = VECTOR('',#449,1.);
#449 = DIRECTION('',(0.,0.,1.));
#450 = ORIENTED_EDGE('',*,*,#451,.T.);
#451 = EDGE_CURVE('',#444,#452,#454,.T.);
#452 = VERTEX_POINT('',#453);
#453 = CARTESIAN_POINT('',(-0.7,0.6,4.5E-02));
#454 = LINE('',#455,#456);
#455 = CARTESIAN_POINT('',(-0.955,0.6,4.5E-02));
#456 = VECTOR('',#457,1.);
#457 = DIRECTION('',(1.,0.,0.));
#458 = ORIENTED_EDGE('',*,*,#459,.T.);
#459 = EDGE_CURVE('',#452,#408,#460,.T.);
#460 = CIRCLE('',#461,4.5E-02);
#461 = AXIS2_PLACEMENT_3D('',#462,#463,#464);
#462 = CARTESIAN_POINT('',(-0.745,0.6,4.5E-02));
#463 = DIRECTION('',(0.,1.,0.));
#464 = DIRECTION('',(0.,-0.,1.));
#465 = PLANE('',#466);
#466 = AXIS2_PLACEMENT_3D('',#467,#468,#469);
#467 = CARTESIAN_POINT('',(-1.,0.6,0.));
#468 = DIRECTION('',(0.,1.,0.));
#469 = DIRECTION('',(0.,-0.,1.));
#470 = ADVANCED_FACE('',(#471),#482,.F.);
#471 = FACE_BOUND('',#472,.F.);
#472 = EDGE_LOOP('',(#473,#474,#475,#476));
#473 = ORIENTED_EDGE('',*,*,#407,.F.);
#474 = ORIENTED_EDGE('',*,*,#367,.F.);
#475 = ORIENTED_EDGE('',*,*,#274,.T.);
#476 = ORIENTED_EDGE('',*,*,#477,.T.);
#477 = EDGE_CURVE('',#277,#408,#478,.T.);
#478 = LINE('',#479,#480);
#479 = CARTESIAN_POINT('',(-0.745,-0.6,-2.775557561563E-17));
#480 = VECTOR('',#481,1.);
#481 = DIRECTION('',(0.,1.,0.));
#482 = PLANE('',#483);
#483 = AXIS2_PLACEMENT_3D('',#484,#485,#486);
#484 = CARTESIAN_POINT('',(-1.,-0.6,0.));
#485 = DIRECTION('',(0.,0.,1.));
#486 = DIRECTION('',(1.,0.,-0.));
#487 = ADVANCED_FACE('',(#488),#499,.T.);
#488 = FACE_BOUND('',#489,.T.);
#489 = EDGE_LOOP('',(#490,#491,#492,#493));
#490 = ORIENTED_EDGE('',*,*,#342,.T.);
#491 = ORIENTED_EDGE('',*,*,#477,.T.);
#492 = ORIENTED_EDGE('',*,*,#459,.F.);
#493 = ORIENTED_EDGE('',*,*,#494,.F.);
#494 = EDGE_CURVE('',#335,#452,#495,.T.);
#495 = LINE('',#496,#497);
#496 = CARTESIAN_POINT('',(-0.7,-0.6,4.5E-02));
#497 = VECTOR('',#498,1.);
#498 = DIRECTION('',(0.,1.,0.));
#499 = CYLINDRICAL_SURFACE('',#500,4.5E-02);
#500 = AXIS2_PLACEMENT_3D('',#501,#502,#503);
#501 = CARTESIAN_POINT('',(-0.745,-0.6,4.5E-02));
#502 = DIRECTION('',(0.,1.,0.));
#503 = DIRECTION('',(1.,0.,0.));
#504 = ADVANCED_FACE('',(#505),#548,.F.);
#505 = FACE_BOUND('',#506,.F.);
#506 = EDGE_LOOP('',(#507,#508,#509,#510,#518,#526,#534,#542));
#507 = ORIENTED_EDGE('',*,*,#334,.F.);
#508 = ORIENTED_EDGE('',*,*,#326,.T.);
#509 = ORIENTED_EDGE('',*,*,#318,.T.);
#510 = ORIENTED_EDGE('',*,*,#511,.T.);
#511 = EDGE_CURVE('',#310,#512,#514,.T.);
#512 = VERTEX_POINT('',#513);
#513 = CARTESIAN_POINT('',(0.7,-0.6,0.405));
#514 = LINE('',#515,#516);
#515 = CARTESIAN_POINT('',(-0.7,-0.6,0.405));
#516 = VECTOR('',#517,1.);
#517 = DIRECTION('',(1.,0.,0.));
#518 = ORIENTED_EDGE('',*,*,#519,.T.);
#519 = EDGE_CURVE('',#512,#520,#522,.T.);
#520 = VERTEX_POINT('',#521);
#521 = CARTESIAN_POINT('',(0.955,-0.6,0.405));
#522 = LINE('',#523,#524);
#523 = CARTESIAN_POINT('',(-0.955,-0.6,0.405));
#524 = VECTOR('',#525,1.);
#525 = DIRECTION('',(1.,0.,0.));
#526 = ORIENTED_EDGE('',*,*,#527,.F.);
#527 = EDGE_CURVE('',#528,#520,#530,.T.);
#528 = VERTEX_POINT('',#529);
#529 = CARTESIAN_POINT('',(0.955,-0.6,4.5E-02));
#530 = LINE('',#531,#532);
#531 = CARTESIAN_POINT('',(0.955,-0.6,4.5E-02));
#532 = VECTOR('',#533,1.);
#533 = DIRECTION('',(0.,0.,1.));
#534 = ORIENTED_EDGE('',*,*,#535,.F.);
#535 = EDGE_CURVE('',#536,#528,#538,.T.);
#536 = VERTEX_POINT('',#537);
#537 = CARTESIAN_POINT('',(0.7,-0.6,4.5E-02));
#538 = LINE('',#539,#540);
#539 = CARTESIAN_POINT('',(-0.955,-0.6,4.5E-02));
#540 = VECTOR('',#541,1.);
#541 = DIRECTION('',(1.,0.,0.));
#542 = ORIENTED_EDGE('',*,*,#543,.F.);
#543 = EDGE_CURVE('',#335,#536,#544,.T.);
#544 = LINE('',#545,#546);
#545 = CARTESIAN_POINT('',(-0.955,-0.6,4.5E-02));
#546 = VECTOR('',#547,1.);
#547 = DIRECTION('',(1.,0.,0.));
#548 = PLANE('',#549);
#549 = AXIS2_PLACEMENT_3D('',#550,#551,#552);
#550 = CARTESIAN_POINT('',(-0.955,-0.6,4.5E-02));
#551 = DIRECTION('',(0.,1.,0.));
#552 = DIRECTION('',(0.,-0.,1.));
#553 = ADVANCED_FACE('',(#554),#565,.T.);
#554 = FACE_BOUND('',#555,.T.);
#555 = EDGE_LOOP('',(#556,#557,#558,#559));
#556 = ORIENTED_EDGE('',*,*,#418,.F.);
#557 = ORIENTED_EDGE('',*,*,#383,.F.);
#558 = ORIENTED_EDGE('',*,*,#301,.T.);
#559 = ORIENTED_EDGE('',*,*,#560,.T.);
#560 = EDGE_CURVE('',#302,#419,#561,.T.);
#561 = LINE('',#562,#563);
#562 = CARTESIAN_POINT('',(-0.745,-0.6,0.45));
#563 = VECTOR('',#564,1.);
#564 = DIRECTION('',(0.,1.,0.));
#565 = PLANE('',#566);
#566 = AXIS2_PLACEMENT_3D('',#567,#568,#569);
#567 = CARTESIAN_POINT('',(-1.,-0.6,0.45));
#568 = DIRECTION('',(0.,0.,1.));
#569 = DIRECTION('',(1.,0.,-0.));
#570 = ADVANCED_FACE('',(#571),#582,.T.);
#571 = FACE_BOUND('',#572,.T.);
#572 = EDGE_LOOP('',(#573,#579,#580,#581));
#573 = ORIENTED_EDGE('',*,*,#574,.T.);
#574 = EDGE_CURVE('',#310,#427,#575,.T.);
#575 = LINE('',#576,#577);
#576 = CARTESIAN_POINT('',(-0.7,-0.6,0.405));
#577 = VECTOR('',#578,1.);
#578 = DIRECTION('',(0.,1.,0.));
#579 = ORIENTED_EDGE('',*,*,#426,.T.);
#580 = ORIENTED_EDGE('',*,*,#560,.F.);
#581 = ORIENTED_EDGE('',*,*,#309,.F.);
#582 = CYLINDRICAL_SURFACE('',#583,4.5E-02);
#583 = AXIS2_PLACEMENT_3D('',#584,#585,#586);
#584 = CARTESIAN_POINT('',(-0.745,-0.6,0.405));
#585 = DIRECTION('',(0.,1.,0.));
#586 = DIRECTION('',(1.,0.,0.));
#587 = ADVANCED_FACE('',(#588),#631,.T.);
#588 = FACE_BOUND('',#589,.T.);
#589 = EDGE_LOOP('',(#590,#591,#592,#593,#601,#609,#617,#625));
#590 = ORIENTED_EDGE('',*,*,#451,.F.);
#591 = ORIENTED_EDGE('',*,*,#443,.T.);
#592 = ORIENTED_EDGE('',*,*,#435,.T.);
#593 = ORIENTED_EDGE('',*,*,#594,.T.);
#594 = EDGE_CURVE('',#427,#595,#597,.T.);
#595 = VERTEX_POINT('',#596);
#596 = CARTESIAN_POINT('',(0.7,0.6,0.405));
#597 = LINE('',#598,#599);
#598 = CARTESIAN_POINT('',(-0.7,0.6,0.405));
#599 = VECTOR('',#600,1.);
#600 = DIRECTION('',(1.,0.,0.));
#601 = ORIENTED_EDGE('',*,*,#602,.T.);
#602 = EDGE_CURVE('',#595,#603,#605,.T.);
#603 = VERTEX_POINT('',#604);
#604 = CARTESIAN_POINT('',(0.955,0.6,0.405));
#605 = LINE('',#606,#607);
#606 = CARTESIAN_POINT('',(-0.955,0.6,0.405));
#607 = VECTOR('',#608,1.);
#608 = DIRECTION('',(1.,0.,0.));
#609 = ORIENTED_EDGE('',*,*,#610,.F.);
#610 = EDGE_CURVE('',#611,#603,#613,.T.);
#611 = VERTEX_POINT('',#612);
#612 = CARTESIAN_POINT('',(0.955,0.6,4.5E-02));
#613 = LINE('',#614,#615);
#614 = CARTESIAN_POINT('',(0.955,0.6,4.5E-02));
#615 = VECTOR('',#616,1.);
#616 = DIRECTION('',(0.,0.,1.));
#617 = ORIENTED_EDGE('',*,*,#618,.F.);
#618 = EDGE_CURVE('',#619,#611,#621,.T.);
#619 = VERTEX_POINT('',#620);
#620 = CARTESIAN_POINT('',(0.7,0.6,4.5E-02));
#621 = LINE('',#622,#623);
#622 = CARTESIAN_POINT('',(-0.955,0.6,4.5E-02));
#623 = VECTOR('',#624,1.);
#624 = DIRECTION('',(1.,0.,0.));
#625 = ORIENTED_EDGE('',*,*,#626,.F.);
#626 = EDGE_CURVE('',#452,#619,#627,.T.);
#627 = LINE('',#628,#629);
#628 = CARTESIAN_POINT('',(-0.955,0.6,4.5E-02));
#629 = VECTOR('',#630,1.);
#630 = DIRECTION('',(1.,0.,0.));
#631 = PLANE('',#632);
#632 = AXIS2_PLACEMENT_3D('',#633,#634,#635);
#633 = CARTESIAN_POINT('',(-0.955,0.6,4.5E-02));
#634 = DIRECTION('',(0.,1.,0.));
#635 = DIRECTION('',(0.,-0.,1.));
#636 = ADVANCED_FACE('',(#637),#648,.F.);
#637 = FACE_BOUND('',#638,.F.);
#638 = EDGE_LOOP('',(#639,#640,#641,#647));
#639 = ORIENTED_EDGE('',*,*,#494,.F.);
#640 = ORIENTED_EDGE('',*,*,#543,.T.);
#641 = ORIENTED_EDGE('',*,*,#642,.T.);
#642 = EDGE_CURVE('',#536,#619,#643,.T.);
#643 = LINE('',#644,#645);
#644 = CARTESIAN_POINT('',(0.7,-0.6,4.5E-02));
#645 = VECTOR('',#646,1.);
#646 = DIRECTION('',(0.,1.,0.));
#647 = ORIENTED_EDGE('',*,*,#626,.F.);
#648 = PLANE('',#649);
#649 = AXIS2_PLACEMENT_3D('',#650,#651,#652);
#650 = CARTESIAN_POINT('',(-0.955,-0.6,4.5E-02));
#651 = DIRECTION('',(0.,0.,1.));
#652 = DIRECTION('',(1.,0.,-0.));
#653 = ADVANCED_FACE('',(#654),#717,.F.);
#654 = FACE_BOUND('',#655,.F.);
#655 = EDGE_LOOP('',(#656,#666,#673,#674,#675,#676,#685,#693,#702,#710)
  );
#656 = ORIENTED_EDGE('',*,*,#657,.F.);
#657 = EDGE_CURVE('',#658,#660,#662,.T.);
#658 = VERTEX_POINT('',#659);
#659 = CARTESIAN_POINT('',(0.745,-0.6,-2.775557561563E-17));
#660 = VERTEX_POINT('',#661);
#661 = CARTESIAN_POINT('',(0.955,-0.6,-2.775557561563E-17));
#662 = LINE('',#663,#664);
#663 = CARTESIAN_POINT('',(0.7,-0.6,0.));
#664 = VECTOR('',#665,1.);
#665 = DIRECTION('',(1.,0.,0.));
#666 = ORIENTED_EDGE('',*,*,#667,.F.);
#667 = EDGE_CURVE('',#536,#658,#668,.T.);
#668 = CIRCLE('',#669,4.5E-02);
#669 = AXIS2_PLACEMENT_3D('',#670,#671,#672);
#670 = CARTESIAN_POINT('',(0.745,-0.6,4.5E-02));
#671 = DIRECTION('',(0.,-1.,0.));
#672 = DIRECTION('',(0.,0.,1.));
#673 = ORIENTED_EDGE('',*,*,#535,.T.);
#674 = ORIENTED_EDGE('',*,*,#527,.T.);
#675 = ORIENTED_EDGE('',*,*,#519,.F.);
#676 = ORIENTED_EDGE('',*,*,#677,.T.);
#677 = EDGE_CURVE('',#512,#678,#680,.T.);
#678 = VERTEX_POINT('',#679);
#679 = CARTESIAN_POINT('',(0.745,-0.6,0.45));
#680 = CIRCLE('',#681,4.5E-02);
#681 = AXIS2_PLACEMENT_3D('',#682,#683,#684);
#682 = CARTESIAN_POINT('',(0.745,-0.6,0.405));
#683 = DIRECTION('',(0.,1.,0.));
#684 = DIRECTION('',(0.,-0.,1.));
#685 = ORIENTED_EDGE('',*,*,#686,.T.);
#686 = EDGE_CURVE('',#678,#687,#689,.T.);
#687 = VERTEX_POINT('',#688);
#688 = CARTESIAN_POINT('',(0.955,-0.6,0.45));
#689 = LINE('',#690,#691);
#690 = CARTESIAN_POINT('',(0.7,-0.6,0.45));
#691 = VECTOR('',#692,1.);
#692 = DIRECTION('',(1.,0.,0.));
#693 = ORIENTED_EDGE('',*,*,#694,.F.);
#694 = EDGE_CURVE('',#695,#687,#697,.T.);
#695 = VERTEX_POINT('',#696);
#696 = CARTESIAN_POINT('',(1.,-0.6,0.405));
#697 = CIRCLE('',#698,4.5E-02);
#698 = AXIS2_PLACEMENT_3D('',#699,#700,#701);
#699 = CARTESIAN_POINT('',(0.955,-0.6,0.405));
#700 = DIRECTION('',(0.,-1.,0.));
#701 = DIRECTION('',(0.,0.,1.));
#702 = ORIENTED_EDGE('',*,*,#703,.F.);
#703 = EDGE_CURVE('',#704,#695,#706,.T.);
#704 = VERTEX_POINT('',#705);
#705 = CARTESIAN_POINT('',(1.,-0.6,4.5E-02));
#706 = LINE('',#707,#708);
#707 = CARTESIAN_POINT('',(1.,-0.6,0.));
#708 = VECTOR('',#709,1.);
#709 = DIRECTION('',(0.,0.,1.));
#710 = ORIENTED_EDGE('',*,*,#711,.T.);
#711 = EDGE_CURVE('',#704,#660,#712,.T.);
#712 = CIRCLE('',#713,4.5E-02);
#713 = AXIS2_PLACEMENT_3D('',#714,#715,#716);
#714 = CARTESIAN_POINT('',(0.955,-0.6,4.5E-02));
#715 = DIRECTION('',(0.,1.,0.));
#716 = DIRECTION('',(0.,-0.,1.));
#717 = PLANE('',#718);
#718 = AXIS2_PLACEMENT_3D('',#719,#720,#721);
#719 = CARTESIAN_POINT('',(0.7,-0.6,0.));
#720 = DIRECTION('',(0.,1.,0.));
#721 = DIRECTION('',(0.,-0.,1.));
#722 = ADVANCED_FACE('',(#723),#748,.F.);
#723 = FACE_BOUND('',#724,.F.);
#724 = EDGE_LOOP('',(#725,#726,#734,#742));
#725 = ORIENTED_EDGE('',*,*,#511,.F.);
#726 = ORIENTED_EDGE('',*,*,#727,.T.);
#727 = EDGE_CURVE('',#310,#728,#730,.T.);
#728 = VERTEX_POINT('',#729);
#729 = CARTESIAN_POINT('',(-0.7,-0.6,0.45));
#730 = LINE('',#731,#732);
#731 = CARTESIAN_POINT('',(-0.7,-0.6,0.405));
#732 = VECTOR('',#733,1.);
#733 = DIRECTION('',(0.,0.,1.));
#734 = ORIENTED_EDGE('',*,*,#735,.T.);
#735 = EDGE_CURVE('',#728,#736,#738,.T.);
#736 = VERTEX_POINT('',#737);
#737 = CARTESIAN_POINT('',(0.7,-0.6,0.45));
#738 = LINE('',#739,#740);
#739 = CARTESIAN_POINT('',(-0.7,-0.6,0.45));
#740 = VECTOR('',#741,1.);
#741 = DIRECTION('',(1.,0.,0.));
#742 = ORIENTED_EDGE('',*,*,#743,.F.);
#743 = EDGE_CURVE('',#512,#736,#744,.T.);
#744 = LINE('',#745,#746);
#745 = CARTESIAN_POINT('',(0.7,-0.6,0.405));
#746 = VECTOR('',#747,1.);
#747 = DIRECTION('',(0.,0.,1.));
#748 = PLANE('',#749);
#749 = AXIS2_PLACEMENT_3D('',#750,#751,#752);
#750 = CARTESIAN_POINT('',(-0.7,-0.6,0.405));
#751 = DIRECTION('',(0.,1.,0.));
#752 = DIRECTION('',(0.,-0.,1.));
#753 = ADVANCED_FACE('',(#754),#772,.F.);
#754 = FACE_BOUND('',#755,.F.);
#755 = EDGE_LOOP('',(#756,#757,#758,#766));
#756 = ORIENTED_EDGE('',*,*,#727,.F.);
#757 = ORIENTED_EDGE('',*,*,#574,.T.);
#758 = ORIENTED_EDGE('',*,*,#759,.T.);
#759 = EDGE_CURVE('',#427,#760,#762,.T.);
#760 = VERTEX_POINT('',#761);
#761 = CARTESIAN_POINT('',(-0.7,0.6,0.45));
#762 = LINE('',#763,#764);
#763 = CARTESIAN_POINT('',(-0.7,0.6,0.405));
#764 = VECTOR('',#765,1.);
#765 = DIRECTION('',(0.,0.,1.));
#766 = ORIENTED_EDGE('',*,*,#767,.F.);
#767 = EDGE_CURVE('',#728,#760,#768,.T.);
#768 = LINE('',#769,#770);
#769 = CARTESIAN_POINT('',(-0.7,-0.6,0.45));
#770 = VECTOR('',#771,1.);
#771 = DIRECTION('',(0.,1.,0.));
#772 = PLANE('',#773);
#773 = AXIS2_PLACEMENT_3D('',#774,#775,#776);
#774 = CARTESIAN_POINT('',(-0.7,-0.6,0.405));
#775 = DIRECTION('',(1.,0.,0.));
#776 = DIRECTION('',(0.,0.,1.));
#777 = ADVANCED_FACE('',(#778),#841,.T.);
#778 = FACE_BOUND('',#779,.T.);
#779 = EDGE_LOOP('',(#780,#790,#797,#798,#799,#800,#809,#817,#826,#834)
  );
#780 = ORIENTED_EDGE('',*,*,#781,.F.);
#781 = EDGE_CURVE('',#782,#784,#786,.T.);
#782 = VERTEX_POINT('',#783);
#783 = CARTESIAN_POINT('',(0.745,0.6,-2.775557561563E-17));
#784 = VERTEX_POINT('',#785);
#785 = CARTESIAN_POINT('',(0.955,0.6,-2.775557561563E-17));
#786 = LINE('',#787,#788);
#787 = CARTESIAN_POINT('',(0.7,0.6,0.));
#788 = VECTOR('',#789,1.);
#789 = DIRECTION('',(1.,0.,0.));
#790 = ORIENTED_EDGE('',*,*,#791,.F.);
#791 = EDGE_CURVE('',#619,#782,#792,.T.);
#792 = CIRCLE('',#793,4.5E-02);
#793 = AXIS2_PLACEMENT_3D('',#794,#795,#796);
#794 = CARTESIAN_POINT('',(0.745,0.6,4.5E-02));
#795 = DIRECTION('',(0.,-1.,0.));
#796 = DIRECTION('',(0.,0.,1.));
#797 = ORIENTED_EDGE('',*,*,#618,.T.);
#798 = ORIENTED_EDGE('',*,*,#610,.T.);
#799 = ORIENTED_EDGE('',*,*,#602,.F.);
#800 = ORIENTED_EDGE('',*,*,#801,.T.);
#801 = EDGE_CURVE('',#595,#802,#804,.T.);
#802 = VERTEX_POINT('',#803);
#803 = CARTESIAN_POINT('',(0.745,0.6,0.45));
#804 = CIRCLE('',#805,4.5E-02);
#805 = AXIS2_PLACEMENT_3D('',#806,#807,#808);
#806 = CARTESIAN_POINT('',(0.745,0.6,0.405));
#807 = DIRECTION('',(0.,1.,0.));
#808 = DIRECTION('',(0.,-0.,1.));
#809 = ORIENTED_EDGE('',*,*,#810,.T.);
#810 = EDGE_CURVE('',#802,#811,#813,.T.);
#811 = VERTEX_POINT('',#812);
#812 = CARTESIAN_POINT('',(0.955,0.6,0.45));
#813 = LINE('',#814,#815);
#814 = CARTESIAN_POINT('',(0.7,0.6,0.45));
#815 = VECTOR('',#816,1.);
#816 = DIRECTION('',(1.,0.,0.));
#817 = ORIENTED_EDGE('',*,*,#818,.F.);
#818 = EDGE_CURVE('',#819,#811,#821,.T.);
#819 = VERTEX_POINT('',#820);
#820 = CARTESIAN_POINT('',(1.,0.6,0.405));
#821 = CIRCLE('',#822,4.5E-02);
#822 = AXIS2_PLACEMENT_3D('',#823,#824,#825);
#823 = CARTESIAN_POINT('',(0.955,0.6,0.405));
#824 = DIRECTION('',(0.,-1.,0.));
#825 = DIRECTION('',(0.,0.,1.));
#826 = ORIENTED_EDGE('',*,*,#827,.F.);
#827 = EDGE_CURVE('',#828,#819,#830,.T.);
#828 = VERTEX_POINT('',#829);
#829 = CARTESIAN_POINT('',(1.,0.6,4.5E-02));
#830 = LINE('',#831,#832);
#831 = CARTESIAN_POINT('',(1.,0.6,0.));
#832 = VECTOR('',#833,1.);
#833 = DIRECTION('',(0.,0.,1.));
#834 = ORIENTED_EDGE('',*,*,#835,.T.);
#835 = EDGE_CURVE('',#828,#784,#836,.T.);
#836 = CIRCLE('',#837,4.5E-02);
#837 = AXIS2_PLACEMENT_3D('',#838,#839,#840);
#838 = CARTESIAN_POINT('',(0.955,0.6,4.5E-02));
#839 = DIRECTION('',(0.,1.,0.));
#840 = DIRECTION('',(0.,-0.,1.));
#841 = PLANE('',#842);
#842 = AXIS2_PLACEMENT_3D('',#843,#844,#845);
#843 = CARTESIAN_POINT('',(0.7,0.6,0.));
#844 = DIRECTION('',(0.,1.,0.));
#845 = DIRECTION('',(0.,-0.,1.));
#846 = ADVANCED_FACE('',(#847),#865,.T.);
#847 = FACE_BOUND('',#848,.T.);
#848 = EDGE_LOOP('',(#849,#850,#851,#859));
#849 = ORIENTED_EDGE('',*,*,#594,.F.);
#850 = ORIENTED_EDGE('',*,*,#759,.T.);
#851 = ORIENTED_EDGE('',*,*,#852,.T.);
#852 = EDGE_CURVE('',#760,#853,#855,.T.);
#853 = VERTEX_POINT('',#854);
#854 = CARTESIAN_POINT('',(0.7,0.6,0.45));
#855 = LINE('',#856,#857);
#856 = CARTESIAN_POINT('',(-0.7,0.6,0.45));
#857 = VECTOR('',#858,1.);
#858 = DIRECTION('',(1.,0.,0.));
#859 = ORIENTED_EDGE('',*,*,#860,.F.);
#860 = EDGE_CURVE('',#595,#853,#861,.T.);
#861 = LINE('',#862,#863);
#862 = CARTESIAN_POINT('',(0.7,0.6,0.405));
#863 = VECTOR('',#864,1.);
#864 = DIRECTION('',(0.,0.,1.));
#865 = PLANE('',#866);
#866 = AXIS2_PLACEMENT_3D('',#867,#868,#869);
#867 = CARTESIAN_POINT('',(-0.7,0.6,0.405));
#868 = DIRECTION('',(0.,1.,0.));
#869 = DIRECTION('',(0.,-0.,1.));
#870 = ADVANCED_FACE('',(#871),#882,.T.);
#871 = FACE_BOUND('',#872,.T.);
#872 = EDGE_LOOP('',(#873,#874,#875,#881));
#873 = ORIENTED_EDGE('',*,*,#642,.T.);
#874 = ORIENTED_EDGE('',*,*,#791,.T.);
#875 = ORIENTED_EDGE('',*,*,#876,.F.);
#876 = EDGE_CURVE('',#658,#782,#877,.T.);
#877 = LINE('',#878,#879);
#878 = CARTESIAN_POINT('',(0.745,-0.6,-2.775557561563E-17));
#879 = VECTOR('',#880,1.);
#880 = DIRECTION('',(0.,1.,0.));
#881 = ORIENTED_EDGE('',*,*,#667,.F.);
#882 = CYLINDRICAL_SURFACE('',#883,4.5E-02);
#883 = AXIS2_PLACEMENT_3D('',#884,#885,#886);
#884 = CARTESIAN_POINT('',(0.745,-0.6,4.5E-02));
#885 = DIRECTION('',(0.,1.,0.));
#886 = DIRECTION('',(-1.,0.,0.));
#887 = ADVANCED_FACE('',(#888),#899,.F.);
#888 = FACE_BOUND('',#889,.F.);
#889 = EDGE_LOOP('',(#890,#891,#892,#893));
#890 = ORIENTED_EDGE('',*,*,#781,.F.);
#891 = ORIENTED_EDGE('',*,*,#876,.F.);
#892 = ORIENTED_EDGE('',*,*,#657,.T.);
#893 = ORIENTED_EDGE('',*,*,#894,.T.);
#894 = EDGE_CURVE('',#660,#784,#895,.T.);
#895 = LINE('',#896,#897);
#896 = CARTESIAN_POINT('',(0.955,-0.6,-2.775557561563E-17));
#897 = VECTOR('',#898,1.);
#898 = DIRECTION('',(0.,1.,0.));
#899 = PLANE('',#900);
#900 = AXIS2_PLACEMENT_3D('',#901,#902,#903);
#901 = CARTESIAN_POINT('',(0.7,-0.6,0.));
#902 = DIRECTION('',(0.,0.,1.));
#903 = DIRECTION('',(1.,0.,-0.));
#904 = ADVANCED_FACE('',(#905),#916,.T.);
#905 = FACE_BOUND('',#906,.T.);
#906 = EDGE_LOOP('',(#907,#908,#909,#910));
#907 = ORIENTED_EDGE('',*,*,#711,.T.);
#908 = ORIENTED_EDGE('',*,*,#894,.T.);
#909 = ORIENTED_EDGE('',*,*,#835,.F.);
#910 = ORIENTED_EDGE('',*,*,#911,.F.);
#911 = EDGE_CURVE('',#704,#828,#912,.T.);
#912 = LINE('',#913,#914);
#913 = CARTESIAN_POINT('',(1.,-0.6,4.5E-02));
#914 = VECTOR('',#915,1.);
#915 = DIRECTION('',(0.,1.,0.));
#916 = CYLINDRICAL_SURFACE('',#917,4.5E-02);
#917 = AXIS2_PLACEMENT_3D('',#918,#919,#920);
#918 = CARTESIAN_POINT('',(0.955,-0.6,4.5E-02));
#919 = DIRECTION('',(0.,1.,0.));
#920 = DIRECTION('',(1.,0.,0.));
#921 = ADVANCED_FACE('',(#922),#933,.T.);
#922 = FACE_BOUND('',#923,.T.);
#923 = EDGE_LOOP('',(#924,#925,#926,#927));
#924 = ORIENTED_EDGE('',*,*,#703,.F.);
#925 = ORIENTED_EDGE('',*,*,#911,.T.);
#926 = ORIENTED_EDGE('',*,*,#827,.T.);
#927 = ORIENTED_EDGE('',*,*,#928,.F.);
#928 = EDGE_CURVE('',#695,#819,#929,.T.);
#929 = LINE('',#930,#931);
#930 = CARTESIAN_POINT('',(1.,-0.6,0.405));
#931 = VECTOR('',#932,1.);
#932 = DIRECTION('',(0.,1.,0.));
#933 = PLANE('',#934);
#934 = AXIS2_PLACEMENT_3D('',#935,#936,#937);
#935 = CARTESIAN_POINT('',(1.,-0.6,0.));
#936 = DIRECTION('',(1.,0.,0.));
#937 = DIRECTION('',(0.,0.,1.));
#938 = ADVANCED_FACE('',(#939),#950,.T.);
#939 = FACE_BOUND('',#940,.T.);
#940 = EDGE_LOOP('',(#941,#942,#943,#949));
#941 = ORIENTED_EDGE('',*,*,#928,.T.);
#942 = ORIENTED_EDGE('',*,*,#818,.T.);
#943 = ORIENTED_EDGE('',*,*,#944,.F.);
#944 = EDGE_CURVE('',#687,#811,#945,.T.);
#945 = LINE('',#946,#947);
#946 = CARTESIAN_POINT('',(0.955,-0.6,0.45));
#947 = VECTOR('',#948,1.);
#948 = DIRECTION('',(0.,1.,0.));
#949 = ORIENTED_EDGE('',*,*,#694,.F.);
#950 = CYLINDRICAL_SURFACE('',#951,4.5E-02);
#951 = AXIS2_PLACEMENT_3D('',#952,#953,#954);
#952 = CARTESIAN_POINT('',(0.955,-0.6,0.405));
#953 = DIRECTION('',(0.,1.,0.));
#954 = DIRECTION('',(1.,0.,0.));
#955 = ADVANCED_FACE('',(#956),#967,.T.);
#956 = FACE_BOUND('',#957,.T.);
#957 = EDGE_LOOP('',(#958,#959,#965,#966));
#958 = ORIENTED_EDGE('',*,*,#810,.F.);
#959 = ORIENTED_EDGE('',*,*,#960,.F.);
#960 = EDGE_CURVE('',#678,#802,#961,.T.);
#961 = LINE('',#962,#963);
#962 = CARTESIAN_POINT('',(0.745,-0.6,0.45));
#963 = VECTOR('',#964,1.);
#964 = DIRECTION('',(0.,1.,0.));
#965 = ORIENTED_EDGE('',*,*,#686,.T.);
#966 = ORIENTED_EDGE('',*,*,#944,.T.);
#967 = PLANE('',#968);
#968 = AXIS2_PLACEMENT_3D('',#969,#970,#971);
#969 = CARTESIAN_POINT('',(0.7,-0.6,0.45));
#970 = DIRECTION('',(0.,0.,1.));
#971 = DIRECTION('',(1.,0.,-0.));
#972 = ADVANCED_FACE('',(#973),#984,.T.);
#973 = FACE_BOUND('',#974,.T.);
#974 = EDGE_LOOP('',(#975,#976,#977,#978));
#975 = ORIENTED_EDGE('',*,*,#677,.T.);
#976 = ORIENTED_EDGE('',*,*,#960,.T.);
#977 = ORIENTED_EDGE('',*,*,#801,.F.);
#978 = ORIENTED_EDGE('',*,*,#979,.F.);
#979 = EDGE_CURVE('',#512,#595,#980,.T.);
#980 = LINE('',#981,#982);
#981 = CARTESIAN_POINT('',(0.7,-0.6,0.405));
#982 = VECTOR('',#983,1.);
#983 = DIRECTION('',(0.,1.,0.));
#984 = CYLINDRICAL_SURFACE('',#985,4.5E-02);
#985 = AXIS2_PLACEMENT_3D('',#986,#987,#988);
#986 = CARTESIAN_POINT('',(0.745,-0.6,0.405));
#987 = DIRECTION('',(0.,1.,0.));
#988 = DIRECTION('',(-1.,0.,0.));
#989 = ADVANCED_FACE('',(#990),#1001,.T.);
#990 = FACE_BOUND('',#991,.T.);
#991 = EDGE_LOOP('',(#992,#993,#994,#995));
#992 = ORIENTED_EDGE('',*,*,#743,.F.);
#993 = ORIENTED_EDGE('',*,*,#979,.T.);
#994 = ORIENTED_EDGE('',*,*,#860,.T.);
#995 = ORIENTED_EDGE('',*,*,#996,.F.);
#996 = EDGE_CURVE('',#736,#853,#997,.T.);
#997 = LINE('',#998,#999);
#998 = CARTESIAN_POINT('',(0.7,-0.6,0.45));
#999 = VECTOR('',#1000,1.);
#1000 = DIRECTION('',(0.,1.,0.));
#1001 = PLANE('',#1002);
#1002 = AXIS2_PLACEMENT_3D('',#1003,#1004,#1005);
#1003 = CARTESIAN_POINT('',(0.7,-0.6,0.405));
#1004 = DIRECTION('',(1.,0.,0.));
#1005 = DIRECTION('',(0.,0.,1.));
#1006 = ADVANCED_FACE('',(#1007),#1013,.T.);
#1007 = FACE_BOUND('',#1008,.T.);
#1008 = EDGE_LOOP('',(#1009,#1010,#1011,#1012));
#1009 = ORIENTED_EDGE('',*,*,#767,.F.);
#1010 = ORIENTED_EDGE('',*,*,#735,.T.);
#1011 = ORIENTED_EDGE('',*,*,#996,.T.);
#1012 = ORIENTED_EDGE('',*,*,#852,.F.);
#1013 = PLANE('',#1014);
#1014 = AXIS2_PLACEMENT_3D('',#1015,#1016,#1017);
#1015 = CARTESIAN_POINT('',(-0.7,-0.6,0.45));
#1016 = DIRECTION('',(0.,0.,1.));
#1017 = DIRECTION('',(1.,0.,-0.));
#1018 = ( GEOMETRIC_REPRESENTATION_CONTEXT(3) 
GLOBAL_UNCERTAINTY_ASSIGNED_CONTEXT((#1022)) 
GLOBAL_UNIT_ASSIGNED_CONTEXT((#1019,#1020,#1021)) REPRESENTATION_CONTEXT
('Context #1','3D Context with UNIT and UNCERTAINTY') );
#1019 = ( LENGTH_UNIT() NAMED_UNIT(*) SI_UNIT(.MILLI.,.METRE.) );
#1020 = ( NAMED_UNIT(*) PLANE_ANGLE_UNIT() SI_UNIT($,.RADIAN.) );
#1021 = ( NAMED_UNIT(*) SI_UNIT($,.STERADIAN.) SOLID_ANGLE_UNIT() );
#1022 = UNCERTAINTY_MEASURE_WITH_UNIT(LENGTH_MEASURE(1.E-07),#1019,
  'distance_accuracy_value','confusion accuracy');
#1023 = CONTEXT_DEPENDENT_SHAPE_REPRESENTATION(#1024,#1026);
#1024 = ( REPRESENTATION_RELATIONSHIP('','',#227,#204) 
REPRESENTATION_RELATIONSHIP_WITH_TRANSFORMATION(#1025) 
SHAPE_REPRESENTATION_RELATIONSHIP() );
#1025 = ITEM_DEFINED_TRANSFORMATION('','',#11,#205);
#1026 = PRODUCT_DEFINITION_SHAPE('Placement','Placement of an item',
  #1027);
#1027 = NEXT_ASSEMBLY_USAGE_OCCURRENCE('1','=>[0:1:1:3]','',#199,#222,$
  );
#1028 = PRODUCT_RELATED_PRODUCT_CATEGORY('part',$,(#224));
#1029 = SHAPE_DEFINITION_REPRESENTATION(#1030,#1036);
#1030 = PRODUCT_DEFINITION_SHAPE('','',#1031);
#1031 = PRODUCT_DEFINITION('design','',#1032,#1035);
#1032 = PRODUCT_DEFINITION_FORMATION('','',#1033);
#1033 = PRODUCT('C_0805_2012Metric','C_0805_2012Metric','',(#1034));
#1034 = PRODUCT_CONTEXT('',#2,'mechanical');
#1035 = PRODUCT_DEFINITION_CONTEXT('part definition',#2,'design');
#1036 = SHAPE_REPRESENTATION('',(#11,#1037),#1041);
#1037 = AXIS2_PLACEMENT_3D('',#1038,#1039,#1040);
#1038 = CARTESIAN_POINT('',(0.,0.,0.));
#1039 = DIRECTION('',(0.,0.,1.));
#1040 = DIRECTION('',(1.,0.,-0.));
#1041 = ( GEOMETRIC_REPRESENTATION_CONTEXT(3) 
GLOBAL_UNCERTAINTY_ASSIGNED_CONTEXT((#1045)) 
GLOBAL_UNIT_ASSIGNED_CONTEXT((#1042,#1043,#1044)) REPRESENTATION_CONTEXT
('Context #1','3D Context with UNIT and UNCERTAINTY') );
#1042 = ( LENGTH_UNIT() NAMED_UNIT(*) SI_UNIT(.MILLI.,.METRE.) );
#1043 = ( NAMED_UNIT(*) PLANE_ANGLE_UNIT() SI_UNIT($,.RADIAN.) );
#1044 = ( NAMED_UNIT(*) SI_UNIT($,.STERADIAN.) SOLID_ANGLE_UNIT() );
#1045 = UNCERTAINTY_MEASURE_WITH_UNIT(LENGTH_MEASURE(1.E-07),#1042,
  'distance_accuracy_value','confusion accuracy');
#1046 = CONTEXT_DEPENDENT_SHAPE_REPRESENTATION(#1047,#1049);
#1047 = ( REPRESENTATION_RELATIONSHIP('','',#1036,#10) 
REPRESENTATION_RELATIONSHIP_WITH_TRANSFORMATION(#1048) 
SHAPE_REPRESENTATION_RELATIONSHIP() );
#1048 = ITEM_DEFINED_TRANSFORMATION('','',#11,#19);
#1049 = PRODUCT_DEFINITION_SHAPE('Placement','Placement of an item',
  #1050);
#1050 = NEXT_ASSEMBLY_USAGE_OCCURRENCE('4','C2','',#5,#1031,$);
#1051 = PRODUCT_RELATED_PRODUCT_CATEGORY('part',$,(#1033));
#1052 = SHAPE_DEFINITION_REPRESENTATION(#1053,#1059);
#1053 = PRODUCT_DEFINITION_SHAPE('','',#1054);
#1054 = PRODUCT_DEFINITION('design','',#1055,#1058);
#1055 = PRODUCT_DEFINITION_FORMATION('','',#1056);
#1056 = PRODUCT('C_0805_2012Metric','C_0805_2012Metric','',(#1057));
#1057 = PRODUCT_CONTEXT('',#2,'mechanical');
#1058 = PRODUCT_DEFINITION_CONTEXT('part definition',#2,'design');
#1059 = ADVANCED_BREP_SHAPE_REPRESENTATION('',(#11,#1060),#1914);
#1060 = MANIFOLD_SOLID_BREP('',#1061);
#1061 = CLOSED_SHELL('',(#1062,#1138,#1169,#1194,#1219,#1243,#1267,#1292
    ,#1317,#1334,#1420,#1452,#1476,#1501,#1525,#1550,#1574,#1599,#1616,
    #1702,#1733,#1758,#1783,#1807,#1831,#1856,#1881,#1898));
#1062 = ADVANCED_FACE('',(#1063),#1133,.F.);
#1063 = FACE_BOUND('',#1064,.F.);
#1064 = EDGE_LOOP('',(#1065,#1075,#1084,#1092,#1101,#1109,#1118,#1126));
#1065 = ORIENTED_EDGE('',*,*,#1066,.F.);
#1066 = EDGE_CURVE('',#1067,#1069,#1071,.T.);
#1067 = VERTEX_POINT('',#1068);
#1068 = CARTESIAN_POINT('',(-1.,-0.625,4.E-02));
#1069 = VERTEX_POINT('',#1070);
#1070 = CARTESIAN_POINT('',(-1.,-0.625,1.21));
#1071 = LINE('',#1072,#1073);
#1072 = CARTESIAN_POINT('',(-1.,-0.625,0.));
#1073 = VECTOR('',#1074,1.);
#1074 = DIRECTION('',(0.,0.,1.));
#1075 = ORIENTED_EDGE('',*,*,#1076,.T.);
#1076 = EDGE_CURVE('',#1067,#1077,#1079,.T.);
#1077 = VERTEX_POINT('',#1078);
#1078 = CARTESIAN_POINT('',(-1.,-0.585,0.));
#1079 = CIRCLE('',#1080,4.E-02);
#1080 = AXIS2_PLACEMENT_3D('',#1081,#1082,#1083);
#1081 = CARTESIAN_POINT('',(-1.,-0.585,4.E-02));
#1082 = DIRECTION('',(1.,0.,-0.));
#1083 = DIRECTION('',(0.,0.,1.));
#1084 = ORIENTED_EDGE('',*,*,#1085,.T.);
#1085 = EDGE_CURVE('',#1077,#1086,#1088,.T.);
#1086 = VERTEX_POINT('',#1087);
#1087 = CARTESIAN_POINT('',(-1.,0.585,0.));
#1088 = LINE('',#1089,#1090);
#1089 = CARTESIAN_POINT('',(-1.,-0.625,0.));
#1090 = VECTOR('',#1091,1.);
#1091 = DIRECTION('',(0.,1.,0.));
#1092 = ORIENTED_EDGE('',*,*,#1093,.F.);
#1093 = EDGE_CURVE('',#1094,#1086,#1096,.T.);
#1094 = VERTEX_POINT('',#1095);
#1095 = CARTESIAN_POINT('',(-1.,0.625,4.E-02));
#1096 = CIRCLE('',#1097,4.E-02);
#1097 = AXIS2_PLACEMENT_3D('',#1098,#1099,#1100);
#1098 = CARTESIAN_POINT('',(-1.,0.585,4.E-02));
#1099 = DIRECTION('',(-1.,0.,0.));
#1100 = DIRECTION('',(0.,0.,1.));
#1101 = ORIENTED_EDGE('',*,*,#1102,.T.);
#1102 = EDGE_CURVE('',#1094,#1103,#1105,.T.);
#1103 = VERTEX_POINT('',#1104);
#1104 = CARTESIAN_POINT('',(-1.,0.625,1.21));
#1105 = LINE('',#1106,#1107);
#1106 = CARTESIAN_POINT('',(-1.,0.625,0.));
#1107 = VECTOR('',#1108,1.);
#1108 = DIRECTION('',(0.,0.,1.));
#1109 = ORIENTED_EDGE('',*,*,#1110,.T.);
#1110 = EDGE_CURVE('',#1103,#1111,#1113,.T.);
#1111 = VERTEX_POINT('',#1112);
#1112 = CARTESIAN_POINT('',(-1.,0.585,1.25));
#1113 = CIRCLE('',#1114,4.E-02);
#1114 = AXIS2_PLACEMENT_3D('',#1115,#1116,#1117);
#1115 = CARTESIAN_POINT('',(-1.,0.585,1.21));
#1116 = DIRECTION('',(1.,0.,-0.));
#1117 = DIRECTION('',(0.,0.,1.));
#1118 = ORIENTED_EDGE('',*,*,#1119,.F.);
#1119 = EDGE_CURVE('',#1120,#1111,#1122,.T.);
#1120 = VERTEX_POINT('',#1121);
#1121 = CARTESIAN_POINT('',(-1.,-0.585,1.25));
#1122 = LINE('',#1123,#1124);
#1123 = CARTESIAN_POINT('',(-1.,-0.625,1.25));
#1124 = VECTOR('',#1125,1.);
#1125 = DIRECTION('',(0.,1.,0.));
#1126 = ORIENTED_EDGE('',*,*,#1127,.F.);
#1127 = EDGE_CURVE('',#1069,#1120,#1128,.T.);
#1128 = CIRCLE('',#1129,4.E-02);
#1129 = AXIS2_PLACEMENT_3D('',#1130,#1131,#1132);
#1130 = CARTESIAN_POINT('',(-1.,-0.585,1.21));
#1131 = DIRECTION('',(-1.,0.,0.));
#1132 = DIRECTION('',(0.,0.,1.));
#1133 = PLANE('',#1134);
#1134 = AXIS2_PLACEMENT_3D('',#1135,#1136,#1137);
#1135 = CARTESIAN_POINT('',(-1.,-0.625,0.));
#1136 = DIRECTION('',(1.,0.,0.));
#1137 = DIRECTION('',(0.,0.,1.));
#1138 = ADVANCED_FACE('',(#1139),#1164,.F.);
#1139 = FACE_BOUND('',#1140,.F.);
#1140 = EDGE_LOOP('',(#1141,#1151,#1157,#1158));
#1141 = ORIENTED_EDGE('',*,*,#1142,.F.);
#1142 = EDGE_CURVE('',#1143,#1145,#1147,.T.);
#1143 = VERTEX_POINT('',#1144);
#1144 = CARTESIAN_POINT('',(-0.6,-0.625,4.E-02));
#1145 = VERTEX_POINT('',#1146);
#1146 = CARTESIAN_POINT('',(-0.6,-0.625,1.21));
#1147 = LINE('',#1148,#1149);
#1148 = CARTESIAN_POINT('',(-0.6,-0.625,0.));
#1149 = VECTOR('',#1150,1.);
#1150 = DIRECTION('',(0.,0.,1.));
#1151 = ORIENTED_EDGE('',*,*,#1152,.F.);
#1152 = EDGE_CURVE('',#1067,#1143,#1153,.T.);
#1153 = LINE('',#1154,#1155);
#1154 = CARTESIAN_POINT('',(-1.,-0.625,4.E-02));
#1155 = VECTOR('',#1156,1.);
#1156 = DIRECTION('',(1.,0.,0.));
#1157 = ORIENTED_EDGE('',*,*,#1066,.T.);
#1158 = ORIENTED_EDGE('',*,*,#1159,.T.);
#1159 = EDGE_CURVE('',#1069,#1145,#1160,.T.);
#1160 = LINE('',#1161,#1162);
#1161 = CARTESIAN_POINT('',(-1.,-0.625,1.21));
#1162 = VECTOR('',#1163,1.);
#1163 = DIRECTION('',(1.,0.,0.));
#1164 = PLANE('',#1165);
#1165 = AXIS2_PLACEMENT_3D('',#1166,#1167,#1168);
#1166 = CARTESIAN_POINT('',(-1.,-0.625,0.));
#1167 = DIRECTION('',(0.,1.,0.));
#1168 = DIRECTION('',(0.,-0.,1.));
#1169 = ADVANCED_FACE('',(#1170),#1189,.T.);
#1170 = FACE_BOUND('',#1171,.T.);
#1171 = EDGE_LOOP('',(#1172,#1173,#1181,#1188));
#1172 = ORIENTED_EDGE('',*,*,#1076,.T.);
#1173 = ORIENTED_EDGE('',*,*,#1174,.T.);
#1174 = EDGE_CURVE('',#1077,#1175,#1177,.T.);
#1175 = VERTEX_POINT('',#1176);
#1176 = CARTESIAN_POINT('',(-0.6,-0.585,0.));
#1177 = LINE('',#1178,#1179);
#1178 = CARTESIAN_POINT('',(-1.,-0.585,0.));
#1179 = VECTOR('',#1180,1.);
#1180 = DIRECTION('',(1.,0.,0.));
#1181 = ORIENTED_EDGE('',*,*,#1182,.F.);
#1182 = EDGE_CURVE('',#1143,#1175,#1183,.T.);
#1183 = CIRCLE('',#1184,4.E-02);
#1184 = AXIS2_PLACEMENT_3D('',#1185,#1186,#1187);
#1185 = CARTESIAN_POINT('',(-0.6,-0.585,4.E-02));
#1186 = DIRECTION('',(1.,0.,-0.));
#1187 = DIRECTION('',(0.,0.,1.));
#1188 = ORIENTED_EDGE('',*,*,#1152,.F.);
#1189 = CYLINDRICAL_SURFACE('',#1190,4.E-02);
#1190 = AXIS2_PLACEMENT_3D('',#1191,#1192,#1193);
#1191 = CARTESIAN_POINT('',(-1.,-0.585,4.E-02));
#1192 = DIRECTION('',(1.,0.,0.));
#1193 = DIRECTION('',(0.,-1.,0.));
#1194 = ADVANCED_FACE('',(#1195),#1214,.T.);
#1195 = FACE_BOUND('',#1196,.T.);
#1196 = EDGE_LOOP('',(#1197,#1198,#1207,#1213));
#1197 = ORIENTED_EDGE('',*,*,#1159,.T.);
#1198 = ORIENTED_EDGE('',*,*,#1199,.T.);
#1199 = EDGE_CURVE('',#1145,#1200,#1202,.T.);
#1200 = VERTEX_POINT('',#1201);
#1201 = CARTESIAN_POINT('',(-0.6,-0.585,1.25));
#1202 = CIRCLE('',#1203,4.E-02);
#1203 = AXIS2_PLACEMENT_3D('',#1204,#1205,#1206);
#1204 = CARTESIAN_POINT('',(-0.6,-0.585,1.21));
#1205 = DIRECTION('',(-1.,0.,0.));
#1206 = DIRECTION('',(0.,0.,1.));
#1207 = ORIENTED_EDGE('',*,*,#1208,.F.);
#1208 = EDGE_CURVE('',#1120,#1200,#1209,.T.);
#1209 = LINE('',#1210,#1211);
#1210 = CARTESIAN_POINT('',(-1.,-0.585,1.25));
#1211 = VECTOR('',#1212,1.);
#1212 = DIRECTION('',(1.,0.,0.));
#1213 = ORIENTED_EDGE('',*,*,#1127,.F.);
#1214 = CYLINDRICAL_SURFACE('',#1215,4.E-02);
#1215 = AXIS2_PLACEMENT_3D('',#1216,#1217,#1218);
#1216 = CARTESIAN_POINT('',(-1.,-0.585,1.21));
#1217 = DIRECTION('',(1.,0.,0.));
#1218 = DIRECTION('',(0.,-1.,0.));
#1219 = ADVANCED_FACE('',(#1220),#1238,.F.);
#1220 = FACE_BOUND('',#1221,.F.);
#1221 = EDGE_LOOP('',(#1222,#1223,#1224,#1232));
#1222 = ORIENTED_EDGE('',*,*,#1085,.F.);
#1223 = ORIENTED_EDGE('',*,*,#1174,.T.);
#1224 = ORIENTED_EDGE('',*,*,#1225,.T.);
#1225 = EDGE_CURVE('',#1175,#1226,#1228,.T.);
#1226 = VERTEX_POINT('',#1227);
#1227 = CARTESIAN_POINT('',(-0.6,0.585,0.));
#1228 = LINE('',#1229,#1230);
#1229 = CARTESIAN_POINT('',(-0.6,-0.625,0.));
#1230 = VECTOR('',#1231,1.);
#1231 = DIRECTION('',(0.,1.,0.));
#1232 = ORIENTED_EDGE('',*,*,#1233,.F.);
#1233 = EDGE_CURVE('',#1086,#1226,#1234,.T.);
#1234 = LINE('',#1235,#1236);
#1235 = CARTESIAN_POINT('',(-1.,0.585,0.));
#1236 = VECTOR('',#1237,1.);
#1237 = DIRECTION('',(1.,0.,0.));
#1238 = PLANE('',#1239);
#1239 = AXIS2_PLACEMENT_3D('',#1240,#1241,#1242);
#1240 = CARTESIAN_POINT('',(-1.,-0.625,0.));
#1241 = DIRECTION('',(0.,0.,1.));
#1242 = DIRECTION('',(1.,0.,-0.));
#1243 = ADVANCED_FACE('',(#1244),#1262,.T.);
#1244 = FACE_BOUND('',#1245,.T.);
#1245 = EDGE_LOOP('',(#1246,#1247,#1248,#1256));
#1246 = ORIENTED_EDGE('',*,*,#1119,.F.);
#1247 = ORIENTED_EDGE('',*,*,#1208,.T.);
#1248 = ORIENTED_EDGE('',*,*,#1249,.T.);
#1249 = EDGE_CURVE('',#1200,#1250,#1252,.T.);
#1250 = VERTEX_POINT('',#1251);
#1251 = CARTESIAN_POINT('',(-0.6,0.585,1.25));
#1252 = LINE('',#1253,#1254);
#1253 = CARTESIAN_POINT('',(-0.6,-0.625,1.25));
#1254 = VECTOR('',#1255,1.);
#1255 = DIRECTION('',(0.,1.,0.));
#1256 = ORIENTED_EDGE('',*,*,#1257,.F.);
#1257 = EDGE_CURVE('',#1111,#1250,#1258,.T.);
#1258 = LINE('',#1259,#1260);
#1259 = CARTESIAN_POINT('',(-1.,0.585,1.25));
#1260 = VECTOR('',#1261,1.);
#1261 = DIRECTION('',(1.,0.,0.));
#1262 = PLANE('',#1263);
#1263 = AXIS2_PLACEMENT_3D('',#1264,#1265,#1266);
#1264 = CARTESIAN_POINT('',(-1.,-0.625,1.25));
#1265 = DIRECTION('',(0.,0.,1.));
#1266 = DIRECTION('',(1.,0.,-0.));
#1267 = ADVANCED_FACE('',(#1268),#1287,.T.);
#1268 = FACE_BOUND('',#1269,.T.);
#1269 = EDGE_LOOP('',(#1270,#1278,#1285,#1286));
#1270 = ORIENTED_EDGE('',*,*,#1271,.T.);
#1271 = EDGE_CURVE('',#1094,#1272,#1274,.T.);
#1272 = VERTEX_POINT('',#1273);
#1273 = CARTESIAN_POINT('',(-0.6,0.625,4.E-02));
#1274 = LINE('',#1275,#1276);
#1275 = CARTESIAN_POINT('',(-1.,0.625,4.E-02));
#1276 = VECTOR('',#1277,1.);
#1277 = DIRECTION('',(1.,0.,0.));
#1278 = ORIENTED_EDGE('',*,*,#1279,.T.);
#1279 = EDGE_CURVE('',#1272,#1226,#1280,.T.);
#1280 = CIRCLE('',#1281,4.E-02);
#1281 = AXIS2_PLACEMENT_3D('',#1282,#1283,#1284);
#1282 = CARTESIAN_POINT('',(-0.6,0.585,4.E-02));
#1283 = DIRECTION('',(-1.,0.,0.));
#1284 = DIRECTION('',(0.,0.,1.));
#1285 = ORIENTED_EDGE('',*,*,#1233,.F.);
#1286 = ORIENTED_EDGE('',*,*,#1093,.F.);
#1287 = CYLINDRICAL_SURFACE('',#1288,4.E-02);
#1288 = AXIS2_PLACEMENT_3D('',#1289,#1290,#1291);
#1289 = CARTESIAN_POINT('',(-1.,0.585,4.E-02));
#1290 = DIRECTION('',(1.,0.,0.));
#1291 = DIRECTION('',(-0.,1.,0.));
#1292 = ADVANCED_FACE('',(#1293),#1312,.T.);
#1293 = FACE_BOUND('',#1294,.T.);
#1294 = EDGE_LOOP('',(#1295,#1296,#1297,#1306));
#1295 = ORIENTED_EDGE('',*,*,#1110,.T.);
#1296 = ORIENTED_EDGE('',*,*,#1257,.T.);
#1297 = ORIENTED_EDGE('',*,*,#1298,.F.);
#1298 = EDGE_CURVE('',#1299,#1250,#1301,.T.);
#1299 = VERTEX_POINT('',#1300);
#1300 = CARTESIAN_POINT('',(-0.6,0.625,1.21));
#1301 = CIRCLE('',#1302,4.E-02);
#1302 = AXIS2_PLACEMENT_3D('',#1303,#1304,#1305);
#1303 = CARTESIAN_POINT('',(-0.6,0.585,1.21));
#1304 = DIRECTION('',(1.,0.,-0.));
#1305 = DIRECTION('',(0.,0.,1.));
#1306 = ORIENTED_EDGE('',*,*,#1307,.F.);
#1307 = EDGE_CURVE('',#1103,#1299,#1308,.T.);
#1308 = LINE('',#1309,#1310);
#1309 = CARTESIAN_POINT('',(-1.,0.625,1.21));
#1310 = VECTOR('',#1311,1.);
#1311 = DIRECTION('',(1.,0.,0.));
#1312 = CYLINDRICAL_SURFACE('',#1313,4.E-02);
#1313 = AXIS2_PLACEMENT_3D('',#1314,#1315,#1316);
#1314 = CARTESIAN_POINT('',(-1.,0.585,1.21));
#1315 = DIRECTION('',(1.,0.,0.));
#1316 = DIRECTION('',(-0.,1.,0.));
#1317 = ADVANCED_FACE('',(#1318),#1329,.T.);
#1318 = FACE_BOUND('',#1319,.T.);
#1319 = EDGE_LOOP('',(#1320,#1326,#1327,#1328));
#1320 = ORIENTED_EDGE('',*,*,#1321,.F.);
#1321 = EDGE_CURVE('',#1272,#1299,#1322,.T.);
#1322 = LINE('',#1323,#1324);
#1323 = CARTESIAN_POINT('',(-0.6,0.625,0.));
#1324 = VECTOR('',#1325,1.);
#1325 = DIRECTION('',(0.,0.,1.));
#1326 = ORIENTED_EDGE('',*,*,#1271,.F.);
#1327 = ORIENTED_EDGE('',*,*,#1102,.T.);
#1328 = ORIENTED_EDGE('',*,*,#1307,.T.);
#1329 = PLANE('',#1330);
#1330 = AXIS2_PLACEMENT_3D('',#1331,#1332,#1333);
#1331 = CARTESIAN_POINT('',(-1.,0.625,0.));
#1332 = DIRECTION('',(0.,1.,0.));
#1333 = DIRECTION('',(0.,-0.,1.));
#1334 = ADVANCED_FACE('',(#1335,#1345),#1415,.T.);
#1335 = FACE_BOUND('',#1336,.T.);
#1336 = EDGE_LOOP('',(#1337,#1338,#1339,#1340,#1341,#1342,#1343,#1344));
#1337 = ORIENTED_EDGE('',*,*,#1142,.F.);
#1338 = ORIENTED_EDGE('',*,*,#1182,.T.);
#1339 = ORIENTED_EDGE('',*,*,#1225,.T.);
#1340 = ORIENTED_EDGE('',*,*,#1279,.F.);
#1341 = ORIENTED_EDGE('',*,*,#1321,.T.);
#1342 = ORIENTED_EDGE('',*,*,#1298,.T.);
#1343 = ORIENTED_EDGE('',*,*,#1249,.F.);
#1344 = ORIENTED_EDGE('',*,*,#1199,.F.);
#1345 = FACE_BOUND('',#1346,.T.);
#1346 = EDGE_LOOP('',(#1347,#1358,#1366,#1375,#1383,#1392,#1400,#1409));
#1347 = ORIENTED_EDGE('',*,*,#1348,.F.);
#1348 = EDGE_CURVE('',#1349,#1351,#1353,.T.);
#1349 = VERTEX_POINT('',#1350);
#1350 = CARTESIAN_POINT('',(-0.6,-0.585,8.E-02));
#1351 = VERTEX_POINT('',#1352);
#1352 = CARTESIAN_POINT('',(-0.6,-0.545,4.E-02));
#1353 = CIRCLE('',#1354,4.E-02);
#1354 = AXIS2_PLACEMENT_3D('',#1355,#1356,#1357);
#1355 = CARTESIAN_POINT('',(-0.6,-0.545,8.E-02));
#1356 = DIRECTION('',(1.,0.,-0.));
#1357 = DIRECTION('',(0.,0.,1.));
#1358 = ORIENTED_EDGE('',*,*,#1359,.T.);
#1359 = EDGE_CURVE('',#1349,#1360,#1362,.T.);
#1360 = VERTEX_POINT('',#1361);
#1361 = CARTESIAN_POINT('',(-0.6,-0.585,1.17));
#1362 = LINE('',#1363,#1364);
#1363 = CARTESIAN_POINT('',(-0.6,-0.585,4.E-02));
#1364 = VECTOR('',#1365,1.);
#1365 = DIRECTION('',(0.,0.,1.));
#1366 = ORIENTED_EDGE('',*,*,#1367,.T.);
#1367 = EDGE_CURVE('',#1360,#1368,#1370,.T.);
#1368 = VERTEX_POINT('',#1369);
#1369 = CARTESIAN_POINT('',(-0.6,-0.545,1.21));
#1370 = CIRCLE('',#1371,4.E-02);
#1371 = AXIS2_PLACEMENT_3D('',#1372,#1373,#1374);
#1372 = CARTESIAN_POINT('',(-0.6,-0.545,1.17));
#1373 = DIRECTION('',(-1.,0.,0.));
#1374 = DIRECTION('',(0.,0.,1.));
#1375 = ORIENTED_EDGE('',*,*,#1376,.T.);
#1376 = EDGE_CURVE('',#1368,#1377,#1379,.T.);
#1377 = VERTEX_POINT('',#1378);
#1378 = CARTESIAN_POINT('',(-0.6,0.545,1.21));
#1379 = LINE('',#1380,#1381);
#1380 = CARTESIAN_POINT('',(-0.6,-0.585,1.21));
#1381 = VECTOR('',#1382,1.);
#1382 = DIRECTION('',(0.,1.,0.));
#1383 = ORIENTED_EDGE('',*,*,#1384,.F.);
#1384 = EDGE_CURVE('',#1385,#1377,#1387,.T.);
#1385 = VERTEX_POINT('',#1386);
#1386 = CARTESIAN_POINT('',(-0.6,0.585,1.17));
#1387 = CIRCLE('',#1388,4.E-02);
#1388 = AXIS2_PLACEMENT_3D('',#1389,#1390,#1391);
#1389 = CARTESIAN_POINT('',(-0.6,0.545,1.17));
#1390 = DIRECTION('',(1.,0.,-0.));
#1391 = DIRECTION('',(0.,0.,1.));
#1392 = ORIENTED_EDGE('',*,*,#1393,.F.);
#1393 = EDGE_CURVE('',#1394,#1385,#1396,.T.);
#1394 = VERTEX_POINT('',#1395);
#1395 = CARTESIAN_POINT('',(-0.6,0.585,8.E-02));
#1396 = LINE('',#1397,#1398);
#1397 = CARTESIAN_POINT('',(-0.6,0.585,4.E-02));
#1398 = VECTOR('',#1399,1.);
#1399 = DIRECTION('',(0.,0.,1.));
#1400 = ORIENTED_EDGE('',*,*,#1401,.T.);
#1401 = EDGE_CURVE('',#1394,#1402,#1404,.T.);
#1402 = VERTEX_POINT('',#1403);
#1403 = CARTESIAN_POINT('',(-0.6,0.545,4.E-02));
#1404 = CIRCLE('',#1405,4.E-02);
#1405 = AXIS2_PLACEMENT_3D('',#1406,#1407,#1408);
#1406 = CARTESIAN_POINT('',(-0.6,0.545,8.E-02));
#1407 = DIRECTION('',(-1.,0.,0.));
#1408 = DIRECTION('',(0.,0.,1.));
#1409 = ORIENTED_EDGE('',*,*,#1410,.F.);
#1410 = EDGE_CURVE('',#1351,#1402,#1411,.T.);
#1411 = LINE('',#1412,#1413);
#1412 = CARTESIAN_POINT('',(-0.6,-0.585,4.E-02));
#1413 = VECTOR('',#1414,1.);
#1414 = DIRECTION('',(0.,1.,0.));
#1415 = PLANE('',#1416);
#1416 = AXIS2_PLACEMENT_3D('',#1417,#1418,#1419);
#1417 = CARTESIAN_POINT('',(-0.6,-0.625,0.));
#1418 = DIRECTION('',(1.,0.,0.));
#1419 = DIRECTION('',(0.,0.,1.));
#1420 = ADVANCED_FACE('',(#1421),#1447,.T.);
#1421 = FACE_BOUND('',#1422,.T.);
#1422 = EDGE_LOOP('',(#1423,#1424,#1432,#1441));
#1423 = ORIENTED_EDGE('',*,*,#1348,.T.);
#1424 = ORIENTED_EDGE('',*,*,#1425,.T.);
#1425 = EDGE_CURVE('',#1351,#1426,#1428,.T.);
#1426 = VERTEX_POINT('',#1427);
#1427 = CARTESIAN_POINT('',(0.6,-0.545,4.E-02));
#1428 = LINE('',#1429,#1430);
#1429 = CARTESIAN_POINT('',(-0.6,-0.545,4.E-02));
#1430 = VECTOR('',#1431,1.);
#1431 = DIRECTION('',(1.,0.,0.));
#1432 = ORIENTED_EDGE('',*,*,#1433,.F.);
#1433 = EDGE_CURVE('',#1434,#1426,#1436,.T.);
#1434 = VERTEX_POINT('',#1435);
#1435 = CARTESIAN_POINT('',(0.6,-0.585,8.E-02));
#1436 = CIRCLE('',#1437,4.E-02);
#1437 = AXIS2_PLACEMENT_3D('',#1438,#1439,#1440);
#1438 = CARTESIAN_POINT('',(0.6,-0.545,8.E-02));
#1439 = DIRECTION('',(1.,0.,-0.));
#1440 = DIRECTION('',(0.,0.,1.));
#1441 = ORIENTED_EDGE('',*,*,#1442,.F.);
#1442 = EDGE_CURVE('',#1349,#1434,#1443,.T.);
#1443 = LINE('',#1444,#1445);
#1444 = CARTESIAN_POINT('',(-0.6,-0.585,8.E-02));
#1445 = VECTOR('',#1446,1.);
#1446 = DIRECTION('',(1.,0.,0.));
#1447 = CYLINDRICAL_SURFACE('',#1448,4.E-02);
#1448 = AXIS2_PLACEMENT_3D('',#1449,#1450,#1451);
#1449 = CARTESIAN_POINT('',(-0.6,-0.545,8.E-02));
#1450 = DIRECTION('',(1.,0.,0.));
#1451 = DIRECTION('',(0.,-1.,0.));
#1452 = ADVANCED_FACE('',(#1453),#1471,.F.);
#1453 = FACE_BOUND('',#1454,.F.);
#1454 = EDGE_LOOP('',(#1455,#1456,#1457,#1465));
#1455 = ORIENTED_EDGE('',*,*,#1410,.F.);
#1456 = ORIENTED_EDGE('',*,*,#1425,.T.);
#1457 = ORIENTED_EDGE('',*,*,#1458,.T.);
#1458 = EDGE_CURVE('',#1426,#1459,#1461,.T.);
#1459 = VERTEX_POINT('',#1460);
#1460 = CARTESIAN_POINT('',(0.6,0.545,4.E-02));
#1461 = LINE('',#1462,#1463);
#1462 = CARTESIAN_POINT('',(0.6,-0.585,4.E-02));
#1463 = VECTOR('',#1464,1.);
#1464 = DIRECTION('',(0.,1.,0.));
#1465 = ORIENTED_EDGE('',*,*,#1466,.F.);
#1466 = EDGE_CURVE('',#1402,#1459,#1467,.T.);
#1467 = LINE('',#1468,#1469);
#1468 = CARTESIAN_POINT('',(-0.6,0.545,4.E-02));
#1469 = VECTOR('',#1470,1.);
#1470 = DIRECTION('',(1.,0.,0.));
#1471 = PLANE('',#1472);
#1472 = AXIS2_PLACEMENT_3D('',#1473,#1474,#1475);
#1473 = CARTESIAN_POINT('',(-0.6,-0.585,4.E-02));
#1474 = DIRECTION('',(0.,0.,1.));
#1475 = DIRECTION('',(1.,0.,-0.));
#1476 = ADVANCED_FACE('',(#1477),#1496,.T.);
#1477 = FACE_BOUND('',#1478,.T.);
#1478 = EDGE_LOOP('',(#1479,#1487,#1494,#1495));
#1479 = ORIENTED_EDGE('',*,*,#1480,.T.);
#1480 = EDGE_CURVE('',#1394,#1481,#1483,.T.);
#1481 = VERTEX_POINT('',#1482);
#1482 = CARTESIAN_POINT('',(0.6,0.585,8.E-02));
#1483 = LINE('',#1484,#1485);
#1484 = CARTESIAN_POINT('',(-0.6,0.585,8.E-02));
#1485 = VECTOR('',#1486,1.);
#1486 = DIRECTION('',(1.,0.,0.));
#1487 = ORIENTED_EDGE('',*,*,#1488,.T.);
#1488 = EDGE_CURVE('',#1481,#1459,#1489,.T.);
#1489 = CIRCLE('',#1490,4.E-02);
#1490 = AXIS2_PLACEMENT_3D('',#1491,#1492,#1493);
#1491 = CARTESIAN_POINT('',(0.6,0.545,8.E-02));
#1492 = DIRECTION('',(-1.,0.,0.));
#1493 = DIRECTION('',(0.,0.,1.));
#1494 = ORIENTED_EDGE('',*,*,#1466,.F.);
#1495 = ORIENTED_EDGE('',*,*,#1401,.F.);
#1496 = CYLINDRICAL_SURFACE('',#1497,4.E-02);
#1497 = AXIS2_PLACEMENT_3D('',#1498,#1499,#1500);
#1498 = CARTESIAN_POINT('',(-0.6,0.545,8.E-02));
#1499 = DIRECTION('',(1.,0.,0.));
#1500 = DIRECTION('',(-0.,1.,0.));
#1501 = ADVANCED_FACE('',(#1502),#1520,.T.);
#1502 = FACE_BOUND('',#1503,.T.);
#1503 = EDGE_LOOP('',(#1504,#1512,#1513,#1514));
#1504 = ORIENTED_EDGE('',*,*,#1505,.F.);
#1505 = EDGE_CURVE('',#1481,#1506,#1508,.T.);
#1506 = VERTEX_POINT('',#1507);
#1507 = CARTESIAN_POINT('',(0.6,0.585,1.17));
#1508 = LINE('',#1509,#1510);
#1509 = CARTESIAN_POINT('',(0.6,0.585,4.E-02));
#1510 = VECTOR('',#1511,1.);
#1511 = DIRECTION('',(0.,0.,1.));
#1512 = ORIENTED_EDGE('',*,*,#1480,.F.);
#1513 = ORIENTED_EDGE('',*,*,#1393,.T.);
#1514 = ORIENTED_EDGE('',*,*,#1515,.T.);
#1515 = EDGE_CURVE('',#1385,#1506,#1516,.T.);
#1516 = LINE('',#1517,#1518);
#1517 = CARTESIAN_POINT('',(-0.6,0.585,1.17));
#1518 = VECTOR('',#1519,1.);
#1519 = DIRECTION('',(1.,0.,0.));
#1520 = PLANE('',#1521);
#1521 = AXIS2_PLACEMENT_3D('',#1522,#1523,#1524);
#1522 = CARTESIAN_POINT('',(-0.6,0.585,4.E-02));
#1523 = DIRECTION('',(0.,1.,0.));
#1524 = DIRECTION('',(0.,-0.,1.));
#1525 = ADVANCED_FACE('',(#1526),#1545,.T.);
#1526 = FACE_BOUND('',#1527,.T.);
#1527 = EDGE_LOOP('',(#1528,#1529,#1537,#1544));
#1528 = ORIENTED_EDGE('',*,*,#1384,.T.);
#1529 = ORIENTED_EDGE('',*,*,#1530,.T.);
#1530 = EDGE_CURVE('',#1377,#1531,#1533,.T.);
#1531 = VERTEX_POINT('',#1532);
#1532 = CARTESIAN_POINT('',(0.6,0.545,1.21));
#1533 = LINE('',#1534,#1535);
#1534 = CARTESIAN_POINT('',(-0.6,0.545,1.21));
#1535 = VECTOR('',#1536,1.);
#1536 = DIRECTION('',(1.,0.,0.));
#1537 = ORIENTED_EDGE('',*,*,#1538,.F.);
#1538 = EDGE_CURVE('',#1506,#1531,#1539,.T.);
#1539 = CIRCLE('',#1540,4.E-02);
#1540 = AXIS2_PLACEMENT_3D('',#1541,#1542,#1543);
#1541 = CARTESIAN_POINT('',(0.6,0.545,1.17));
#1542 = DIRECTION('',(1.,0.,-0.));
#1543 = DIRECTION('',(0.,0.,1.));
#1544 = ORIENTED_EDGE('',*,*,#1515,.F.);
#1545 = CYLINDRICAL_SURFACE('',#1546,4.E-02);
#1546 = AXIS2_PLACEMENT_3D('',#1547,#1548,#1549);
#1547 = CARTESIAN_POINT('',(-0.6,0.545,1.17));
#1548 = DIRECTION('',(1.,0.,0.));
#1549 = DIRECTION('',(-0.,1.,0.));
#1550 = ADVANCED_FACE('',(#1551),#1569,.T.);
#1551 = FACE_BOUND('',#1552,.T.);
#1552 = EDGE_LOOP('',(#1553,#1554,#1562,#1568));
#1553 = ORIENTED_EDGE('',*,*,#1376,.F.);
#1554 = ORIENTED_EDGE('',*,*,#1555,.T.);
#1555 = EDGE_CURVE('',#1368,#1556,#1558,.T.);
#1556 = VERTEX_POINT('',#1557);
#1557 = CARTESIAN_POINT('',(0.6,-0.545,1.21));
#1558 = LINE('',#1559,#1560);
#1559 = CARTESIAN_POINT('',(-0.6,-0.545,1.21));
#1560 = VECTOR('',#1561,1.);
#1561 = DIRECTION('',(1.,0.,0.));
#1562 = ORIENTED_EDGE('',*,*,#1563,.T.);
#1563 = EDGE_CURVE('',#1556,#1531,#1564,.T.);
#1564 = LINE('',#1565,#1566);
#1565 = CARTESIAN_POINT('',(0.6,-0.585,1.21));
#1566 = VECTOR('',#1567,1.);
#1567 = DIRECTION('',(0.,1.,0.));
#1568 = ORIENTED_EDGE('',*,*,#1530,.F.);
#1569 = PLANE('',#1570);
#1570 = AXIS2_PLACEMENT_3D('',#1571,#1572,#1573);
#1571 = CARTESIAN_POINT('',(-0.6,-0.585,1.21));
#1572 = DIRECTION('',(0.,0.,1.));
#1573 = DIRECTION('',(1.,0.,-0.));
#1574 = ADVANCED_FACE('',(#1575),#1594,.T.);
#1575 = FACE_BOUND('',#1576,.T.);
#1576 = EDGE_LOOP('',(#1577,#1585,#1592,#1593));
#1577 = ORIENTED_EDGE('',*,*,#1578,.T.);
#1578 = EDGE_CURVE('',#1360,#1579,#1581,.T.);
#1579 = VERTEX_POINT('',#1580);
#1580 = CARTESIAN_POINT('',(0.6,-0.585,1.17));
#1581 = LINE('',#1582,#1583);
#1582 = CARTESIAN_POINT('',(-0.6,-0.585,1.17));
#1583 = VECTOR('',#1584,1.);
#1584 = DIRECTION('',(1.,0.,0.));
#1585 = ORIENTED_EDGE('',*,*,#1586,.T.);
#1586 = EDGE_CURVE('',#1579,#1556,#1587,.T.);
#1587 = CIRCLE('',#1588,4.E-02);
#1588 = AXIS2_PLACEMENT_3D('',#1589,#1590,#1591);
#1589 = CARTESIAN_POINT('',(0.6,-0.545,1.17));
#1590 = DIRECTION('',(-1.,0.,0.));
#1591 = DIRECTION('',(0.,0.,1.));
#1592 = ORIENTED_EDGE('',*,*,#1555,.F.);
#1593 = ORIENTED_EDGE('',*,*,#1367,.F.);
#1594 = CYLINDRICAL_SURFACE('',#1595,4.E-02);
#1595 = AXIS2_PLACEMENT_3D('',#1596,#1597,#1598);
#1596 = CARTESIAN_POINT('',(-0.6,-0.545,1.17));
#1597 = DIRECTION('',(1.,0.,0.));
#1598 = DIRECTION('',(0.,-1.,0.));
#1599 = ADVANCED_FACE('',(#1600),#1611,.F.);
#1600 = FACE_BOUND('',#1601,.F.);
#1601 = EDGE_LOOP('',(#1602,#1608,#1609,#1610));
#1602 = ORIENTED_EDGE('',*,*,#1603,.F.);
#1603 = EDGE_CURVE('',#1434,#1579,#1604,.T.);
#1604 = LINE('',#1605,#1606);
#1605 = CARTESIAN_POINT('',(0.6,-0.585,4.E-02));
#1606 = VECTOR('',#1607,1.);
#1607 = DIRECTION('',(0.,0.,1.));
#1608 = ORIENTED_EDGE('',*,*,#1442,.F.);
#1609 = ORIENTED_EDGE('',*,*,#1359,.T.);
#1610 = ORIENTED_EDGE('',*,*,#1578,.T.);
#1611 = PLANE('',#1612);
#1612 = AXIS2_PLACEMENT_3D('',#1613,#1614,#1615);
#1613 = CARTESIAN_POINT('',(-0.6,-0.585,4.E-02));
#1614 = DIRECTION('',(0.,1.,0.));
#1615 = DIRECTION('',(0.,-0.,1.));
#1616 = ADVANCED_FACE('',(#1617,#1687),#1697,.F.);
#1617 = FACE_BOUND('',#1618,.F.);
#1618 = EDGE_LOOP('',(#1619,#1629,#1638,#1646,#1655,#1663,#1672,#1680));
#1619 = ORIENTED_EDGE('',*,*,#1620,.F.);
#1620 = EDGE_CURVE('',#1621,#1623,#1625,.T.);
#1621 = VERTEX_POINT('',#1622);
#1622 = CARTESIAN_POINT('',(0.6,-0.625,4.E-02));
#1623 = VERTEX_POINT('',#1624);
#1624 = CARTESIAN_POINT('',(0.6,-0.625,1.21));
#1625 = LINE('',#1626,#1627);
#1626 = CARTESIAN_POINT('',(0.6,-0.625,0.));
#1627 = VECTOR('',#1628,1.);
#1628 = DIRECTION('',(0.,0.,1.));
#1629 = ORIENTED_EDGE('',*,*,#1630,.T.);
#1630 = EDGE_CURVE('',#1621,#1631,#1633,.T.);
#1631 = VERTEX_POINT('',#1632);
#1632 = CARTESIAN_POINT('',(0.6,-0.585,0.));
#1633 = CIRCLE('',#1634,4.E-02);
#1634 = AXIS2_PLACEMENT_3D('',#1635,#1636,#1637);
#1635 = CARTESIAN_POINT('',(0.6,-0.585,4.E-02));
#1636 = DIRECTION('',(1.,0.,-0.));
#1637 = DIRECTION('',(0.,0.,1.));
#1638 = ORIENTED_EDGE('',*,*,#1639,.T.);
#1639 = EDGE_CURVE('',#1631,#1640,#1642,.T.);
#1640 = VERTEX_POINT('',#1641);
#1641 = CARTESIAN_POINT('',(0.6,0.585,0.));
#1642 = LINE('',#1643,#1644);
#1643 = CARTESIAN_POINT('',(0.6,-0.625,0.));
#1644 = VECTOR('',#1645,1.);
#1645 = DIRECTION('',(0.,1.,0.));
#1646 = ORIENTED_EDGE('',*,*,#1647,.F.);
#1647 = EDGE_CURVE('',#1648,#1640,#1650,.T.);
#1648 = VERTEX_POINT('',#1649);
#1649 = CARTESIAN_POINT('',(0.6,0.625,4.E-02));
#1650 = CIRCLE('',#1651,4.E-02);
#1651 = AXIS2_PLACEMENT_3D('',#1652,#1653,#1654);
#1652 = CARTESIAN_POINT('',(0.6,0.585,4.E-02));
#1653 = DIRECTION('',(-1.,0.,0.));
#1654 = DIRECTION('',(0.,0.,1.));
#1655 = ORIENTED_EDGE('',*,*,#1656,.T.);
#1656 = EDGE_CURVE('',#1648,#1657,#1659,.T.);
#1657 = VERTEX_POINT('',#1658);
#1658 = CARTESIAN_POINT('',(0.6,0.625,1.21));
#1659 = LINE('',#1660,#1661);
#1660 = CARTESIAN_POINT('',(0.6,0.625,0.));
#1661 = VECTOR('',#1662,1.);
#1662 = DIRECTION('',(0.,0.,1.));
#1663 = ORIENTED_EDGE('',*,*,#1664,.T.);
#1664 = EDGE_CURVE('',#1657,#1665,#1667,.T.);
#1665 = VERTEX_POINT('',#1666);
#1666 = CARTESIAN_POINT('',(0.6,0.585,1.25));
#1667 = CIRCLE('',#1668,4.E-02);
#1668 = AXIS2_PLACEMENT_3D('',#1669,#1670,#1671);
#1669 = CARTESIAN_POINT('',(0.6,0.585,1.21));
#1670 = DIRECTION('',(1.,0.,-0.));
#1671 = DIRECTION('',(0.,0.,1.));
#1672 = ORIENTED_EDGE('',*,*,#1673,.F.);
#1673 = EDGE_CURVE('',#1674,#1665,#1676,.T.);
#1674 = VERTEX_POINT('',#1675);
#1675 = CARTESIAN_POINT('',(0.6,-0.585,1.25));
#1676 = LINE('',#1677,#1678);
#1677 = CARTESIAN_POINT('',(0.6,-0.625,1.25));
#1678 = VECTOR('',#1679,1.);
#1679 = DIRECTION('',(0.,1.,0.));
#1680 = ORIENTED_EDGE('',*,*,#1681,.F.);
#1681 = EDGE_CURVE('',#1623,#1674,#1682,.T.);
#1682 = CIRCLE('',#1683,4.E-02);
#1683 = AXIS2_PLACEMENT_3D('',#1684,#1685,#1686);
#1684 = CARTESIAN_POINT('',(0.6,-0.585,1.21));
#1685 = DIRECTION('',(-1.,0.,0.));
#1686 = DIRECTION('',(0.,0.,1.));
#1687 = FACE_BOUND('',#1688,.F.);
#1688 = EDGE_LOOP('',(#1689,#1690,#1691,#1692,#1693,#1694,#1695,#1696));
#1689 = ORIENTED_EDGE('',*,*,#1433,.F.);
#1690 = ORIENTED_EDGE('',*,*,#1603,.T.);
#1691 = ORIENTED_EDGE('',*,*,#1586,.T.);
#1692 = ORIENTED_EDGE('',*,*,#1563,.T.);
#1693 = ORIENTED_EDGE('',*,*,#1538,.F.);
#1694 = ORIENTED_EDGE('',*,*,#1505,.F.);
#1695 = ORIENTED_EDGE('',*,*,#1488,.T.);
#1696 = ORIENTED_EDGE('',*,*,#1458,.F.);
#1697 = PLANE('',#1698);
#1698 = AXIS2_PLACEMENT_3D('',#1699,#1700,#1701);
#1699 = CARTESIAN_POINT('',(0.6,-0.625,0.));
#1700 = DIRECTION('',(1.,0.,0.));
#1701 = DIRECTION('',(0.,0.,1.));
#1702 = ADVANCED_FACE('',(#1703),#1728,.F.);
#1703 = FACE_BOUND('',#1704,.F.);
#1704 = EDGE_LOOP('',(#1705,#1715,#1721,#1722));
#1705 = ORIENTED_EDGE('',*,*,#1706,.F.);
#1706 = EDGE_CURVE('',#1707,#1709,#1711,.T.);
#1707 = VERTEX_POINT('',#1708);
#1708 = CARTESIAN_POINT('',(1.,-0.625,4.E-02));
#1709 = VERTEX_POINT('',#1710);
#1710 = CARTESIAN_POINT('',(1.,-0.625,1.21));
#1711 = LINE('',#1712,#1713);
#1712 = CARTESIAN_POINT('',(1.,-0.625,0.));
#1713 = VECTOR('',#1714,1.);
#1714 = DIRECTION('',(0.,0.,1.));
#1715 = ORIENTED_EDGE('',*,*,#1716,.F.);
#1716 = EDGE_CURVE('',#1621,#1707,#1717,.T.);
#1717 = LINE('',#1718,#1719);
#1718 = CARTESIAN_POINT('',(0.6,-0.625,4.E-02));
#1719 = VECTOR('',#1720,1.);
#1720 = DIRECTION('',(1.,0.,0.));
#1721 = ORIENTED_EDGE('',*,*,#1620,.T.);
#1722 = ORIENTED_EDGE('',*,*,#1723,.T.);
#1723 = EDGE_CURVE('',#1623,#1709,#1724,.T.);
#1724 = LINE('',#1725,#1726);
#1725 = CARTESIAN_POINT('',(0.6,-0.625,1.21));
#1726 = VECTOR('',#1727,1.);
#1727 = DIRECTION('',(1.,0.,0.));
#1728 = PLANE('',#1729);
#1729 = AXIS2_PLACEMENT_3D('',#1730,#1731,#1732);
#1730 = CARTESIAN_POINT('',(0.6,-0.625,0.));
#1731 = DIRECTION('',(0.,1.,0.));
#1732 = DIRECTION('',(0.,-0.,1.));
#1733 = ADVANCED_FACE('',(#1734),#1753,.T.);
#1734 = FACE_BOUND('',#1735,.T.);
#1735 = EDGE_LOOP('',(#1736,#1737,#1745,#1752));
#1736 = ORIENTED_EDGE('',*,*,#1630,.T.);
#1737 = ORIENTED_EDGE('',*,*,#1738,.T.);
#1738 = EDGE_CURVE('',#1631,#1739,#1741,.T.);
#1739 = VERTEX_POINT('',#1740);
#1740 = CARTESIAN_POINT('',(1.,-0.585,0.));
#1741 = LINE('',#1742,#1743);
#1742 = CARTESIAN_POINT('',(0.6,-0.585,0.));
#1743 = VECTOR('',#1744,1.);
#1744 = DIRECTION('',(1.,0.,0.));
#1745 = ORIENTED_EDGE('',*,*,#1746,.F.);
#1746 = EDGE_CURVE('',#1707,#1739,#1747,.T.);
#1747 = CIRCLE('',#1748,4.E-02);
#1748 = AXIS2_PLACEMENT_3D('',#1749,#1750,#1751);
#1749 = CARTESIAN_POINT('',(1.,-0.585,4.E-02));
#1750 = DIRECTION('',(1.,0.,-0.));
#1751 = DIRECTION('',(0.,0.,1.));
#1752 = ORIENTED_EDGE('',*,*,#1716,.F.);
#1753 = CYLINDRICAL_SURFACE('',#1754,4.E-02);
#1754 = AXIS2_PLACEMENT_3D('',#1755,#1756,#1757);
#1755 = CARTESIAN_POINT('',(0.6,-0.585,4.E-02));
#1756 = DIRECTION('',(1.,0.,0.));
#1757 = DIRECTION('',(0.,-1.,0.));
#1758 = ADVANCED_FACE('',(#1759),#1778,.T.);
#1759 = FACE_BOUND('',#1760,.T.);
#1760 = EDGE_LOOP('',(#1761,#1762,#1771,#1777));
#1761 = ORIENTED_EDGE('',*,*,#1723,.T.);
#1762 = ORIENTED_EDGE('',*,*,#1763,.T.);
#1763 = EDGE_CURVE('',#1709,#1764,#1766,.T.);
#1764 = VERTEX_POINT('',#1765);
#1765 = CARTESIAN_POINT('',(1.,-0.585,1.25));
#1766 = CIRCLE('',#1767,4.E-02);
#1767 = AXIS2_PLACEMENT_3D('',#1768,#1769,#1770);
#1768 = CARTESIAN_POINT('',(1.,-0.585,1.21));
#1769 = DIRECTION('',(-1.,0.,0.));
#1770 = DIRECTION('',(0.,0.,1.));
#1771 = ORIENTED_EDGE('',*,*,#1772,.F.);
#1772 = EDGE_CURVE('',#1674,#1764,#1773,.T.);
#1773 = LINE('',#1774,#1775);
#1774 = CARTESIAN_POINT('',(0.6,-0.585,1.25));
#1775 = VECTOR('',#1776,1.);
#1776 = DIRECTION('',(1.,0.,0.));
#1777 = ORIENTED_EDGE('',*,*,#1681,.F.);
#1778 = CYLINDRICAL_SURFACE('',#1779,4.E-02);
#1779 = AXIS2_PLACEMENT_3D('',#1780,#1781,#1782);
#1780 = CARTESIAN_POINT('',(0.6,-0.585,1.21));
#1781 = DIRECTION('',(1.,0.,0.));
#1782 = DIRECTION('',(0.,-1.,0.));
#1783 = ADVANCED_FACE('',(#1784),#1802,.F.);
#1784 = FACE_BOUND('',#1785,.F.);
#1785 = EDGE_LOOP('',(#1786,#1787,#1788,#1796));
#1786 = ORIENTED_EDGE('',*,*,#1639,.F.);
#1787 = ORIENTED_EDGE('',*,*,#1738,.T.);
#1788 = ORIENTED_EDGE('',*,*,#1789,.T.);
#1789 = EDGE_CURVE('',#1739,#1790,#1792,.T.);
#1790 = VERTEX_POINT('',#1791);
#1791 = CARTESIAN_POINT('',(1.,0.585,0.));
#1792 = LINE('',#1793,#1794);
#1793 = CARTESIAN_POINT('',(1.,-0.625,0.));
#1794 = VECTOR('',#1795,1.);
#1795 = DIRECTION('',(0.,1.,0.));
#1796 = ORIENTED_EDGE('',*,*,#1797,.F.);
#1797 = EDGE_CURVE('',#1640,#1790,#1798,.T.);
#1798 = LINE('',#1799,#1800);
#1799 = CARTESIAN_POINT('',(0.6,0.585,0.));
#1800 = VECTOR('',#1801,1.);
#1801 = DIRECTION('',(1.,0.,0.));
#1802 = PLANE('',#1803);
#1803 = AXIS2_PLACEMENT_3D('',#1804,#1805,#1806);
#1804 = CARTESIAN_POINT('',(0.6,-0.625,0.));
#1805 = DIRECTION('',(0.,0.,1.));
#1806 = DIRECTION('',(1.,0.,-0.));
#1807 = ADVANCED_FACE('',(#1808),#1826,.T.);
#1808 = FACE_BOUND('',#1809,.T.);
#1809 = EDGE_LOOP('',(#1810,#1811,#1812,#1820));
#1810 = ORIENTED_EDGE('',*,*,#1673,.F.);
#1811 = ORIENTED_EDGE('',*,*,#1772,.T.);
#1812 = ORIENTED_EDGE('',*,*,#1813,.T.);
#1813 = EDGE_CURVE('',#1764,#1814,#1816,.T.);
#1814 = VERTEX_POINT('',#1815);
#1815 = CARTESIAN_POINT('',(1.,0.585,1.25));
#1816 = LINE('',#1817,#1818);
#1817 = CARTESIAN_POINT('',(1.,-0.625,1.25));
#1818 = VECTOR('',#1819,1.);
#1819 = DIRECTION('',(0.,1.,0.));
#1820 = ORIENTED_EDGE('',*,*,#1821,.F.);
#1821 = EDGE_CURVE('',#1665,#1814,#1822,.T.);
#1822 = LINE('',#1823,#1824);
#1823 = CARTESIAN_POINT('',(0.6,0.585,1.25));
#1824 = VECTOR('',#1825,1.);
#1825 = DIRECTION('',(1.,0.,0.));
#1826 = PLANE('',#1827);
#1827 = AXIS2_PLACEMENT_3D('',#1828,#1829,#1830);
#1828 = CARTESIAN_POINT('',(0.6,-0.625,1.25));
#1829 = DIRECTION('',(0.,0.,1.));
#1830 = DIRECTION('',(1.,0.,-0.));
#1831 = ADVANCED_FACE('',(#1832),#1851,.T.);
#1832 = FACE_BOUND('',#1833,.T.);
#1833 = EDGE_LOOP('',(#1834,#1842,#1849,#1850));
#1834 = ORIENTED_EDGE('',*,*,#1835,.T.);
#1835 = EDGE_CURVE('',#1648,#1836,#1838,.T.);
#1836 = VERTEX_POINT('',#1837);
#1837 = CARTESIAN_POINT('',(1.,0.625,4.E-02));
#1838 = LINE('',#1839,#1840);
#1839 = CARTESIAN_POINT('',(0.6,0.625,4.E-02));
#1840 = VECTOR('',#1841,1.);
#1841 = DIRECTION('',(1.,0.,0.));
#1842 = ORIENTED_EDGE('',*,*,#1843,.T.);
#1843 = EDGE_CURVE('',#1836,#1790,#1844,.T.);
#1844 = CIRCLE('',#1845,4.E-02);
#1845 = AXIS2_PLACEMENT_3D('',#1846,#1847,#1848);
#1846 = CARTESIAN_POINT('',(1.,0.585,4.E-02));
#1847 = DIRECTION('',(-1.,0.,0.));
#1848 = DIRECTION('',(0.,0.,1.));
#1849 = ORIENTED_EDGE('',*,*,#1797,.F.);
#1850 = ORIENTED_EDGE('',*,*,#1647,.F.);
#1851 = CYLINDRICAL_SURFACE('',#1852,4.E-02);
#1852 = AXIS2_PLACEMENT_3D('',#1853,#1854,#1855);
#1853 = CARTESIAN_POINT('',(0.6,0.585,4.E-02));
#1854 = DIRECTION('',(1.,0.,0.));
#1855 = DIRECTION('',(-0.,1.,0.));
#1856 = ADVANCED_FACE('',(#1857),#1876,.T.);
#1857 = FACE_BOUND('',#1858,.T.);
#1858 = EDGE_LOOP('',(#1859,#1860,#1861,#1870));
#1859 = ORIENTED_EDGE('',*,*,#1664,.T.);
#1860 = ORIENTED_EDGE('',*,*,#1821,.T.);
#1861 = ORIENTED_EDGE('',*,*,#1862,.F.);
#1862 = EDGE_CURVE('',#1863,#1814,#1865,.T.);
#1863 = VERTEX_POINT('',#1864);
#1864 = CARTESIAN_POINT('',(1.,0.625,1.21));
#1865 = CIRCLE('',#1866,4.E-02);
#1866 = AXIS2_PLACEMENT_3D('',#1867,#1868,#1869);
#1867 = CARTESIAN_POINT('',(1.,0.585,1.21));
#1868 = DIRECTION('',(1.,0.,-0.));
#1869 = DIRECTION('',(0.,0.,1.));
#1870 = ORIENTED_EDGE('',*,*,#1871,.F.);
#1871 = EDGE_CURVE('',#1657,#1863,#1872,.T.);
#1872 = LINE('',#1873,#1874);
#1873 = CARTESIAN_POINT('',(0.6,0.625,1.21));
#1874 = VECTOR('',#1875,1.);
#1875 = DIRECTION('',(1.,0.,0.));
#1876 = CYLINDRICAL_SURFACE('',#1877,4.E-02);
#1877 = AXIS2_PLACEMENT_3D('',#1878,#1879,#1880);
#1878 = CARTESIAN_POINT('',(0.6,0.585,1.21));
#1879 = DIRECTION('',(1.,0.,0.));
#1880 = DIRECTION('',(-0.,1.,0.));
#1881 = ADVANCED_FACE('',(#1882),#1893,.T.);
#1882 = FACE_BOUND('',#1883,.T.);
#1883 = EDGE_LOOP('',(#1884,#1890,#1891,#1892));
#1884 = ORIENTED_EDGE('',*,*,#1885,.F.);
#1885 = EDGE_CURVE('',#1836,#1863,#1886,.T.);
#1886 = LINE('',#1887,#1888);
#1887 = CARTESIAN_POINT('',(1.,0.625,0.));
#1888 = VECTOR('',#1889,1.);
#1889 = DIRECTION('',(0.,0.,1.));
#1890 = ORIENTED_EDGE('',*,*,#1835,.F.);
#1891 = ORIENTED_EDGE('',*,*,#1656,.T.);
#1892 = ORIENTED_EDGE('',*,*,#1871,.T.);
#1893 = PLANE('',#1894);
#1894 = AXIS2_PLACEMENT_3D('',#1895,#1896,#1897);
#1895 = CARTESIAN_POINT('',(0.6,0.625,0.));
#1896 = DIRECTION('',(0.,1.,0.));
#1897 = DIRECTION('',(0.,-0.,1.));
#1898 = ADVANCED_FACE('',(#1899),#1909,.T.);
#1899 = FACE_BOUND('',#1900,.T.);
#1900 = EDGE_LOOP('',(#1901,#1902,#1903,#1904,#1905,#1906,#1907,#1908));
#1901 = ORIENTED_EDGE('',*,*,#1706,.F.);
#1902 = ORIENTED_EDGE('',*,*,#1746,.T.);
#1903 = ORIENTED_EDGE('',*,*,#1789,.T.);
#1904 = ORIENTED_EDGE('',*,*,#1843,.F.);
#1905 = ORIENTED_EDGE('',*,*,#1885,.T.);
#1906 = ORIENTED_EDGE('',*,*,#1862,.T.);
#1907 = ORIENTED_EDGE('',*,*,#1813,.F.);
#1908 = ORIENTED_EDGE('',*,*,#1763,.F.);
#1909 = PLANE('',#1910);
#1910 = AXIS2_PLACEMENT_3D('',#1911,#1912,#1913);
#1911 = CARTESIAN_POINT('',(1.,-0.625,0.));
#1912 = DIRECTION('',(1.,0.,0.));
#1913 = DIRECTION('',(0.,0.,1.));
#1914 = ( GEOMETRIC_REPRESENTATION_CONTEXT(3) 
GLOBAL_UNCERTAINTY_ASSIGNED_CONTEXT((#1918)) 
GLOBAL_UNIT_ASSIGNED_CONTEXT((#1915,#1916,#1917)) REPRESENTATION_CONTEXT
('Context #1','3D Context with UNIT and UNCERTAINTY') );
#1915 = ( LENGTH_UNIT() NAMED_UNIT(*) SI_UNIT(.MILLI.,.METRE.) );
#1916 = ( NAMED_UNIT(*) PLANE_ANGLE_UNIT() SI_UNIT($,.RADIAN.) );
#1917 = ( NAMED_UNIT(*) SI_UNIT($,.STERADIAN.) SOLID_ANGLE_UNIT() );
#1918 = UNCERTAINTY_MEASURE_WITH_UNIT(LENGTH_MEASURE(1.E-07),#1915,
  'distance_accuracy_value','confusion accuracy');
#1919 = CONTEXT_DEPENDENT_SHAPE_REPRESENTATION(#1920,#1922);
#1920 = ( REPRESENTATION_RELATIONSHIP('','',#1059,#1036) 
REPRESENTATION_RELATIONSHIP_WITH_TRANSFORMATION(#1921) 
SHAPE_REPRESENTATION_RELATIONSHIP() );
#1921 = ITEM_DEFINED_TRANSFORMATION('','',#11,#1037);
#1922 = PRODUCT_DEFINITION_SHAPE('Placement','Placement of an item',
  #1923);
#1923 = NEXT_ASSEMBLY_USAGE_OCCURRENCE('3','=>[0:1:1:5]','',#1031,#1054,
  $);
#1924 = PRODUCT_RELATED_PRODUCT_CATEGORY('part',$,(#1056));
#1925 = CONTEXT_DEPENDENT_SHAPE_REPRESENTATION(#1926,#1928);
#1926 = ( REPRESENTATION_RELATIONSHIP('','',#1036,#10) 
REPRESENTATION_RELATIONSHIP_WITH_TRANSFORMATION(#1927) 
SHAPE_REPRESENTATION_RELATIONSHIP() );
#1927 = ITEM_DEFINED_TRANSFORMATION('','',#11,#23);
#1928 = PRODUCT_DEFINITION_SHAPE('Placement','Placement of an item',
  #1929);
#1929 = NEXT_ASSEMBLY_USAGE_OCCURRENCE('5','C1','',#5,#1031,$);
#1930 = CONTEXT_DEPENDENT_SHAPE_REPRESENTATION(#1931,#1933);
#1931 = ( REPRESENTATION_RELATIONSHIP('','',#1036,#10) 
REPRESENTATION_RELATIONSHIP_WITH_TRANSFORMATION(#1932) 
SHAPE_REPRESENTATION_RELATIONSHIP() );
#1932 = ITEM_DEFINED_TRANSFORMATION('','',#11,#27);
#1933 = PRODUCT_DEFINITION_SHAPE('Placement','Placement of an item',
  #1934);
#1934 = NEXT_ASSEMBLY_USAGE_OCCURRENCE('6','C5','',#5,#1031,$);
#1935 = SHAPE_DEFINITION_REPRESENTATION(#1936,#1942);
#1936 = PRODUCT_DEFINITION_SHAPE('','',#1937);
#1937 = PRODUCT_DEFINITION('design','',#1938,#1941);
#1938 = PRODUCT_DEFINITION_FORMATION('','',#1939);
#1939 = PRODUCT('TestPoint_Loop_D2.50mm_Drill1.0mm',
  'TestPoint_Loop_D2.50mm_Drill1.0mm','',(#1940));
#1940 = PRODUCT_CONTEXT('',#2,'mechanical');
#1941 = PRODUCT_DEFINITION_CONTEXT('part definition',#2,'design');
#1942 = SHAPE_REPRESENTATION('',(#11,#1943),#1947);
#1943 = AXIS2_PLACEMENT_3D('',#1944,#1945,#1946);
#1944 = CARTESIAN_POINT('',(0.,0.,0.));
#1945 = DIRECTION('',(0.,0.,1.));
#1946 = DIRECTION('',(1.,0.,-0.));
#1947 = ( GEOMETRIC_REPRESENTATION_CONTEXT(3) 
GLOBAL_UNCERTAINTY_ASSIGNED_CONTEXT((#1951)) 
GLOBAL_UNIT_ASSIGNED_CONTEXT((#1948,#1949,#1950)) REPRESENTATION_CONTEXT
('Context #1','3D Context with UNIT and UNCERTAINTY') );
#1948 = ( LENGTH_UNIT() NAMED_UNIT(*) SI_UNIT(.MILLI.,.METRE.) );
#1949 = ( NAMED_UNIT(*) PLANE_ANGLE_UNIT() SI_UNIT($,.RADIAN.) );
#1950 = ( NAMED_UNIT(*) SI_UNIT($,.STERADIAN.) SOLID_ANGLE_UNIT() );
#1951 = UNCERTAINTY_MEASURE_WITH_UNIT(LENGTH_MEASURE(1.E-07),#1948,
  'distance_accuracy_value','confusion accuracy');
#1952 = CONTEXT_DEPENDENT_SHAPE_REPRESENTATION(#1953,#1955);
#1953 = ( REPRESENTATION_RELATIONSHIP('','',#1942,#10) 
REPRESENTATION_RELATIONSHIP_WITH_TRANSFORMATION(#1954) 
SHAPE_REPRESENTATION_RELATIONSHIP() );
#1954 = ITEM_DEFINED_TRANSFORMATION('','',#11,#31);
#1955 = PRODUCT_DEFINITION_SHAPE('Placement','Placement of an item',
  #1956);
#1956 = NEXT_ASSEMBLY_USAGE_OCCURRENCE('8','TP12','',#5,#1937,$);
#1957 = PRODUCT_RELATED_PRODUCT_CATEGORY('part',$,(#1939));
#1958 = SHAPE_DEFINITION_REPRESENTATION(#1959,#1965);
#1959 = PRODUCT_DEFINITION_SHAPE('','',#1960);
#1960 = PRODUCT_DEFINITION('design','',#1961,#1964);
#1961 = PRODUCT_DEFINITION_FORMATION('','',#1962);
#1962 = PRODUCT('TestPoint_Loop_D2.50mm_Drill1.0mm',
  'TestPoint_Loop_D2.50mm_Drill1.0mm','',(#1963));
#1963 = PRODUCT_CONTEXT('',#2,'mechanical');
#1964 = PRODUCT_DEFINITION_CONTEXT('part definition',#2,'design');
#1965 = ADVANCED_BREP_SHAPE_REPRESENTATION('',(#11,#1966),#2608);
#1966 = MANIFOLD_SOLID_BREP('',#1967);
#1967 = CLOSED_SHELL('',(#1968,#1985,#2010,#2279,#2305,#2574,#2599));
#1968 = ADVANCED_FACE('',(#1969),#1980,.F.);
#1969 = FACE_BOUND('',#1970,.F.);
#1970 = EDGE_LOOP('',(#1971));
#1971 = ORIENTED_EDGE('',*,*,#1972,.T.);
#1972 = EDGE_CURVE('',#1973,#1973,#1975,.T.);
#1973 = VERTEX_POINT('',#1974);
#1974 = CARTESIAN_POINT('',(0.,0.,-3.));
#1975 = CIRCLE('',#1976,0.25);
#1976 = AXIS2_PLACEMENT_3D('',#1977,#1978,#1979);
#1977 = CARTESIAN_POINT('',(-0.25,0.,-3.));
#1978 = DIRECTION('',(0.,0.,1.));
#1979 = DIRECTION('',(1.,0.,-0.));
#1980 = PLANE('',#1981);
#1981 = AXIS2_PLACEMENT_3D('',#1982,#1983,#1984);
#1982 = CARTESIAN_POINT('',(-0.25,2.E-17,-3.));
#1983 = DIRECTION('',(0.,0.,1.));
#1984 = DIRECTION('',(1.,0.,-0.));
#1985 = ADVANCED_FACE('',(#1986),#2005,.T.);
#1986 = FACE_BOUND('',#1987,.T.);
#1987 = EDGE_LOOP('',(#1988,#1996,#2003,#2004));
#1988 = ORIENTED_EDGE('',*,*,#1989,.T.);
#1989 = EDGE_CURVE('',#1973,#1990,#1992,.T.);
#1990 = VERTEX_POINT('',#1991);
#1991 = CARTESIAN_POINT('',(0.,1.E-15,6.14334042E-07));
#1992 = LINE('',#1993,#1994);
#1993 = CARTESIAN_POINT('',(0.,0.,-3.));
#1994 = VECTOR('',#1995,1.);
#1995 = DIRECTION('',(0.,2.2E-16,1.));
#1996 = ORIENTED_EDGE('',*,*,#1997,.F.);
#1997 = EDGE_CURVE('',#1990,#1990,#1998,.T.);
#1998 = CIRCLE('',#1999,0.25);
#1999 = AXIS2_PLACEMENT_3D('',#2000,#2001,#2002);
#2000 = CARTESIAN_POINT('',(-0.25,6.7E-16,6.1433404186E-07));
#2001 = DIRECTION('',(-0.,2.2E-16,1.));
#2002 = DIRECTION('',(1.,0.,0.));
#2003 = ORIENTED_EDGE('',*,*,#1989,.F.);
#2004 = ORIENTED_EDGE('',*,*,#1972,.T.);
#2005 = CYLINDRICAL_SURFACE('',#2006,0.25);
#2006 = AXIS2_PLACEMENT_3D('',#2007,#2008,#2009);
#2007 = CARTESIAN_POINT('',(-0.25,0.,-3.));
#2008 = DIRECTION('',(0.,2.2E-16,1.));
#2009 = DIRECTION('',(1.,0.,-0.));
#2010 = ADVANCED_FACE('',(#2011),#2061,.T.);
#2011 = FACE_BOUND('',#2012,.T.);
#2012 = EDGE_LOOP('',(#2013,#2049,#2059,#2060));
#2013 = ORIENTED_EDGE('',*,*,#2014,.T.);
#2014 = EDGE_CURVE('',#1990,#2015,#2017,.T.);
#2015 = VERTEX_POINT('',#2016);
#2016 = CARTESIAN_POINT('',(-0.75,2.E-15,4.9));
#2017 = ( BOUNDED_CURVE() B_SPLINE_CURVE(9,(#2018,#2019,#2020,#2021,
    #2022,#2023,#2024,#2025,#2026,#2027,#2028,#2029,#2030,#2031,#2032,
    #2033,#2034,#2035,#2036,#2037,#2038,#2039,#2040,#2041,#2042,#2043,
    #2044,#2045,#2046,#2047,#2048),.UNSPECIFIED.,.F.,.F.) 
B_SPLINE_CURVE_WITH_KNOTS((10,7,7,7,10),(0.,0.168076249228,
0.336152498457,0.668076249228,1.),.UNSPECIFIED.) CURVE() 
GEOMETRIC_REPRESENTATION_ITEM() RATIONAL_B_SPLINE_CURVE((1.669078461068,
    1.669078461068,1.669078461068,1.669078461068,1.669078461068,
    1.669078461068,1.669078461068,1.669078461068,1.669078461068,
    1.669078461068,1.669078461068,1.669078461068,1.669078461068,
    1.669078461068,1.669078461068,1.669078461068,1.669078461068,
    1.669078461068,1.669078461069,1.669078461068,1.669078461068,
    1.669078461068,1.669078461068,1.669078461068,1.669078461068,
    1.669078461069,1.669078461068,1.669078461068,1.669078461068,
1.669078461068,1.669078461068)) REPRESENTATION_ITEM('') );
#2018 = CARTESIAN_POINT('',(0.,6.4E-16,6.1433404186E-07));
#2019 = CARTESIAN_POINT('',(1.44E-15,6.5E-16,6.302926080477E-02));
#2020 = CARTESIAN_POINT('',(-1.986301319515E-03,6.6E-16,0.12399803565));
#2021 = CARTESIAN_POINT('',(-5.905973071054E-03,6.7E-16,0.183098474263)
  );
#2022 = CARTESIAN_POINT('',(-1.169409006003E-02,6.9E-16,0.24048942302));
#2023 = CARTESIAN_POINT('',(-1.926543120194E-02,7.E-16,0.296294880771));
#2024 = CARTESIAN_POINT('',(-2.849897554045E-02,7.2E-16,0.350618590929)
  );
#2025 = CARTESIAN_POINT('',(-3.923971978759E-02,7.2E-16,0.403571436646)
  );
#2026 = CARTESIAN_POINT('',(-6.339768994243E-02,7.5E-16,0.50702469764));
#2027 = CARTESIAN_POINT('',(-9.223891024958E-02,7.6E-16,0.60629740367));
#2028 = CARTESIAN_POINT('',(-0.107662955523,8.1E-16,0.655069884816));
#2029 = CARTESIAN_POINT('',(-0.123924188881,7.3E-16,0.703196865613));
#2030 = CARTESIAN_POINT('',(-0.140874687035,8.9E-16,0.750941569088));
#2031 = CARTESIAN_POINT('',(-0.158395597529,7.2E-16,0.798602230702));
#2032 = CARTESIAN_POINT('',(-0.176395932255,8.8E-16,0.846499414679));
#2033 = CARTESIAN_POINT('',(-0.231153748806,7.2E-16,0.990683484988));
#2034 = CARTESIAN_POINT('',(-0.288977681222,9.E-16,1.142941015731));
#2035 = CARTESIAN_POINT('',(-0.328250882542,7.9E-16,1.25020598625));
#2036 = CARTESIAN_POINT('',(-0.368135752753,9.6E-16,1.366403212813));
#2037 = CARTESIAN_POINT('',(-0.408319177784,8.8E-16,1.494202913615));
#2038 = CARTESIAN_POINT('',(-0.448289357642,9.7E-16,1.636153889815));
#2039 = CARTESIAN_POINT('',(-0.487472392433,9.8E-16,1.794664571979));
#2040 = CARTESIAN_POINT('',(-0.562990517757,1.07E-15,2.149435216765));
#2041 = CARTESIAN_POINT('',(-0.630169064569,1.16E-15,2.588678201802));
#2042 = CARTESIAN_POINT('',(-0.6610122111,1.22E-15,2.831661460079));
#2043 = CARTESIAN_POINT('',(-0.688420828963,1.27E-15,3.100179499081));
#2044 = CARTESIAN_POINT('',(-0.711705244978,1.34E-15,3.396365092059));
#2045 = CARTESIAN_POINT('',(-0.730181374496,1.41E-15,3.722333057517));
#2046 = CARTESIAN_POINT('',(-0.743170753736,1.49E-15,4.08019158569));
#2047 = CARTESIAN_POINT('',(-0.75,1.58E-15,4.472045492456));
#2048 = CARTESIAN_POINT('',(-0.75,1.68E-15,4.9));
#2049 = ORIENTED_EDGE('',*,*,#2050,.F.);
#2050 = EDGE_CURVE('',#2015,#2015,#2051,.T.);
#2051 = ( BOUNDED_CURVE() B_SPLINE_CURVE(6,(#2052,#2053,#2054,#2055,
#2056,#2057,#2058),.UNSPECIFIED.,.T.,.F.) B_SPLINE_CURVE_WITH_KNOTS((1,6
    ,6,1),(-6.28318530718,0.,6.28318530718,12.56637061436),
.UNSPECIFIED.) CURVE() GEOMETRIC_REPRESENTATION_ITEM() 
RATIONAL_B_SPLINE_CURVE((1.669078461068,1.03672962321,1.038346699848,
    0.853534330196,1.038346699848,1.03672962321,1.669078461068)) 
REPRESENTATION_ITEM('') );
#2052 = CARTESIAN_POINT('',(-0.75,1.68E-15,4.9));
#2053 = CARTESIAN_POINT('',(-0.75,0.415385768893,4.9));
#2054 = CARTESIAN_POINT('',(-1.263637047637,0.475028095811,4.9));
#2055 = CARTESIAN_POINT('',(-1.687279230252,2.75E-15,4.9));
#2056 = CARTESIAN_POINT('',(-1.263637047637,-0.475028095811,4.9));
#2057 = CARTESIAN_POINT('',(-0.75,-0.415385768893,4.9));
#2058 = CARTESIAN_POINT('',(-0.75,1.68E-15,4.9));
#2059 = ORIENTED_EDGE('',*,*,#2014,.F.);
#2060 = ORIENTED_EDGE('',*,*,#1997,.T.);
#2061 = ( BOUNDED_SURFACE() B_SPLINE_SURFACE(6,9,(
    (#2062,#2063,#2064,#2065,#2066,#2067,#2068,#2069,#2070,#2071,#2072
      ,#2073,#2074,#2075,#2076,#2077,#2078,#2079,#2080,#2081,#2082,#2083
      ,#2084,#2085,#2086,#2087,#2088,#2089,#2090,#2091,#2092)
    ,(#2093,#2094,#2095,#2096,#2097,#2098,#2099,#2100,#2101,#2102,#2103
      ,#2104,#2105,#2106,#2107,#2108,#2109,#2110,#2111,#2112,#2113,#2114
      ,#2115,#2116,#2117,#2118,#2119,#2120,#2121,#2122,#2123)
    ,(#2124,#2125,#2126,#2127,#2128,#2129,#2130,#2131,#2132,#2133,#2134
      ,#2135,#2136,#2137,#2138,#2139,#2140,#2141,#2142,#2143,#2144,#2145
      ,#2146,#2147,#2148,#2149,#2150,#2151,#2152,#2153,#2154)
    ,(#2155,#2156,#2157,#2158,#2159,#2160,#2161,#2162,#2163,#2164,#2165
      ,#2166,#2167,#2168,#2169,#2170,#2171,#2172,#2173,#2174,#2175,#2176
      ,#2177,#2178,#2179,#2180,#2181,#2182,#2183,#2184,#2185)
    ,(#2186,#2187,#2188,#2189,#2190,#2191,#2192,#2193,#2194,#2195,#2196
      ,#2197,#2198,#2199,#2200,#2201,#2202,#2203,#2204,#2205,#2206,#2207
      ,#2208,#2209,#2210,#2211,#2212,#2213,#2214,#2215,#2216)
    ,(#2217,#2218,#2219,#2220,#2221,#2222,#2223,#2224,#2225,#2226,#2227
      ,#2228,#2229,#2230,#2231,#2232,#2233,#2234,#2235,#2236,#2237,#2238
      ,#2239,#2240,#2241,#2242,#2243,#2244,#2245,#2246,#2247)
    ,(#2248,#2249,#2250,#2251,#2252,#2253,#2254,#2255,#2256,#2257,#2258
      ,#2259,#2260,#2261,#2262,#2263,#2264,#2265,#2266,#2267,#2268,#2269
      ,#2270,#2271,#2272,#2273,#2274,#2275,#2276,#2277,#2278
)),.UNSPECIFIED.,.T.,.F.,.F.) B_SPLINE_SURFACE_WITH_KNOTS((1,6,6,1),(10,
    7,7,7,10),(-6.28318530718,0.,6.28318530718,12.56637061436),(0.,
    0.168076249228,0.336152498457,0.668076249228,1.),.UNSPECIFIED.) 
GEOMETRIC_REPRESENTATION_ITEM() RATIONAL_B_SPLINE_SURFACE((
    (1.669078461068,1.669078461068,1.669078461068,1.669078461068
      ,1.669078461068,1.669078461068,1.669078461068,1.669078461068
      ,1.669078461068,1.669078461068,1.669078461068,1.669078461068
      ,1.669078461068,1.669078461068,1.669078461068,1.669078461068
      ,1.669078461068,1.669078461068,1.669078461069,1.669078461068
      ,1.669078461068,1.669078461068,1.669078461068,1.669078461068
      ,1.669078461068,1.669078461069,1.669078461068,1.669078461068
      ,1.669078461068,1.669078461068,1.669078461068)
    ,(1.03672962321,1.03672962321,1.03672962321,1.03672962321
      ,1.03672962321,1.03672962321,1.03672962321,1.03672962321
      ,1.03672962321,1.03672962321,1.03672962321,1.03672962321
      ,1.03672962321,1.03672962321,1.03672962321,1.03672962321
      ,1.03672962321,1.03672962321,1.03672962321,1.03672962321
      ,1.03672962321,1.03672962321,1.03672962321,1.03672962321
      ,1.03672962321,1.03672962321,1.036729623209,1.03672962321
      ,1.03672962321,1.03672962321,1.03672962321)
    ,(1.038346699848,1.038346699848,1.038346699848,1.038346699847
      ,1.038346699848,1.038346699847,1.038346699848,1.038346699848
      ,1.038346699847,1.038346699848,1.038346699847,1.038346699848
      ,1.038346699847,1.038346699848,1.038346699848,1.038346699847
      ,1.038346699848,1.038346699847,1.038346699848,1.038346699847
      ,1.038346699848,1.038346699848,1.038346699847,1.038346699848
      ,1.038346699847,1.038346699848,1.038346699847,1.038346699848
      ,1.038346699847,1.038346699848,1.038346699848)
    ,(0.853534330196,0.853534330196,0.853534330196,0.853534330196
      ,0.853534330196,0.853534330196,0.853534330196,0.853534330196
      ,0.853534330196,0.853534330196,0.853534330196,0.853534330196
      ,0.853534330196,0.853534330196,0.853534330196,0.853534330196
      ,0.853534330196,0.853534330196,0.853534330196,0.853534330196
      ,0.853534330196,0.853534330196,0.853534330196,0.853534330196
      ,0.853534330196,0.853534330196,0.853534330196,0.853534330196
      ,0.853534330196,0.853534330196,0.853534330196)
    ,(1.038346699848,1.038346699847,1.038346699848,1.038346699847
      ,1.038346699848,1.038346699847,1.038346699848,1.038346699847
      ,1.038346699848,1.038346699848,1.038346699847,1.038346699848
      ,1.038346699847,1.038346699848,1.038346699848,1.038346699847
      ,1.038346699848,1.038346699847,1.038346699848,1.038346699847
      ,1.038346699848,1.038346699848,1.038346699847,1.038346699848
      ,1.038346699847,1.038346699848,1.038346699847,1.038346699848
      ,1.038346699847,1.038346699848,1.038346699848)
    ,(1.03672962321,1.03672962321,1.03672962321,1.03672962321
      ,1.03672962321,1.03672962321,1.03672962321,1.03672962321
      ,1.03672962321,1.03672962321,1.03672962321,1.03672962321
      ,1.03672962321,1.03672962321,1.03672962321,1.03672962321
      ,1.03672962321,1.036729623209,1.03672962321,1.036729623209
      ,1.03672962321,1.03672962321,1.03672962321,1.03672962321
      ,1.03672962321,1.03672962321,1.03672962321,1.03672962321
      ,1.03672962321,1.03672962321,1.03672962321)
    ,(1.669078461068,1.669078461068,1.669078461068,1.669078461068
      ,1.669078461068,1.669078461068,1.669078461068,1.669078461068
      ,1.669078461068,1.669078461068,1.669078461068,1.669078461068
      ,1.669078461068,1.669078461068,1.669078461068,1.669078461068
      ,1.669078461068,1.669078461068,1.669078461069,1.669078461068
      ,1.669078461068,1.669078461068,1.669078461068,1.669078461068
      ,1.669078461068,1.669078461069,1.669078461068,1.669078461068
      ,1.669078461068,1.669078461068,1.669078461068
))) REPRESENTATION_ITEM('') SURFACE() );
#2062 = CARTESIAN_POINT('',(0.,6.4E-16,6.1433404186E-07));
#2063 = CARTESIAN_POINT('',(1.44E-15,6.5E-16,6.302926080477E-02));
#2064 = CARTESIAN_POINT('',(-1.986301319515E-03,6.6E-16,0.12399803565));
#2065 = CARTESIAN_POINT('',(-5.905973071054E-03,6.7E-16,0.183098474263)
  );
#2066 = CARTESIAN_POINT('',(-1.169409006003E-02,6.9E-16,0.24048942302));
#2067 = CARTESIAN_POINT('',(-1.926543120194E-02,7.E-16,0.296294880771));
#2068 = CARTESIAN_POINT('',(-2.849897554045E-02,7.2E-16,0.350618590929)
  );
#2069 = CARTESIAN_POINT('',(-3.923971978759E-02,7.2E-16,0.403571436646)
  );
#2070 = CARTESIAN_POINT('',(-6.339768994243E-02,7.5E-16,0.50702469764));
#2071 = CARTESIAN_POINT('',(-9.223891024958E-02,7.6E-16,0.60629740367));
#2072 = CARTESIAN_POINT('',(-0.107662955523,8.1E-16,0.655069884816));
#2073 = CARTESIAN_POINT('',(-0.123924188881,7.3E-16,0.703196865613));
#2074 = CARTESIAN_POINT('',(-0.140874687035,8.9E-16,0.750941569088));
#2075 = CARTESIAN_POINT('',(-0.158395597529,7.2E-16,0.798602230702));
#2076 = CARTESIAN_POINT('',(-0.176395932255,8.8E-16,0.846499414679));
#2077 = CARTESIAN_POINT('',(-0.231153748806,7.2E-16,0.990683484988));
#2078 = CARTESIAN_POINT('',(-0.288977681222,9.E-16,1.142941015731));
#2079 = CARTESIAN_POINT('',(-0.328250882542,7.9E-16,1.25020598625));
#2080 = CARTESIAN_POINT('',(-0.368135752753,9.6E-16,1.366403212813));
#2081 = CARTESIAN_POINT('',(-0.408319177784,8.8E-16,1.494202913615));
#2082 = CARTESIAN_POINT('',(-0.448289357642,9.7E-16,1.636153889815));
#2083 = CARTESIAN_POINT('',(-0.487472392433,9.8E-16,1.794664571979));
#2084 = CARTESIAN_POINT('',(-0.562990517757,1.07E-15,2.149435216765));
#2085 = CARTESIAN_POINT('',(-0.630169064569,1.16E-15,2.588678201802));
#2086 = CARTESIAN_POINT('',(-0.6610122111,1.22E-15,2.831661460079));
#2087 = CARTESIAN_POINT('',(-0.688420828963,1.27E-15,3.100179499081));
#2088 = CARTESIAN_POINT('',(-0.711705244978,1.34E-15,3.396365092059));
#2089 = CARTESIAN_POINT('',(-0.730181374496,1.41E-15,3.722333057517));
#2090 = CARTESIAN_POINT('',(-0.743170753736,1.49E-15,4.08019158569));
#2091 = CARTESIAN_POINT('',(-0.75,1.58E-15,4.472045492456));
#2092 = CARTESIAN_POINT('',(-0.75,1.68E-15,4.9));
#2093 = CARTESIAN_POINT('',(-5.6E-16,0.415385768893,6.1433404186E-07));
#2094 = CARTESIAN_POINT('',(-4.22E-15,0.415385768893,6.302926080475E-02)
  );
#2095 = CARTESIAN_POINT('',(-1.986301319498E-03,0.415385768893,
    0.12399803565));
#2096 = CARTESIAN_POINT('',(-5.90597307109E-03,0.415385768893,
    0.183098474263));
#2097 = CARTESIAN_POINT('',(-1.169409005998E-02,0.415385768893,
    0.24048942302));
#2098 = CARTESIAN_POINT('',(-1.926543120198E-02,0.415385768893,
    0.296294880771));
#2099 = CARTESIAN_POINT('',(-2.849897554043E-02,0.415385768893,
    0.350618590929));
#2100 = CARTESIAN_POINT('',(-3.923971978759E-02,0.415385768893,
    0.403571436646));
#2101 = CARTESIAN_POINT('',(-6.339768994242E-02,0.415385768893,
    0.50702469764));
#2102 = CARTESIAN_POINT('',(-9.223891024958E-02,0.415385768893,
    0.60629740367));
#2103 = CARTESIAN_POINT('',(-0.107662955523,0.415385768893,
    0.655069884816));
#2104 = CARTESIAN_POINT('',(-0.123924188881,0.415385768893,
    0.703196865613));
#2105 = CARTESIAN_POINT('',(-0.140874687035,0.415385768893,
    0.750941569088));
#2106 = CARTESIAN_POINT('',(-0.158395597529,0.415385768893,
    0.798602230702));
#2107 = CARTESIAN_POINT('',(-0.176395932255,0.415385768893,
    0.846499414679));
#2108 = CARTESIAN_POINT('',(-0.231153748806,0.415385768893,
    0.990683484988));
#2109 = CARTESIAN_POINT('',(-0.288977681222,0.415385768893,
    1.142941015731));
#2110 = CARTESIAN_POINT('',(-0.328250882542,0.415385768893,1.25020598625
    ));
#2111 = CARTESIAN_POINT('',(-0.368135752753,0.415385768893,
    1.366403212813));
#2112 = CARTESIAN_POINT('',(-0.408319177784,0.415385768893,
    1.494202913615));
#2113 = CARTESIAN_POINT('',(-0.448289357642,0.415385768893,
    1.636153889815));
#2114 = CARTESIAN_POINT('',(-0.487472392433,0.415385768893,
    1.794664571979));
#2115 = CARTESIAN_POINT('',(-0.562990517757,0.415385768893,
    2.149435216765));
#2116 = CARTESIAN_POINT('',(-0.630169064569,0.415385768893,
    2.588678201802));
#2117 = CARTESIAN_POINT('',(-0.6610122111,0.415385768893,2.831661460079)
  );
#2118 = CARTESIAN_POINT('',(-0.688420828963,0.415385768893,
    3.100179499081));
#2119 = CARTESIAN_POINT('',(-0.711705244978,0.415385768893,
    3.396365092059));
#2120 = CARTESIAN_POINT('',(-0.730181374496,0.415385768893,
    3.722333057517));
#2121 = CARTESIAN_POINT('',(-0.743170753736,0.415385768893,4.08019158569
    ));
#2122 = CARTESIAN_POINT('',(-0.75,0.415385768893,4.472045492456));
#2123 = CARTESIAN_POINT('',(-0.75,0.415385768893,4.9));
#2124 = CARTESIAN_POINT('',(-0.513637047637,0.475028095811,
    6.1433404142E-07));
#2125 = CARTESIAN_POINT('',(-0.513637047637,0.475028095811,
    4.864091162493E-02));
#2126 = CARTESIAN_POINT('',(-0.515169910741,0.475028095811,
    9.46167521916E-02));
#2127 = CARTESIAN_POINT('',(-0.518117255443,0.475028095811,
    0.138295204989));
#2128 = CARTESIAN_POINT('',(-0.522373348811,0.475028095811,
    0.180077811116));
#2129 = CARTESIAN_POINT('',(-0.527853860906,0.475028095811,
    0.220402860066));
#2130 = CARTESIAN_POINT('',(-0.534512214481,0.475028095811,
    0.259730001667));
#2131 = CARTESIAN_POINT('',(-0.542337668295,0.475028095811,0.29851135655
    ));
#2132 = CARTESIAN_POINT('',(-0.560330728023,0.475028095811,
    0.375815518244));
#2133 = CARTESIAN_POINT('',(-0.583017538049,0.475028095811,0.45411497733
    ));
#2134 = CARTESIAN_POINT('',(-0.595536688511,0.475028095811,
    0.493891428825));
#2135 = CARTESIAN_POINT('',(-0.609232700256,0.475028095811,
    0.534633371239));
#2136 = CARTESIAN_POINT('',(-0.62408736584,0.475028095811,0.576632275462
    ));
#2137 = CARTESIAN_POINT('',(-0.640051821227,0.475028095811,
    0.620142690084));
#2138 = CARTESIAN_POINT('',(-0.657047818084,0.475028095811,
    0.665395616941));
#2139 = CARTESIAN_POINT('',(-0.710386975098,0.475028095811,
    0.805844182085));
#2140 = CARTESIAN_POINT('',(-0.771012533543,0.475028095811,
    0.965478738975));
#2141 = CARTESIAN_POINT('',(-0.813617681519,0.475028095811,
    1.081514848325));
#2142 = CARTESIAN_POINT('',(-0.857530463693,0.475028095811,
    1.209104133131));
#2143 = CARTESIAN_POINT('',(-0.901739411406,0.475028095811,
    1.349813483722));
#2144 = CARTESIAN_POINT('',(-0.945442579875,0.475028095811,
    1.505337830539));
#2145 = CARTESIAN_POINT('',(-0.987903511657,0.475028095811,
    1.677520131581));
#2146 = CARTESIAN_POINT('',(-1.069000706424,0.475028095811,
    2.059083750818));
#2147 = CARTESIAN_POINT('',(-1.139869811944,0.475028095811,
    2.523113177981));
#2148 = CARTESIAN_POINT('',(-1.172102981123,0.475028095811,
    2.777761038217));
#2149 = CARTESIAN_POINT('',(-1.20051905705,0.475028095811,3.057133260202
    ));
#2150 = CARTESIAN_POINT('',(-1.224503670789,0.475028095811,
    3.363363495856));
#2151 = CARTESIAN_POINT('',(-1.243436560031,0.475028095811,
    3.698604331244));
#2152 = CARTESIAN_POINT('',(-1.256691534992,0.475028095811,
    4.065015342266));
#2153 = CARTESIAN_POINT('',(-1.263637047637,0.475028095811,
    4.464759663234));
#2154 = CARTESIAN_POINT('',(-1.263637047637,0.475028095811,4.9));
#2155 = CARTESIAN_POINT('',(-0.937279230252,1.53E-15,6.1433404186E-07));
#2156 = CARTESIAN_POINT('',(-0.937279230252,1.54E-15,3.677355961283E-02)
  );
#2157 = CARTESIAN_POINT('',(-0.938438102508,1.54E-15,7.038339303314E-02)
  );
#2158 = CARTESIAN_POINT('',(-0.940583482563,1.56E-15,0.101341961701));
#2159 = CARTESIAN_POINT('',(-0.943575979713,1.55E-15,0.130250978647));
#2160 = CARTESIAN_POINT('',(-0.947331999027,1.57E-15,0.157807956831));
#2161 = CARTESIAN_POINT('',(-0.951866363609,1.56E-15,0.184766093773));
#2162 = CARTESIAN_POINT('',(-0.957287317965,1.58E-15,0.211858959021));
#2163 = CARTESIAN_POINT('',(-0.970195627438,1.58E-15,0.26759563147));
#2164 = CARTESIAN_POINT('',(-0.987806347614,1.62E-15,0.328596587356));
#2165 = CARTESIAN_POINT('',(-0.997929572814,1.53E-15,0.360953212626));
#2166 = CARTESIAN_POINT('',(-1.00950981801,1.8E-15,0.395604056679));
#2167 = CARTESIAN_POINT('',(-1.022635863964,1.38E-15,0.432863888929));
#2168 = CARTESIAN_POINT('',(-1.037316572313,1.88E-15,0.472951225521));
#2169 = CARTESIAN_POINT('',(-1.053484202351,1.49E-15,0.516023198214));
#2170 = CARTESIAN_POINT('',(-1.105653264595,2.05E-15,0.653390759819));
#2171 = CARTESIAN_POINT('',(-1.168589573349,1.67E-15,0.819109806667));
#2172 = CARTESIAN_POINT('',(-1.213942874247,2.07E-15,0.942380254769));
#2173 = CARTESIAN_POINT('',(-1.261177833868,1.72E-15,1.079365583806));
#2174 = CARTESIAN_POINT('',(-1.308706988375,2.06E-15,1.23072267143));
#2175 = CARTESIAN_POINT('',(-1.355489084756,1.91E-15,1.397442184912));
#2176 = CARTESIAN_POINT('',(-1.400653589891,2.02E-15,1.580900686704));
#2177 = CARTESIAN_POINT('',(-1.486352339719,2.09E-15,1.984562856322));
#2178 = CARTESIAN_POINT('',(-1.560265377435,2.21E-15,2.469035868093));
#2179 = CARTESIAN_POINT('',(-1.593645021993,2.26E-15,2.733304563618));
#2180 = CARTESIAN_POINT('',(-1.62289203824,2.34E-15,3.021629196241));
#2181 = CARTESIAN_POINT('',(-1.647454167354,2.4E-15,3.336144142598));
#2182 = CARTESIAN_POINT('',(-1.666763786988,2.48E-15,3.679033139028));
#2183 = CARTESIAN_POINT('',(-1.680237822375,2.56E-15,4.052498143754));
#2184 = CARTESIAN_POINT('',(-1.687279230252,2.65E-15,4.458750391497));
#2185 = CARTESIAN_POINT('',(-1.687279230252,2.75E-15,4.9));
#2186 = CARTESIAN_POINT('',(-0.513637047637,-0.475028095811,
    6.1433404186E-07));
#2187 = CARTESIAN_POINT('',(-0.513637047637,-0.475028095811,
    4.864091162493E-02));
#2188 = CARTESIAN_POINT('',(-0.515169910741,-0.475028095811,
    9.461675219162E-02));
#2189 = CARTESIAN_POINT('',(-0.518117255443,-0.475028095811,
    0.138295204989));
#2190 = CARTESIAN_POINT('',(-0.522373348811,-0.475028095811,
    0.180077811116));
#2191 = CARTESIAN_POINT('',(-0.527853860906,-0.475028095811,
    0.220402860066));
#2192 = CARTESIAN_POINT('',(-0.534512214481,-0.475028095811,
    0.259730001667));
#2193 = CARTESIAN_POINT('',(-0.542337668295,-0.475028095811,
    0.29851135655));
#2194 = CARTESIAN_POINT('',(-0.560330728023,-0.475028095811,
    0.375815518244));
#2195 = CARTESIAN_POINT('',(-0.583017538049,-0.475028095811,
    0.45411497733));
#2196 = CARTESIAN_POINT('',(-0.595536688511,-0.475028095811,
    0.493891428825));
#2197 = CARTESIAN_POINT('',(-0.609232700256,-0.475028095811,
    0.534633371239));
#2198 = CARTESIAN_POINT('',(-0.62408736584,-0.475028095811,
    0.576632275462));
#2199 = CARTESIAN_POINT('',(-0.640051821227,-0.475028095811,
    0.620142690084));
#2200 = CARTESIAN_POINT('',(-0.657047818084,-0.475028095811,
    0.665395616941));
#2201 = CARTESIAN_POINT('',(-0.710386975098,-0.475028095811,
    0.805844182085));
#2202 = CARTESIAN_POINT('',(-0.771012533543,-0.475028095811,
    0.965478738975));
#2203 = CARTESIAN_POINT('',(-0.813617681519,-0.475028095811,
    1.081514848325));
#2204 = CARTESIAN_POINT('',(-0.857530463693,-0.475028095811,
    1.209104133131));
#2205 = CARTESIAN_POINT('',(-0.901739411406,-0.475028095811,
    1.349813483722));
#2206 = CARTESIAN_POINT('',(-0.945442579875,-0.475028095811,
    1.505337830539));
#2207 = CARTESIAN_POINT('',(-0.987903511657,-0.475028095811,
    1.677520131581));
#2208 = CARTESIAN_POINT('',(-1.069000706424,-0.475028095811,
    2.059083750818));
#2209 = CARTESIAN_POINT('',(-1.139869811944,-0.475028095811,
    2.523113177981));
#2210 = CARTESIAN_POINT('',(-1.172102981123,-0.475028095811,
    2.777761038217));
#2211 = CARTESIAN_POINT('',(-1.20051905705,-0.475028095811,
    3.057133260202));
#2212 = CARTESIAN_POINT('',(-1.224503670789,-0.475028095811,
    3.363363495856));
#2213 = CARTESIAN_POINT('',(-1.243436560031,-0.475028095811,
    3.698604331244));
#2214 = CARTESIAN_POINT('',(-1.256691534992,-0.475028095811,
    4.065015342266));
#2215 = CARTESIAN_POINT('',(-1.263637047637,-0.475028095811,
    4.464759663234));
#2216 = CARTESIAN_POINT('',(-1.263637047637,-0.475028095811,4.9));
#2217 = CARTESIAN_POINT('',(-5.6E-16,-0.415385768893,6.1433404186E-07));
#2218 = CARTESIAN_POINT('',(1.67E-15,-0.415385768893,6.302926080474E-02)
  );
#2219 = CARTESIAN_POINT('',(-1.986301319517E-03,-0.415385768893,
    0.12399803565));
#2220 = CARTESIAN_POINT('',(-5.905973071053E-03,-0.415385768893,
    0.183098474263));
#2221 = CARTESIAN_POINT('',(-1.169409006003E-02,-0.415385768893,
    0.24048942302));
#2222 = CARTESIAN_POINT('',(-1.926543120194E-02,-0.415385768893,
    0.296294880771));
#2223 = CARTESIAN_POINT('',(-2.849897554045E-02,-0.415385768893,
    0.350618590929));
#2224 = CARTESIAN_POINT('',(-3.923971978759E-02,-0.415385768893,
    0.403571436646));
#2225 = CARTESIAN_POINT('',(-6.339768994242E-02,-0.415385768893,
    0.50702469764));
#2226 = CARTESIAN_POINT('',(-9.223891024958E-02,-0.415385768893,
    0.60629740367));
#2227 = CARTESIAN_POINT('',(-0.107662955523,-0.415385768893,
    0.655069884816));
#2228 = CARTESIAN_POINT('',(-0.123924188881,-0.415385768893,
    0.703196865613));
#2229 = CARTESIAN_POINT('',(-0.140874687035,-0.415385768893,
    0.750941569088));
#2230 = CARTESIAN_POINT('',(-0.158395597529,-0.415385768893,
    0.798602230702));
#2231 = CARTESIAN_POINT('',(-0.176395932255,-0.415385768893,
    0.846499414679));
#2232 = CARTESIAN_POINT('',(-0.231153748806,-0.415385768893,
    0.990683484988));
#2233 = CARTESIAN_POINT('',(-0.288977681222,-0.415385768893,
    1.142941015731));
#2234 = CARTESIAN_POINT('',(-0.328250882542,-0.415385768893,
    1.25020598625));
#2235 = CARTESIAN_POINT('',(-0.368135752753,-0.415385768893,
    1.366403212813));
#2236 = CARTESIAN_POINT('',(-0.408319177784,-0.415385768893,
    1.494202913615));
#2237 = CARTESIAN_POINT('',(-0.448289357642,-0.415385768893,
    1.636153889815));
#2238 = CARTESIAN_POINT('',(-0.487472392433,-0.415385768893,
    1.794664571979));
#2239 = CARTESIAN_POINT('',(-0.562990517757,-0.415385768893,
    2.149435216765));
#2240 = CARTESIAN_POINT('',(-0.630169064569,-0.415385768893,
    2.588678201802));
#2241 = CARTESIAN_POINT('',(-0.6610122111,-0.415385768893,2.831661460079
    ));
#2242 = CARTESIAN_POINT('',(-0.688420828963,-0.415385768893,
    3.100179499081));
#2243 = CARTESIAN_POINT('',(-0.711705244978,-0.415385768893,
    3.396365092059));
#2244 = CARTESIAN_POINT('',(-0.730181374496,-0.415385768893,
    3.722333057517));
#2245 = CARTESIAN_POINT('',(-0.743170753736,-0.415385768893,
    4.08019158569));
#2246 = CARTESIAN_POINT('',(-0.75,-0.415385768893,4.472045492456));
#2247 = CARTESIAN_POINT('',(-0.75,-0.415385768893,4.9));
#2248 = CARTESIAN_POINT('',(0.,6.4E-16,6.1433404186E-07));
#2249 = CARTESIAN_POINT('',(1.44E-15,6.5E-16,6.302926080477E-02));
#2250 = CARTESIAN_POINT('',(-1.986301319515E-03,6.6E-16,0.12399803565));
#2251 = CARTESIAN_POINT('',(-5.905973071054E-03,6.7E-16,0.183098474263)
  );
#2252 = CARTESIAN_POINT('',(-1.169409006003E-02,6.9E-16,0.24048942302));
#2253 = CARTESIAN_POINT('',(-1.926543120194E-02,7.E-16,0.296294880771));
#2254 = CARTESIAN_POINT('',(-2.849897554045E-02,7.2E-16,0.350618590929)
  );
#2255 = CARTESIAN_POINT('',(-3.923971978759E-02,7.2E-16,0.403571436646)
  );
#2256 = CARTESIAN_POINT('',(-6.339768994243E-02,7.5E-16,0.50702469764));
#2257 = CARTESIAN_POINT('',(-9.223891024958E-02,7.6E-16,0.60629740367));
#2258 = CARTESIAN_POINT('',(-0.107662955523,8.1E-16,0.655069884816));
#2259 = CARTESIAN_POINT('',(-0.123924188881,7.3E-16,0.703196865613));
#2260 = CARTESIAN_POINT('',(-0.140874687035,8.9E-16,0.750941569088));
#2261 = CARTESIAN_POINT('',(-0.158395597529,7.2E-16,0.798602230702));
#2262 = CARTESIAN_POINT('',(-0.176395932255,8.8E-16,0.846499414679));
#2263 = CARTESIAN_POINT('',(-0.231153748806,7.2E-16,0.990683484988));
#2264 = CARTESIAN_POINT('',(-0.288977681222,9.E-16,1.142941015731));
#2265 = CARTESIAN_POINT('',(-0.328250882542,7.9E-16,1.25020598625));
#2266 = CARTESIAN_POINT('',(-0.368135752753,9.6E-16,1.366403212813));
#2267 = CARTESIAN_POINT('',(-0.408319177784,8.8E-16,1.494202913615));
#2268 = CARTESIAN_POINT('',(-0.448289357642,9.7E-16,1.636153889815));
#2269 = CARTESIAN_POINT('',(-0.487472392433,9.8E-16,1.794664571979));
#2270 = CARTESIAN_POINT('',(-0.562990517757,1.07E-15,2.149435216765));
#2271 = CARTESIAN_POINT('',(-0.630169064569,1.16E-15,2.588678201802));
#2272 = CARTESIAN_POINT('',(-0.6610122111,1.22E-15,2.831661460079));
#2273 = CARTESIAN_POINT('',(-0.688420828963,1.27E-15,3.100179499081));
#2274 = CARTESIAN_POINT('',(-0.711705244978,1.34E-15,3.396365092059));
#2275 = CARTESIAN_POINT('',(-0.730181374496,1.41E-15,3.722333057517));
#2276 = CARTESIAN_POINT('',(-0.743170753736,1.49E-15,4.08019158569));
#2277 = CARTESIAN_POINT('',(-0.75,1.58E-15,4.472045492456));
#2278 = CARTESIAN_POINT('',(-0.75,1.68E-15,4.9));
#2279 = ADVANCED_FACE('',(#2280),#2300,.T.);
#2280 = FACE_BOUND('',#2281,.T.);
#2281 = EDGE_LOOP('',(#2282,#2291,#2298,#2299));
#2282 = ORIENTED_EDGE('',*,*,#2283,.T.);
#2283 = EDGE_CURVE('',#2015,#2284,#2286,.T.);
#2284 = VERTEX_POINT('',#2285);
#2285 = CARTESIAN_POINT('',(0.75,2.E-15,4.9));
#2286 = CIRCLE('',#2287,0.75);
#2287 = AXIS2_PLACEMENT_3D('',#2288,#2289,#2290);
#2288 = CARTESIAN_POINT('',(0.,1.85E-15,4.9));
#2289 = DIRECTION('',(0.,1.,-2.2E-16));
#2290 = DIRECTION('',(1.,0.,0.));
#2291 = ORIENTED_EDGE('',*,*,#2292,.T.);
#2292 = EDGE_CURVE('',#2284,#2284,#2293,.T.);
#2293 = CIRCLE('',#2294,0.25);
#2294 = AXIS2_PLACEMENT_3D('',#2295,#2296,#2297);
#2295 = CARTESIAN_POINT('',(1.,1.75E-15,4.9));
#2296 = DIRECTION('',(-2.4E-16,2.2E-16,1.));
#2297 = DIRECTION('',(1.,0.,2.4E-16));
#2298 = ORIENTED_EDGE('',*,*,#2283,.F.);
#2299 = ORIENTED_EDGE('',*,*,#2050,.T.);
#2300 = TOROIDAL_SURFACE('',#2301,1.,0.25);
#2301 = AXIS2_PLACEMENT_3D('',#2302,#2303,#2304);
#2302 = CARTESIAN_POINT('',(0.,1.75E-15,4.9));
#2303 = DIRECTION('',(0.,1.,-2.2E-16));
#2304 = DIRECTION('',(1.,0.,0.));
#2305 = ADVANCED_FACE('',(#2306),#2356,.T.);
#2306 = FACE_BOUND('',#2307,.T.);
#2307 = EDGE_LOOP('',(#2308,#2344,#2354,#2355));
#2308 = ORIENTED_EDGE('',*,*,#2309,.T.);
#2309 = EDGE_CURVE('',#2284,#2310,#2312,.T.);
#2310 = VERTEX_POINT('',#2311);
#2311 = CARTESIAN_POINT('',(0.,1.E-15,1.278165971E-06));
#2312 = ( BOUNDED_CURVE() B_SPLINE_CURVE(9,(#2313,#2314,#2315,#2316,
    #2317,#2318,#2319,#2320,#2321,#2322,#2323,#2324,#2325,#2326,#2327,
    #2328,#2329,#2330,#2331,#2332,#2333,#2334,#2335,#2336,#2337,#2338,
    #2339,#2340,#2341,#2342,#2343),.UNSPECIFIED.,.F.,.F.) 
B_SPLINE_CURVE_WITH_KNOTS((10,7,7,7,10),(0.,0.331923787806,
0.663847575611,0.831923787806,1.),.UNSPECIFIED.) CURVE() 
GEOMETRIC_REPRESENTATION_ITEM() RATIONAL_B_SPLINE_CURVE((1.669078461068,
    1.669078461068,1.669078461068,1.669078461068,1.669078461068,
    1.669078461068,1.669078461068,1.669078461068,1.669078461068,
    1.669078461068,1.669078461068,1.669078461068,1.669078461069,
    1.669078461068,1.669078461068,1.669078461068,1.669078461068,
    1.669078461068,1.669078461068,1.669078461068,1.669078461068,
    1.669078461068,1.669078461068,1.669078461068,1.669078461068,
    1.669078461068,1.669078461068,1.669078461068,1.669078461068,
1.669078461068,1.669078461068)) REPRESENTATION_ITEM('') );
#2313 = CARTESIAN_POINT('',(0.75,1.68E-15,4.9));
#2314 = CARTESIAN_POINT('',(0.75,1.58E-15,4.472045444707));
#2315 = CARTESIAN_POINT('',(0.743170752212,1.49E-15,4.080191498248));
#2316 = CARTESIAN_POINT('',(0.730181370148,1.42E-15,3.72233293803));
#2317 = CARTESIAN_POINT('',(0.711705236733,1.34E-15,3.39636494777));
#2318 = CARTESIAN_POINT('',(0.688420815977,1.28E-15,3.100179336835));
#2319 = CARTESIAN_POINT('',(0.661012192766,1.22E-15,2.831661286332));
#2320 = CARTESIAN_POINT('',(0.630169040525,1.16E-15,2.588678022627));
#2321 = CARTESIAN_POINT('',(0.562990482086,1.06E-15,2.149435038119));
#2322 = CARTESIAN_POINT('',(0.487472345745,9.9E-16,1.794664414996));
#2323 = CARTESIAN_POINT('',(0.448289305852,9.4E-16,1.636153748541));
#2324 = CARTESIAN_POINT('',(0.408319121555,9.5E-16,1.494202792484));
#2325 = CARTESIAN_POINT('',(0.368135692963,8.4E-16,1.366403115781));
#2326 = CARTESIAN_POINT('',(0.328250820257,9.2E-16,1.250205916647));
#2327 = CARTESIAN_POINT('',(0.288977617466,8.E-16,1.142940976144));
#2328 = CARTESIAN_POINT('',(0.231153690385,8.7E-16,0.990683509986));
#2329 = CARTESIAN_POINT('',(0.176395879931,7.E-16,0.846499503589));
#2330 = CARTESIAN_POINT('',(0.158395551172,8.E-16,0.798602351496));
#2331 = CARTESIAN_POINT('',(0.14087464643,6.5E-16,0.750941721674));
#2332 = CARTESIAN_POINT('',(0.123924153736,7.6E-16,0.703197050065));
#2333 = CARTESIAN_POINT('',(0.10766292547,6.8E-16,0.655070101358));
#2334 = CARTESIAN_POINT('',(9.22388848639E-02,6.9E-16,0.606297652661));
#2335 = CARTESIAN_POINT('',(6.339767298756E-02,6.6E-16,0.507025012551));
#2336 = CARTESIAN_POINT('',(3.923970942679E-02,6.4E-16,0.403571820257));
#2337 = CARTESIAN_POINT('',(2.849896801052E-02,6.3E-16,0.35061900977));
#2338 = CARTESIAN_POINT('',(1.926542604842E-02,6.2E-16,0.296295335937));
#2339 = CARTESIAN_POINT('',(1.169408685687E-02,6.E-16,0.240489915875));
#2340 = CARTESIAN_POINT('',(5.905971401254E-03,6.E-16,0.183099006494));
#2341 = CARTESIAN_POINT('',(1.98630073721E-03,5.8E-16,0.123998609287));
#2342 = CARTESIAN_POINT('',(-3.89E-15,5.7E-16,6.302987820635E-02));
#2343 = CARTESIAN_POINT('',(0.,5.5E-16,1.27816597129E-06));
#2344 = ORIENTED_EDGE('',*,*,#2345,.F.);
#2345 = EDGE_CURVE('',#2310,#2310,#2346,.T.);
#2346 = ( BOUNDED_CURVE() B_SPLINE_CURVE(6,(#2347,#2348,#2349,#2350,
#2351,#2352,#2353),.UNSPECIFIED.,.T.,.F.) B_SPLINE_CURVE_WITH_KNOTS((1,6
    ,6,1),(-6.28318530718,0.,6.28318530718,12.56637061436),
.UNSPECIFIED.) CURVE() GEOMETRIC_REPRESENTATION_ITEM() 
RATIONAL_B_SPLINE_CURVE((1.669078461068,1.03672962321,1.038346699848,
    0.853534330196,1.038346699848,1.03672962321,1.669078461068)) 
REPRESENTATION_ITEM('') );
#2347 = CARTESIAN_POINT('',(0.,5.5E-16,1.27816597129E-06));
#2348 = CARTESIAN_POINT('',(4.4E-16,0.415385768893,1.27816597129E-06));
#2349 = CARTESIAN_POINT('',(0.513637047637,0.475028095811,
    1.27816597129E-06));
#2350 = CARTESIAN_POINT('',(0.937279230252,1.76E-15,1.27816597129E-06));
#2351 = CARTESIAN_POINT('',(0.513637047637,-0.475028095811,
    1.27816597129E-06));
#2352 = CARTESIAN_POINT('',(5.6E-16,-0.415385768893,1.27816597173E-06));
#2353 = CARTESIAN_POINT('',(0.,5.5E-16,1.27816597129E-06));
#2354 = ORIENTED_EDGE('',*,*,#2309,.F.);
#2355 = ORIENTED_EDGE('',*,*,#2292,.F.);
#2356 = ( BOUNDED_SURFACE() B_SPLINE_SURFACE(6,9,(
    (#2357,#2358,#2359,#2360,#2361,#2362,#2363,#2364,#2365,#2366,#2367
      ,#2368,#2369,#2370,#2371,#2372,#2373,#2374,#2375,#2376,#2377,#2378
      ,#2379,#2380,#2381,#2382,#2383,#2384,#2385,#2386,#2387)
    ,(#2388,#2389,#2390,#2391,#2392,#2393,#2394,#2395,#2396,#2397,#2398
      ,#2399,#2400,#2401,#2402,#2403,#2404,#2405,#2406,#2407,#2408,#2409
      ,#2410,#2411,#2412,#2413,#2414,#2415,#2416,#2417,#2418)
    ,(#2419,#2420,#2421,#2422,#2423,#2424,#2425,#2426,#2427,#2428,#2429
      ,#2430,#2431,#2432,#2433,#2434,#2435,#2436,#2437,#2438,#2439,#2440
      ,#2441,#2442,#2443,#2444,#2445,#2446,#2447,#2448,#2449)
    ,(#2450,#2451,#2452,#2453,#2454,#2455,#2456,#2457,#2458,#2459,#2460
      ,#2461,#2462,#2463,#2464,#2465,#2466,#2467,#2468,#2469,#2470,#2471
      ,#2472,#2473,#2474,#2475,#2476,#2477,#2478,#2479,#2480)
    ,(#2481,#2482,#2483,#2484,#2485,#2486,#2487,#2488,#2489,#2490,#2491
      ,#2492,#2493,#2494,#2495,#2496,#2497,#2498,#2499,#2500,#2501,#2502
      ,#2503,#2504,#2505,#2506,#2507,#2508,#2509,#2510,#2511)
    ,(#2512,#2513,#2514,#2515,#2516,#2517,#2518,#2519,#2520,#2521,#2522
      ,#2523,#2524,#2525,#2526,#2527,#2528,#2529,#2530,#2531,#2532,#2533
      ,#2534,#2535,#2536,#2537,#2538,#2539,#2540,#2541,#2542)
    ,(#2543,#2544,#2545,#2546,#2547,#2548,#2549,#2550,#2551,#2552,#2553
      ,#2554,#2555,#2556,#2557,#2558,#2559,#2560,#2561,#2562,#2563,#2564
      ,#2565,#2566,#2567,#2568,#2569,#2570,#2571,#2572,#2573
)),.UNSPECIFIED.,.T.,.F.,.F.) B_SPLINE_SURFACE_WITH_KNOTS((1,6,6,1),(10,
    7,7,7,10),(-6.28318530718,0.,6.28318530718,12.56637061436),(0.,
    0.331923787806,0.663847575611,0.831923787806,1.),.UNSPECIFIED.) 
GEOMETRIC_REPRESENTATION_ITEM() RATIONAL_B_SPLINE_SURFACE((
    (1.669078461068,1.669078461068,1.669078461068,1.669078461068
      ,1.669078461068,1.669078461068,1.669078461068,1.669078461068
      ,1.669078461068,1.669078461068,1.669078461068,1.669078461068
      ,1.669078461069,1.669078461068,1.669078461068,1.669078461068
      ,1.669078461068,1.669078461068,1.669078461068,1.669078461068
      ,1.669078461068,1.669078461068,1.669078461068,1.669078461068
      ,1.669078461068,1.669078461068,1.669078461068,1.669078461068
      ,1.669078461068,1.669078461068,1.669078461068)
    ,(1.03672962321,1.03672962321,1.03672962321,1.03672962321
      ,1.03672962321,1.036729623209,1.03672962321,1.03672962321
      ,1.03672962321,1.03672962321,1.03672962321,1.036729623209
      ,1.03672962321,1.03672962321,1.03672962321,1.03672962321
      ,1.03672962321,1.03672962321,1.03672962321,1.03672962321
      ,1.03672962321,1.03672962321,1.03672962321,1.03672962321
      ,1.03672962321,1.03672962321,1.03672962321,1.03672962321
      ,1.03672962321,1.03672962321,1.03672962321)
    ,(1.038346699848,1.038346699847,1.038346699848,1.038346699847
      ,1.038346699848,1.038346699847,1.038346699848,1.038346699847
      ,1.038346699848,1.038346699847,1.038346699848,1.038346699847
      ,1.038346699848,1.038346699847,1.038346699848,1.038346699847
      ,1.038346699848,1.038346699847,1.038346699848,1.038346699847
      ,1.038346699848,1.038346699847,1.038346699848,1.038346699847
      ,1.038346699848,1.038346699847,1.038346699848,1.038346699847
      ,1.038346699848,1.038346699847,1.038346699848)
    ,(0.853534330196,0.853534330196,0.853534330196,0.853534330196
      ,0.853534330196,0.853534330196,0.853534330196,0.853534330196
      ,0.853534330196,0.853534330196,0.853534330196,0.853534330196
      ,0.853534330196,0.853534330196,0.853534330196,0.853534330196
      ,0.853534330196,0.853534330196,0.853534330196,0.853534330196
      ,0.853534330196,0.853534330196,0.853534330196,0.853534330196
      ,0.853534330196,0.853534330196,0.853534330196,0.853534330196
      ,0.853534330196,0.853534330196,0.853534330196)
    ,(1.038346699848,1.038346699847,1.038346699848,1.038346699847
      ,1.038346699848,1.038346699847,1.038346699848,1.038346699847
      ,1.038346699848,1.038346699847,1.038346699848,1.038346699847
      ,1.038346699848,1.038346699847,1.038346699848,1.038346699847
      ,1.038346699848,1.038346699847,1.038346699848,1.038346699847
      ,1.038346699848,1.038346699847,1.038346699848,1.038346699847
      ,1.038346699848,1.038346699847,1.038346699848,1.038346699847
      ,1.038346699848,1.038346699848,1.038346699848)
    ,(1.03672962321,1.03672962321,1.03672962321,1.03672962321
      ,1.03672962321,1.03672962321,1.03672962321,1.03672962321
      ,1.03672962321,1.03672962321,1.03672962321,1.036729623209
      ,1.03672962321,1.03672962321,1.03672962321,1.03672962321
      ,1.03672962321,1.03672962321,1.03672962321,1.03672962321
      ,1.03672962321,1.03672962321,1.03672962321,1.03672962321
      ,1.03672962321,1.03672962321,1.03672962321,1.03672962321
      ,1.03672962321,1.03672962321,1.03672962321)
    ,(1.669078461068,1.669078461068,1.669078461068,1.669078461068
      ,1.669078461068,1.669078461068,1.669078461068,1.669078461068
      ,1.669078461068,1.669078461068,1.669078461068,1.669078461068
      ,1.669078461069,1.669078461068,1.669078461068,1.669078461068
      ,1.669078461068,1.669078461068,1.669078461068,1.669078461068
      ,1.669078461068,1.669078461068,1.669078461068,1.669078461068
      ,1.669078461068,1.669078461068,1.669078461068,1.669078461068
      ,1.669078461068,1.669078461068,1.669078461068
))) REPRESENTATION_ITEM('') SURFACE() );
#2357 = CARTESIAN_POINT('',(0.75,1.68E-15,4.9));
#2358 = CARTESIAN_POINT('',(0.75,1.58E-15,4.472045444707));
#2359 = CARTESIAN_POINT('',(0.743170752212,1.49E-15,4.080191498248));
#2360 = CARTESIAN_POINT('',(0.730181370148,1.42E-15,3.72233293803));
#2361 = CARTESIAN_POINT('',(0.711705236733,1.34E-15,3.39636494777));
#2362 = CARTESIAN_POINT('',(0.688420815977,1.28E-15,3.100179336835));
#2363 = CARTESIAN_POINT('',(0.661012192766,1.22E-15,2.831661286332));
#2364 = CARTESIAN_POINT('',(0.630169040525,1.16E-15,2.588678022627));
#2365 = CARTESIAN_POINT('',(0.562990482086,1.06E-15,2.149435038119));
#2366 = CARTESIAN_POINT('',(0.487472345745,9.9E-16,1.794664414996));
#2367 = CARTESIAN_POINT('',(0.448289305852,9.4E-16,1.636153748541));
#2368 = CARTESIAN_POINT('',(0.408319121555,9.5E-16,1.494202792484));
#2369 = CARTESIAN_POINT('',(0.368135692963,8.4E-16,1.366403115781));
#2370 = CARTESIAN_POINT('',(0.328250820257,9.2E-16,1.250205916647));
#2371 = CARTESIAN_POINT('',(0.288977617466,8.E-16,1.142940976144));
#2372 = CARTESIAN_POINT('',(0.231153690385,8.7E-16,0.990683509986));
#2373 = CARTESIAN_POINT('',(0.176395879931,7.E-16,0.846499503589));
#2374 = CARTESIAN_POINT('',(0.158395551172,8.E-16,0.798602351496));
#2375 = CARTESIAN_POINT('',(0.14087464643,6.5E-16,0.750941721674));
#2376 = CARTESIAN_POINT('',(0.123924153736,7.6E-16,0.703197050065));
#2377 = CARTESIAN_POINT('',(0.10766292547,6.8E-16,0.655070101358));
#2378 = CARTESIAN_POINT('',(9.22388848639E-02,6.9E-16,0.606297652661));
#2379 = CARTESIAN_POINT('',(6.339767298756E-02,6.6E-16,0.507025012551));
#2380 = CARTESIAN_POINT('',(3.923970942679E-02,6.4E-16,0.403571820257));
#2381 = CARTESIAN_POINT('',(2.849896801052E-02,6.3E-16,0.35061900977));
#2382 = CARTESIAN_POINT('',(1.926542604842E-02,6.2E-16,0.296295335937));
#2383 = CARTESIAN_POINT('',(1.169408685687E-02,6.E-16,0.240489915875));
#2384 = CARTESIAN_POINT('',(5.905971401254E-03,6.E-16,0.183099006494));
#2385 = CARTESIAN_POINT('',(1.98630073721E-03,5.8E-16,0.123998609287));
#2386 = CARTESIAN_POINT('',(-3.89E-15,5.7E-16,6.302987820635E-02));
#2387 = CARTESIAN_POINT('',(0.,5.5E-16,1.27816597129E-06));
#2388 = CARTESIAN_POINT('',(0.75,0.415385768893,4.9));
#2389 = CARTESIAN_POINT('',(0.75,0.415385768893,4.472045444707));
#2390 = CARTESIAN_POINT('',(0.743170752212,0.415385768893,4.080191498248
    ));
#2391 = CARTESIAN_POINT('',(0.730181370148,0.415385768893,3.72233293803)
  );
#2392 = CARTESIAN_POINT('',(0.711705236732,0.415385768893,3.39636494777)
  );
#2393 = CARTESIAN_POINT('',(0.688420815977,0.415385768893,3.100179336835
    ));
#2394 = CARTESIAN_POINT('',(0.661012192766,0.415385768893,2.831661286332
    ));
#2395 = CARTESIAN_POINT('',(0.630169040525,0.415385768893,2.588678022627
    ));
#2396 = CARTESIAN_POINT('',(0.562990482086,0.415385768893,2.149435038119
    ));
#2397 = CARTESIAN_POINT('',(0.487472345745,0.415385768893,1.794664414996
    ));
#2398 = CARTESIAN_POINT('',(0.448289305852,0.415385768893,1.636153748541
    ));
#2399 = CARTESIAN_POINT('',(0.408319121555,0.415385768893,1.494202792484
    ));
#2400 = CARTESIAN_POINT('',(0.368135692963,0.415385768893,1.366403115781
    ));
#2401 = CARTESIAN_POINT('',(0.328250820257,0.415385768893,1.250205916647
    ));
#2402 = CARTESIAN_POINT('',(0.288977617466,0.415385768893,1.142940976144
    ));
#2403 = CARTESIAN_POINT('',(0.231153690386,0.415385768893,0.990683509986
    ));
#2404 = CARTESIAN_POINT('',(0.176395879931,0.415385768893,0.846499503589
    ));
#2405 = CARTESIAN_POINT('',(0.158395551172,0.415385768893,0.798602351496
    ));
#2406 = CARTESIAN_POINT('',(0.14087464643,0.415385768893,0.750941721674)
  );
#2407 = CARTESIAN_POINT('',(0.123924153736,0.415385768893,0.703197050065
    ));
#2408 = CARTESIAN_POINT('',(0.10766292547,0.415385768893,0.655070101358)
  );
#2409 = CARTESIAN_POINT('',(9.22388848639E-02,0.415385768893,
    0.606297652661));
#2410 = CARTESIAN_POINT('',(6.339767298756E-02,0.415385768893,
    0.507025012551));
#2411 = CARTESIAN_POINT('',(3.923970942679E-02,0.415385768893,
    0.403571820257));
#2412 = CARTESIAN_POINT('',(2.849896801051E-02,0.415385768893,
    0.35061900977));
#2413 = CARTESIAN_POINT('',(1.926542604844E-02,0.415385768893,
    0.296295335937));
#2414 = CARTESIAN_POINT('',(1.169408685687E-02,0.415385768893,
    0.240489915875));
#2415 = CARTESIAN_POINT('',(5.905971401252E-03,0.415385768893,
    0.183099006494));
#2416 = CARTESIAN_POINT('',(1.986300737211E-03,0.415385768893,
    0.123998609287));
#2417 = CARTESIAN_POINT('',(-3.33E-15,0.415385768893,6.302987820632E-02)
  );
#2418 = CARTESIAN_POINT('',(4.4E-16,0.415385768893,1.27816597129E-06));
#2419 = CARTESIAN_POINT('',(1.263637047637,0.475028095811,4.9));
#2420 = CARTESIAN_POINT('',(1.263637047637,0.475028095811,4.464759614673
    ));
#2421 = CARTESIAN_POINT('',(1.256691533442,0.475028095811,4.065015253063
    ));
#2422 = CARTESIAN_POINT('',(1.243436555594,0.475028095811,3.69860420888)
  );
#2423 = CARTESIAN_POINT('',(1.224503662339,0.475028095811,3.363363347359
    ));
#2424 = CARTESIAN_POINT('',(1.200519043666,0.475028095811,3.057133092151
    ));
#2425 = CARTESIAN_POINT('',(1.172102962085,0.475028095811,2.777760856728
    ));
#2426 = CARTESIAN_POINT('',(1.139869786722,0.475028095811,2.523112988699
    ));
#2427 = CARTESIAN_POINT('',(1.069000668127,0.475028095811,2.059083556299
    ));
#2428 = CARTESIAN_POINT('',(0.98790345959,0.475028095811,1.677519950748)
  );
#2429 = CARTESIAN_POINT('',(0.945442520929,0.475028095811,1.505337660837
    ));
#2430 = CARTESIAN_POINT('',(0.901739345766,0.475028095811,1.349813329031
    ));
#2431 = CARTESIAN_POINT('',(0.857530391769,0.475028095811,1.209103996964
    ));
#2432 = CARTESIAN_POINT('',(0.813617603968,0.475028095811,1.081514733979
    ));
#2433 = CARTESIAN_POINT('',(0.771012451519,0.475028095811,0.965478649659
    ));
#2434 = CARTESIAN_POINT('',(0.710386895978,0.475028095811,0.805844153403
    ));
#2435 = CARTESIAN_POINT('',(0.657047745821,0.475028095811,0.665395652931
    ));
#2436 = CARTESIAN_POINT('',(0.640051755265,0.475028095811,0.62014275796)
  );
#2437 = CARTESIAN_POINT('',(0.624087306187,0.475028095811,0.576632375225
    ));
#2438 = CARTESIAN_POINT('',(0.609232646889,0.475028095811,0.534633503167
    ));
#2439 = CARTESIAN_POINT('',(0.595536641371,0.475028095811,0.493891593492
    ));
#2440 = CARTESIAN_POINT('',(0.583017497021,0.475028095811,0.45411517562)
  );
#2441 = CARTESIAN_POINT('',(0.560330698819,0.475028095811,0.375815786137
    ));
#2442 = CARTESIAN_POINT('',(0.542337649681,0.475028095811,0.29851169979)
  );
#2443 = CARTESIAN_POINT('',(0.534512200746,0.475028095811,0.259730384275
    ));
#2444 = CARTESIAN_POINT('',(0.527853851506,0.475028095811,0.220403283964
    ));
#2445 = CARTESIAN_POINT('',(0.522373343058,0.475028095811,0.180078278393
    ));
#2446 = CARTESIAN_POINT('',(0.518117252523,0.475028095811,0.138295717851
    ));
#2447 = CARTESIAN_POINT('',(0.515169909757,0.475028095811,
    9.461731293157E-02));
#2448 = CARTESIAN_POINT('',(0.513637047637,0.475028095811,
    4.864152264543E-02));
#2449 = CARTESIAN_POINT('',(0.513637047637,0.475028095811,
    1.27816597129E-06));
#2450 = CARTESIAN_POINT('',(1.687279230252,2.75E-15,4.9));
#2451 = CARTESIAN_POINT('',(1.687279230252,2.65E-15,4.458750342265));
#2452 = CARTESIAN_POINT('',(1.680237820804,2.56E-15,4.052498053099));
#2453 = CARTESIAN_POINT('',(1.666763782478,2.48E-15,3.67903301429));
#2454 = CARTESIAN_POINT('',(1.647454158735,2.4E-15,3.336143990633));
#2455 = CARTESIAN_POINT('',(1.622892024527,2.33E-15,3.021629023403));
#2456 = CARTESIAN_POINT('',(1.593645002372,2.27E-15,2.733304375743));
#2457 = CARTESIAN_POINT('',(1.560265351241,2.21E-15,2.469035670476));
#2458 = CARTESIAN_POINT('',(1.486352299256,2.11E-15,1.98456264871));
#2459 = CARTESIAN_POINT('',(1.400653533388,2.E-15,1.580900486198));
#2460 = CARTESIAN_POINT('',(1.355489019907,2.01E-15,1.397441991763));
#2461 = CARTESIAN_POINT('',(1.308706914972,1.84E-15,1.230722489058));
#2462 = CARTESIAN_POINT('',(1.261177751936,2.04E-15,1.07936541536));
#2463 = CARTESIAN_POINT('',(1.213942784104,1.72E-15,0.94238010352));
#2464 = CARTESIAN_POINT('',(1.168589476256,1.97E-15,0.819109676335));
#2465 = CARTESIAN_POINT('',(1.105653168403,1.62E-15,0.653390686862));
#2466 = CARTESIAN_POINT('',(1.053484113643,1.99E-15,0.516023190556));
#2467 = CARTESIAN_POINT('',(1.03731649018,1.68E-15,0.47295124975));
#2468 = CARTESIAN_POINT('',(1.0226357886,2.04E-15,0.432863945125));
#2469 = CARTESIAN_POINT('',(1.009509749615,1.71E-15,0.395604145286));
#2470 = CARTESIAN_POINT('',(0.997929511581,1.9E-15,0.360953334508));
#2471 = CARTESIAN_POINT('',(0.987806293686,1.81E-15,0.32859674383));
#2472 = CARTESIAN_POINT('',(0.970195588131,1.83E-15,0.267595860582));
#2473 = CARTESIAN_POINT('',(0.957287292544,1.8E-15,0.211859268963));
#2474 = CARTESIAN_POINT('',(0.951866344756,1.8E-15,0.184766446497));
#2475 = CARTESIAN_POINT('',(0.947331986125,1.78E-15,0.15780835494));
#2476 = CARTESIAN_POINT('',(0.943575971857,1.79E-15,0.130251424828));
#2477 = CARTESIAN_POINT('',(0.940583478612,1.78E-15,0.101342458587));
#2478 = CARTESIAN_POINT('',(0.938438101192,1.77E-15,7.03839431357E-02));
#2479 = CARTESIAN_POINT('',(0.937279230252,1.76E-15,3.677416537028E-02)
  );
#2480 = CARTESIAN_POINT('',(0.937279230252,1.76E-15,1.27816597129E-06));
#2481 = CARTESIAN_POINT('',(1.263637047637,-0.475028095811,4.9));
#2482 = CARTESIAN_POINT('',(1.263637047637,-0.475028095811,
    4.464759614673));
#2483 = CARTESIAN_POINT('',(1.256691533442,-0.475028095811,
    4.065015253063));
#2484 = CARTESIAN_POINT('',(1.243436555594,-0.475028095811,3.69860420888
    ));
#2485 = CARTESIAN_POINT('',(1.224503662339,-0.475028095811,
    3.363363347359));
#2486 = CARTESIAN_POINT('',(1.200519043666,-0.475028095811,
    3.057133092151));
#2487 = CARTESIAN_POINT('',(1.172102962085,-0.475028095811,
    2.777760856728));
#2488 = CARTESIAN_POINT('',(1.139869786722,-0.475028095811,
    2.523112988699));
#2489 = CARTESIAN_POINT('',(1.069000668127,-0.475028095811,
    2.059083556299));
#2490 = CARTESIAN_POINT('',(0.98790345959,-0.475028095811,1.677519950748
    ));
#2491 = CARTESIAN_POINT('',(0.945442520929,-0.475028095811,
    1.505337660837));
#2492 = CARTESIAN_POINT('',(0.901739345766,-0.475028095811,
    1.349813329031));
#2493 = CARTESIAN_POINT('',(0.857530391769,-0.475028095811,
    1.209103996964));
#2494 = CARTESIAN_POINT('',(0.813617603968,-0.475028095811,
    1.081514733979));
#2495 = CARTESIAN_POINT('',(0.771012451519,-0.475028095811,
    0.965478649659));
#2496 = CARTESIAN_POINT('',(0.710386895978,-0.475028095811,
    0.805844153403));
#2497 = CARTESIAN_POINT('',(0.657047745821,-0.475028095811,
    0.665395652931));
#2498 = CARTESIAN_POINT('',(0.640051755265,-0.475028095811,0.62014275796
    ));
#2499 = CARTESIAN_POINT('',(0.624087306187,-0.475028095811,
    0.576632375225));
#2500 = CARTESIAN_POINT('',(0.609232646889,-0.475028095811,
    0.534633503167));
#2501 = CARTESIAN_POINT('',(0.595536641371,-0.475028095811,
    0.493891593492));
#2502 = CARTESIAN_POINT('',(0.583017497021,-0.475028095811,0.45411517562
    ));
#2503 = CARTESIAN_POINT('',(0.560330698819,-0.475028095811,
    0.375815786137));
#2504 = CARTESIAN_POINT('',(0.542337649681,-0.475028095811,0.29851169979
    ));
#2505 = CARTESIAN_POINT('',(0.534512200746,-0.475028095811,
    0.259730384275));
#2506 = CARTESIAN_POINT('',(0.527853851506,-0.475028095811,
    0.220403283964));
#2507 = CARTESIAN_POINT('',(0.522373343058,-0.475028095811,
    0.180078278393));
#2508 = CARTESIAN_POINT('',(0.518117252523,-0.475028095811,
    0.138295717851));
#2509 = CARTESIAN_POINT('',(0.515169909757,-0.475028095811,
    9.461731293156E-02));
#2510 = CARTESIAN_POINT('',(0.513637047637,-0.475028095811,
    4.864152264543E-02));
#2511 = CARTESIAN_POINT('',(0.513637047637,-0.475028095811,
    1.27816597129E-06));
#2512 = CARTESIAN_POINT('',(0.75,-0.415385768893,4.9));
#2513 = CARTESIAN_POINT('',(0.75,-0.415385768893,4.472045444707));
#2514 = CARTESIAN_POINT('',(0.743170752212,-0.415385768893,
    4.080191498248));
#2515 = CARTESIAN_POINT('',(0.730181370148,-0.415385768893,3.72233293803
    ));
#2516 = CARTESIAN_POINT('',(0.711705236732,-0.415385768893,3.39636494777
    ));
#2517 = CARTESIAN_POINT('',(0.688420815977,-0.415385768893,
    3.100179336835));
#2518 = CARTESIAN_POINT('',(0.661012192766,-0.415385768893,
    2.831661286332));
#2519 = CARTESIAN_POINT('',(0.630169040525,-0.415385768893,
    2.588678022627));
#2520 = CARTESIAN_POINT('',(0.562990482086,-0.415385768893,
    2.149435038119));
#2521 = CARTESIAN_POINT('',(0.487472345745,-0.415385768893,
    1.794664414996));
#2522 = CARTESIAN_POINT('',(0.448289305852,-0.415385768893,
    1.636153748541));
#2523 = CARTESIAN_POINT('',(0.408319121555,-0.415385768893,
    1.494202792484));
#2524 = CARTESIAN_POINT('',(0.368135692963,-0.415385768893,
    1.366403115781));
#2525 = CARTESIAN_POINT('',(0.328250820257,-0.415385768893,
    1.250205916647));
#2526 = CARTESIAN_POINT('',(0.288977617466,-0.415385768893,
    1.142940976144));
#2527 = CARTESIAN_POINT('',(0.231153690386,-0.415385768893,
    0.990683509986));
#2528 = CARTESIAN_POINT('',(0.176395879931,-0.415385768893,
    0.846499503589));
#2529 = CARTESIAN_POINT('',(0.158395551172,-0.415385768893,
    0.798602351496));
#2530 = CARTESIAN_POINT('',(0.14087464643,-0.415385768893,0.750941721674
    ));
#2531 = CARTESIAN_POINT('',(0.123924153736,-0.415385768893,
    0.703197050065));
#2532 = CARTESIAN_POINT('',(0.10766292547,-0.415385768893,0.655070101358
    ));
#2533 = CARTESIAN_POINT('',(9.22388848639E-02,-0.415385768893,
    0.606297652661));
#2534 = CARTESIAN_POINT('',(6.339767298756E-02,-0.415385768893,
    0.507025012551));
#2535 = CARTESIAN_POINT('',(3.923970942679E-02,-0.415385768893,
    0.403571820257));
#2536 = CARTESIAN_POINT('',(2.849896801051E-02,-0.415385768893,
    0.35061900977));
#2537 = CARTESIAN_POINT('',(1.926542604844E-02,-0.415385768893,
    0.296295335937));
#2538 = CARTESIAN_POINT('',(1.169408685686E-02,-0.415385768893,
    0.240489915875));
#2539 = CARTESIAN_POINT('',(5.905971401259E-03,-0.415385768893,
    0.183099006494));
#2540 = CARTESIAN_POINT('',(1.986300737207E-03,-0.415385768893,
    0.123998609287));
#2541 = CARTESIAN_POINT('',(-2.44E-15,-0.415385768893,6.302987820633E-02
    ));
#2542 = CARTESIAN_POINT('',(5.6E-16,-0.415385768893,1.27816597173E-06));
#2543 = CARTESIAN_POINT('',(0.75,1.68E-15,4.9));
#2544 = CARTESIAN_POINT('',(0.75,1.58E-15,4.472045444707));
#2545 = CARTESIAN_POINT('',(0.743170752212,1.49E-15,4.080191498248));
#2546 = CARTESIAN_POINT('',(0.730181370148,1.42E-15,3.72233293803));
#2547 = CARTESIAN_POINT('',(0.711705236733,1.34E-15,3.39636494777));
#2548 = CARTESIAN_POINT('',(0.688420815977,1.28E-15,3.100179336835));
#2549 = CARTESIAN_POINT('',(0.661012192766,1.22E-15,2.831661286332));
#2550 = CARTESIAN_POINT('',(0.630169040525,1.16E-15,2.588678022627));
#2551 = CARTESIAN_POINT('',(0.562990482086,1.06E-15,2.149435038119));
#2552 = CARTESIAN_POINT('',(0.487472345745,9.9E-16,1.794664414996));
#2553 = CARTESIAN_POINT('',(0.448289305852,9.4E-16,1.636153748541));
#2554 = CARTESIAN_POINT('',(0.408319121555,9.5E-16,1.494202792484));
#2555 = CARTESIAN_POINT('',(0.368135692963,8.4E-16,1.366403115781));
#2556 = CARTESIAN_POINT('',(0.328250820257,9.2E-16,1.250205916647));
#2557 = CARTESIAN_POINT('',(0.288977617466,8.E-16,1.142940976144));
#2558 = CARTESIAN_POINT('',(0.231153690385,8.7E-16,0.990683509986));
#2559 = CARTESIAN_POINT('',(0.176395879931,7.E-16,0.846499503589));
#2560 = CARTESIAN_POINT('',(0.158395551172,8.E-16,0.798602351496));
#2561 = CARTESIAN_POINT('',(0.14087464643,6.5E-16,0.750941721674));
#2562 = CARTESIAN_POINT('',(0.123924153736,7.6E-16,0.703197050065));
#2563 = CARTESIAN_POINT('',(0.10766292547,6.8E-16,0.655070101358));
#2564 = CARTESIAN_POINT('',(9.22388848639E-02,6.9E-16,0.606297652661));
#2565 = CARTESIAN_POINT('',(6.339767298756E-02,6.6E-16,0.507025012551));
#2566 = CARTESIAN_POINT('',(3.923970942679E-02,6.4E-16,0.403571820257));
#2567 = CARTESIAN_POINT('',(2.849896801052E-02,6.3E-16,0.35061900977));
#2568 = CARTESIAN_POINT('',(1.926542604842E-02,6.2E-16,0.296295335937));
#2569 = CARTESIAN_POINT('',(1.169408685687E-02,6.E-16,0.240489915875));
#2570 = CARTESIAN_POINT('',(5.905971401254E-03,6.E-16,0.183099006494));
#2571 = CARTESIAN_POINT('',(1.98630073721E-03,5.8E-16,0.123998609287));
#2572 = CARTESIAN_POINT('',(-3.89E-15,5.7E-16,6.302987820635E-02));
#2573 = CARTESIAN_POINT('',(0.,5.5E-16,1.27816597129E-06));
#2574 = ADVANCED_FACE('',(#2575),#2594,.T.);
#2575 = FACE_BOUND('',#2576,.T.);
#2576 = EDGE_LOOP('',(#2577,#2585,#2592,#2593));
#2577 = ORIENTED_EDGE('',*,*,#2578,.T.);
#2578 = EDGE_CURVE('',#2310,#2579,#2581,.T.);
#2579 = VERTEX_POINT('',#2580);
#2580 = CARTESIAN_POINT('',(0.,0.,-3.));
#2581 = LINE('',#2582,#2583);
#2582 = CARTESIAN_POINT('',(-3.E-17,5.8E-16,1.27816597129E-06));
#2583 = VECTOR('',#2584,1.);
#2584 = DIRECTION('',(0.,-2.2E-16,-1.));
#2585 = ORIENTED_EDGE('',*,*,#2586,.F.);
#2586 = EDGE_CURVE('',#2579,#2579,#2587,.T.);
#2587 = CIRCLE('',#2588,0.25);
#2588 = AXIS2_PLACEMENT_3D('',#2589,#2590,#2591);
#2589 = CARTESIAN_POINT('',(0.25,0.,-3.));
#2590 = DIRECTION('',(-3.2E-16,-4.4E-16,-1.));
#2591 = DIRECTION('',(-1.,-3.3E-16,3.2E-16));
#2592 = ORIENTED_EDGE('',*,*,#2578,.F.);
#2593 = ORIENTED_EDGE('',*,*,#2345,.T.);
#2594 = CYLINDRICAL_SURFACE('',#2595,0.25);
#2595 = AXIS2_PLACEMENT_3D('',#2596,#2597,#2598);
#2596 = CARTESIAN_POINT('',(0.25,6.7E-16,1.27816597129E-06));
#2597 = DIRECTION('',(0.,-2.2E-16,-1.));
#2598 = DIRECTION('',(-1.,-3.3E-16,7.26E-32));
#2599 = ADVANCED_FACE('',(#2600),#2603,.T.);
#2600 = FACE_BOUND('',#2601,.T.);
#2601 = EDGE_LOOP('',(#2602));
#2602 = ORIENTED_EDGE('',*,*,#2586,.T.);
#2603 = PLANE('',#2604);
#2604 = AXIS2_PLACEMENT_3D('',#2605,#2606,#2607);
#2605 = CARTESIAN_POINT('',(0.25,1.E-17,-3.));
#2606 = DIRECTION('',(-3.2E-16,-4.4E-16,-1.));
#2607 = DIRECTION('',(0.,-1.,4.4E-16));
#2608 = ( GEOMETRIC_REPRESENTATION_CONTEXT(3) 
GLOBAL_UNCERTAINTY_ASSIGNED_CONTEXT((#2612)) 
GLOBAL_UNIT_ASSIGNED_CONTEXT((#2609,#2610,#2611)) REPRESENTATION_CONTEXT
('Context #1','3D Context with UNIT and UNCERTAINTY') );
#2609 = ( LENGTH_UNIT() NAMED_UNIT(*) SI_UNIT(.MILLI.,.METRE.) );
#2610 = ( NAMED_UNIT(*) PLANE_ANGLE_UNIT() SI_UNIT($,.RADIAN.) );
#2611 = ( NAMED_UNIT(*) SI_UNIT($,.STERADIAN.) SOLID_ANGLE_UNIT() );
#2612 = UNCERTAINTY_MEASURE_WITH_UNIT(LENGTH_MEASURE(1.E-07),#2609,
  'distance_accuracy_value','confusion accuracy');
#2613 = CONTEXT_DEPENDENT_SHAPE_REPRESENTATION(#2614,#2616);
#2614 = ( REPRESENTATION_RELATIONSHIP('','',#1965,#1942) 
REPRESENTATION_RELATIONSHIP_WITH_TRANSFORMATION(#2615) 
SHAPE_REPRESENTATION_RELATIONSHIP() );
#2615 = ITEM_DEFINED_TRANSFORMATION('','',#11,#1943);
#2616 = PRODUCT_DEFINITION_SHAPE('Placement','Placement of an item',
  #2617);
#2617 = NEXT_ASSEMBLY_USAGE_OCCURRENCE('7','=>[0:1:1:7]','',#1937,#1960,
  $);
#2618 = PRODUCT_RELATED_PRODUCT_CATEGORY('part',$,(#1962));
#2619 = SHAPE_DEFINITION_REPRESENTATION(#2620,#2626);
#2620 = PRODUCT_DEFINITION_SHAPE('','',#2621);
#2621 = PRODUCT_DEFINITION('design','',#2622,#2625);
#2622 = PRODUCT_DEFINITION_FORMATION('','',#2623);
#2623 = PRODUCT('PinHeader_1x04_P2.54mm_Vertical',
  'PinHeader_1x04_P2.54mm_Vertical','',(#2624));
#2624 = PRODUCT_CONTEXT('',#2,'mechanical');
#2625 = PRODUCT_DEFINITION_CONTEXT('part definition',#2,'design');
#2626 = SHAPE_REPRESENTATION('',(#11,#2627),#2631);
#2627 = AXIS2_PLACEMENT_3D('',#2628,#2629,#2630);
#2628 = CARTESIAN_POINT('',(0.,0.,0.));
#2629 = DIRECTION('',(0.,0.,1.));
#2630 = DIRECTION('',(1.,0.,-0.));
#2631 = ( GEOMETRIC_REPRESENTATION_CONTEXT(3) 
GLOBAL_UNCERTAINTY_ASSIGNED_CONTEXT((#2635)) 
GLOBAL_UNIT_ASSIGNED_CONTEXT((#2632,#2633,#2634)) REPRESENTATION_CONTEXT
('Context #1','3D Context with UNIT and UNCERTAINTY') );
#2632 = ( LENGTH_UNIT() NAMED_UNIT(*) SI_UNIT(.MILLI.,.METRE.) );
#2633 = ( NAMED_UNIT(*) PLANE_ANGLE_UNIT() SI_UNIT($,.RADIAN.) );
#2634 = ( NAMED_UNIT(*) SI_UNIT($,.STERADIAN.) SOLID_ANGLE_UNIT() );
#2635 = UNCERTAINTY_MEASURE_WITH_UNIT(LENGTH_MEASURE(1.E-07),#2632,
  'distance_accuracy_value','confusion accuracy');
#2636 = CONTEXT_DEPENDENT_SHAPE_REPRESENTATION(#2637,#2639);
#2637 = ( REPRESENTATION_RELATIONSHIP('','',#2626,#10) 
REPRESENTATION_RELATIONSHIP_WITH_TRANSFORMATION(#2638) 
SHAPE_REPRESENTATION_RELATIONSHIP() );
#2638 = ITEM_DEFINED_TRANSFORMATION('','',#11,#35);
#2639 = PRODUCT_DEFINITION_SHAPE('Placement','Placement of an item',
  #2640);
#2640 = NEXT_ASSEMBLY_USAGE_OCCURRENCE('10','J3','',#5,#2621,$);
#2641 = PRODUCT_RELATED_PRODUCT_CATEGORY('part',$,(#2623));
#2642 = SHAPE_DEFINITION_REPRESENTATION(#2643,#2649);
#2643 = PRODUCT_DEFINITION_SHAPE('','',#2644);
#2644 = PRODUCT_DEFINITION('design','',#2645,#2648);
#2645 = PRODUCT_DEFINITION_FORMATION('','',#2646);
#2646 = PRODUCT('PinHeader_1x04_P254mm_Vertical',
  'PinHeader_1x04_P254mm_Vertical','',(#2647));
#2647 = PRODUCT_CONTEXT('',#2,'mechanical');
#2648 = PRODUCT_DEFINITION_CONTEXT('part definition',#2,'design');
#2649 = ADVANCED_BREP_SHAPE_REPRESENTATION('',(#11,#2650),#5430);
#2650 = MANIFOLD_SOLID_BREP('',#2651);
#2651 = CLOSED_SHELL('',(#2652,#2692,#2723,#2754,#3083,#3412,#3429,#3446
    ,#3463,#3480,#3497,#3514,#3531,#3548,#3565,#3582,#3599,#3616,#3633,
    #3650,#3667,#3684,#3701,#3718,#3735,#3752,#3769,#3786,#3798,#3829,
    #3853,#3877,#3894,#3925,#3949,#3973,#3990,#4021,#4045,#4069,#4086,
    #4117,#4141,#4165,#4182,#4213,#4237,#4261,#4278,#4309,#4333,#4357,
    #4374,#4405,#4429,#4453,#4470,#4501,#4525,#4549,#4566,#4597,#4621,
    #4645,#4662,#4693,#4717,#4741,#4758,#4789,#4813,#4837,#4854,#4885,
    #4909,#4933,#4950,#4981,#5005,#5029,#5046,#5077,#5101,#5125,#5142,
    #5173,#5197,#5221,#5238,#5269,#5293,#5317,#5334,#5346,#5358,#5370,
    #5382,#5394,#5406,#5418));
#2652 = ADVANCED_FACE('',(#2653),#2687,.F.);
#2653 = FACE_BOUND('',#2654,.F.);
#2654 = EDGE_LOOP('',(#2655,#2665,#2673,#2681));
#2655 = ORIENTED_EDGE('',*,*,#2656,.T.);
#2656 = EDGE_CURVE('',#2657,#2659,#2661,.T.);
#2657 = VERTEX_POINT('',#2658);
#2658 = CARTESIAN_POINT('',(-1.016,1.27,0.));
#2659 = VERTEX_POINT('',#2660);
#2660 = CARTESIAN_POINT('',(-1.016,1.27,2.54));
#2661 = LINE('',#2662,#2663);
#2662 = CARTESIAN_POINT('',(-1.016,1.27,0.));
#2663 = VECTOR('',#2664,1.);
#2664 = DIRECTION('',(0.,0.,1.));
#2665 = ORIENTED_EDGE('',*,*,#2666,.T.);
#2666 = EDGE_CURVE('',#2659,#2667,#2669,.T.);
#2667 = VERTEX_POINT('',#2668);
#2668 = CARTESIAN_POINT('',(-1.27,1.016,2.54));
#2669 = LINE('',#2670,#2671);
#2670 = CARTESIAN_POINT('',(-1.016,1.27,2.54));
#2671 = VECTOR('',#2672,1.);
#2672 = DIRECTION('',(-0.707106781187,-0.707106781187,0.));
#2673 = ORIENTED_EDGE('',*,*,#2674,.F.);
#2674 = EDGE_CURVE('',#2675,#2667,#2677,.T.);
#2675 = VERTEX_POINT('',#2676);
#2676 = CARTESIAN_POINT('',(-1.27,1.016,0.));
#2677 = LINE('',#2678,#2679);
#2678 = CARTESIAN_POINT('',(-1.27,1.016,0.));
#2679 = VECTOR('',#2680,1.);
#2680 = DIRECTION('',(0.,0.,1.));
#2681 = ORIENTED_EDGE('',*,*,#2682,.F.);
#2682 = EDGE_CURVE('',#2657,#2675,#2683,.T.);
#2683 = LINE('',#2684,#2685);
#2684 = CARTESIAN_POINT('',(-1.016,1.27,0.));
#2685 = VECTOR('',#2686,1.);
#2686 = DIRECTION('',(-0.707106781187,-0.707106781187,0.));
#2687 = PLANE('',#2688);
#2688 = AXIS2_PLACEMENT_3D('',#2689,#2690,#2691);
#2689 = CARTESIAN_POINT('',(-1.016,1.27,0.));
#2690 = DIRECTION('',(0.707106781187,-0.707106781187,0.));
#2691 = DIRECTION('',(-0.707106781187,-0.707106781187,0.));
#2692 = ADVANCED_FACE('',(#2693),#2718,.F.);
#2693 = FACE_BOUND('',#2694,.F.);
#2694 = EDGE_LOOP('',(#2695,#2705,#2711,#2712));
#2695 = ORIENTED_EDGE('',*,*,#2696,.T.);
#2696 = EDGE_CURVE('',#2697,#2699,#2701,.T.);
#2697 = VERTEX_POINT('',#2698);
#2698 = CARTESIAN_POINT('',(1.016,1.27,0.));
#2699 = VERTEX_POINT('',#2700);
#2700 = CARTESIAN_POINT('',(1.016,1.27,2.54));
#2701 = LINE('',#2702,#2703);
#2702 = CARTESIAN_POINT('',(1.016,1.27,0.));
#2703 = VECTOR('',#2704,1.);
#2704 = DIRECTION('',(0.,0.,1.));
#2705 = ORIENTED_EDGE('',*,*,#2706,.T.);
#2706 = EDGE_CURVE('',#2699,#2659,#2707,.T.);
#2707 = LINE('',#2708,#2709);
#2708 = CARTESIAN_POINT('',(1.016,1.27,2.54));
#2709 = VECTOR('',#2710,1.);
#2710 = DIRECTION('',(-1.,0.,0.));
#2711 = ORIENTED_EDGE('',*,*,#2656,.F.);
#2712 = ORIENTED_EDGE('',*,*,#2713,.F.);
#2713 = EDGE_CURVE('',#2697,#2657,#2714,.T.);
#2714 = LINE('',#2715,#2716);
#2715 = CARTESIAN_POINT('',(1.016,1.27,0.));
#2716 = VECTOR('',#2717,1.);
#2717 = DIRECTION('',(-1.,0.,0.));
#2718 = PLANE('',#2719);
#2719 = AXIS2_PLACEMENT_3D('',#2720,#2721,#2722);
#2720 = CARTESIAN_POINT('',(1.016,1.27,0.));
#2721 = DIRECTION('',(0.,-1.,0.));
#2722 = DIRECTION('',(-1.,0.,0.));
#2723 = ADVANCED_FACE('',(#2724),#2749,.F.);
#2724 = FACE_BOUND('',#2725,.F.);
#2725 = EDGE_LOOP('',(#2726,#2727,#2735,#2743));
#2726 = ORIENTED_EDGE('',*,*,#2674,.T.);
#2727 = ORIENTED_EDGE('',*,*,#2728,.T.);
#2728 = EDGE_CURVE('',#2667,#2729,#2731,.T.);
#2729 = VERTEX_POINT('',#2730);
#2730 = CARTESIAN_POINT('',(-1.27,-1.016,2.54));
#2731 = LINE('',#2732,#2733);
#2732 = CARTESIAN_POINT('',(-1.27,1.016,2.54));
#2733 = VECTOR('',#2734,1.);
#2734 = DIRECTION('',(0.,-1.,0.));
#2735 = ORIENTED_EDGE('',*,*,#2736,.F.);
#2736 = EDGE_CURVE('',#2737,#2729,#2739,.T.);
#2737 = VERTEX_POINT('',#2738);
#2738 = CARTESIAN_POINT('',(-1.27,-1.016,0.));
#2739 = LINE('',#2740,#2741);
#2740 = CARTESIAN_POINT('',(-1.27,-1.016,0.));
#2741 = VECTOR('',#2742,1.);
#2742 = DIRECTION('',(0.,0.,1.));
#2743 = ORIENTED_EDGE('',*,*,#2744,.F.);
#2744 = EDGE_CURVE('',#2675,#2737,#2745,.T.);
#2745 = LINE('',#2746,#2747);
#2746 = CARTESIAN_POINT('',(-1.27,1.016,0.));
#2747 = VECTOR('',#2748,1.);
#2748 = DIRECTION('',(0.,-1.,0.));
#2749 = PLANE('',#2750);
#2750 = AXIS2_PLACEMENT_3D('',#2751,#2752,#2753);
#2751 = CARTESIAN_POINT('',(-1.27,1.016,0.));
#2752 = DIRECTION('',(1.,0.,0.));
#2753 = DIRECTION('',(0.,-1.,0.));
#2754 = ADVANCED_FACE('',(#2755,#2942,#2976,#3010,#3044),#3078,.F.);
#2755 = FACE_BOUND('',#2756,.F.);
#2756 = EDGE_LOOP('',(#2757,#2758,#2759,#2767,#2775,#2783,#2791,#2799,
    #2807,#2815,#2823,#2831,#2839,#2847,#2855,#2863,#2871,#2879,#2887,
    #2895,#2903,#2911,#2919,#2927,#2935,#2941));
#2757 = ORIENTED_EDGE('',*,*,#2682,.T.);
#2758 = ORIENTED_EDGE('',*,*,#2744,.T.);
#2759 = ORIENTED_EDGE('',*,*,#2760,.T.);
#2760 = EDGE_CURVE('',#2737,#2761,#2763,.T.);
#2761 = VERTEX_POINT('',#2762);
#2762 = CARTESIAN_POINT('',(-1.016,-1.27,0.));
#2763 = LINE('',#2764,#2765);
#2764 = CARTESIAN_POINT('',(-1.27,-1.016,0.));
#2765 = VECTOR('',#2766,1.);
#2766 = DIRECTION('',(0.707106781187,-0.707106781187,0.));
#2767 = ORIENTED_EDGE('',*,*,#2768,.T.);
#2768 = EDGE_CURVE('',#2761,#2769,#2771,.T.);
#2769 = VERTEX_POINT('',#2770);
#2770 = CARTESIAN_POINT('',(-1.27,-1.524,0.));
#2771 = LINE('',#2772,#2773);
#2772 = CARTESIAN_POINT('',(-1.016,-1.27,0.));
#2773 = VECTOR('',#2774,1.);
#2774 = DIRECTION('',(-0.707106781187,-0.707106781187,0.));
#2775 = ORIENTED_EDGE('',*,*,#2776,.T.);
#2776 = EDGE_CURVE('',#2769,#2777,#2779,.T.);
#2777 = VERTEX_POINT('',#2778);
#2778 = CARTESIAN_POINT('',(-1.27,-3.556,0.));
#2779 = LINE('',#2780,#2781);
#2780 = CARTESIAN_POINT('',(-1.27,-1.524,0.));
#2781 = VECTOR('',#2782,1.);
#2782 = DIRECTION('',(0.,-1.,0.));
#2783 = ORIENTED_EDGE('',*,*,#2784,.T.);
#2784 = EDGE_CURVE('',#2777,#2785,#2787,.T.);
#2785 = VERTEX_POINT('',#2786);
#2786 = CARTESIAN_POINT('',(-1.016,-3.81,0.));
#2787 = LINE('',#2788,#2789);
#2788 = CARTESIAN_POINT('',(-1.27,-3.556,0.));
#2789 = VECTOR('',#2790,1.);
#2790 = DIRECTION('',(0.707106781187,-0.707106781187,0.));
#2791 = ORIENTED_EDGE('',*,*,#2792,.T.);
#2792 = EDGE_CURVE('',#2785,#2793,#2795,.T.);
#2793 = VERTEX_POINT('',#2794);
#2794 = CARTESIAN_POINT('',(-1.27,-4.064,0.));
#2795 = LINE('',#2796,#2797);
#2796 = CARTESIAN_POINT('',(-1.016,-3.81,0.));
#2797 = VECTOR('',#2798,1.);
#2798 = DIRECTION('',(-0.707106781187,-0.707106781187,0.));
#2799 = ORIENTED_EDGE('',*,*,#2800,.T.);
#2800 = EDGE_CURVE('',#2793,#2801,#2803,.T.);
#2801 = VERTEX_POINT('',#2802);
#2802 = CARTESIAN_POINT('',(-1.27,-6.096,0.));
#2803 = LINE('',#2804,#2805);
#2804 = CARTESIAN_POINT('',(-1.27,-4.064,0.));
#2805 = VECTOR('',#2806,1.);
#2806 = DIRECTION('',(0.,-1.,0.));
#2807 = ORIENTED_EDGE('',*,*,#2808,.T.);
#2808 = EDGE_CURVE('',#2801,#2809,#2811,.T.);
#2809 = VERTEX_POINT('',#2810);
#2810 = CARTESIAN_POINT('',(-1.016,-6.35,0.));
#2811 = LINE('',#2812,#2813);
#2812 = CARTESIAN_POINT('',(-1.27,-6.096,0.));
#2813 = VECTOR('',#2814,1.);
#2814 = DIRECTION('',(0.707106781187,-0.707106781187,0.));
#2815 = ORIENTED_EDGE('',*,*,#2816,.T.);
#2816 = EDGE_CURVE('',#2809,#2817,#2819,.T.);
#2817 = VERTEX_POINT('',#2818);
#2818 = CARTESIAN_POINT('',(-1.27,-6.604,0.));
#2819 = LINE('',#2820,#2821);
#2820 = CARTESIAN_POINT('',(-1.016,-6.35,0.));
#2821 = VECTOR('',#2822,1.);
#2822 = DIRECTION('',(-0.707106781187,-0.707106781187,0.));
#2823 = ORIENTED_EDGE('',*,*,#2824,.T.);
#2824 = EDGE_CURVE('',#2817,#2825,#2827,.T.);
#2825 = VERTEX_POINT('',#2826);
#2826 = CARTESIAN_POINT('',(-1.27,-8.636,0.));
#2827 = LINE('',#2828,#2829);
#2828 = CARTESIAN_POINT('',(-1.27,-6.604,0.));
#2829 = VECTOR('',#2830,1.);
#2830 = DIRECTION('',(0.,-1.,0.));
#2831 = ORIENTED_EDGE('',*,*,#2832,.T.);
#2832 = EDGE_CURVE('',#2825,#2833,#2835,.T.);
#2833 = VERTEX_POINT('',#2834);
#2834 = CARTESIAN_POINT('',(-1.016,-8.89,0.));
#2835 = LINE('',#2836,#2837);
#2836 = CARTESIAN_POINT('',(-1.27,-8.636,0.));
#2837 = VECTOR('',#2838,1.);
#2838 = DIRECTION('',(0.707106781187,-0.707106781187,0.));
#2839 = ORIENTED_EDGE('',*,*,#2840,.T.);
#2840 = EDGE_CURVE('',#2833,#2841,#2843,.T.);
#2841 = VERTEX_POINT('',#2842);
#2842 = CARTESIAN_POINT('',(1.016,-8.89,0.));
#2843 = LINE('',#2844,#2845);
#2844 = CARTESIAN_POINT('',(-1.016,-8.89,0.));
#2845 = VECTOR('',#2846,1.);
#2846 = DIRECTION('',(1.,0.,0.));
#2847 = ORIENTED_EDGE('',*,*,#2848,.T.);
#2848 = EDGE_CURVE('',#2841,#2849,#2851,.T.);
#2849 = VERTEX_POINT('',#2850);
#2850 = CARTESIAN_POINT('',(1.27,-8.636,0.));
#2851 = LINE('',#2852,#2853);
#2852 = CARTESIAN_POINT('',(1.016,-8.89,0.));
#2853 = VECTOR('',#2854,1.);
#2854 = DIRECTION('',(0.707106781187,0.707106781187,0.));
#2855 = ORIENTED_EDGE('',*,*,#2856,.T.);
#2856 = EDGE_CURVE('',#2849,#2857,#2859,.T.);
#2857 = VERTEX_POINT('',#2858);
#2858 = CARTESIAN_POINT('',(1.27,-6.604,0.));
#2859 = LINE('',#2860,#2861);
#2860 = CARTESIAN_POINT('',(1.27,-8.636,0.));
#2861 = VECTOR('',#2862,1.);
#2862 = DIRECTION('',(0.,1.,0.));
#2863 = ORIENTED_EDGE('',*,*,#2864,.T.);
#2864 = EDGE_CURVE('',#2857,#2865,#2867,.T.);
#2865 = VERTEX_POINT('',#2866);
#2866 = CARTESIAN_POINT('',(1.016,-6.35,0.));
#2867 = LINE('',#2868,#2869);
#2868 = CARTESIAN_POINT('',(1.27,-6.604,0.));
#2869 = VECTOR('',#2870,1.);
#2870 = DIRECTION('',(-0.707106781187,0.707106781187,0.));
#2871 = ORIENTED_EDGE('',*,*,#2872,.T.);
#2872 = EDGE_CURVE('',#2865,#2873,#2875,.T.);
#2873 = VERTEX_POINT('',#2874);
#2874 = CARTESIAN_POINT('',(1.27,-6.096,0.));
#2875 = LINE('',#2876,#2877);
#2876 = CARTESIAN_POINT('',(1.016,-6.35,0.));
#2877 = VECTOR('',#2878,1.);
#2878 = DIRECTION('',(0.707106781187,0.707106781187,0.));
#2879 = ORIENTED_EDGE('',*,*,#2880,.T.);
#2880 = EDGE_CURVE('',#2873,#2881,#2883,.T.);
#2881 = VERTEX_POINT('',#2882);
#2882 = CARTESIAN_POINT('',(1.27,-4.064,0.));
#2883 = LINE('',#2884,#2885);
#2884 = CARTESIAN_POINT('',(1.27,-6.096,0.));
#2885 = VECTOR('',#2886,1.);
#2886 = DIRECTION('',(0.,1.,0.));
#2887 = ORIENTED_EDGE('',*,*,#2888,.T.);
#2888 = EDGE_CURVE('',#2881,#2889,#2891,.T.);
#2889 = VERTEX_POINT('',#2890);
#2890 = CARTESIAN_POINT('',(1.016,-3.81,0.));
#2891 = LINE('',#2892,#2893);
#2892 = CARTESIAN_POINT('',(1.27,-4.064,0.));
#2893 = VECTOR('',#2894,1.);
#2894 = DIRECTION('',(-0.707106781187,0.707106781187,0.));
#2895 = ORIENTED_EDGE('',*,*,#2896,.T.);
#2896 = EDGE_CURVE('',#2889,#2897,#2899,.T.);
#2897 = VERTEX_POINT('',#2898);
#2898 = CARTESIAN_POINT('',(1.27,-3.556,0.));
#2899 = LINE('',#2900,#2901);
#2900 = CARTESIAN_POINT('',(1.016,-3.81,0.));
#2901 = VECTOR('',#2902,1.);
#2902 = DIRECTION('',(0.707106781187,0.707106781187,0.));
#2903 = ORIENTED_EDGE('',*,*,#2904,.T.);
#2904 = EDGE_CURVE('',#2897,#2905,#2907,.T.);
#2905 = VERTEX_POINT('',#2906);
#2906 = CARTESIAN_POINT('',(1.27,-1.524,0.));
#2907 = LINE('',#2908,#2909);
#2908 = CARTESIAN_POINT('',(1.27,-3.556,0.));
#2909 = VECTOR('',#2910,1.);
#2910 = DIRECTION('',(0.,1.,0.));
#2911 = ORIENTED_EDGE('',*,*,#2912,.T.);
#2912 = EDGE_CURVE('',#2905,#2913,#2915,.T.);
#2913 = VERTEX_POINT('',#2914);
#2914 = CARTESIAN_POINT('',(1.016,-1.27,0.));
#2915 = LINE('',#2916,#2917);
#2916 = CARTESIAN_POINT('',(1.27,-1.524,0.));
#2917 = VECTOR('',#2918,1.);
#2918 = DIRECTION('',(-0.707106781187,0.707106781187,0.));
#2919 = ORIENTED_EDGE('',*,*,#2920,.T.);
#2920 = EDGE_CURVE('',#2913,#2921,#2923,.T.);
#2921 = VERTEX_POINT('',#2922);
#2922 = CARTESIAN_POINT('',(1.27,-1.016,0.));
#2923 = LINE('',#2924,#2925);
#2924 = CARTESIAN_POINT('',(1.016,-1.27,0.));
#2925 = VECTOR('',#2926,1.);
#2926 = DIRECTION('',(0.707106781187,0.707106781187,0.));
#2927 = ORIENTED_EDGE('',*,*,#2928,.T.);
#2928 = EDGE_CURVE('',#2921,#2929,#2931,.T.);
#2929 = VERTEX_POINT('',#2930);
#2930 = CARTESIAN_POINT('',(1.27,1.016,0.));
#2931 = LINE('',#2932,#2933);
#2932 = CARTESIAN_POINT('',(1.27,-1.016,0.));
#2933 = VECTOR('',#2934,1.);
#2934 = DIRECTION('',(0.,1.,0.));
#2935 = ORIENTED_EDGE('',*,*,#2936,.T.);
#2936 = EDGE_CURVE('',#2929,#2697,#2937,.T.);
#2937 = LINE('',#2938,#2939);
#2938 = CARTESIAN_POINT('',(1.27,1.016,0.));
#2939 = VECTOR('',#2940,1.);
#2940 = DIRECTION('',(-0.707106781187,0.707106781187,0.));
#2941 = ORIENTED_EDGE('',*,*,#2713,.T.);
#2942 = FACE_BOUND('',#2943,.F.);
#2943 = EDGE_LOOP('',(#2944,#2954,#2962,#2970));
#2944 = ORIENTED_EDGE('',*,*,#2945,.F.);
#2945 = EDGE_CURVE('',#2946,#2948,#2950,.T.);
#2946 = VERTEX_POINT('',#2947);
#2947 = CARTESIAN_POINT('',(0.32,-4.76,0.));
#2948 = VERTEX_POINT('',#2949);
#2949 = CARTESIAN_POINT('',(-0.32,-4.76,0.));
#2950 = LINE('',#2951,#2952);
#2951 = CARTESIAN_POINT('',(-0.16,-4.76,0.));
#2952 = VECTOR('',#2953,1.);
#2953 = DIRECTION('',(-1.,0.,0.));
#2954 = ORIENTED_EDGE('',*,*,#2955,.F.);
#2955 = EDGE_CURVE('',#2956,#2946,#2958,.T.);
#2956 = VERTEX_POINT('',#2957);
#2957 = CARTESIAN_POINT('',(0.32,-5.4,0.));
#2958 = LINE('',#2959,#2960);
#2959 = CARTESIAN_POINT('',(0.32,-4.605,0.));
#2960 = VECTOR('',#2961,1.);
#2961 = DIRECTION('',(0.,1.,0.));
#2962 = ORIENTED_EDGE('',*,*,#2963,.T.);
#2963 = EDGE_CURVE('',#2956,#2964,#2966,.T.);
#2964 = VERTEX_POINT('',#2965);
#2965 = CARTESIAN_POINT('',(-0.32,-5.4,0.));
#2966 = LINE('',#2967,#2968);
#2967 = CARTESIAN_POINT('',(-0.16,-5.4,0.));
#2968 = VECTOR('',#2969,1.);
#2969 = DIRECTION('',(-1.,0.,0.));
#2970 = ORIENTED_EDGE('',*,*,#2971,.T.);
#2971 = EDGE_CURVE('',#2964,#2948,#2972,.T.);
#2972 = LINE('',#2973,#2974);
#2973 = CARTESIAN_POINT('',(-0.32,-4.605,0.));
#2974 = VECTOR('',#2975,1.);
#2975 = DIRECTION('',(0.,1.,0.));
#2976 = FACE_BOUND('',#2977,.F.);
#2977 = EDGE_LOOP('',(#2978,#2988,#2996,#3004));
#2978 = ORIENTED_EDGE('',*,*,#2979,.F.);
#2979 = EDGE_CURVE('',#2980,#2982,#2984,.T.);
#2980 = VERTEX_POINT('',#2981);
#2981 = CARTESIAN_POINT('',(0.32,-7.94,0.));
#2982 = VERTEX_POINT('',#2983);
#2983 = CARTESIAN_POINT('',(0.32,-7.3,0.));
#2984 = LINE('',#2985,#2986);
#2985 = CARTESIAN_POINT('',(0.32,-5.875,0.));
#2986 = VECTOR('',#2987,1.);
#2987 = DIRECTION('',(0.,1.,0.));
#2988 = ORIENTED_EDGE('',*,*,#2989,.T.);
#2989 = EDGE_CURVE('',#2980,#2990,#2992,.T.);
#2990 = VERTEX_POINT('',#2991);
#2991 = CARTESIAN_POINT('',(-0.32,-7.94,0.));
#2992 = LINE('',#2993,#2994);
#2993 = CARTESIAN_POINT('',(-0.16,-7.94,0.));
#2994 = VECTOR('',#2995,1.);
#2995 = DIRECTION('',(-1.,0.,0.));
#2996 = ORIENTED_EDGE('',*,*,#2997,.T.);
#2997 = EDGE_CURVE('',#2990,#2998,#3000,.T.);
#2998 = VERTEX_POINT('',#2999);
#2999 = CARTESIAN_POINT('',(-0.32,-7.3,0.));
#3000 = LINE('',#3001,#3002);
#3001 = CARTESIAN_POINT('',(-0.32,-5.875,0.));
#3002 = VECTOR('',#3003,1.);
#3003 = DIRECTION('',(0.,1.,0.));
#3004 = ORIENTED_EDGE('',*,*,#3005,.F.);
#3005 = EDGE_CURVE('',#2982,#2998,#3006,.T.);
#3006 = LINE('',#3007,#3008);
#3007 = CARTESIAN_POINT('',(-0.16,-7.3,0.));
#3008 = VECTOR('',#3009,1.);
#3009 = DIRECTION('',(-1.,0.,0.));
#3010 = FACE_BOUND('',#3011,.F.);
#3011 = EDGE_LOOP('',(#3012,#3022,#3030,#3038));
#3012 = ORIENTED_EDGE('',*,*,#3013,.F.);
#3013 = EDGE_CURVE('',#3014,#3016,#3018,.T.);
#3014 = VERTEX_POINT('',#3015);
#3015 = CARTESIAN_POINT('',(0.32,-0.32,0.));
#3016 = VERTEX_POINT('',#3017);
#3017 = CARTESIAN_POINT('',(0.32,0.32,0.));
#3018 = LINE('',#3019,#3020);
#3019 = CARTESIAN_POINT('',(0.32,-2.065,0.));
#3020 = VECTOR('',#3021,1.);
#3021 = DIRECTION('',(0.,1.,0.));
#3022 = ORIENTED_EDGE('',*,*,#3023,.T.);
#3023 = EDGE_CURVE('',#3014,#3024,#3026,.T.);
#3024 = VERTEX_POINT('',#3025);
#3025 = CARTESIAN_POINT('',(-0.32,-0.32,0.));
#3026 = LINE('',#3027,#3028);
#3027 = CARTESIAN_POINT('',(-0.16,-0.32,0.));
#3028 = VECTOR('',#3029,1.);
#3029 = DIRECTION('',(-1.,0.,0.));
#3030 = ORIENTED_EDGE('',*,*,#3031,.T.);
#3031 = EDGE_CURVE('',#3024,#3032,#3034,.T.);
#3032 = VERTEX_POINT('',#3033);
#3033 = CARTESIAN_POINT('',(-0.32,0.32,0.));
#3034 = LINE('',#3035,#3036);
#3035 = CARTESIAN_POINT('',(-0.32,-2.065,0.));
#3036 = VECTOR('',#3037,1.);
#3037 = DIRECTION('',(0.,1.,0.));
#3038 = ORIENTED_EDGE('',*,*,#3039,.F.);
#3039 = EDGE_CURVE('',#3016,#3032,#3040,.T.);
#3040 = LINE('',#3041,#3042);
#3041 = CARTESIAN_POINT('',(-0.16,0.32,0.));
#3042 = VECTOR('',#3043,1.);
#3043 = DIRECTION('',(-1.,0.,0.));
#3044 = FACE_BOUND('',#3045,.F.);
#3045 = EDGE_LOOP('',(#3046,#3056,#3064,#3072));
#3046 = ORIENTED_EDGE('',*,*,#3047,.F.);
#3047 = EDGE_CURVE('',#3048,#3050,#3052,.T.);
#3048 = VERTEX_POINT('',#3049);
#3049 = CARTESIAN_POINT('',(0.32,-2.22,0.));
#3050 = VERTEX_POINT('',#3051);
#3051 = CARTESIAN_POINT('',(-0.32,-2.22,0.));
#3052 = LINE('',#3053,#3054);
#3053 = CARTESIAN_POINT('',(-0.16,-2.22,0.));
#3054 = VECTOR('',#3055,1.);
#3055 = DIRECTION('',(-1.,0.,0.));
#3056 = ORIENTED_EDGE('',*,*,#3057,.F.);
#3057 = EDGE_CURVE('',#3058,#3048,#3060,.T.);
#3058 = VERTEX_POINT('',#3059);
#3059 = CARTESIAN_POINT('',(0.32,-2.86,0.));
#3060 = LINE('',#3061,#3062);
#3061 = CARTESIAN_POINT('',(0.32,-3.335,0.));
#3062 = VECTOR('',#3063,1.);
#3063 = DIRECTION('',(0.,1.,0.));
#3064 = ORIENTED_EDGE('',*,*,#3065,.T.);
#3065 = EDGE_CURVE('',#3058,#3066,#3068,.T.);
#3066 = VERTEX_POINT('',#3067);
#3067 = CARTESIAN_POINT('',(-0.32,-2.86,0.));
#3068 = LINE('',#3069,#3070);
#3069 = CARTESIAN_POINT('',(-0.16,-2.86,0.));
#3070 = VECTOR('',#3071,1.);
#3071 = DIRECTION('',(-1.,0.,0.));
#3072 = ORIENTED_EDGE('',*,*,#3073,.T.);
#3073 = EDGE_CURVE('',#3066,#3050,#3074,.T.);
#3074 = LINE('',#3075,#3076);
#3075 = CARTESIAN_POINT('',(-0.32,-3.335,0.));
#3076 = VECTOR('',#3077,1.);
#3077 = DIRECTION('',(0.,1.,0.));
#3078 = PLANE('',#3079);
#3079 = AXIS2_PLACEMENT_3D('',#3080,#3081,#3082);
#3080 = CARTESIAN_POINT('',(4.259053689278E-17,-3.81,0.));
#3081 = DIRECTION('',(0.,0.,1.));
#3082 = DIRECTION('',(1.,0.,-0.));
#3083 = ADVANCED_FACE('',(#3084,#3271,#3305,#3339,#3373),#3407,.T.);
#3084 = FACE_BOUND('',#3085,.T.);
#3085 = EDGE_LOOP('',(#3086,#3087,#3088,#3096,#3104,#3112,#3120,#3128,
    #3136,#3144,#3152,#3160,#3168,#3176,#3184,#3192,#3200,#3208,#3216,
    #3224,#3232,#3240,#3248,#3256,#3264,#3270));
#3086 = ORIENTED_EDGE('',*,*,#2666,.T.);
#3087 = ORIENTED_EDGE('',*,*,#2728,.T.);
#3088 = ORIENTED_EDGE('',*,*,#3089,.T.);
#3089 = EDGE_CURVE('',#2729,#3090,#3092,.T.);
#3090 = VERTEX_POINT('',#3091);
#3091 = CARTESIAN_POINT('',(-1.016,-1.27,2.54));
#3092 = LINE('',#3093,#3094);
#3093 = CARTESIAN_POINT('',(-1.27,-1.016,2.54));
#3094 = VECTOR('',#3095,1.);
#3095 = DIRECTION('',(0.707106781187,-0.707106781187,0.));
#3096 = ORIENTED_EDGE('',*,*,#3097,.T.);
#3097 = EDGE_CURVE('',#3090,#3098,#3100,.T.);
#3098 = VERTEX_POINT('',#3099);
#3099 = CARTESIAN_POINT('',(-1.27,-1.524,2.54));
#3100 = LINE('',#3101,#3102);
#3101 = CARTESIAN_POINT('',(-1.016,-1.27,2.54));
#3102 = VECTOR('',#3103,1.);
#3103 = DIRECTION('',(-0.707106781187,-0.707106781187,0.));
#3104 = ORIENTED_EDGE('',*,*,#3105,.T.);
#3105 = EDGE_CURVE('',#3098,#3106,#3108,.T.);
#3106 = VERTEX_POINT('',#3107);
#3107 = CARTESIAN_POINT('',(-1.27,-3.556,2.54));
#3108 = LINE('',#3109,#3110);
#3109 = CARTESIAN_POINT('',(-1.27,-1.524,2.54));
#3110 = VECTOR('',#3111,1.);
#3111 = DIRECTION('',(0.,-1.,0.));
#3112 = ORIENTED_EDGE('',*,*,#3113,.T.);
#3113 = EDGE_CURVE('',#3106,#3114,#3116,.T.);
#3114 = VERTEX_POINT('',#3115);
#3115 = CARTESIAN_POINT('',(-1.016,-3.81,2.54));
#3116 = LINE('',#3117,#3118);
#3117 = CARTESIAN_POINT('',(-1.27,-3.556,2.54));
#3118 = VECTOR('',#3119,1.);
#3119 = DIRECTION('',(0.707106781187,-0.707106781187,0.));
#3120 = ORIENTED_EDGE('',*,*,#3121,.T.);
#3121 = EDGE_CURVE('',#3114,#3122,#3124,.T.);
#3122 = VERTEX_POINT('',#3123);
#3123 = CARTESIAN_POINT('',(-1.27,-4.064,2.54));
#3124 = LINE('',#3125,#3126);
#3125 = CARTESIAN_POINT('',(-1.016,-3.81,2.54));
#3126 = VECTOR('',#3127,1.);
#3127 = DIRECTION('',(-0.707106781187,-0.707106781187,0.));
#3128 = ORIENTED_EDGE('',*,*,#3129,.T.);
#3129 = EDGE_CURVE('',#3122,#3130,#3132,.T.);
#3130 = VERTEX_POINT('',#3131);
#3131 = CARTESIAN_POINT('',(-1.27,-6.096,2.54));
#3132 = LINE('',#3133,#3134);
#3133 = CARTESIAN_POINT('',(-1.27,-4.064,2.54));
#3134 = VECTOR('',#3135,1.);
#3135 = DIRECTION('',(0.,-1.,0.));
#3136 = ORIENTED_EDGE('',*,*,#3137,.T.);
#3137 = EDGE_CURVE('',#3130,#3138,#3140,.T.);
#3138 = VERTEX_POINT('',#3139);
#3139 = CARTESIAN_POINT('',(-1.016,-6.35,2.54));
#3140 = LINE('',#3141,#3142);
#3141 = CARTESIAN_POINT('',(-1.27,-6.096,2.54));
#3142 = VECTOR('',#3143,1.);
#3143 = DIRECTION('',(0.707106781187,-0.707106781187,0.));
#3144 = ORIENTED_EDGE('',*,*,#3145,.T.);
#3145 = EDGE_CURVE('',#3138,#3146,#3148,.T.);
#3146 = VERTEX_POINT('',#3147);
#3147 = CARTESIAN_POINT('',(-1.27,-6.604,2.54));
#3148 = LINE('',#3149,#3150);
#3149 = CARTESIAN_POINT('',(-1.016,-6.35,2.54));
#3150 = VECTOR('',#3151,1.);
#3151 = DIRECTION('',(-0.707106781187,-0.707106781187,0.));
#3152 = ORIENTED_EDGE('',*,*,#3153,.T.);
#3153 = EDGE_CURVE('',#3146,#3154,#3156,.T.);
#3154 = VERTEX_POINT('',#3155);
#3155 = CARTESIAN_POINT('',(-1.27,-8.636,2.54));
#3156 = LINE('',#3157,#3158);
#3157 = CARTESIAN_POINT('',(-1.27,-6.604,2.54));
#3158 = VECTOR('',#3159,1.);
#3159 = DIRECTION('',(0.,-1.,0.));
#3160 = ORIENTED_EDGE('',*,*,#3161,.T.);
#3161 = EDGE_CURVE('',#3154,#3162,#3164,.T.);
#3162 = VERTEX_POINT('',#3163);
#3163 = CARTESIAN_POINT('',(-1.016,-8.89,2.54));
#3164 = LINE('',#3165,#3166);
#3165 = CARTESIAN_POINT('',(-1.27,-8.636,2.54));
#3166 = VECTOR('',#3167,1.);
#3167 = DIRECTION('',(0.707106781187,-0.707106781187,0.));
#3168 = ORIENTED_EDGE('',*,*,#3169,.T.);
#3169 = EDGE_CURVE('',#3162,#3170,#3172,.T.);
#3170 = VERTEX_POINT('',#3171);
#3171 = CARTESIAN_POINT('',(1.016,-8.89,2.54));
#3172 = LINE('',#3173,#3174);
#3173 = CARTESIAN_POINT('',(-1.016,-8.89,2.54));
#3174 = VECTOR('',#3175,1.);
#3175 = DIRECTION('',(1.,0.,0.));
#3176 = ORIENTED_EDGE('',*,*,#3177,.T.);
#3177 = EDGE_CURVE('',#3170,#3178,#3180,.T.);
#3178 = VERTEX_POINT('',#3179);
#3179 = CARTESIAN_POINT('',(1.27,-8.636,2.54));
#3180 = LINE('',#3181,#3182);
#3181 = CARTESIAN_POINT('',(1.016,-8.89,2.54));
#3182 = VECTOR('',#3183,1.);
#3183 = DIRECTION('',(0.707106781187,0.707106781187,0.));
#3184 = ORIENTED_EDGE('',*,*,#3185,.T.);
#3185 = EDGE_CURVE('',#3178,#3186,#3188,.T.);
#3186 = VERTEX_POINT('',#3187);
#3187 = CARTESIAN_POINT('',(1.27,-6.604,2.54));
#3188 = LINE('',#3189,#3190);
#3189 = CARTESIAN_POINT('',(1.27,-8.636,2.54));
#3190 = VECTOR('',#3191,1.);
#3191 = DIRECTION('',(0.,1.,0.));
#3192 = ORIENTED_EDGE('',*,*,#3193,.T.);
#3193 = EDGE_CURVE('',#3186,#3194,#3196,.T.);
#3194 = VERTEX_POINT('',#3195);
#3195 = CARTESIAN_POINT('',(1.016,-6.35,2.54));
#3196 = LINE('',#3197,#3198);
#3197 = CARTESIAN_POINT('',(1.27,-6.604,2.54));
#3198 = VECTOR('',#3199,1.);
#3199 = DIRECTION('',(-0.707106781187,0.707106781187,0.));
#3200 = ORIENTED_EDGE('',*,*,#3201,.T.);
#3201 = EDGE_CURVE('',#3194,#3202,#3204,.T.);
#3202 = VERTEX_POINT('',#3203);
#3203 = CARTESIAN_POINT('',(1.27,-6.096,2.54));
#3204 = LINE('',#3205,#3206);
#3205 = CARTESIAN_POINT('',(1.016,-6.35,2.54));
#3206 = VECTOR('',#3207,1.);
#3207 = DIRECTION('',(0.707106781187,0.707106781187,0.));
#3208 = ORIENTED_EDGE('',*,*,#3209,.T.);
#3209 = EDGE_CURVE('',#3202,#3210,#3212,.T.);
#3210 = VERTEX_POINT('',#3211);
#3211 = CARTESIAN_POINT('',(1.27,-4.064,2.54));
#3212 = LINE('',#3213,#3214);
#3213 = CARTESIAN_POINT('',(1.27,-6.096,2.54));
#3214 = VECTOR('',#3215,1.);
#3215 = DIRECTION('',(0.,1.,0.));
#3216 = ORIENTED_EDGE('',*,*,#3217,.T.);
#3217 = EDGE_CURVE('',#3210,#3218,#3220,.T.);
#3218 = VERTEX_POINT('',#3219);
#3219 = CARTESIAN_POINT('',(1.016,-3.81,2.54));
#3220 = LINE('',#3221,#3222);
#3221 = CARTESIAN_POINT('',(1.27,-4.064,2.54));
#3222 = VECTOR('',#3223,1.);
#3223 = DIRECTION('',(-0.707106781187,0.707106781187,0.));
#3224 = ORIENTED_EDGE('',*,*,#3225,.T.);
#3225 = EDGE_CURVE('',#3218,#3226,#3228,.T.);
#3226 = VERTEX_POINT('',#3227);
#3227 = CARTESIAN_POINT('',(1.27,-3.556,2.54));
#3228 = LINE('',#3229,#3230);
#3229 = CARTESIAN_POINT('',(1.016,-3.81,2.54));
#3230 = VECTOR('',#3231,1.);
#3231 = DIRECTION('',(0.707106781187,0.707106781187,0.));
#3232 = ORIENTED_EDGE('',*,*,#3233,.T.);
#3233 = EDGE_CURVE('',#3226,#3234,#3236,.T.);
#3234 = VERTEX_POINT('',#3235);
#3235 = CARTESIAN_POINT('',(1.27,-1.524,2.54));
#3236 = LINE('',#3237,#3238);
#3237 = CARTESIAN_POINT('',(1.27,-3.556,2.54));
#3238 = VECTOR('',#3239,1.);
#3239 = DIRECTION('',(0.,1.,0.));
#3240 = ORIENTED_EDGE('',*,*,#3241,.T.);
#3241 = EDGE_CURVE('',#3234,#3242,#3244,.T.);
#3242 = VERTEX_POINT('',#3243);
#3243 = CARTESIAN_POINT('',(1.016,-1.27,2.54));
#3244 = LINE('',#3245,#3246);
#3245 = CARTESIAN_POINT('',(1.27,-1.524,2.54));
#3246 = VECTOR('',#3247,1.);
#3247 = DIRECTION('',(-0.707106781187,0.707106781187,0.));
#3248 = ORIENTED_EDGE('',*,*,#3249,.T.);
#3249 = EDGE_CURVE('',#3242,#3250,#3252,.T.);
#3250 = VERTEX_POINT('',#3251);
#3251 = CARTESIAN_POINT('',(1.27,-1.016,2.54));
#3252 = LINE('',#3253,#3254);
#3253 = CARTESIAN_POINT('',(1.016,-1.27,2.54));
#3254 = VECTOR('',#3255,1.);
#3255 = DIRECTION('',(0.707106781187,0.707106781187,0.));
#3256 = ORIENTED_EDGE('',*,*,#3257,.T.);
#3257 = EDGE_CURVE('',#3250,#3258,#3260,.T.);
#3258 = VERTEX_POINT('',#3259);
#3259 = CARTESIAN_POINT('',(1.27,1.016,2.54));
#3260 = LINE('',#3261,#3262);
#3261 = CARTESIAN_POINT('',(1.27,-1.016,2.54));
#3262 = VECTOR('',#3263,1.);
#3263 = DIRECTION('',(0.,1.,0.));
#3264 = ORIENTED_EDGE('',*,*,#3265,.T.);
#3265 = EDGE_CURVE('',#3258,#2699,#3266,.T.);
#3266 = LINE('',#3267,#3268);
#3267 = CARTESIAN_POINT('',(1.27,1.016,2.54));
#3268 = VECTOR('',#3269,1.);
#3269 = DIRECTION('',(-0.707106781187,0.707106781187,0.));
#3270 = ORIENTED_EDGE('',*,*,#2706,.T.);
#3271 = FACE_BOUND('',#3272,.T.);
#3272 = EDGE_LOOP('',(#3273,#3283,#3291,#3299));
#3273 = ORIENTED_EDGE('',*,*,#3274,.F.);
#3274 = EDGE_CURVE('',#3275,#3277,#3279,.T.);
#3275 = VERTEX_POINT('',#3276);
#3276 = CARTESIAN_POINT('',(0.32,-4.76,2.54));
#3277 = VERTEX_POINT('',#3278);
#3278 = CARTESIAN_POINT('',(-0.32,-4.76,2.54));
#3279 = LINE('',#3280,#3281);
#3280 = CARTESIAN_POINT('',(-0.16,-4.76,2.54));
#3281 = VECTOR('',#3282,1.);
#3282 = DIRECTION('',(-1.,0.,0.));
#3283 = ORIENTED_EDGE('',*,*,#3284,.F.);
#3284 = EDGE_CURVE('',#3285,#3275,#3287,.T.);
#3285 = VERTEX_POINT('',#3286);
#3286 = CARTESIAN_POINT('',(0.32,-5.4,2.54));
#3287 = LINE('',#3288,#3289);
#3288 = CARTESIAN_POINT('',(0.32,-4.605,2.54));
#3289 = VECTOR('',#3290,1.);
#3290 = DIRECTION('',(0.,1.,0.));
#3291 = ORIENTED_EDGE('',*,*,#3292,.T.);
#3292 = EDGE_CURVE('',#3285,#3293,#3295,.T.);
#3293 = VERTEX_POINT('',#3294);
#3294 = CARTESIAN_POINT('',(-0.32,-5.4,2.54));
#3295 = LINE('',#3296,#3297);
#3296 = CARTESIAN_POINT('',(-0.16,-5.4,2.54));
#3297 = VECTOR('',#3298,1.);
#3298 = DIRECTION('',(-1.,0.,0.));
#3299 = ORIENTED_EDGE('',*,*,#3300,.T.);
#3300 = EDGE_CURVE('',#3293,#3277,#3301,.T.);
#3301 = LINE('',#3302,#3303);
#3302 = CARTESIAN_POINT('',(-0.32,-4.605,2.54));
#3303 = VECTOR('',#3304,1.);
#3304 = DIRECTION('',(0.,1.,0.));
#3305 = FACE_BOUND('',#3306,.T.);
#3306 = EDGE_LOOP('',(#3307,#3317,#3325,#3333));
#3307 = ORIENTED_EDGE('',*,*,#3308,.F.);
#3308 = EDGE_CURVE('',#3309,#3311,#3313,.T.);
#3309 = VERTEX_POINT('',#3310);
#3310 = CARTESIAN_POINT('',(0.32,-7.94,2.54));
#3311 = VERTEX_POINT('',#3312);
#3312 = CARTESIAN_POINT('',(0.32,-7.3,2.54));
#3313 = LINE('',#3314,#3315);
#3314 = CARTESIAN_POINT('',(0.32,-5.875,2.54));
#3315 = VECTOR('',#3316,1.);
#3316 = DIRECTION('',(0.,1.,0.));
#3317 = ORIENTED_EDGE('',*,*,#3318,.T.);
#3318 = EDGE_CURVE('',#3309,#3319,#3321,.T.);
#3319 = VERTEX_POINT('',#3320);
#3320 = CARTESIAN_POINT('',(-0.32,-7.94,2.54));
#3321 = LINE('',#3322,#3323);
#3322 = CARTESIAN_POINT('',(-0.16,-7.94,2.54));
#3323 = VECTOR('',#3324,1.);
#3324 = DIRECTION('',(-1.,0.,0.));
#3325 = ORIENTED_EDGE('',*,*,#3326,.T.);
#3326 = EDGE_CURVE('',#3319,#3327,#3329,.T.);
#3327 = VERTEX_POINT('',#3328);
#3328 = CARTESIAN_POINT('',(-0.32,-7.3,2.54));
#3329 = LINE('',#3330,#3331);
#3330 = CARTESIAN_POINT('',(-0.32,-5.875,2.54));
#3331 = VECTOR('',#3332,1.);
#3332 = DIRECTION('',(0.,1.,0.));
#3333 = ORIENTED_EDGE('',*,*,#3334,.F.);
#3334 = EDGE_CURVE('',#3311,#3327,#3335,.T.);
#3335 = LINE('',#3336,#3337);
#3336 = CARTESIAN_POINT('',(-0.16,-7.3,2.54));
#3337 = VECTOR('',#3338,1.);
#3338 = DIRECTION('',(-1.,0.,0.));
#3339 = FACE_BOUND('',#3340,.T.);
#3340 = EDGE_LOOP('',(#3341,#3351,#3359,#3367));
#3341 = ORIENTED_EDGE('',*,*,#3342,.F.);
#3342 = EDGE_CURVE('',#3343,#3345,#3347,.T.);
#3343 = VERTEX_POINT('',#3344);
#3344 = CARTESIAN_POINT('',(0.32,-0.32,2.54));
#3345 = VERTEX_POINT('',#3346);
#3346 = CARTESIAN_POINT('',(0.32,0.32,2.54));
#3347 = LINE('',#3348,#3349);
#3348 = CARTESIAN_POINT('',(0.32,-2.065,2.54));
#3349 = VECTOR('',#3350,1.);
#3350 = DIRECTION('',(0.,1.,0.));
#3351 = ORIENTED_EDGE('',*,*,#3352,.T.);
#3352 = EDGE_CURVE('',#3343,#3353,#3355,.T.);
#3353 = VERTEX_POINT('',#3354);
#3354 = CARTESIAN_POINT('',(-0.32,-0.32,2.54));
#3355 = LINE('',#3356,#3357);
#3356 = CARTESIAN_POINT('',(-0.16,-0.32,2.54));
#3357 = VECTOR('',#3358,1.);
#3358 = DIRECTION('',(-1.,0.,0.));
#3359 = ORIENTED_EDGE('',*,*,#3360,.T.);
#3360 = EDGE_CURVE('',#3353,#3361,#3363,.T.);
#3361 = VERTEX_POINT('',#3362);
#3362 = CARTESIAN_POINT('',(-0.32,0.32,2.54));
#3363 = LINE('',#3364,#3365);
#3364 = CARTESIAN_POINT('',(-0.32,-2.065,2.54));
#3365 = VECTOR('',#3366,1.);
#3366 = DIRECTION('',(0.,1.,0.));
#3367 = ORIENTED_EDGE('',*,*,#3368,.F.);
#3368 = EDGE_CURVE('',#3345,#3361,#3369,.T.);
#3369 = LINE('',#3370,#3371);
#3370 = CARTESIAN_POINT('',(-0.16,0.32,2.54));
#3371 = VECTOR('',#3372,1.);
#3372 = DIRECTION('',(-1.,0.,0.));
#3373 = FACE_BOUND('',#3374,.T.);
#3374 = EDGE_LOOP('',(#3375,#3385,#3393,#3401));
#3375 = ORIENTED_EDGE('',*,*,#3376,.F.);
#3376 = EDGE_CURVE('',#3377,#3379,#3381,.T.);
#3377 = VERTEX_POINT('',#3378);
#3378 = CARTESIAN_POINT('',(0.32,-2.22,2.54));
#3379 = VERTEX_POINT('',#3380);
#3380 = CARTESIAN_POINT('',(-0.32,-2.22,2.54));
#3381 = LINE('',#3382,#3383);
#3382 = CARTESIAN_POINT('',(-0.16,-2.22,2.54));
#3383 = VECTOR('',#3384,1.);
#3384 = DIRECTION('',(-1.,0.,0.));
#3385 = ORIENTED_EDGE('',*,*,#3386,.F.);
#3386 = EDGE_CURVE('',#3387,#3377,#3389,.T.);
#3387 = VERTEX_POINT('',#3388);
#3388 = CARTESIAN_POINT('',(0.32,-2.86,2.54));
#3389 = LINE('',#3390,#3391);
#3390 = CARTESIAN_POINT('',(0.32,-3.335,2.54));
#3391 = VECTOR('',#3392,1.);
#3392 = DIRECTION('',(0.,1.,0.));
#3393 = ORIENTED_EDGE('',*,*,#3394,.T.);
#3394 = EDGE_CURVE('',#3387,#3395,#3397,.T.);
#3395 = VERTEX_POINT('',#3396);
#3396 = CARTESIAN_POINT('',(-0.32,-2.86,2.54));
#3397 = LINE('',#3398,#3399);
#3398 = CARTESIAN_POINT('',(-0.16,-2.86,2.54));
#3399 = VECTOR('',#3400,1.);
#3400 = DIRECTION('',(-1.,0.,0.));
#3401 = ORIENTED_EDGE('',*,*,#3402,.T.);
#3402 = EDGE_CURVE('',#3395,#3379,#3403,.T.);
#3403 = LINE('',#3404,#3405);
#3404 = CARTESIAN_POINT('',(-0.32,-3.335,2.54));
#3405 = VECTOR('',#3406,1.);
#3406 = DIRECTION('',(0.,1.,0.));
#3407 = PLANE('',#3408);
#3408 = AXIS2_PLACEMENT_3D('',#3409,#3410,#3411);
#3409 = CARTESIAN_POINT('',(4.259053689278E-17,-3.81,2.54));
#3410 = DIRECTION('',(0.,0.,1.));
#3411 = DIRECTION('',(1.,0.,-0.));
#3412 = ADVANCED_FACE('',(#3413),#3424,.F.);
#3413 = FACE_BOUND('',#3414,.F.);
#3414 = EDGE_LOOP('',(#3415,#3421,#3422,#3423));
#3415 = ORIENTED_EDGE('',*,*,#3416,.T.);
#3416 = EDGE_CURVE('',#2929,#3258,#3417,.T.);
#3417 = LINE('',#3418,#3419);
#3418 = CARTESIAN_POINT('',(1.27,1.016,0.));
#3419 = VECTOR('',#3420,1.);
#3420 = DIRECTION('',(0.,0.,1.));
#3421 = ORIENTED_EDGE('',*,*,#3265,.T.);
#3422 = ORIENTED_EDGE('',*,*,#2696,.F.);
#3423 = ORIENTED_EDGE('',*,*,#2936,.F.);
#3424 = PLANE('',#3425);
#3425 = AXIS2_PLACEMENT_3D('',#3426,#3427,#3428);
#3426 = CARTESIAN_POINT('',(1.27,1.016,0.));
#3427 = DIRECTION('',(-0.707106781187,-0.707106781187,0.));
#3428 = DIRECTION('',(-0.707106781187,0.707106781187,0.));
#3429 = ADVANCED_FACE('',(#3430),#3441,.F.);
#3430 = FACE_BOUND('',#3431,.F.);
#3431 = EDGE_LOOP('',(#3432,#3433,#3434,#3440));
#3432 = ORIENTED_EDGE('',*,*,#2736,.T.);
#3433 = ORIENTED_EDGE('',*,*,#3089,.T.);
#3434 = ORIENTED_EDGE('',*,*,#3435,.F.);
#3435 = EDGE_CURVE('',#2761,#3090,#3436,.T.);
#3436 = LINE('',#3437,#3438);
#3437 = CARTESIAN_POINT('',(-1.016,-1.27,0.));
#3438 = VECTOR('',#3439,1.);
#3439 = DIRECTION('',(0.,0.,1.));
#3440 = ORIENTED_EDGE('',*,*,#2760,.F.);
#3441 = PLANE('',#3442);
#3442 = AXIS2_PLACEMENT_3D('',#3443,#3444,#3445);
#3443 = CARTESIAN_POINT('',(-1.27,-1.016,0.));
#3444 = DIRECTION('',(0.707106781187,0.707106781187,0.));
#3445 = DIRECTION('',(0.707106781187,-0.707106781187,0.));
#3446 = ADVANCED_FACE('',(#3447),#3458,.F.);
#3447 = FACE_BOUND('',#3448,.F.);
#3448 = EDGE_LOOP('',(#3449,#3455,#3456,#3457));
#3449 = ORIENTED_EDGE('',*,*,#3450,.T.);
#3450 = EDGE_CURVE('',#2921,#3250,#3451,.T.);
#3451 = LINE('',#3452,#3453);
#3452 = CARTESIAN_POINT('',(1.27,-1.016,0.));
#3453 = VECTOR('',#3454,1.);
#3454 = DIRECTION('',(0.,0.,1.));
#3455 = ORIENTED_EDGE('',*,*,#3257,.T.);
#3456 = ORIENTED_EDGE('',*,*,#3416,.F.);
#3457 = ORIENTED_EDGE('',*,*,#2928,.F.);
#3458 = PLANE('',#3459);
#3459 = AXIS2_PLACEMENT_3D('',#3460,#3461,#3462);
#3460 = CARTESIAN_POINT('',(1.27,-1.016,0.));
#3461 = DIRECTION('',(-1.,0.,0.));
#3462 = DIRECTION('',(0.,1.,0.));
#3463 = ADVANCED_FACE('',(#3464),#3475,.F.);
#3464 = FACE_BOUND('',#3465,.F.);
#3465 = EDGE_LOOP('',(#3466,#3467,#3468,#3474));
#3466 = ORIENTED_EDGE('',*,*,#3435,.T.);
#3467 = ORIENTED_EDGE('',*,*,#3097,.T.);
#3468 = ORIENTED_EDGE('',*,*,#3469,.F.);
#3469 = EDGE_CURVE('',#2769,#3098,#3470,.T.);
#3470 = LINE('',#3471,#3472);
#3471 = CARTESIAN_POINT('',(-1.27,-1.524,0.));
#3472 = VECTOR('',#3473,1.);
#3473 = DIRECTION('',(0.,0.,1.));
#3474 = ORIENTED_EDGE('',*,*,#2768,.F.);
#3475 = PLANE('',#3476);
#3476 = AXIS2_PLACEMENT_3D('',#3477,#3478,#3479);
#3477 = CARTESIAN_POINT('',(-1.016,-1.27,0.));
#3478 = DIRECTION('',(0.707106781187,-0.707106781187,0.));
#3479 = DIRECTION('',(-0.707106781187,-0.707106781187,0.));
#3480 = ADVANCED_FACE('',(#3481),#3492,.F.);
#3481 = FACE_BOUND('',#3482,.F.);
#3482 = EDGE_LOOP('',(#3483,#3489,#3490,#3491));
#3483 = ORIENTED_EDGE('',*,*,#3484,.T.);
#3484 = EDGE_CURVE('',#2913,#3242,#3485,.T.);
#3485 = LINE('',#3486,#3487);
#3486 = CARTESIAN_POINT('',(1.016,-1.27,0.));
#3487 = VECTOR('',#3488,1.);
#3488 = DIRECTION('',(0.,0.,1.));
#3489 = ORIENTED_EDGE('',*,*,#3249,.T.);
#3490 = ORIENTED_EDGE('',*,*,#3450,.F.);
#3491 = ORIENTED_EDGE('',*,*,#2920,.F.);
#3492 = PLANE('',#3493);
#3493 = AXIS2_PLACEMENT_3D('',#3494,#3495,#3496);
#3494 = CARTESIAN_POINT('',(1.016,-1.27,0.));
#3495 = DIRECTION('',(-0.707106781187,0.707106781187,0.));
#3496 = DIRECTION('',(0.707106781187,0.707106781187,0.));
#3497 = ADVANCED_FACE('',(#3498),#3509,.F.);
#3498 = FACE_BOUND('',#3499,.F.);
#3499 = EDGE_LOOP('',(#3500,#3501,#3502,#3508));
#3500 = ORIENTED_EDGE('',*,*,#3469,.T.);
#3501 = ORIENTED_EDGE('',*,*,#3105,.T.);
#3502 = ORIENTED_EDGE('',*,*,#3503,.F.);
#3503 = EDGE_CURVE('',#2777,#3106,#3504,.T.);
#3504 = LINE('',#3505,#3506);
#3505 = CARTESIAN_POINT('',(-1.27,-3.556,0.));
#3506 = VECTOR('',#3507,1.);
#3507 = DIRECTION('',(0.,0.,1.));
#3508 = ORIENTED_EDGE('',*,*,#2776,.F.);
#3509 = PLANE('',#3510);
#3510 = AXIS2_PLACEMENT_3D('',#3511,#3512,#3513);
#3511 = CARTESIAN_POINT('',(-1.27,-1.524,0.));
#3512 = DIRECTION('',(1.,0.,0.));
#3513 = DIRECTION('',(0.,-1.,0.));
#3514 = ADVANCED_FACE('',(#3515),#3526,.F.);
#3515 = FACE_BOUND('',#3516,.F.);
#3516 = EDGE_LOOP('',(#3517,#3523,#3524,#3525));
#3517 = ORIENTED_EDGE('',*,*,#3518,.T.);
#3518 = EDGE_CURVE('',#2905,#3234,#3519,.T.);
#3519 = LINE('',#3520,#3521);
#3520 = CARTESIAN_POINT('',(1.27,-1.524,0.));
#3521 = VECTOR('',#3522,1.);
#3522 = DIRECTION('',(0.,0.,1.));
#3523 = ORIENTED_EDGE('',*,*,#3241,.T.);
#3524 = ORIENTED_EDGE('',*,*,#3484,.F.);
#3525 = ORIENTED_EDGE('',*,*,#2912,.F.);
#3526 = PLANE('',#3527);
#3527 = AXIS2_PLACEMENT_3D('',#3528,#3529,#3530);
#3528 = CARTESIAN_POINT('',(1.27,-1.524,0.));
#3529 = DIRECTION('',(-0.707106781187,-0.707106781187,0.));
#3530 = DIRECTION('',(-0.707106781187,0.707106781187,0.));
#3531 = ADVANCED_FACE('',(#3532),#3543,.F.);
#3532 = FACE_BOUND('',#3533,.F.);
#3533 = EDGE_LOOP('',(#3534,#3535,#3536,#3542));
#3534 = ORIENTED_EDGE('',*,*,#3503,.T.);
#3535 = ORIENTED_EDGE('',*,*,#3113,.T.);
#3536 = ORIENTED_EDGE('',*,*,#3537,.F.);
#3537 = EDGE_CURVE('',#2785,#3114,#3538,.T.);
#3538 = LINE('',#3539,#3540);
#3539 = CARTESIAN_POINT('',(-1.016,-3.81,0.));
#3540 = VECTOR('',#3541,1.);
#3541 = DIRECTION('',(0.,0.,1.));
#3542 = ORIENTED_EDGE('',*,*,#2784,.F.);
#3543 = PLANE('',#3544);
#3544 = AXIS2_PLACEMENT_3D('',#3545,#3546,#3547);
#3545 = CARTESIAN_POINT('',(-1.27,-3.556,0.));
#3546 = DIRECTION('',(0.707106781187,0.707106781187,0.));
#3547 = DIRECTION('',(0.707106781187,-0.707106781187,0.));
#3548 = ADVANCED_FACE('',(#3549),#3560,.F.);
#3549 = FACE_BOUND('',#3550,.F.);
#3550 = EDGE_LOOP('',(#3551,#3557,#3558,#3559));
#3551 = ORIENTED_EDGE('',*,*,#3552,.T.);
#3552 = EDGE_CURVE('',#2897,#3226,#3553,.T.);
#3553 = LINE('',#3554,#3555);
#3554 = CARTESIAN_POINT('',(1.27,-3.556,0.));
#3555 = VECTOR('',#3556,1.);
#3556 = DIRECTION('',(0.,0.,1.));
#3557 = ORIENTED_EDGE('',*,*,#3233,.T.);
#3558 = ORIENTED_EDGE('',*,*,#3518,.F.);
#3559 = ORIENTED_EDGE('',*,*,#2904,.F.);
#3560 = PLANE('',#3561);
#3561 = AXIS2_PLACEMENT_3D('',#3562,#3563,#3564);
#3562 = CARTESIAN_POINT('',(1.27,-3.556,0.));
#3563 = DIRECTION('',(-1.,0.,0.));
#3564 = DIRECTION('',(0.,1.,0.));
#3565 = ADVANCED_FACE('',(#3566),#3577,.F.);
#3566 = FACE_BOUND('',#3567,.F.);
#3567 = EDGE_LOOP('',(#3568,#3569,#3570,#3576));
#3568 = ORIENTED_EDGE('',*,*,#3537,.T.);
#3569 = ORIENTED_EDGE('',*,*,#3121,.T.);
#3570 = ORIENTED_EDGE('',*,*,#3571,.F.);
#3571 = EDGE_CURVE('',#2793,#3122,#3572,.T.);
#3572 = LINE('',#3573,#3574);
#3573 = CARTESIAN_POINT('',(-1.27,-4.064,0.));
#3574 = VECTOR('',#3575,1.);
#3575 = DIRECTION('',(0.,0.,1.));
#3576 = ORIENTED_EDGE('',*,*,#2792,.F.);
#3577 = PLANE('',#3578);
#3578 = AXIS2_PLACEMENT_3D('',#3579,#3580,#3581);
#3579 = CARTESIAN_POINT('',(-1.016,-3.81,0.));
#3580 = DIRECTION('',(0.707106781187,-0.707106781187,0.));
#3581 = DIRECTION('',(-0.707106781187,-0.707106781187,0.));
#3582 = ADVANCED_FACE('',(#3583),#3594,.F.);
#3583 = FACE_BOUND('',#3584,.F.);
#3584 = EDGE_LOOP('',(#3585,#3591,#3592,#3593));
#3585 = ORIENTED_EDGE('',*,*,#3586,.T.);
#3586 = EDGE_CURVE('',#2889,#3218,#3587,.T.);
#3587 = LINE('',#3588,#3589);
#3588 = CARTESIAN_POINT('',(1.016,-3.81,0.));
#3589 = VECTOR('',#3590,1.);
#3590 = DIRECTION('',(0.,0.,1.));
#3591 = ORIENTED_EDGE('',*,*,#3225,.T.);
#3592 = ORIENTED_EDGE('',*,*,#3552,.F.);
#3593 = ORIENTED_EDGE('',*,*,#2896,.F.);
#3594 = PLANE('',#3595);
#3595 = AXIS2_PLACEMENT_3D('',#3596,#3597,#3598);
#3596 = CARTESIAN_POINT('',(1.016,-3.81,0.));
#3597 = DIRECTION('',(-0.707106781187,0.707106781187,0.));
#3598 = DIRECTION('',(0.707106781187,0.707106781187,0.));
#3599 = ADVANCED_FACE('',(#3600),#3611,.F.);
#3600 = FACE_BOUND('',#3601,.F.);
#3601 = EDGE_LOOP('',(#3602,#3603,#3604,#3610));
#3602 = ORIENTED_EDGE('',*,*,#3571,.T.);
#3603 = ORIENTED_EDGE('',*,*,#3129,.T.);
#3604 = ORIENTED_EDGE('',*,*,#3605,.F.);
#3605 = EDGE_CURVE('',#2801,#3130,#3606,.T.);
#3606 = LINE('',#3607,#3608);
#3607 = CARTESIAN_POINT('',(-1.27,-6.096,0.));
#3608 = VECTOR('',#3609,1.);
#3609 = DIRECTION('',(0.,0.,1.));
#3610 = ORIENTED_EDGE('',*,*,#2800,.F.);
#3611 = PLANE('',#3612);
#3612 = AXIS2_PLACEMENT_3D('',#3613,#3614,#3615);
#3613 = CARTESIAN_POINT('',(-1.27,-4.064,0.));
#3614 = DIRECTION('',(1.,0.,0.));
#3615 = DIRECTION('',(0.,-1.,0.));
#3616 = ADVANCED_FACE('',(#3617),#3628,.F.);
#3617 = FACE_BOUND('',#3618,.F.);
#3618 = EDGE_LOOP('',(#3619,#3625,#3626,#3627));
#3619 = ORIENTED_EDGE('',*,*,#3620,.T.);
#3620 = EDGE_CURVE('',#2881,#3210,#3621,.T.);
#3621 = LINE('',#3622,#3623);
#3622 = CARTESIAN_POINT('',(1.27,-4.064,0.));
#3623 = VECTOR('',#3624,1.);
#3624 = DIRECTION('',(0.,0.,1.));
#3625 = ORIENTED_EDGE('',*,*,#3217,.T.);
#3626 = ORIENTED_EDGE('',*,*,#3586,.F.);
#3627 = ORIENTED_EDGE('',*,*,#2888,.F.);
#3628 = PLANE('',#3629);
#3629 = AXIS2_PLACEMENT_3D('',#3630,#3631,#3632);
#3630 = CARTESIAN_POINT('',(1.27,-4.064,0.));
#3631 = DIRECTION('',(-0.707106781187,-0.707106781187,0.));
#3632 = DIRECTION('',(-0.707106781187,0.707106781187,0.));
#3633 = ADVANCED_FACE('',(#3634),#3645,.F.);
#3634 = FACE_BOUND('',#3635,.F.);
#3635 = EDGE_LOOP('',(#3636,#3637,#3638,#3644));
#3636 = ORIENTED_EDGE('',*,*,#3605,.T.);
#3637 = ORIENTED_EDGE('',*,*,#3137,.T.);
#3638 = ORIENTED_EDGE('',*,*,#3639,.F.);
#3639 = EDGE_CURVE('',#2809,#3138,#3640,.T.);
#3640 = LINE('',#3641,#3642);
#3641 = CARTESIAN_POINT('',(-1.016,-6.35,0.));
#3642 = VECTOR('',#3643,1.);
#3643 = DIRECTION('',(0.,0.,1.));
#3644 = ORIENTED_EDGE('',*,*,#2808,.F.);
#3645 = PLANE('',#3646);
#3646 = AXIS2_PLACEMENT_3D('',#3647,#3648,#3649);
#3647 = CARTESIAN_POINT('',(-1.27,-6.096,0.));
#3648 = DIRECTION('',(0.707106781187,0.707106781187,0.));
#3649 = DIRECTION('',(0.707106781187,-0.707106781187,0.));
#3650 = ADVANCED_FACE('',(#3651),#3662,.F.);
#3651 = FACE_BOUND('',#3652,.F.);
#3652 = EDGE_LOOP('',(#3653,#3659,#3660,#3661));
#3653 = ORIENTED_EDGE('',*,*,#3654,.T.);
#3654 = EDGE_CURVE('',#2873,#3202,#3655,.T.);
#3655 = LINE('',#3656,#3657);
#3656 = CARTESIAN_POINT('',(1.27,-6.096,0.));
#3657 = VECTOR('',#3658,1.);
#3658 = DIRECTION('',(0.,0.,1.));
#3659 = ORIENTED_EDGE('',*,*,#3209,.T.);
#3660 = ORIENTED_EDGE('',*,*,#3620,.F.);
#3661 = ORIENTED_EDGE('',*,*,#2880,.F.);
#3662 = PLANE('',#3663);
#3663 = AXIS2_PLACEMENT_3D('',#3664,#3665,#3666);
#3664 = CARTESIAN_POINT('',(1.27,-6.096,0.));
#3665 = DIRECTION('',(-1.,0.,0.));
#3666 = DIRECTION('',(0.,1.,0.));
#3667 = ADVANCED_FACE('',(#3668),#3679,.F.);
#3668 = FACE_BOUND('',#3669,.F.);
#3669 = EDGE_LOOP('',(#3670,#3671,#3672,#3678));
#3670 = ORIENTED_EDGE('',*,*,#3639,.T.);
#3671 = ORIENTED_EDGE('',*,*,#3145,.T.);
#3672 = ORIENTED_EDGE('',*,*,#3673,.F.);
#3673 = EDGE_CURVE('',#2817,#3146,#3674,.T.);
#3674 = LINE('',#3675,#3676);
#3675 = CARTESIAN_POINT('',(-1.27,-6.604,0.));
#3676 = VECTOR('',#3677,1.);
#3677 = DIRECTION('',(0.,0.,1.));
#3678 = ORIENTED_EDGE('',*,*,#2816,.F.);
#3679 = PLANE('',#3680);
#3680 = AXIS2_PLACEMENT_3D('',#3681,#3682,#3683);
#3681 = CARTESIAN_POINT('',(-1.016,-6.35,0.));
#3682 = DIRECTION('',(0.707106781187,-0.707106781187,0.));
#3683 = DIRECTION('',(-0.707106781187,-0.707106781187,0.));
#3684 = ADVANCED_FACE('',(#3685),#3696,.F.);
#3685 = FACE_BOUND('',#3686,.F.);
#3686 = EDGE_LOOP('',(#3687,#3693,#3694,#3695));
#3687 = ORIENTED_EDGE('',*,*,#3688,.T.);
#3688 = EDGE_CURVE('',#2865,#3194,#3689,.T.);
#3689 = LINE('',#3690,#3691);
#3690 = CARTESIAN_POINT('',(1.016,-6.35,0.));
#3691 = VECTOR('',#3692,1.);
#3692 = DIRECTION('',(0.,0.,1.));
#3693 = ORIENTED_EDGE('',*,*,#3201,.T.);
#3694 = ORIENTED_EDGE('',*,*,#3654,.F.);
#3695 = ORIENTED_EDGE('',*,*,#2872,.F.);
#3696 = PLANE('',#3697);
#3697 = AXIS2_PLACEMENT_3D('',#3698,#3699,#3700);
#3698 = CARTESIAN_POINT('',(1.016,-6.35,0.));
#3699 = DIRECTION('',(-0.707106781187,0.707106781187,0.));
#3700 = DIRECTION('',(0.707106781187,0.707106781187,0.));
#3701 = ADVANCED_FACE('',(#3702),#3713,.F.);
#3702 = FACE_BOUND('',#3703,.F.);
#3703 = EDGE_LOOP('',(#3704,#3705,#3706,#3712));
#3704 = ORIENTED_EDGE('',*,*,#3673,.T.);
#3705 = ORIENTED_EDGE('',*,*,#3153,.T.);
#3706 = ORIENTED_EDGE('',*,*,#3707,.F.);
#3707 = EDGE_CURVE('',#2825,#3154,#3708,.T.);
#3708 = LINE('',#3709,#3710);
#3709 = CARTESIAN_POINT('',(-1.27,-8.636,0.));
#3710 = VECTOR('',#3711,1.);
#3711 = DIRECTION('',(0.,0.,1.));
#3712 = ORIENTED_EDGE('',*,*,#2824,.F.);
#3713 = PLANE('',#3714);
#3714 = AXIS2_PLACEMENT_3D('',#3715,#3716,#3717);
#3715 = CARTESIAN_POINT('',(-1.27,-6.604,0.));
#3716 = DIRECTION('',(1.,0.,0.));
#3717 = DIRECTION('',(0.,-1.,0.));
#3718 = ADVANCED_FACE('',(#3719),#3730,.F.);
#3719 = FACE_BOUND('',#3720,.F.);
#3720 = EDGE_LOOP('',(#3721,#3727,#3728,#3729));
#3721 = ORIENTED_EDGE('',*,*,#3722,.T.);
#3722 = EDGE_CURVE('',#2857,#3186,#3723,.T.);
#3723 = LINE('',#3724,#3725);
#3724 = CARTESIAN_POINT('',(1.27,-6.604,0.));
#3725 = VECTOR('',#3726,1.);
#3726 = DIRECTION('',(0.,0.,1.));
#3727 = ORIENTED_EDGE('',*,*,#3193,.T.);
#3728 = ORIENTED_EDGE('',*,*,#3688,.F.);
#3729 = ORIENTED_EDGE('',*,*,#2864,.F.);
#3730 = PLANE('',#3731);
#3731 = AXIS2_PLACEMENT_3D('',#3732,#3733,#3734);
#3732 = CARTESIAN_POINT('',(1.27,-6.604,0.));
#3733 = DIRECTION('',(-0.707106781187,-0.707106781187,0.));
#3734 = DIRECTION('',(-0.707106781187,0.707106781187,0.));
#3735 = ADVANCED_FACE('',(#3736),#3747,.F.);
#3736 = FACE_BOUND('',#3737,.F.);
#3737 = EDGE_LOOP('',(#3738,#3739,#3740,#3746));
#3738 = ORIENTED_EDGE('',*,*,#3707,.T.);
#3739 = ORIENTED_EDGE('',*,*,#3161,.T.);
#3740 = ORIENTED_EDGE('',*,*,#3741,.F.);
#3741 = EDGE_CURVE('',#2833,#3162,#3742,.T.);
#3742 = LINE('',#3743,#3744);
#3743 = CARTESIAN_POINT('',(-1.016,-8.89,0.));
#3744 = VECTOR('',#3745,1.);
#3745 = DIRECTION('',(0.,0.,1.));
#3746 = ORIENTED_EDGE('',*,*,#2832,.F.);
#3747 = PLANE('',#3748);
#3748 = AXIS2_PLACEMENT_3D('',#3749,#3750,#3751);
#3749 = CARTESIAN_POINT('',(-1.27,-8.636,0.));
#3750 = DIRECTION('',(0.707106781187,0.707106781187,0.));
#3751 = DIRECTION('',(0.707106781187,-0.707106781187,0.));
#3752 = ADVANCED_FACE('',(#3753),#3764,.F.);
#3753 = FACE_BOUND('',#3754,.F.);
#3754 = EDGE_LOOP('',(#3755,#3761,#3762,#3763));
#3755 = ORIENTED_EDGE('',*,*,#3756,.T.);
#3756 = EDGE_CURVE('',#2849,#3178,#3757,.T.);
#3757 = LINE('',#3758,#3759);
#3758 = CARTESIAN_POINT('',(1.27,-8.636,0.));
#3759 = VECTOR('',#3760,1.);
#3760 = DIRECTION('',(0.,0.,1.));
#3761 = ORIENTED_EDGE('',*,*,#3185,.T.);
#3762 = ORIENTED_EDGE('',*,*,#3722,.F.);
#3763 = ORIENTED_EDGE('',*,*,#2856,.F.);
#3764 = PLANE('',#3765);
#3765 = AXIS2_PLACEMENT_3D('',#3766,#3767,#3768);
#3766 = CARTESIAN_POINT('',(1.27,-8.636,0.));
#3767 = DIRECTION('',(-1.,0.,0.));
#3768 = DIRECTION('',(0.,1.,0.));
#3769 = ADVANCED_FACE('',(#3770),#3781,.F.);
#3770 = FACE_BOUND('',#3771,.F.);
#3771 = EDGE_LOOP('',(#3772,#3773,#3774,#3780));
#3772 = ORIENTED_EDGE('',*,*,#3741,.T.);
#3773 = ORIENTED_EDGE('',*,*,#3169,.T.);
#3774 = ORIENTED_EDGE('',*,*,#3775,.F.);
#3775 = EDGE_CURVE('',#2841,#3170,#3776,.T.);
#3776 = LINE('',#3777,#3778);
#3777 = CARTESIAN_POINT('',(1.016,-8.89,0.));
#3778 = VECTOR('',#3779,1.);
#3779 = DIRECTION('',(0.,0.,1.));
#3780 = ORIENTED_EDGE('',*,*,#2840,.F.);
#3781 = PLANE('',#3782);
#3782 = AXIS2_PLACEMENT_3D('',#3783,#3784,#3785);
#3783 = CARTESIAN_POINT('',(-1.016,-8.89,0.));
#3784 = DIRECTION('',(0.,1.,0.));
#3785 = DIRECTION('',(1.,0.,0.));
#3786 = ADVANCED_FACE('',(#3787),#3793,.F.);
#3787 = FACE_BOUND('',#3788,.F.);
#3788 = EDGE_LOOP('',(#3789,#3790,#3791,#3792));
#3789 = ORIENTED_EDGE('',*,*,#3775,.T.);
#3790 = ORIENTED_EDGE('',*,*,#3177,.T.);
#3791 = ORIENTED_EDGE('',*,*,#3756,.F.);
#3792 = ORIENTED_EDGE('',*,*,#2848,.F.);
#3793 = PLANE('',#3794);
#3794 = AXIS2_PLACEMENT_3D('',#3795,#3796,#3797);
#3795 = CARTESIAN_POINT('',(1.016,-8.89,0.));
#3796 = DIRECTION('',(-0.707106781187,0.707106781187,0.));
#3797 = DIRECTION('',(0.707106781187,0.707106781187,0.));
#3798 = ADVANCED_FACE('',(#3799),#3824,.T.);
#3799 = FACE_BOUND('',#3800,.T.);
#3800 = EDGE_LOOP('',(#3801,#3809,#3817,#3823));
#3801 = ORIENTED_EDGE('',*,*,#3802,.F.);
#3802 = EDGE_CURVE('',#3803,#2946,#3805,.T.);
#3803 = VERTEX_POINT('',#3804);
#3804 = CARTESIAN_POINT('',(0.32,-4.76,-2.84));
#3805 = LINE('',#3806,#3807);
#3806 = CARTESIAN_POINT('',(0.32,-4.76,-3.));
#3807 = VECTOR('',#3808,1.);
#3808 = DIRECTION('',(0.,0.,1.));
#3809 = ORIENTED_EDGE('',*,*,#3810,.F.);
#3810 = EDGE_CURVE('',#3811,#3803,#3813,.T.);
#3811 = VERTEX_POINT('',#3812);
#3812 = CARTESIAN_POINT('',(-0.32,-4.76,-2.84));
#3813 = LINE('',#3814,#3815);
#3814 = CARTESIAN_POINT('',(-0.32,-4.76,-2.84));
#3815 = VECTOR('',#3816,1.);
#3816 = DIRECTION('',(1.,0.,0.));
#3817 = ORIENTED_EDGE('',*,*,#3818,.T.);
#3818 = EDGE_CURVE('',#3811,#2948,#3819,.T.);
#3819 = LINE('',#3820,#3821);
#3820 = CARTESIAN_POINT('',(-0.32,-4.76,-3.));
#3821 = VECTOR('',#3822,1.);
#3822 = DIRECTION('',(0.,0.,1.));
#3823 = ORIENTED_EDGE('',*,*,#2945,.F.);
#3824 = PLANE('',#3825);
#3825 = AXIS2_PLACEMENT_3D('',#3826,#3827,#3828);
#3826 = CARTESIAN_POINT('',(-0.32,-4.76,-3.));
#3827 = DIRECTION('',(0.,1.,0.));
#3828 = DIRECTION('',(0.,-0.,1.));
#3829 = ADVANCED_FACE('',(#3830),#3848,.F.);
#3830 = FACE_BOUND('',#3831,.F.);
#3831 = EDGE_LOOP('',(#3832,#3840,#3846,#3847));
#3832 = ORIENTED_EDGE('',*,*,#3833,.F.);
#3833 = EDGE_CURVE('',#3834,#2964,#3836,.T.);
#3834 = VERTEX_POINT('',#3835);
#3835 = CARTESIAN_POINT('',(-0.32,-5.4,-2.84));
#3836 = LINE('',#3837,#3838);
#3837 = CARTESIAN_POINT('',(-0.32,-5.4,-3.));
#3838 = VECTOR('',#3839,1.);
#3839 = DIRECTION('',(0.,0.,1.));
#3840 = ORIENTED_EDGE('',*,*,#3841,.T.);
#3841 = EDGE_CURVE('',#3834,#3811,#3842,.T.);
#3842 = LINE('',#3843,#3844);
#3843 = CARTESIAN_POINT('',(-0.32,-5.4,-2.84));
#3844 = VECTOR('',#3845,1.);
#3845 = DIRECTION('',(0.,1.,0.));
#3846 = ORIENTED_EDGE('',*,*,#3818,.T.);
#3847 = ORIENTED_EDGE('',*,*,#2971,.F.);
#3848 = PLANE('',#3849);
#3849 = AXIS2_PLACEMENT_3D('',#3850,#3851,#3852);
#3850 = CARTESIAN_POINT('',(-0.32,-5.4,-3.));
#3851 = DIRECTION('',(1.,0.,0.));
#3852 = DIRECTION('',(0.,0.,1.));
#3853 = ADVANCED_FACE('',(#3854),#3872,.F.);
#3854 = FACE_BOUND('',#3855,.F.);
#3855 = EDGE_LOOP('',(#3856,#3864,#3870,#3871));
#3856 = ORIENTED_EDGE('',*,*,#3857,.F.);
#3857 = EDGE_CURVE('',#3858,#2956,#3860,.T.);
#3858 = VERTEX_POINT('',#3859);
#3859 = CARTESIAN_POINT('',(0.32,-5.4,-2.84));
#3860 = LINE('',#3861,#3862);
#3861 = CARTESIAN_POINT('',(0.32,-5.4,-3.));
#3862 = VECTOR('',#3863,1.);
#3863 = DIRECTION('',(0.,0.,1.));
#3864 = ORIENTED_EDGE('',*,*,#3865,.F.);
#3865 = EDGE_CURVE('',#3834,#3858,#3866,.T.);
#3866 = LINE('',#3867,#3868);
#3867 = CARTESIAN_POINT('',(-0.32,-5.4,-2.84));
#3868 = VECTOR('',#3869,1.);
#3869 = DIRECTION('',(1.,0.,0.));
#3870 = ORIENTED_EDGE('',*,*,#3833,.T.);
#3871 = ORIENTED_EDGE('',*,*,#2963,.F.);
#3872 = PLANE('',#3873);
#3873 = AXIS2_PLACEMENT_3D('',#3874,#3875,#3876);
#3874 = CARTESIAN_POINT('',(-0.32,-5.4,-3.));
#3875 = DIRECTION('',(0.,1.,0.));
#3876 = DIRECTION('',(0.,-0.,1.));
#3877 = ADVANCED_FACE('',(#3878),#3889,.T.);
#3878 = FACE_BOUND('',#3879,.T.);
#3879 = EDGE_LOOP('',(#3880,#3881,#3887,#3888));
#3880 = ORIENTED_EDGE('',*,*,#3857,.F.);
#3881 = ORIENTED_EDGE('',*,*,#3882,.T.);
#3882 = EDGE_CURVE('',#3858,#3803,#3883,.T.);
#3883 = LINE('',#3884,#3885);
#3884 = CARTESIAN_POINT('',(0.32,-5.4,-2.84));
#3885 = VECTOR('',#3886,1.);
#3886 = DIRECTION('',(0.,1.,0.));
#3887 = ORIENTED_EDGE('',*,*,#3802,.T.);
#3888 = ORIENTED_EDGE('',*,*,#2955,.F.);
#3889 = PLANE('',#3890);
#3890 = AXIS2_PLACEMENT_3D('',#3891,#3892,#3893);
#3891 = CARTESIAN_POINT('',(0.32,-5.4,-3.));
#3892 = DIRECTION('',(1.,0.,0.));
#3893 = DIRECTION('',(0.,0.,1.));
#3894 = ADVANCED_FACE('',(#3895),#3920,.T.);
#3895 = FACE_BOUND('',#3896,.T.);
#3896 = EDGE_LOOP('',(#3897,#3905,#3913,#3919));
#3897 = ORIENTED_EDGE('',*,*,#3898,.F.);
#3898 = EDGE_CURVE('',#3899,#2980,#3901,.T.);
#3899 = VERTEX_POINT('',#3900);
#3900 = CARTESIAN_POINT('',(0.32,-7.94,-2.84));
#3901 = LINE('',#3902,#3903);
#3902 = CARTESIAN_POINT('',(0.32,-7.94,-3.));
#3903 = VECTOR('',#3904,1.);
#3904 = DIRECTION('',(0.,0.,1.));
#3905 = ORIENTED_EDGE('',*,*,#3906,.T.);
#3906 = EDGE_CURVE('',#3899,#3907,#3909,.T.);
#3907 = VERTEX_POINT('',#3908);
#3908 = CARTESIAN_POINT('',(0.32,-7.3,-2.84));
#3909 = LINE('',#3910,#3911);
#3910 = CARTESIAN_POINT('',(0.32,-7.94,-2.84));
#3911 = VECTOR('',#3912,1.);
#3912 = DIRECTION('',(0.,1.,0.));
#3913 = ORIENTED_EDGE('',*,*,#3914,.T.);
#3914 = EDGE_CURVE('',#3907,#2982,#3915,.T.);
#3915 = LINE('',#3916,#3917);
#3916 = CARTESIAN_POINT('',(0.32,-7.3,-3.));
#3917 = VECTOR('',#3918,1.);
#3918 = DIRECTION('',(0.,0.,1.));
#3919 = ORIENTED_EDGE('',*,*,#2979,.F.);
#3920 = PLANE('',#3921);
#3921 = AXIS2_PLACEMENT_3D('',#3922,#3923,#3924);
#3922 = CARTESIAN_POINT('',(0.32,-7.94,-3.));
#3923 = DIRECTION('',(1.,0.,0.));
#3924 = DIRECTION('',(0.,0.,1.));
#3925 = ADVANCED_FACE('',(#3926),#3944,.T.);
#3926 = FACE_BOUND('',#3927,.T.);
#3927 = EDGE_LOOP('',(#3928,#3929,#3937,#3943));
#3928 = ORIENTED_EDGE('',*,*,#3914,.F.);
#3929 = ORIENTED_EDGE('',*,*,#3930,.F.);
#3930 = EDGE_CURVE('',#3931,#3907,#3933,.T.);
#3931 = VERTEX_POINT('',#3932);
#3932 = CARTESIAN_POINT('',(-0.32,-7.3,-2.84));
#3933 = LINE('',#3934,#3935);
#3934 = CARTESIAN_POINT('',(-0.32,-7.3,-2.84));
#3935 = VECTOR('',#3936,1.);
#3936 = DIRECTION('',(1.,0.,0.));
#3937 = ORIENTED_EDGE('',*,*,#3938,.T.);
#3938 = EDGE_CURVE('',#3931,#2998,#3939,.T.);
#3939 = LINE('',#3940,#3941);
#3940 = CARTESIAN_POINT('',(-0.32,-7.3,-3.));
#3941 = VECTOR('',#3942,1.);
#3942 = DIRECTION('',(0.,0.,1.));
#3943 = ORIENTED_EDGE('',*,*,#3005,.F.);
#3944 = PLANE('',#3945);
#3945 = AXIS2_PLACEMENT_3D('',#3946,#3947,#3948);
#3946 = CARTESIAN_POINT('',(-0.32,-7.3,-3.));
#3947 = DIRECTION('',(0.,1.,0.));
#3948 = DIRECTION('',(0.,-0.,1.));
#3949 = ADVANCED_FACE('',(#3950),#3968,.F.);
#3950 = FACE_BOUND('',#3951,.F.);
#3951 = EDGE_LOOP('',(#3952,#3960,#3966,#3967));
#3952 = ORIENTED_EDGE('',*,*,#3953,.F.);
#3953 = EDGE_CURVE('',#3954,#2990,#3956,.T.);
#3954 = VERTEX_POINT('',#3955);
#3955 = CARTESIAN_POINT('',(-0.32,-7.94,-2.84));
#3956 = LINE('',#3957,#3958);
#3957 = CARTESIAN_POINT('',(-0.32,-7.94,-3.));
#3958 = VECTOR('',#3959,1.);
#3959 = DIRECTION('',(0.,0.,1.));
#3960 = ORIENTED_EDGE('',*,*,#3961,.T.);
#3961 = EDGE_CURVE('',#3954,#3931,#3962,.T.);
#3962 = LINE('',#3963,#3964);
#3963 = CARTESIAN_POINT('',(-0.32,-7.94,-2.84));
#3964 = VECTOR('',#3965,1.);
#3965 = DIRECTION('',(0.,1.,0.));
#3966 = ORIENTED_EDGE('',*,*,#3938,.T.);
#3967 = ORIENTED_EDGE('',*,*,#2997,.F.);
#3968 = PLANE('',#3969);
#3969 = AXIS2_PLACEMENT_3D('',#3970,#3971,#3972);
#3970 = CARTESIAN_POINT('',(-0.32,-7.94,-3.));
#3971 = DIRECTION('',(1.,0.,0.));
#3972 = DIRECTION('',(0.,0.,1.));
#3973 = ADVANCED_FACE('',(#3974),#3985,.F.);
#3974 = FACE_BOUND('',#3975,.F.);
#3975 = EDGE_LOOP('',(#3976,#3977,#3983,#3984));
#3976 = ORIENTED_EDGE('',*,*,#3898,.F.);
#3977 = ORIENTED_EDGE('',*,*,#3978,.F.);
#3978 = EDGE_CURVE('',#3954,#3899,#3979,.T.);
#3979 = LINE('',#3980,#3981);
#3980 = CARTESIAN_POINT('',(-0.32,-7.94,-2.84));
#3981 = VECTOR('',#3982,1.);
#3982 = DIRECTION('',(1.,0.,0.));
#3983 = ORIENTED_EDGE('',*,*,#3953,.T.);
#3984 = ORIENTED_EDGE('',*,*,#2989,.F.);
#3985 = PLANE('',#3986);
#3986 = AXIS2_PLACEMENT_3D('',#3987,#3988,#3989);
#3987 = CARTESIAN_POINT('',(-0.32,-7.94,-3.));
#3988 = DIRECTION('',(0.,1.,0.));
#3989 = DIRECTION('',(0.,-0.,1.));
#3990 = ADVANCED_FACE('',(#3991),#4016,.T.);
#3991 = FACE_BOUND('',#3992,.T.);
#3992 = EDGE_LOOP('',(#3993,#4001,#4009,#4015));
#3993 = ORIENTED_EDGE('',*,*,#3994,.F.);
#3994 = EDGE_CURVE('',#3995,#3014,#3997,.T.);
#3995 = VERTEX_POINT('',#3996);
#3996 = CARTESIAN_POINT('',(0.32,-0.32,-2.84));
#3997 = LINE('',#3998,#3999);
#3998 = CARTESIAN_POINT('',(0.32,-0.32,-3.));
#3999 = VECTOR('',#4000,1.);
#4000 = DIRECTION('',(0.,0.,1.));
#4001 = ORIENTED_EDGE('',*,*,#4002,.T.);
#4002 = EDGE_CURVE('',#3995,#4003,#4005,.T.);
#4003 = VERTEX_POINT('',#4004);
#4004 = CARTESIAN_POINT('',(0.32,0.32,-2.84));
#4005 = LINE('',#4006,#4007);
#4006 = CARTESIAN_POINT('',(0.32,-0.32,-2.84));
#4007 = VECTOR('',#4008,1.);
#4008 = DIRECTION('',(0.,1.,0.));
#4009 = ORIENTED_EDGE('',*,*,#4010,.T.);
#4010 = EDGE_CURVE('',#4003,#3016,#4011,.T.);
#4011 = LINE('',#4012,#4013);
#4012 = CARTESIAN_POINT('',(0.32,0.32,-3.));
#4013 = VECTOR('',#4014,1.);
#4014 = DIRECTION('',(0.,0.,1.));
#4015 = ORIENTED_EDGE('',*,*,#3013,.F.);
#4016 = PLANE('',#4017);
#4017 = AXIS2_PLACEMENT_3D('',#4018,#4019,#4020);
#4018 = CARTESIAN_POINT('',(0.32,-0.32,-3.));
#4019 = DIRECTION('',(1.,0.,0.));
#4020 = DIRECTION('',(0.,0.,1.));
#4021 = ADVANCED_FACE('',(#4022),#4040,.T.);
#4022 = FACE_BOUND('',#4023,.T.);
#4023 = EDGE_LOOP('',(#4024,#4025,#4033,#4039));
#4024 = ORIENTED_EDGE('',*,*,#4010,.F.);
#4025 = ORIENTED_EDGE('',*,*,#4026,.F.);
#4026 = EDGE_CURVE('',#4027,#4003,#4029,.T.);
#4027 = VERTEX_POINT('',#4028);
#4028 = CARTESIAN_POINT('',(-0.32,0.32,-2.84));
#4029 = LINE('',#4030,#4031);
#4030 = CARTESIAN_POINT('',(-0.32,0.32,-2.84));
#4031 = VECTOR('',#4032,1.);
#4032 = DIRECTION('',(1.,0.,0.));
#4033 = ORIENTED_EDGE('',*,*,#4034,.T.);
#4034 = EDGE_CURVE('',#4027,#3032,#4035,.T.);
#4035 = LINE('',#4036,#4037);
#4036 = CARTESIAN_POINT('',(-0.32,0.32,-3.));
#4037 = VECTOR('',#4038,1.);
#4038 = DIRECTION('',(0.,0.,1.));
#4039 = ORIENTED_EDGE('',*,*,#3039,.F.);
#4040 = PLANE('',#4041);
#4041 = AXIS2_PLACEMENT_3D('',#4042,#4043,#4044);
#4042 = CARTESIAN_POINT('',(-0.32,0.32,-3.));
#4043 = DIRECTION('',(0.,1.,0.));
#4044 = DIRECTION('',(0.,-0.,1.));
#4045 = ADVANCED_FACE('',(#4046),#4064,.F.);
#4046 = FACE_BOUND('',#4047,.F.);
#4047 = EDGE_LOOP('',(#4048,#4056,#4062,#4063));
#4048 = ORIENTED_EDGE('',*,*,#4049,.F.);
#4049 = EDGE_CURVE('',#4050,#3024,#4052,.T.);
#4050 = VERTEX_POINT('',#4051);
#4051 = CARTESIAN_POINT('',(-0.32,-0.32,-2.84));
#4052 = LINE('',#4053,#4054);
#4053 = CARTESIAN_POINT('',(-0.32,-0.32,-3.));
#4054 = VECTOR('',#4055,1.);
#4055 = DIRECTION('',(0.,0.,1.));
#4056 = ORIENTED_EDGE('',*,*,#4057,.T.);
#4057 = EDGE_CURVE('',#4050,#4027,#4058,.T.);
#4058 = LINE('',#4059,#4060);
#4059 = CARTESIAN_POINT('',(-0.32,-0.32,-2.84));
#4060 = VECTOR('',#4061,1.);
#4061 = DIRECTION('',(0.,1.,0.));
#4062 = ORIENTED_EDGE('',*,*,#4034,.T.);
#4063 = ORIENTED_EDGE('',*,*,#3031,.F.);
#4064 = PLANE('',#4065);
#4065 = AXIS2_PLACEMENT_3D('',#4066,#4067,#4068);
#4066 = CARTESIAN_POINT('',(-0.32,-0.32,-3.));
#4067 = DIRECTION('',(1.,0.,0.));
#4068 = DIRECTION('',(0.,0.,1.));
#4069 = ADVANCED_FACE('',(#4070),#4081,.F.);
#4070 = FACE_BOUND('',#4071,.F.);
#4071 = EDGE_LOOP('',(#4072,#4073,#4079,#4080));
#4072 = ORIENTED_EDGE('',*,*,#3994,.F.);
#4073 = ORIENTED_EDGE('',*,*,#4074,.F.);
#4074 = EDGE_CURVE('',#4050,#3995,#4075,.T.);
#4075 = LINE('',#4076,#4077);
#4076 = CARTESIAN_POINT('',(-0.32,-0.32,-2.84));
#4077 = VECTOR('',#4078,1.);
#4078 = DIRECTION('',(1.,0.,0.));
#4079 = ORIENTED_EDGE('',*,*,#4049,.T.);
#4080 = ORIENTED_EDGE('',*,*,#3023,.F.);
#4081 = PLANE('',#4082);
#4082 = AXIS2_PLACEMENT_3D('',#4083,#4084,#4085);
#4083 = CARTESIAN_POINT('',(-0.32,-0.32,-3.));
#4084 = DIRECTION('',(0.,1.,0.));
#4085 = DIRECTION('',(0.,-0.,1.));
#4086 = ADVANCED_FACE('',(#4087),#4112,.T.);
#4087 = FACE_BOUND('',#4088,.T.);
#4088 = EDGE_LOOP('',(#4089,#4097,#4105,#4111));
#4089 = ORIENTED_EDGE('',*,*,#4090,.F.);
#4090 = EDGE_CURVE('',#4091,#3048,#4093,.T.);
#4091 = VERTEX_POINT('',#4092);
#4092 = CARTESIAN_POINT('',(0.32,-2.22,-2.84));
#4093 = LINE('',#4094,#4095);
#4094 = CARTESIAN_POINT('',(0.32,-2.22,-3.));
#4095 = VECTOR('',#4096,1.);
#4096 = DIRECTION('',(0.,0.,1.));
#4097 = ORIENTED_EDGE('',*,*,#4098,.F.);
#4098 = EDGE_CURVE('',#4099,#4091,#4101,.T.);
#4099 = VERTEX_POINT('',#4100);
#4100 = CARTESIAN_POINT('',(-0.32,-2.22,-2.84));
#4101 = LINE('',#4102,#4103);
#4102 = CARTESIAN_POINT('',(-0.32,-2.22,-2.84));
#4103 = VECTOR('',#4104,1.);
#4104 = DIRECTION('',(1.,0.,0.));
#4105 = ORIENTED_EDGE('',*,*,#4106,.T.);
#4106 = EDGE_CURVE('',#4099,#3050,#4107,.T.);
#4107 = LINE('',#4108,#4109);
#4108 = CARTESIAN_POINT('',(-0.32,-2.22,-3.));
#4109 = VECTOR('',#4110,1.);
#4110 = DIRECTION('',(0.,0.,1.));
#4111 = ORIENTED_EDGE('',*,*,#3047,.F.);
#4112 = PLANE('',#4113);
#4113 = AXIS2_PLACEMENT_3D('',#4114,#4115,#4116);
#4114 = CARTESIAN_POINT('',(-0.32,-2.22,-3.));
#4115 = DIRECTION('',(0.,1.,0.));
#4116 = DIRECTION('',(0.,-0.,1.));
#4117 = ADVANCED_FACE('',(#4118),#4136,.F.);
#4118 = FACE_BOUND('',#4119,.F.);
#4119 = EDGE_LOOP('',(#4120,#4128,#4134,#4135));
#4120 = ORIENTED_EDGE('',*,*,#4121,.F.);
#4121 = EDGE_CURVE('',#4122,#3066,#4124,.T.);
#4122 = VERTEX_POINT('',#4123);
#4123 = CARTESIAN_POINT('',(-0.32,-2.86,-2.84));
#4124 = LINE('',#4125,#4126);
#4125 = CARTESIAN_POINT('',(-0.32,-2.86,-3.));
#4126 = VECTOR('',#4127,1.);
#4127 = DIRECTION('',(0.,0.,1.));
#4128 = ORIENTED_EDGE('',*,*,#4129,.T.);
#4129 = EDGE_CURVE('',#4122,#4099,#4130,.T.);
#4130 = LINE('',#4131,#4132);
#4131 = CARTESIAN_POINT('',(-0.32,-2.86,-2.84));
#4132 = VECTOR('',#4133,1.);
#4133 = DIRECTION('',(0.,1.,0.));
#4134 = ORIENTED_EDGE('',*,*,#4106,.T.);
#4135 = ORIENTED_EDGE('',*,*,#3073,.F.);
#4136 = PLANE('',#4137);
#4137 = AXIS2_PLACEMENT_3D('',#4138,#4139,#4140);
#4138 = CARTESIAN_POINT('',(-0.32,-2.86,-3.));
#4139 = DIRECTION('',(1.,0.,0.));
#4140 = DIRECTION('',(0.,0.,1.));
#4141 = ADVANCED_FACE('',(#4142),#4160,.F.);
#4142 = FACE_BOUND('',#4143,.F.);
#4143 = EDGE_LOOP('',(#4144,#4152,#4158,#4159));
#4144 = ORIENTED_EDGE('',*,*,#4145,.F.);
#4145 = EDGE_CURVE('',#4146,#3058,#4148,.T.);
#4146 = VERTEX_POINT('',#4147);
#4147 = CARTESIAN_POINT('',(0.32,-2.86,-2.84));
#4148 = LINE('',#4149,#4150);
#4149 = CARTESIAN_POINT('',(0.32,-2.86,-3.));
#4150 = VECTOR('',#4151,1.);
#4151 = DIRECTION('',(0.,0.,1.));
#4152 = ORIENTED_EDGE('',*,*,#4153,.F.);
#4153 = EDGE_CURVE('',#4122,#4146,#4154,.T.);
#4154 = LINE('',#4155,#4156);
#4155 = CARTESIAN_POINT('',(-0.32,-2.86,-2.84));
#4156 = VECTOR('',#4157,1.);
#4157 = DIRECTION('',(1.,0.,0.));
#4158 = ORIENTED_EDGE('',*,*,#4121,.T.);
#4159 = ORIENTED_EDGE('',*,*,#3065,.F.);
#4160 = PLANE('',#4161);
#4161 = AXIS2_PLACEMENT_3D('',#4162,#4163,#4164);
#4162 = CARTESIAN_POINT('',(-0.32,-2.86,-3.));
#4163 = DIRECTION('',(0.,1.,0.));
#4164 = DIRECTION('',(0.,-0.,1.));
#4165 = ADVANCED_FACE('',(#4166),#4177,.T.);
#4166 = FACE_BOUND('',#4167,.T.);
#4167 = EDGE_LOOP('',(#4168,#4169,#4175,#4176));
#4168 = ORIENTED_EDGE('',*,*,#4145,.F.);
#4169 = ORIENTED_EDGE('',*,*,#4170,.T.);
#4170 = EDGE_CURVE('',#4146,#4091,#4171,.T.);
#4171 = LINE('',#4172,#4173);
#4172 = CARTESIAN_POINT('',(0.32,-2.86,-2.84));
#4173 = VECTOR('',#4174,1.);
#4174 = DIRECTION('',(0.,1.,0.));
#4175 = ORIENTED_EDGE('',*,*,#4090,.T.);
#4176 = ORIENTED_EDGE('',*,*,#3057,.F.);
#4177 = PLANE('',#4178);
#4178 = AXIS2_PLACEMENT_3D('',#4179,#4180,#4181);
#4179 = CARTESIAN_POINT('',(0.32,-2.86,-3.));
#4180 = DIRECTION('',(1.,0.,0.));
#4181 = DIRECTION('',(0.,0.,1.));
#4182 = ADVANCED_FACE('',(#4183),#4208,.T.);
#4183 = FACE_BOUND('',#4184,.T.);
#4184 = EDGE_LOOP('',(#4185,#4193,#4194,#4202));
#4185 = ORIENTED_EDGE('',*,*,#4186,.F.);
#4186 = EDGE_CURVE('',#3275,#4187,#4189,.T.);
#4187 = VERTEX_POINT('',#4188);
#4188 = CARTESIAN_POINT('',(0.32,-4.76,8.38));
#4189 = LINE('',#4190,#4191);
#4190 = CARTESIAN_POINT('',(0.32,-4.76,-3.));
#4191 = VECTOR('',#4192,1.);
#4192 = DIRECTION('',(0.,0.,1.));
#4193 = ORIENTED_EDGE('',*,*,#3274,.T.);
#4194 = ORIENTED_EDGE('',*,*,#4195,.T.);
#4195 = EDGE_CURVE('',#3277,#4196,#4198,.T.);
#4196 = VERTEX_POINT('',#4197);
#4197 = CARTESIAN_POINT('',(-0.32,-4.76,8.38));
#4198 = LINE('',#4199,#4200);
#4199 = CARTESIAN_POINT('',(-0.32,-4.76,-3.));
#4200 = VECTOR('',#4201,1.);
#4201 = DIRECTION('',(0.,0.,1.));
#4202 = ORIENTED_EDGE('',*,*,#4203,.T.);
#4203 = EDGE_CURVE('',#4196,#4187,#4204,.T.);
#4204 = LINE('',#4205,#4206);
#4205 = CARTESIAN_POINT('',(-0.32,-4.76,8.38));
#4206 = VECTOR('',#4207,1.);
#4207 = DIRECTION('',(1.,0.,0.));
#4208 = PLANE('',#4209);
#4209 = AXIS2_PLACEMENT_3D('',#4210,#4211,#4212);
#4210 = CARTESIAN_POINT('',(-0.32,-4.76,-3.));
#4211 = DIRECTION('',(0.,1.,0.));
#4212 = DIRECTION('',(0.,-0.,1.));
#4213 = ADVANCED_FACE('',(#4214),#4232,.F.);
#4214 = FACE_BOUND('',#4215,.F.);
#4215 = EDGE_LOOP('',(#4216,#4224,#4225,#4226));
#4216 = ORIENTED_EDGE('',*,*,#4217,.F.);
#4217 = EDGE_CURVE('',#3293,#4218,#4220,.T.);
#4218 = VERTEX_POINT('',#4219);
#4219 = CARTESIAN_POINT('',(-0.32,-5.4,8.38));
#4220 = LINE('',#4221,#4222);
#4221 = CARTESIAN_POINT('',(-0.32,-5.4,-3.));
#4222 = VECTOR('',#4223,1.);
#4223 = DIRECTION('',(0.,0.,1.));
#4224 = ORIENTED_EDGE('',*,*,#3300,.T.);
#4225 = ORIENTED_EDGE('',*,*,#4195,.T.);
#4226 = ORIENTED_EDGE('',*,*,#4227,.F.);
#4227 = EDGE_CURVE('',#4218,#4196,#4228,.T.);
#4228 = LINE('',#4229,#4230);
#4229 = CARTESIAN_POINT('',(-0.32,-5.4,8.38));
#4230 = VECTOR('',#4231,1.);
#4231 = DIRECTION('',(0.,1.,0.));
#4232 = PLANE('',#4233);
#4233 = AXIS2_PLACEMENT_3D('',#4234,#4235,#4236);
#4234 = CARTESIAN_POINT('',(-0.32,-5.4,-3.));
#4235 = DIRECTION('',(1.,0.,0.));
#4236 = DIRECTION('',(0.,0.,1.));
#4237 = ADVANCED_FACE('',(#4238),#4256,.F.);
#4238 = FACE_BOUND('',#4239,.F.);
#4239 = EDGE_LOOP('',(#4240,#4248,#4249,#4250));
#4240 = ORIENTED_EDGE('',*,*,#4241,.F.);
#4241 = EDGE_CURVE('',#3285,#4242,#4244,.T.);
#4242 = VERTEX_POINT('',#4243);
#4243 = CARTESIAN_POINT('',(0.32,-5.4,8.38));
#4244 = LINE('',#4245,#4246);
#4245 = CARTESIAN_POINT('',(0.32,-5.4,-3.));
#4246 = VECTOR('',#4247,1.);
#4247 = DIRECTION('',(0.,0.,1.));
#4248 = ORIENTED_EDGE('',*,*,#3292,.T.);
#4249 = ORIENTED_EDGE('',*,*,#4217,.T.);
#4250 = ORIENTED_EDGE('',*,*,#4251,.T.);
#4251 = EDGE_CURVE('',#4218,#4242,#4252,.T.);
#4252 = LINE('',#4253,#4254);
#4253 = CARTESIAN_POINT('',(-0.32,-5.4,8.38));
#4254 = VECTOR('',#4255,1.);
#4255 = DIRECTION('',(1.,0.,0.));
#4256 = PLANE('',#4257);
#4257 = AXIS2_PLACEMENT_3D('',#4258,#4259,#4260);
#4258 = CARTESIAN_POINT('',(-0.32,-5.4,-3.));
#4259 = DIRECTION('',(0.,1.,0.));
#4260 = DIRECTION('',(0.,-0.,1.));
#4261 = ADVANCED_FACE('',(#4262),#4273,.T.);
#4262 = FACE_BOUND('',#4263,.T.);
#4263 = EDGE_LOOP('',(#4264,#4265,#4266,#4267));
#4264 = ORIENTED_EDGE('',*,*,#4241,.F.);
#4265 = ORIENTED_EDGE('',*,*,#3284,.T.);
#4266 = ORIENTED_EDGE('',*,*,#4186,.T.);
#4267 = ORIENTED_EDGE('',*,*,#4268,.F.);
#4268 = EDGE_CURVE('',#4242,#4187,#4269,.T.);
#4269 = LINE('',#4270,#4271);
#4270 = CARTESIAN_POINT('',(0.32,-5.4,8.38));
#4271 = VECTOR('',#4272,1.);
#4272 = DIRECTION('',(0.,1.,0.));
#4273 = PLANE('',#4274);
#4274 = AXIS2_PLACEMENT_3D('',#4275,#4276,#4277);
#4275 = CARTESIAN_POINT('',(0.32,-5.4,-3.));
#4276 = DIRECTION('',(1.,0.,0.));
#4277 = DIRECTION('',(0.,0.,1.));
#4278 = ADVANCED_FACE('',(#4279),#4304,.T.);
#4279 = FACE_BOUND('',#4280,.T.);
#4280 = EDGE_LOOP('',(#4281,#4289,#4290,#4298));
#4281 = ORIENTED_EDGE('',*,*,#4282,.F.);
#4282 = EDGE_CURVE('',#3309,#4283,#4285,.T.);
#4283 = VERTEX_POINT('',#4284);
#4284 = CARTESIAN_POINT('',(0.32,-7.94,8.38));
#4285 = LINE('',#4286,#4287);
#4286 = CARTESIAN_POINT('',(0.32,-7.94,-3.));
#4287 = VECTOR('',#4288,1.);
#4288 = DIRECTION('',(0.,0.,1.));
#4289 = ORIENTED_EDGE('',*,*,#3308,.T.);
#4290 = ORIENTED_EDGE('',*,*,#4291,.T.);
#4291 = EDGE_CURVE('',#3311,#4292,#4294,.T.);
#4292 = VERTEX_POINT('',#4293);
#4293 = CARTESIAN_POINT('',(0.32,-7.3,8.38));
#4294 = LINE('',#4295,#4296);
#4295 = CARTESIAN_POINT('',(0.32,-7.3,-3.));
#4296 = VECTOR('',#4297,1.);
#4297 = DIRECTION('',(0.,0.,1.));
#4298 = ORIENTED_EDGE('',*,*,#4299,.F.);
#4299 = EDGE_CURVE('',#4283,#4292,#4300,.T.);
#4300 = LINE('',#4301,#4302);
#4301 = CARTESIAN_POINT('',(0.32,-7.94,8.38));
#4302 = VECTOR('',#4303,1.);
#4303 = DIRECTION('',(0.,1.,0.));
#4304 = PLANE('',#4305);
#4305 = AXIS2_PLACEMENT_3D('',#4306,#4307,#4308);
#4306 = CARTESIAN_POINT('',(0.32,-7.94,-3.));
#4307 = DIRECTION('',(1.,0.,0.));
#4308 = DIRECTION('',(0.,0.,1.));
#4309 = ADVANCED_FACE('',(#4310),#4328,.T.);
#4310 = FACE_BOUND('',#4311,.T.);
#4311 = EDGE_LOOP('',(#4312,#4313,#4314,#4322));
#4312 = ORIENTED_EDGE('',*,*,#4291,.F.);
#4313 = ORIENTED_EDGE('',*,*,#3334,.T.);
#4314 = ORIENTED_EDGE('',*,*,#4315,.T.);
#4315 = EDGE_CURVE('',#3327,#4316,#4318,.T.);
#4316 = VERTEX_POINT('',#4317);
#4317 = CARTESIAN_POINT('',(-0.32,-7.3,8.38));
#4318 = LINE('',#4319,#4320);
#4319 = CARTESIAN_POINT('',(-0.32,-7.3,-3.));
#4320 = VECTOR('',#4321,1.);
#4321 = DIRECTION('',(0.,0.,1.));
#4322 = ORIENTED_EDGE('',*,*,#4323,.T.);
#4323 = EDGE_CURVE('',#4316,#4292,#4324,.T.);
#4324 = LINE('',#4325,#4326);
#4325 = CARTESIAN_POINT('',(-0.32,-7.3,8.38));
#4326 = VECTOR('',#4327,1.);
#4327 = DIRECTION('',(1.,0.,0.));
#4328 = PLANE('',#4329);
#4329 = AXIS2_PLACEMENT_3D('',#4330,#4331,#4332);
#4330 = CARTESIAN_POINT('',(-0.32,-7.3,-3.));
#4331 = DIRECTION('',(0.,1.,0.));
#4332 = DIRECTION('',(0.,-0.,1.));
#4333 = ADVANCED_FACE('',(#4334),#4352,.F.);
#4334 = FACE_BOUND('',#4335,.F.);
#4335 = EDGE_LOOP('',(#4336,#4344,#4345,#4346));
#4336 = ORIENTED_EDGE('',*,*,#4337,.F.);
#4337 = EDGE_CURVE('',#3319,#4338,#4340,.T.);
#4338 = VERTEX_POINT('',#4339);
#4339 = CARTESIAN_POINT('',(-0.32,-7.94,8.38));
#4340 = LINE('',#4341,#4342);
#4341 = CARTESIAN_POINT('',(-0.32,-7.94,-3.));
#4342 = VECTOR('',#4343,1.);
#4343 = DIRECTION('',(0.,0.,1.));
#4344 = ORIENTED_EDGE('',*,*,#3326,.T.);
#4345 = ORIENTED_EDGE('',*,*,#4315,.T.);
#4346 = ORIENTED_EDGE('',*,*,#4347,.F.);
#4347 = EDGE_CURVE('',#4338,#4316,#4348,.T.);
#4348 = LINE('',#4349,#4350);
#4349 = CARTESIAN_POINT('',(-0.32,-7.94,8.38));
#4350 = VECTOR('',#4351,1.);
#4351 = DIRECTION('',(0.,1.,0.));
#4352 = PLANE('',#4353);
#4353 = AXIS2_PLACEMENT_3D('',#4354,#4355,#4356);
#4354 = CARTESIAN_POINT('',(-0.32,-7.94,-3.));
#4355 = DIRECTION('',(1.,0.,0.));
#4356 = DIRECTION('',(0.,0.,1.));
#4357 = ADVANCED_FACE('',(#4358),#4369,.F.);
#4358 = FACE_BOUND('',#4359,.F.);
#4359 = EDGE_LOOP('',(#4360,#4361,#4362,#4363));
#4360 = ORIENTED_EDGE('',*,*,#4282,.F.);
#4361 = ORIENTED_EDGE('',*,*,#3318,.T.);
#4362 = ORIENTED_EDGE('',*,*,#4337,.T.);
#4363 = ORIENTED_EDGE('',*,*,#4364,.T.);
#4364 = EDGE_CURVE('',#4338,#4283,#4365,.T.);
#4365 = LINE('',#4366,#4367);
#4366 = CARTESIAN_POINT('',(-0.32,-7.94,8.38));
#4367 = VECTOR('',#4368,1.);
#4368 = DIRECTION('',(1.,0.,0.));
#4369 = PLANE('',#4370);
#4370 = AXIS2_PLACEMENT_3D('',#4371,#4372,#4373);
#4371 = CARTESIAN_POINT('',(-0.32,-7.94,-3.));
#4372 = DIRECTION('',(0.,1.,0.));
#4373 = DIRECTION('',(0.,-0.,1.));
#4374 = ADVANCED_FACE('',(#4375),#4400,.T.);
#4375 = FACE_BOUND('',#4376,.T.);
#4376 = EDGE_LOOP('',(#4377,#4385,#4386,#4394));
#4377 = ORIENTED_EDGE('',*,*,#4378,.F.);
#4378 = EDGE_CURVE('',#3343,#4379,#4381,.T.);
#4379 = VERTEX_POINT('',#4380);
#4380 = CARTESIAN_POINT('',(0.32,-0.32,8.38));
#4381 = LINE('',#4382,#4383);
#4382 = CARTESIAN_POINT('',(0.32,-0.32,-3.));
#4383 = VECTOR('',#4384,1.);
#4384 = DIRECTION('',(0.,0.,1.));
#4385 = ORIENTED_EDGE('',*,*,#3342,.T.);
#4386 = ORIENTED_EDGE('',*,*,#4387,.T.);
#4387 = EDGE_CURVE('',#3345,#4388,#4390,.T.);
#4388 = VERTEX_POINT('',#4389);
#4389 = CARTESIAN_POINT('',(0.32,0.32,8.38));
#4390 = LINE('',#4391,#4392);
#4391 = CARTESIAN_POINT('',(0.32,0.32,-3.));
#4392 = VECTOR('',#4393,1.);
#4393 = DIRECTION('',(0.,0.,1.));
#4394 = ORIENTED_EDGE('',*,*,#4395,.F.);
#4395 = EDGE_CURVE('',#4379,#4388,#4396,.T.);
#4396 = LINE('',#4397,#4398);
#4397 = CARTESIAN_POINT('',(0.32,-0.32,8.38));
#4398 = VECTOR('',#4399,1.);
#4399 = DIRECTION('',(0.,1.,0.));
#4400 = PLANE('',#4401);
#4401 = AXIS2_PLACEMENT_3D('',#4402,#4403,#4404);
#4402 = CARTESIAN_POINT('',(0.32,-0.32,-3.));
#4403 = DIRECTION('',(1.,0.,0.));
#4404 = DIRECTION('',(0.,0.,1.));
#4405 = ADVANCED_FACE('',(#4406),#4424,.T.);
#4406 = FACE_BOUND('',#4407,.T.);
#4407 = EDGE_LOOP('',(#4408,#4409,#4410,#4418));
#4408 = ORIENTED_EDGE('',*,*,#4387,.F.);
#4409 = ORIENTED_EDGE('',*,*,#3368,.T.);
#4410 = ORIENTED_EDGE('',*,*,#4411,.T.);
#4411 = EDGE_CURVE('',#3361,#4412,#4414,.T.);
#4412 = VERTEX_POINT('',#4413);
#4413 = CARTESIAN_POINT('',(-0.32,0.32,8.38));
#4414 = LINE('',#4415,#4416);
#4415 = CARTESIAN_POINT('',(-0.32,0.32,-3.));
#4416 = VECTOR('',#4417,1.);
#4417 = DIRECTION('',(0.,0.,1.));
#4418 = ORIENTED_EDGE('',*,*,#4419,.T.);
#4419 = EDGE_CURVE('',#4412,#4388,#4420,.T.);
#4420 = LINE('',#4421,#4422);
#4421 = CARTESIAN_POINT('',(-0.32,0.32,8.38));
#4422 = VECTOR('',#4423,1.);
#4423 = DIRECTION('',(1.,0.,0.));
#4424 = PLANE('',#4425);
#4425 = AXIS2_PLACEMENT_3D('',#4426,#4427,#4428);
#4426 = CARTESIAN_POINT('',(-0.32,0.32,-3.));
#4427 = DIRECTION('',(0.,1.,0.));
#4428 = DIRECTION('',(0.,-0.,1.));
#4429 = ADVANCED_FACE('',(#4430),#4448,.F.);
#4430 = FACE_BOUND('',#4431,.F.);
#4431 = EDGE_LOOP('',(#4432,#4440,#4441,#4442));
#4432 = ORIENTED_EDGE('',*,*,#4433,.F.);
#4433 = EDGE_CURVE('',#3353,#4434,#4436,.T.);
#4434 = VERTEX_POINT('',#4435);
#4435 = CARTESIAN_POINT('',(-0.32,-0.32,8.38));
#4436 = LINE('',#4437,#4438);
#4437 = CARTESIAN_POINT('',(-0.32,-0.32,-3.));
#4438 = VECTOR('',#4439,1.);
#4439 = DIRECTION('',(0.,0.,1.));
#4440 = ORIENTED_EDGE('',*,*,#3360,.T.);
#4441 = ORIENTED_EDGE('',*,*,#4411,.T.);
#4442 = ORIENTED_EDGE('',*,*,#4443,.F.);
#4443 = EDGE_CURVE('',#4434,#4412,#4444,.T.);
#4444 = LINE('',#4445,#4446);
#4445 = CARTESIAN_POINT('',(-0.32,-0.32,8.38));
#4446 = VECTOR('',#4447,1.);
#4447 = DIRECTION('',(0.,1.,0.));
#4448 = PLANE('',#4449);
#4449 = AXIS2_PLACEMENT_3D('',#4450,#4451,#4452);
#4450 = CARTESIAN_POINT('',(-0.32,-0.32,-3.));
#4451 = DIRECTION('',(1.,0.,0.));
#4452 = DIRECTION('',(0.,0.,1.));
#4453 = ADVANCED_FACE('',(#4454),#4465,.F.);
#4454 = FACE_BOUND('',#4455,.F.);
#4455 = EDGE_LOOP('',(#4456,#4457,#4458,#4459));
#4456 = ORIENTED_EDGE('',*,*,#4378,.F.);
#4457 = ORIENTED_EDGE('',*,*,#3352,.T.);
#4458 = ORIENTED_EDGE('',*,*,#4433,.T.);
#4459 = ORIENTED_EDGE('',*,*,#4460,.T.);
#4460 = EDGE_CURVE('',#4434,#4379,#4461,.T.);
#4461 = LINE('',#4462,#4463);
#4462 = CARTESIAN_POINT('',(-0.32,-0.32,8.38));
#4463 = VECTOR('',#4464,1.);
#4464 = DIRECTION('',(1.,0.,0.));
#4465 = PLANE('',#4466);
#4466 = AXIS2_PLACEMENT_3D('',#4467,#4468,#4469);
#4467 = CARTESIAN_POINT('',(-0.32,-0.32,-3.));
#4468 = DIRECTION('',(0.,1.,0.));
#4469 = DIRECTION('',(0.,-0.,1.));
#4470 = ADVANCED_FACE('',(#4471),#4496,.T.);
#4471 = FACE_BOUND('',#4472,.T.);
#4472 = EDGE_LOOP('',(#4473,#4481,#4482,#4490));
#4473 = ORIENTED_EDGE('',*,*,#4474,.F.);
#4474 = EDGE_CURVE('',#3377,#4475,#4477,.T.);
#4475 = VERTEX_POINT('',#4476);
#4476 = CARTESIAN_POINT('',(0.32,-2.22,8.38));
#4477 = LINE('',#4478,#4479);
#4478 = CARTESIAN_POINT('',(0.32,-2.22,-3.));
#4479 = VECTOR('',#4480,1.);
#4480 = DIRECTION('',(0.,0.,1.));
#4481 = ORIENTED_EDGE('',*,*,#3376,.T.);
#4482 = ORIENTED_EDGE('',*,*,#4483,.T.);
#4483 = EDGE_CURVE('',#3379,#4484,#4486,.T.);
#4484 = VERTEX_POINT('',#4485);
#4485 = CARTESIAN_POINT('',(-0.32,-2.22,8.38));
#4486 = LINE('',#4487,#4488);
#4487 = CARTESIAN_POINT('',(-0.32,-2.22,-3.));
#4488 = VECTOR('',#4489,1.);
#4489 = DIRECTION('',(0.,0.,1.));
#4490 = ORIENTED_EDGE('',*,*,#4491,.T.);
#4491 = EDGE_CURVE('',#4484,#4475,#4492,.T.);
#4492 = LINE('',#4493,#4494);
#4493 = CARTESIAN_POINT('',(-0.32,-2.22,8.38));
#4494 = VECTOR('',#4495,1.);
#4495 = DIRECTION('',(1.,0.,0.));
#4496 = PLANE('',#4497);
#4497 = AXIS2_PLACEMENT_3D('',#4498,#4499,#4500);
#4498 = CARTESIAN_POINT('',(-0.32,-2.22,-3.));
#4499 = DIRECTION('',(0.,1.,0.));
#4500 = DIRECTION('',(0.,-0.,1.));
#4501 = ADVANCED_FACE('',(#4502),#4520,.F.);
#4502 = FACE_BOUND('',#4503,.F.);
#4503 = EDGE_LOOP('',(#4504,#4512,#4513,#4514));
#4504 = ORIENTED_EDGE('',*,*,#4505,.F.);
#4505 = EDGE_CURVE('',#3395,#4506,#4508,.T.);
#4506 = VERTEX_POINT('',#4507);
#4507 = CARTESIAN_POINT('',(-0.32,-2.86,8.38));
#4508 = LINE('',#4509,#4510);
#4509 = CARTESIAN_POINT('',(-0.32,-2.86,-3.));
#4510 = VECTOR('',#4511,1.);
#4511 = DIRECTION('',(0.,0.,1.));
#4512 = ORIENTED_EDGE('',*,*,#3402,.T.);
#4513 = ORIENTED_EDGE('',*,*,#4483,.T.);
#4514 = ORIENTED_EDGE('',*,*,#4515,.F.);
#4515 = EDGE_CURVE('',#4506,#4484,#4516,.T.);
#4516 = LINE('',#4517,#4518);
#4517 = CARTESIAN_POINT('',(-0.32,-2.86,8.38));
#4518 = VECTOR('',#4519,1.);
#4519 = DIRECTION('',(0.,1.,0.));
#4520 = PLANE('',#4521);
#4521 = AXIS2_PLACEMENT_3D('',#4522,#4523,#4524);
#4522 = CARTESIAN_POINT('',(-0.32,-2.86,-3.));
#4523 = DIRECTION('',(1.,0.,0.));
#4524 = DIRECTION('',(0.,0.,1.));
#4525 = ADVANCED_FACE('',(#4526),#4544,.F.);
#4526 = FACE_BOUND('',#4527,.F.);
#4527 = EDGE_LOOP('',(#4528,#4536,#4537,#4538));
#4528 = ORIENTED_EDGE('',*,*,#4529,.F.);
#4529 = EDGE_CURVE('',#3387,#4530,#4532,.T.);
#4530 = VERTEX_POINT('',#4531);
#4531 = CARTESIAN_POINT('',(0.32,-2.86,8.38));
#4532 = LINE('',#4533,#4534);
#4533 = CARTESIAN_POINT('',(0.32,-2.86,-3.));
#4534 = VECTOR('',#4535,1.);
#4535 = DIRECTION('',(0.,0.,1.));
#4536 = ORIENTED_EDGE('',*,*,#3394,.T.);
#4537 = ORIENTED_EDGE('',*,*,#4505,.T.);
#4538 = ORIENTED_EDGE('',*,*,#4539,.T.);
#4539 = EDGE_CURVE('',#4506,#4530,#4540,.T.);
#4540 = LINE('',#4541,#4542);
#4541 = CARTESIAN_POINT('',(-0.32,-2.86,8.38));
#4542 = VECTOR('',#4543,1.);
#4543 = DIRECTION('',(1.,0.,0.));
#4544 = PLANE('',#4545);
#4545 = AXIS2_PLACEMENT_3D('',#4546,#4547,#4548);
#4546 = CARTESIAN_POINT('',(-0.32,-2.86,-3.));
#4547 = DIRECTION('',(0.,1.,0.));
#4548 = DIRECTION('',(0.,-0.,1.));
#4549 = ADVANCED_FACE('',(#4550),#4561,.T.);
#4550 = FACE_BOUND('',#4551,.T.);
#4551 = EDGE_LOOP('',(#4552,#4553,#4554,#4555));
#4552 = ORIENTED_EDGE('',*,*,#4529,.F.);
#4553 = ORIENTED_EDGE('',*,*,#3386,.T.);
#4554 = ORIENTED_EDGE('',*,*,#4474,.T.);
#4555 = ORIENTED_EDGE('',*,*,#4556,.F.);
#4556 = EDGE_CURVE('',#4530,#4475,#4557,.T.);
#4557 = LINE('',#4558,#4559);
#4558 = CARTESIAN_POINT('',(0.32,-2.86,8.38));
#4559 = VECTOR('',#4560,1.);
#4560 = DIRECTION('',(0.,1.,0.));
#4561 = PLANE('',#4562);
#4562 = AXIS2_PLACEMENT_3D('',#4563,#4564,#4565);
#4563 = CARTESIAN_POINT('',(0.32,-2.86,-3.));
#4564 = DIRECTION('',(1.,0.,0.));
#4565 = DIRECTION('',(0.,0.,1.));
#4566 = ADVANCED_FACE('',(#4567),#4592,.F.);
#4567 = FACE_BOUND('',#4568,.T.);
#4568 = EDGE_LOOP('',(#4569,#4577,#4578,#4586));
#4569 = ORIENTED_EDGE('',*,*,#4570,.F.);
#4570 = EDGE_CURVE('',#3811,#4571,#4573,.T.);
#4571 = VERTEX_POINT('',#4572);
#4572 = CARTESIAN_POINT('',(-0.16,-4.92,-3.));
#4573 = LINE('',#4574,#4575);
#4574 = CARTESIAN_POINT('',(-0.16,-4.92,-3.));
#4575 = VECTOR('',#4576,1.);
#4576 = DIRECTION('',(0.57735026919,-0.57735026919,-0.57735026919));
#4577 = ORIENTED_EDGE('',*,*,#3810,.T.);
#4578 = ORIENTED_EDGE('',*,*,#4579,.T.);
#4579 = EDGE_CURVE('',#3803,#4580,#4582,.T.);
#4580 = VERTEX_POINT('',#4581);
#4581 = CARTESIAN_POINT('',(0.16,-4.92,-3.));
#4582 = LINE('',#4583,#4584);
#4583 = CARTESIAN_POINT('',(5.333333333333E-02,-5.026666666667,
    -3.106666666667));
#4584 = VECTOR('',#4585,1.);
#4585 = DIRECTION('',(-0.57735026919,-0.57735026919,-0.57735026919));
#4586 = ORIENTED_EDGE('',*,*,#4587,.F.);
#4587 = EDGE_CURVE('',#4571,#4580,#4588,.T.);
#4588 = LINE('',#4589,#4590);
#4589 = CARTESIAN_POINT('',(-0.32,-4.92,-3.));
#4590 = VECTOR('',#4591,1.);
#4591 = DIRECTION('',(1.,0.,0.));
#4592 = PLANE('',#4593);
#4593 = AXIS2_PLACEMENT_3D('',#4594,#4595,#4596);
#4594 = CARTESIAN_POINT('',(-0.32,-4.84,-2.92));
#4595 = DIRECTION('',(-1.735167508357E-18,-0.707106781187,0.707106781187
    ));
#4596 = DIRECTION('',(-1.,1.226948711654E-18,-1.226948711654E-18));
#4597 = ADVANCED_FACE('',(#4598),#4616,.T.);
#4598 = FACE_BOUND('',#4599,.T.);
#4599 = EDGE_LOOP('',(#4600,#4608,#4609,#4610));
#4600 = ORIENTED_EDGE('',*,*,#4601,.F.);
#4601 = EDGE_CURVE('',#3834,#4602,#4604,.T.);
#4602 = VERTEX_POINT('',#4603);
#4603 = CARTESIAN_POINT('',(-0.16,-5.24,-3.));
#4604 = LINE('',#4605,#4606);
#4605 = CARTESIAN_POINT('',(-0.266666666667,-5.346666666667,
    -2.893333333333));
#4606 = VECTOR('',#4607,1.);
#4607 = DIRECTION('',(0.57735026919,0.57735026919,-0.57735026919));
#4608 = ORIENTED_EDGE('',*,*,#3841,.T.);
#4609 = ORIENTED_EDGE('',*,*,#4570,.T.);
#4610 = ORIENTED_EDGE('',*,*,#4611,.F.);
#4611 = EDGE_CURVE('',#4602,#4571,#4612,.T.);
#4612 = LINE('',#4613,#4614);
#4613 = CARTESIAN_POINT('',(-0.16,-5.4,-3.));
#4614 = VECTOR('',#4615,1.);
#4615 = DIRECTION('',(0.,1.,0.));
#4616 = PLANE('',#4617);
#4617 = AXIS2_PLACEMENT_3D('',#4618,#4619,#4620);
#4618 = CARTESIAN_POINT('',(-0.24,-5.4,-2.92));
#4619 = DIRECTION('',(-0.707106781187,-1.735167508357E-18,
    -0.707106781187));
#4620 = DIRECTION('',(-1.226948711654E-18,1.,-1.226948711654E-18));
#4621 = ADVANCED_FACE('',(#4622),#4640,.T.);
#4622 = FACE_BOUND('',#4623,.F.);
#4623 = EDGE_LOOP('',(#4624,#4625,#4626,#4634));
#4624 = ORIENTED_EDGE('',*,*,#4601,.F.);
#4625 = ORIENTED_EDGE('',*,*,#3865,.T.);
#4626 = ORIENTED_EDGE('',*,*,#4627,.T.);
#4627 = EDGE_CURVE('',#3858,#4628,#4630,.T.);
#4628 = VERTEX_POINT('',#4629);
#4629 = CARTESIAN_POINT('',(0.16,-5.24,-3.));
#4630 = LINE('',#4631,#4632);
#4631 = CARTESIAN_POINT('',(0.16,-5.24,-3.));
#4632 = VECTOR('',#4633,1.);
#4633 = DIRECTION('',(-0.57735026919,0.57735026919,-0.57735026919));
#4634 = ORIENTED_EDGE('',*,*,#4635,.F.);
#4635 = EDGE_CURVE('',#4602,#4628,#4636,.T.);
#4636 = LINE('',#4637,#4638);
#4637 = CARTESIAN_POINT('',(-0.32,-5.24,-3.));
#4638 = VECTOR('',#4639,1.);
#4639 = DIRECTION('',(1.,0.,0.));
#4640 = PLANE('',#4641);
#4641 = AXIS2_PLACEMENT_3D('',#4642,#4643,#4644);
#4642 = CARTESIAN_POINT('',(-0.32,-5.32,-2.92));
#4643 = DIRECTION('',(1.735167508357E-18,-0.707106781187,-0.707106781187
    ));
#4644 = DIRECTION('',(-1.,-1.226948711654E-18,-1.226948711654E-18));
#4645 = ADVANCED_FACE('',(#4646),#4657,.F.);
#4646 = FACE_BOUND('',#4647,.F.);
#4647 = EDGE_LOOP('',(#4648,#4649,#4650,#4651));
#4648 = ORIENTED_EDGE('',*,*,#4627,.F.);
#4649 = ORIENTED_EDGE('',*,*,#3882,.T.);
#4650 = ORIENTED_EDGE('',*,*,#4579,.T.);
#4651 = ORIENTED_EDGE('',*,*,#4652,.F.);
#4652 = EDGE_CURVE('',#4628,#4580,#4653,.T.);
#4653 = LINE('',#4654,#4655);
#4654 = CARTESIAN_POINT('',(0.16,-5.4,-3.));
#4655 = VECTOR('',#4656,1.);
#4656 = DIRECTION('',(0.,1.,0.));
#4657 = PLANE('',#4658);
#4658 = AXIS2_PLACEMENT_3D('',#4659,#4660,#4661);
#4659 = CARTESIAN_POINT('',(0.24,-5.4,-2.92));
#4660 = DIRECTION('',(-0.707106781187,1.735167508357E-18,0.707106781187)
  );
#4661 = DIRECTION('',(1.226948711654E-18,1.,-1.226948711654E-18));
#4662 = ADVANCED_FACE('',(#4663),#4688,.F.);
#4663 = FACE_BOUND('',#4664,.F.);
#4664 = EDGE_LOOP('',(#4665,#4673,#4674,#4682));
#4665 = ORIENTED_EDGE('',*,*,#4666,.F.);
#4666 = EDGE_CURVE('',#3899,#4667,#4669,.T.);
#4667 = VERTEX_POINT('',#4668);
#4668 = CARTESIAN_POINT('',(0.16,-7.78,-3.));
#4669 = LINE('',#4670,#4671);
#4670 = CARTESIAN_POINT('',(0.16,-7.78,-3.));
#4671 = VECTOR('',#4672,1.);
#4672 = DIRECTION('',(-0.57735026919,0.57735026919,-0.57735026919));
#4673 = ORIENTED_EDGE('',*,*,#3906,.T.);
#4674 = ORIENTED_EDGE('',*,*,#4675,.T.);
#4675 = EDGE_CURVE('',#3907,#4676,#4678,.T.);
#4676 = VERTEX_POINT('',#4677);
#4677 = CARTESIAN_POINT('',(0.16,-7.46,-3.));
#4678 = LINE('',#4679,#4680);
#4679 = CARTESIAN_POINT('',(5.333333333333E-02,-7.566666666667,
    -3.106666666667));
#4680 = VECTOR('',#4681,1.);
#4681 = DIRECTION('',(-0.57735026919,-0.57735026919,-0.57735026919));
#4682 = ORIENTED_EDGE('',*,*,#4683,.F.);
#4683 = EDGE_CURVE('',#4667,#4676,#4684,.T.);
#4684 = LINE('',#4685,#4686);
#4685 = CARTESIAN_POINT('',(0.16,-7.94,-3.));
#4686 = VECTOR('',#4687,1.);
#4687 = DIRECTION('',(0.,1.,0.));
#4688 = PLANE('',#4689);
#4689 = AXIS2_PLACEMENT_3D('',#4690,#4691,#4692);
#4690 = CARTESIAN_POINT('',(0.24,-7.94,-2.92));
#4691 = DIRECTION('',(-0.707106781187,1.735167508357E-18,0.707106781187)
  );
#4692 = DIRECTION('',(1.226948711654E-18,1.,-1.226948711654E-18));
#4693 = ADVANCED_FACE('',(#4694),#4712,.F.);
#4694 = FACE_BOUND('',#4695,.T.);
#4695 = EDGE_LOOP('',(#4696,#4704,#4705,#4706));
#4696 = ORIENTED_EDGE('',*,*,#4697,.F.);
#4697 = EDGE_CURVE('',#3931,#4698,#4700,.T.);
#4698 = VERTEX_POINT('',#4699);
#4699 = CARTESIAN_POINT('',(-0.16,-7.46,-3.));
#4700 = LINE('',#4701,#4702);
#4701 = CARTESIAN_POINT('',(-0.16,-7.46,-3.));
#4702 = VECTOR('',#4703,1.);
#4703 = DIRECTION('',(0.57735026919,-0.57735026919,-0.57735026919));
#4704 = ORIENTED_EDGE('',*,*,#3930,.T.);
#4705 = ORIENTED_EDGE('',*,*,#4675,.T.);
#4706 = ORIENTED_EDGE('',*,*,#4707,.F.);
#4707 = EDGE_CURVE('',#4698,#4676,#4708,.T.);
#4708 = LINE('',#4709,#4710);
#4709 = CARTESIAN_POINT('',(-0.32,-7.46,-3.));
#4710 = VECTOR('',#4711,1.);
#4711 = DIRECTION('',(1.,0.,0.));
#4712 = PLANE('',#4713);
#4713 = AXIS2_PLACEMENT_3D('',#4714,#4715,#4716);
#4714 = CARTESIAN_POINT('',(-0.32,-7.38,-2.92));
#4715 = DIRECTION('',(-1.735167508357E-18,-0.707106781187,0.707106781187
    ));
#4716 = DIRECTION('',(-1.,1.226948711654E-18,-1.226948711654E-18));
#4717 = ADVANCED_FACE('',(#4718),#4736,.T.);
#4718 = FACE_BOUND('',#4719,.T.);
#4719 = EDGE_LOOP('',(#4720,#4728,#4729,#4730));
#4720 = ORIENTED_EDGE('',*,*,#4721,.F.);
#4721 = EDGE_CURVE('',#3954,#4722,#4724,.T.);
#4722 = VERTEX_POINT('',#4723);
#4723 = CARTESIAN_POINT('',(-0.16,-7.78,-3.));
#4724 = LINE('',#4725,#4726);
#4725 = CARTESIAN_POINT('',(-0.266666666667,-7.886666666667,
    -2.893333333333));
#4726 = VECTOR('',#4727,1.);
#4727 = DIRECTION('',(0.57735026919,0.57735026919,-0.57735026919));
#4728 = ORIENTED_EDGE('',*,*,#3961,.T.);
#4729 = ORIENTED_EDGE('',*,*,#4697,.T.);
#4730 = ORIENTED_EDGE('',*,*,#4731,.F.);
#4731 = EDGE_CURVE('',#4722,#4698,#4732,.T.);
#4732 = LINE('',#4733,#4734);
#4733 = CARTESIAN_POINT('',(-0.16,-7.94,-3.));
#4734 = VECTOR('',#4735,1.);
#4735 = DIRECTION('',(0.,1.,0.));
#4736 = PLANE('',#4737);
#4737 = AXIS2_PLACEMENT_3D('',#4738,#4739,#4740);
#4738 = CARTESIAN_POINT('',(-0.24,-7.94,-2.92));
#4739 = DIRECTION('',(-0.707106781187,-1.735167508357E-18,
    -0.707106781187));
#4740 = DIRECTION('',(-1.226948711654E-18,1.,-1.226948711654E-18));
#4741 = ADVANCED_FACE('',(#4742),#4753,.T.);
#4742 = FACE_BOUND('',#4743,.F.);
#4743 = EDGE_LOOP('',(#4744,#4745,#4746,#4747));
#4744 = ORIENTED_EDGE('',*,*,#4721,.F.);
#4745 = ORIENTED_EDGE('',*,*,#3978,.T.);
#4746 = ORIENTED_EDGE('',*,*,#4666,.T.);
#4747 = ORIENTED_EDGE('',*,*,#4748,.F.);
#4748 = EDGE_CURVE('',#4722,#4667,#4749,.T.);
#4749 = LINE('',#4750,#4751);
#4750 = CARTESIAN_POINT('',(-0.32,-7.78,-3.));
#4751 = VECTOR('',#4752,1.);
#4752 = DIRECTION('',(1.,0.,0.));
#4753 = PLANE('',#4754);
#4754 = AXIS2_PLACEMENT_3D('',#4755,#4756,#4757);
#4755 = CARTESIAN_POINT('',(-0.32,-7.86,-2.92));
#4756 = DIRECTION('',(1.735167508357E-18,-0.707106781187,-0.707106781187
    ));
#4757 = DIRECTION('',(-1.,-1.226948711654E-18,-1.226948711654E-18));
#4758 = ADVANCED_FACE('',(#4759),#4784,.F.);
#4759 = FACE_BOUND('',#4760,.F.);
#4760 = EDGE_LOOP('',(#4761,#4769,#4770,#4778));
#4761 = ORIENTED_EDGE('',*,*,#4762,.F.);
#4762 = EDGE_CURVE('',#3995,#4763,#4765,.T.);
#4763 = VERTEX_POINT('',#4764);
#4764 = CARTESIAN_POINT('',(0.16,-0.16,-3.));
#4765 = LINE('',#4766,#4767);
#4766 = CARTESIAN_POINT('',(0.16,-0.16,-3.));
#4767 = VECTOR('',#4768,1.);
#4768 = DIRECTION('',(-0.57735026919,0.57735026919,-0.57735026919));
#4769 = ORIENTED_EDGE('',*,*,#4002,.T.);
#4770 = ORIENTED_EDGE('',*,*,#4771,.T.);
#4771 = EDGE_CURVE('',#4003,#4772,#4774,.T.);
#4772 = VERTEX_POINT('',#4773);
#4773 = CARTESIAN_POINT('',(0.16,0.16,-3.));
#4774 = LINE('',#4775,#4776);
#4775 = CARTESIAN_POINT('',(5.333333333333E-02,5.333333333333E-02,
    -3.106666666667));
#4776 = VECTOR('',#4777,1.);
#4777 = DIRECTION('',(-0.57735026919,-0.57735026919,-0.57735026919));
#4778 = ORIENTED_EDGE('',*,*,#4779,.F.);
#4779 = EDGE_CURVE('',#4763,#4772,#4780,.T.);
#4780 = LINE('',#4781,#4782);
#4781 = CARTESIAN_POINT('',(0.16,-0.32,-3.));
#4782 = VECTOR('',#4783,1.);
#4783 = DIRECTION('',(0.,1.,0.));
#4784 = PLANE('',#4785);
#4785 = AXIS2_PLACEMENT_3D('',#4786,#4787,#4788);
#4786 = CARTESIAN_POINT('',(0.24,-0.32,-2.92));
#4787 = DIRECTION('',(-0.707106781187,1.735167508357E-18,0.707106781187)
  );
#4788 = DIRECTION('',(1.226948711654E-18,1.,-1.226948711654E-18));
#4789 = ADVANCED_FACE('',(#4790),#4808,.F.);
#4790 = FACE_BOUND('',#4791,.T.);
#4791 = EDGE_LOOP('',(#4792,#4800,#4801,#4802));
#4792 = ORIENTED_EDGE('',*,*,#4793,.F.);
#4793 = EDGE_CURVE('',#4027,#4794,#4796,.T.);
#4794 = VERTEX_POINT('',#4795);
#4795 = CARTESIAN_POINT('',(-0.16,0.16,-3.));
#4796 = LINE('',#4797,#4798);
#4797 = CARTESIAN_POINT('',(-0.16,0.16,-3.));
#4798 = VECTOR('',#4799,1.);
#4799 = DIRECTION('',(0.57735026919,-0.57735026919,-0.57735026919));
#4800 = ORIENTED_EDGE('',*,*,#4026,.T.);
#4801 = ORIENTED_EDGE('',*,*,#4771,.T.);
#4802 = ORIENTED_EDGE('',*,*,#4803,.F.);
#4803 = EDGE_CURVE('',#4794,#4772,#4804,.T.);
#4804 = LINE('',#4805,#4806);
#4805 = CARTESIAN_POINT('',(-0.32,0.16,-3.));
#4806 = VECTOR('',#4807,1.);
#4807 = DIRECTION('',(1.,0.,0.));
#4808 = PLANE('',#4809);
#4809 = AXIS2_PLACEMENT_3D('',#4810,#4811,#4812);
#4810 = CARTESIAN_POINT('',(-0.32,0.24,-2.92));
#4811 = DIRECTION('',(-1.735167508357E-18,-0.707106781187,0.707106781187
    ));
#4812 = DIRECTION('',(-1.,1.226948711654E-18,-1.226948711654E-18));
#4813 = ADVANCED_FACE('',(#4814),#4832,.T.);
#4814 = FACE_BOUND('',#4815,.T.);
#4815 = EDGE_LOOP('',(#4816,#4824,#4825,#4826));
#4816 = ORIENTED_EDGE('',*,*,#4817,.F.);
#4817 = EDGE_CURVE('',#4050,#4818,#4820,.T.);
#4818 = VERTEX_POINT('',#4819);
#4819 = CARTESIAN_POINT('',(-0.16,-0.16,-3.));
#4820 = LINE('',#4821,#4822);
#4821 = CARTESIAN_POINT('',(-0.266666666667,-0.266666666667,
    -2.893333333333));
#4822 = VECTOR('',#4823,1.);
#4823 = DIRECTION('',(0.57735026919,0.57735026919,-0.57735026919));
#4824 = ORIENTED_EDGE('',*,*,#4057,.T.);
#4825 = ORIENTED_EDGE('',*,*,#4793,.T.);
#4826 = ORIENTED_EDGE('',*,*,#4827,.F.);
#4827 = EDGE_CURVE('',#4818,#4794,#4828,.T.);
#4828 = LINE('',#4829,#4830);
#4829 = CARTESIAN_POINT('',(-0.16,-0.32,-3.));
#4830 = VECTOR('',#4831,1.);
#4831 = DIRECTION('',(0.,1.,0.));
#4832 = PLANE('',#4833);
#4833 = AXIS2_PLACEMENT_3D('',#4834,#4835,#4836);
#4834 = CARTESIAN_POINT('',(-0.24,-0.32,-2.92));
#4835 = DIRECTION('',(-0.707106781187,-1.735167508357E-18,
    -0.707106781187));
#4836 = DIRECTION('',(-1.226948711654E-18,1.,-1.226948711654E-18));
#4837 = ADVANCED_FACE('',(#4838),#4849,.T.);
#4838 = FACE_BOUND('',#4839,.F.);
#4839 = EDGE_LOOP('',(#4840,#4841,#4842,#4843));
#4840 = ORIENTED_EDGE('',*,*,#4817,.F.);
#4841 = ORIENTED_EDGE('',*,*,#4074,.T.);
#4842 = ORIENTED_EDGE('',*,*,#4762,.T.);
#4843 = ORIENTED_EDGE('',*,*,#4844,.F.);
#4844 = EDGE_CURVE('',#4818,#4763,#4845,.T.);
#4845 = LINE('',#4846,#4847);
#4846 = CARTESIAN_POINT('',(-0.32,-0.16,-3.));
#4847 = VECTOR('',#4848,1.);
#4848 = DIRECTION('',(1.,0.,0.));
#4849 = PLANE('',#4850);
#4850 = AXIS2_PLACEMENT_3D('',#4851,#4852,#4853);
#4851 = CARTESIAN_POINT('',(-0.32,-0.24,-2.92));
#4852 = DIRECTION('',(1.735167508357E-18,-0.707106781187,-0.707106781187
    ));
#4853 = DIRECTION('',(-1.,-1.226948711654E-18,-1.226948711654E-18));
#4854 = ADVANCED_FACE('',(#4855),#4880,.F.);
#4855 = FACE_BOUND('',#4856,.T.);
#4856 = EDGE_LOOP('',(#4857,#4865,#4866,#4874));
#4857 = ORIENTED_EDGE('',*,*,#4858,.F.);
#4858 = EDGE_CURVE('',#4099,#4859,#4861,.T.);
#4859 = VERTEX_POINT('',#4860);
#4860 = CARTESIAN_POINT('',(-0.16,-2.38,-3.));
#4861 = LINE('',#4862,#4863);
#4862 = CARTESIAN_POINT('',(-0.16,-2.38,-3.));
#4863 = VECTOR('',#4864,1.);
#4864 = DIRECTION('',(0.57735026919,-0.57735026919,-0.57735026919));
#4865 = ORIENTED_EDGE('',*,*,#4098,.T.);
#4866 = ORIENTED_EDGE('',*,*,#4867,.T.);
#4867 = EDGE_CURVE('',#4091,#4868,#4870,.T.);
#4868 = VERTEX_POINT('',#4869);
#4869 = CARTESIAN_POINT('',(0.16,-2.38,-3.));
#4870 = LINE('',#4871,#4872);
#4871 = CARTESIAN_POINT('',(5.333333333333E-02,-2.486666666667,
    -3.106666666667));
#4872 = VECTOR('',#4873,1.);
#4873 = DIRECTION('',(-0.57735026919,-0.57735026919,-0.57735026919));
#4874 = ORIENTED_EDGE('',*,*,#4875,.F.);
#4875 = EDGE_CURVE('',#4859,#4868,#4876,.T.);
#4876 = LINE('',#4877,#4878);
#4877 = CARTESIAN_POINT('',(-0.32,-2.38,-3.));
#4878 = VECTOR('',#4879,1.);
#4879 = DIRECTION('',(1.,0.,0.));
#4880 = PLANE('',#4881);
#4881 = AXIS2_PLACEMENT_3D('',#4882,#4883,#4884);
#4882 = CARTESIAN_POINT('',(-0.32,-2.3,-2.92));
#4883 = DIRECTION('',(-1.735167508357E-18,-0.707106781187,0.707106781187
    ));
#4884 = DIRECTION('',(-1.,1.226948711654E-18,-1.226948711654E-18));
#4885 = ADVANCED_FACE('',(#4886),#4904,.T.);
#4886 = FACE_BOUND('',#4887,.T.);
#4887 = EDGE_LOOP('',(#4888,#4896,#4897,#4898));
#4888 = ORIENTED_EDGE('',*,*,#4889,.F.);
#4889 = EDGE_CURVE('',#4122,#4890,#4892,.T.);
#4890 = VERTEX_POINT('',#4891);
#4891 = CARTESIAN_POINT('',(-0.16,-2.7,-3.));
#4892 = LINE('',#4893,#4894);
#4893 = CARTESIAN_POINT('',(-0.266666666667,-2.806666666667,
    -2.893333333333));
#4894 = VECTOR('',#4895,1.);
#4895 = DIRECTION('',(0.57735026919,0.57735026919,-0.57735026919));
#4896 = ORIENTED_EDGE('',*,*,#4129,.T.);
#4897 = ORIENTED_EDGE('',*,*,#4858,.T.);
#4898 = ORIENTED_EDGE('',*,*,#4899,.F.);
#4899 = EDGE_CURVE('',#4890,#4859,#4900,.T.);
#4900 = LINE('',#4901,#4902);
#4901 = CARTESIAN_POINT('',(-0.16,-2.86,-3.));
#4902 = VECTOR('',#4903,1.);
#4903 = DIRECTION('',(0.,1.,0.));
#4904 = PLANE('',#4905);
#4905 = AXIS2_PLACEMENT_3D('',#4906,#4907,#4908);
#4906 = CARTESIAN_POINT('',(-0.24,-2.86,-2.92));
#4907 = DIRECTION('',(-0.707106781187,-1.735167508357E-18,
    -0.707106781187));
#4908 = DIRECTION('',(-1.226948711654E-18,1.,-1.226948711654E-18));
#4909 = ADVANCED_FACE('',(#4910),#4928,.T.);
#4910 = FACE_BOUND('',#4911,.F.);
#4911 = EDGE_LOOP('',(#4912,#4913,#4914,#4922));
#4912 = ORIENTED_EDGE('',*,*,#4889,.F.);
#4913 = ORIENTED_EDGE('',*,*,#4153,.T.);
#4914 = ORIENTED_EDGE('',*,*,#4915,.T.);
#4915 = EDGE_CURVE('',#4146,#4916,#4918,.T.);
#4916 = VERTEX_POINT('',#4917);
#4917 = CARTESIAN_POINT('',(0.16,-2.7,-3.));
#4918 = LINE('',#4919,#4920);
#4919 = CARTESIAN_POINT('',(0.16,-2.7,-3.));
#4920 = VECTOR('',#4921,1.);
#4921 = DIRECTION('',(-0.57735026919,0.57735026919,-0.57735026919));
#4922 = ORIENTED_EDGE('',*,*,#4923,.F.);
#4923 = EDGE_CURVE('',#4890,#4916,#4924,.T.);
#4924 = LINE('',#4925,#4926);
#4925 = CARTESIAN_POINT('',(-0.32,-2.7,-3.));
#4926 = VECTOR('',#4927,1.);
#4927 = DIRECTION('',(1.,0.,0.));
#4928 = PLANE('',#4929);
#4929 = AXIS2_PLACEMENT_3D('',#4930,#4931,#4932);
#4930 = CARTESIAN_POINT('',(-0.32,-2.78,-2.92));
#4931 = DIRECTION('',(1.735167508357E-18,-0.707106781187,-0.707106781187
    ));
#4932 = DIRECTION('',(-1.,-1.226948711654E-18,-1.226948711654E-18));
#4933 = ADVANCED_FACE('',(#4934),#4945,.F.);
#4934 = FACE_BOUND('',#4935,.F.);
#4935 = EDGE_LOOP('',(#4936,#4937,#4938,#4939));
#4936 = ORIENTED_EDGE('',*,*,#4915,.F.);
#4937 = ORIENTED_EDGE('',*,*,#4170,.T.);
#4938 = ORIENTED_EDGE('',*,*,#4867,.T.);
#4939 = ORIENTED_EDGE('',*,*,#4940,.F.);
#4940 = EDGE_CURVE('',#4916,#4868,#4941,.T.);
#4941 = LINE('',#4942,#4943);
#4942 = CARTESIAN_POINT('',(0.16,-2.86,-3.));
#4943 = VECTOR('',#4944,1.);
#4944 = DIRECTION('',(0.,1.,0.));
#4945 = PLANE('',#4946);
#4946 = AXIS2_PLACEMENT_3D('',#4947,#4948,#4949);
#4947 = CARTESIAN_POINT('',(0.24,-2.86,-2.92));
#4948 = DIRECTION('',(-0.707106781187,1.735167508357E-18,0.707106781187)
  );
#4949 = DIRECTION('',(1.226948711654E-18,1.,-1.226948711654E-18));
#4950 = ADVANCED_FACE('',(#4951),#4976,.T.);
#4951 = FACE_BOUND('',#4952,.F.);
#4952 = EDGE_LOOP('',(#4953,#4961,#4962,#4970));
#4953 = ORIENTED_EDGE('',*,*,#4954,.F.);
#4954 = EDGE_CURVE('',#4196,#4955,#4957,.T.);
#4955 = VERTEX_POINT('',#4956);
#4956 = CARTESIAN_POINT('',(-0.16,-4.92,8.54));
#4957 = LINE('',#4958,#4959);
#4958 = CARTESIAN_POINT('',(-0.16,-4.92,8.54));
#4959 = VECTOR('',#4960,1.);
#4960 = DIRECTION('',(0.57735026919,-0.57735026919,0.57735026919));
#4961 = ORIENTED_EDGE('',*,*,#4203,.T.);
#4962 = ORIENTED_EDGE('',*,*,#4963,.T.);
#4963 = EDGE_CURVE('',#4187,#4964,#4966,.T.);
#4964 = VERTEX_POINT('',#4965);
#4965 = CARTESIAN_POINT('',(0.16,-4.92,8.54));
#4966 = LINE('',#4967,#4968);
#4967 = CARTESIAN_POINT('',(5.333333333333E-02,-5.026666666667,
    8.646666666667));
#4968 = VECTOR('',#4969,1.);
#4969 = DIRECTION('',(-0.57735026919,-0.57735026919,0.57735026919));
#4970 = ORIENTED_EDGE('',*,*,#4971,.F.);
#4971 = EDGE_CURVE('',#4955,#4964,#4972,.T.);
#4972 = LINE('',#4973,#4974);
#4973 = CARTESIAN_POINT('',(-0.32,-4.92,8.54));
#4974 = VECTOR('',#4975,1.);
#4975 = DIRECTION('',(1.,0.,0.));
#4976 = PLANE('',#4977);
#4977 = AXIS2_PLACEMENT_3D('',#4978,#4979,#4980);
#4978 = CARTESIAN_POINT('',(-0.32,-4.84,8.46));
#4979 = DIRECTION('',(1.735167508357E-18,0.707106781187,0.707106781187)
  );
#4980 = DIRECTION('',(-1.,1.226948711654E-18,1.226948711654E-18));
#4981 = ADVANCED_FACE('',(#4982),#5000,.F.);
#4982 = FACE_BOUND('',#4983,.F.);
#4983 = EDGE_LOOP('',(#4984,#4992,#4993,#4994));
#4984 = ORIENTED_EDGE('',*,*,#4985,.F.);
#4985 = EDGE_CURVE('',#4218,#4986,#4988,.T.);
#4986 = VERTEX_POINT('',#4987);
#4987 = CARTESIAN_POINT('',(-0.16,-5.24,8.54));
#4988 = LINE('',#4989,#4990);
#4989 = CARTESIAN_POINT('',(-0.266666666667,-5.346666666667,
    8.433333333333));
#4990 = VECTOR('',#4991,1.);
#4991 = DIRECTION('',(0.57735026919,0.57735026919,0.57735026919));
#4992 = ORIENTED_EDGE('',*,*,#4227,.T.);
#4993 = ORIENTED_EDGE('',*,*,#4954,.T.);
#4994 = ORIENTED_EDGE('',*,*,#4995,.F.);
#4995 = EDGE_CURVE('',#4986,#4955,#4996,.T.);
#4996 = LINE('',#4997,#4998);
#4997 = CARTESIAN_POINT('',(-0.16,-5.4,8.54));
#4998 = VECTOR('',#4999,1.);
#4999 = DIRECTION('',(0.,1.,0.));
#5000 = PLANE('',#5001);
#5001 = AXIS2_PLACEMENT_3D('',#5002,#5003,#5004);
#5002 = CARTESIAN_POINT('',(-0.24,-5.4,8.46));
#5003 = DIRECTION('',(0.707106781187,1.735167508357E-18,-0.707106781187)
  );
#5004 = DIRECTION('',(-1.226948711654E-18,1.,1.226948711654E-18));
#5005 = ADVANCED_FACE('',(#5006),#5024,.F.);
#5006 = FACE_BOUND('',#5007,.T.);
#5007 = EDGE_LOOP('',(#5008,#5009,#5010,#5018));
#5008 = ORIENTED_EDGE('',*,*,#4985,.F.);
#5009 = ORIENTED_EDGE('',*,*,#4251,.T.);
#5010 = ORIENTED_EDGE('',*,*,#5011,.T.);
#5011 = EDGE_CURVE('',#4242,#5012,#5014,.T.);
#5012 = VERTEX_POINT('',#5013);
#5013 = CARTESIAN_POINT('',(0.16,-5.24,8.54));
#5014 = LINE('',#5015,#5016);
#5015 = CARTESIAN_POINT('',(0.16,-5.24,8.54));
#5016 = VECTOR('',#5017,1.);
#5017 = DIRECTION('',(-0.57735026919,0.57735026919,0.57735026919));
#5018 = ORIENTED_EDGE('',*,*,#5019,.F.);
#5019 = EDGE_CURVE('',#4986,#5012,#5020,.T.);
#5020 = LINE('',#5021,#5022);
#5021 = CARTESIAN_POINT('',(-0.32,-5.24,8.54));
#5022 = VECTOR('',#5023,1.);
#5023 = DIRECTION('',(1.,0.,0.));
#5024 = PLANE('',#5025);
#5025 = AXIS2_PLACEMENT_3D('',#5026,#5027,#5028);
#5026 = CARTESIAN_POINT('',(-0.32,-5.32,8.46));
#5027 = DIRECTION('',(-1.735167508357E-18,0.707106781187,-0.707106781187
    ));
#5028 = DIRECTION('',(-1.,-1.226948711654E-18,1.226948711654E-18));
#5029 = ADVANCED_FACE('',(#5030),#5041,.T.);
#5030 = FACE_BOUND('',#5031,.T.);
#5031 = EDGE_LOOP('',(#5032,#5033,#5034,#5035));
#5032 = ORIENTED_EDGE('',*,*,#5011,.F.);
#5033 = ORIENTED_EDGE('',*,*,#4268,.T.);
#5034 = ORIENTED_EDGE('',*,*,#4963,.T.);
#5035 = ORIENTED_EDGE('',*,*,#5036,.F.);
#5036 = EDGE_CURVE('',#5012,#4964,#5037,.T.);
#5037 = LINE('',#5038,#5039);
#5038 = CARTESIAN_POINT('',(0.16,-5.4,8.54));
#5039 = VECTOR('',#5040,1.);
#5040 = DIRECTION('',(0.,1.,0.));
#5041 = PLANE('',#5042);
#5042 = AXIS2_PLACEMENT_3D('',#5043,#5044,#5045);
#5043 = CARTESIAN_POINT('',(0.24,-5.4,8.46));
#5044 = DIRECTION('',(0.707106781187,-1.735167508357E-18,0.707106781187)
  );
#5045 = DIRECTION('',(1.226948711654E-18,1.,1.226948711654E-18));
#5046 = ADVANCED_FACE('',(#5047),#5072,.T.);
#5047 = FACE_BOUND('',#5048,.T.);
#5048 = EDGE_LOOP('',(#5049,#5057,#5058,#5066));
#5049 = ORIENTED_EDGE('',*,*,#5050,.F.);
#5050 = EDGE_CURVE('',#4283,#5051,#5053,.T.);
#5051 = VERTEX_POINT('',#5052);
#5052 = CARTESIAN_POINT('',(0.16,-7.78,8.54));
#5053 = LINE('',#5054,#5055);
#5054 = CARTESIAN_POINT('',(0.16,-7.78,8.54));
#5055 = VECTOR('',#5056,1.);
#5056 = DIRECTION('',(-0.57735026919,0.57735026919,0.57735026919));
#5057 = ORIENTED_EDGE('',*,*,#4299,.T.);
#5058 = ORIENTED_EDGE('',*,*,#5059,.T.);
#5059 = EDGE_CURVE('',#4292,#5060,#5062,.T.);
#5060 = VERTEX_POINT('',#5061);
#5061 = CARTESIAN_POINT('',(0.16,-7.46,8.54));
#5062 = LINE('',#5063,#5064);
#5063 = CARTESIAN_POINT('',(5.333333333333E-02,-7.566666666667,
    8.646666666667));
#5064 = VECTOR('',#5065,1.);
#5065 = DIRECTION('',(-0.57735026919,-0.57735026919,0.57735026919));
#5066 = ORIENTED_EDGE('',*,*,#5067,.F.);
#5067 = EDGE_CURVE('',#5051,#5060,#5068,.T.);
#5068 = LINE('',#5069,#5070);
#5069 = CARTESIAN_POINT('',(0.16,-7.94,8.54));
#5070 = VECTOR('',#5071,1.);
#5071 = DIRECTION('',(0.,1.,0.));
#5072 = PLANE('',#5073);
#5073 = AXIS2_PLACEMENT_3D('',#5074,#5075,#5076);
#5074 = CARTESIAN_POINT('',(0.24,-7.94,8.46));
#5075 = DIRECTION('',(0.707106781187,-1.735167508357E-18,0.707106781187)
  );
#5076 = DIRECTION('',(1.226948711654E-18,1.,1.226948711654E-18));
#5077 = ADVANCED_FACE('',(#5078),#5096,.T.);
#5078 = FACE_BOUND('',#5079,.F.);
#5079 = EDGE_LOOP('',(#5080,#5088,#5089,#5090));
#5080 = ORIENTED_EDGE('',*,*,#5081,.F.);
#5081 = EDGE_CURVE('',#4316,#5082,#5084,.T.);
#5082 = VERTEX_POINT('',#5083);
#5083 = CARTESIAN_POINT('',(-0.16,-7.46,8.54));
#5084 = LINE('',#5085,#5086);
#5085 = CARTESIAN_POINT('',(-0.16,-7.46,8.54));
#5086 = VECTOR('',#5087,1.);
#5087 = DIRECTION('',(0.57735026919,-0.57735026919,0.57735026919));
#5088 = ORIENTED_EDGE('',*,*,#4323,.T.);
#5089 = ORIENTED_EDGE('',*,*,#5059,.T.);
#5090 = ORIENTED_EDGE('',*,*,#5091,.F.);
#5091 = EDGE_CURVE('',#5082,#5060,#5092,.T.);
#5092 = LINE('',#5093,#5094);
#5093 = CARTESIAN_POINT('',(-0.32,-7.46,8.54));
#5094 = VECTOR('',#5095,1.);
#5095 = DIRECTION('',(1.,0.,0.));
#5096 = PLANE('',#5097);
#5097 = AXIS2_PLACEMENT_3D('',#5098,#5099,#5100);
#5098 = CARTESIAN_POINT('',(-0.32,-7.38,8.46));
#5099 = DIRECTION('',(1.735167508357E-18,0.707106781187,0.707106781187)
  );
#5100 = DIRECTION('',(-1.,1.226948711654E-18,1.226948711654E-18));
#5101 = ADVANCED_FACE('',(#5102),#5120,.F.);
#5102 = FACE_BOUND('',#5103,.F.);
#5103 = EDGE_LOOP('',(#5104,#5112,#5113,#5114));
#5104 = ORIENTED_EDGE('',*,*,#5105,.F.);
#5105 = EDGE_CURVE('',#4338,#5106,#5108,.T.);
#5106 = VERTEX_POINT('',#5107);
#5107 = CARTESIAN_POINT('',(-0.16,-7.78,8.54));
#5108 = LINE('',#5109,#5110);
#5109 = CARTESIAN_POINT('',(-0.266666666667,-7.886666666667,
    8.433333333333));
#5110 = VECTOR('',#5111,1.);
#5111 = DIRECTION('',(0.57735026919,0.57735026919,0.57735026919));
#5112 = ORIENTED_EDGE('',*,*,#4347,.T.);
#5113 = ORIENTED_EDGE('',*,*,#5081,.T.);
#5114 = ORIENTED_EDGE('',*,*,#5115,.F.);
#5115 = EDGE_CURVE('',#5106,#5082,#5116,.T.);
#5116 = LINE('',#5117,#5118);
#5117 = CARTESIAN_POINT('',(-0.16,-7.94,8.54));
#5118 = VECTOR('',#5119,1.);
#5119 = DIRECTION('',(0.,1.,0.));
#5120 = PLANE('',#5121);
#5121 = AXIS2_PLACEMENT_3D('',#5122,#5123,#5124);
#5122 = CARTESIAN_POINT('',(-0.24,-7.94,8.46));
#5123 = DIRECTION('',(0.707106781187,1.735167508357E-18,-0.707106781187)
  );
#5124 = DIRECTION('',(-1.226948711654E-18,1.,1.226948711654E-18));
#5125 = ADVANCED_FACE('',(#5126),#5137,.F.);
#5126 = FACE_BOUND('',#5127,.T.);
#5127 = EDGE_LOOP('',(#5128,#5129,#5130,#5131));
#5128 = ORIENTED_EDGE('',*,*,#5105,.F.);
#5129 = ORIENTED_EDGE('',*,*,#4364,.T.);
#5130 = ORIENTED_EDGE('',*,*,#5050,.T.);
#5131 = ORIENTED_EDGE('',*,*,#5132,.F.);
#5132 = EDGE_CURVE('',#5106,#5051,#5133,.T.);
#5133 = LINE('',#5134,#5135);
#5134 = CARTESIAN_POINT('',(-0.32,-7.78,8.54));
#5135 = VECTOR('',#5136,1.);
#5136 = DIRECTION('',(1.,0.,0.));
#5137 = PLANE('',#5138);
#5138 = AXIS2_PLACEMENT_3D('',#5139,#5140,#5141);
#5139 = CARTESIAN_POINT('',(-0.32,-7.86,8.46));
#5140 = DIRECTION('',(-1.735167508357E-18,0.707106781187,-0.707106781187
    ));
#5141 = DIRECTION('',(-1.,-1.226948711654E-18,1.226948711654E-18));
#5142 = ADVANCED_FACE('',(#5143),#5168,.T.);
#5143 = FACE_BOUND('',#5144,.T.);
#5144 = EDGE_LOOP('',(#5145,#5153,#5154,#5162));
#5145 = ORIENTED_EDGE('',*,*,#5146,.F.);
#5146 = EDGE_CURVE('',#4379,#5147,#5149,.T.);
#5147 = VERTEX_POINT('',#5148);
#5148 = CARTESIAN_POINT('',(0.16,-0.16,8.54));
#5149 = LINE('',#5150,#5151);
#5150 = CARTESIAN_POINT('',(0.16,-0.16,8.54));
#5151 = VECTOR('',#5152,1.);
#5152 = DIRECTION('',(-0.57735026919,0.57735026919,0.57735026919));
#5153 = ORIENTED_EDGE('',*,*,#4395,.T.);
#5154 = ORIENTED_EDGE('',*,*,#5155,.T.);
#5155 = EDGE_CURVE('',#4388,#5156,#5158,.T.);
#5156 = VERTEX_POINT('',#5157);
#5157 = CARTESIAN_POINT('',(0.16,0.16,8.54));
#5158 = LINE('',#5159,#5160);
#5159 = CARTESIAN_POINT('',(5.333333333333E-02,5.333333333333E-02,
    8.646666666667));
#5160 = VECTOR('',#5161,1.);
#5161 = DIRECTION('',(-0.57735026919,-0.57735026919,0.57735026919));
#5162 = ORIENTED_EDGE('',*,*,#5163,.F.);
#5163 = EDGE_CURVE('',#5147,#5156,#5164,.T.);
#5164 = LINE('',#5165,#5166);
#5165 = CARTESIAN_POINT('',(0.16,-0.32,8.54));
#5166 = VECTOR('',#5167,1.);
#5167 = DIRECTION('',(0.,1.,0.));
#5168 = PLANE('',#5169);
#5169 = AXIS2_PLACEMENT_3D('',#5170,#5171,#5172);
#5170 = CARTESIAN_POINT('',(0.24,-0.32,8.46));
#5171 = DIRECTION('',(0.707106781187,-1.735167508357E-18,0.707106781187)
  );
#5172 = DIRECTION('',(1.226948711654E-18,1.,1.226948711654E-18));
#5173 = ADVANCED_FACE('',(#5174),#5192,.T.);
#5174 = FACE_BOUND('',#5175,.F.);
#5175 = EDGE_LOOP('',(#5176,#5184,#5185,#5186));
#5176 = ORIENTED_EDGE('',*,*,#5177,.F.);
#5177 = EDGE_CURVE('',#4412,#5178,#5180,.T.);
#5178 = VERTEX_POINT('',#5179);
#5179 = CARTESIAN_POINT('',(-0.16,0.16,8.54));
#5180 = LINE('',#5181,#5182);
#5181 = CARTESIAN_POINT('',(-0.16,0.16,8.54));
#5182 = VECTOR('',#5183,1.);
#5183 = DIRECTION('',(0.57735026919,-0.57735026919,0.57735026919));
#5184 = ORIENTED_EDGE('',*,*,#4419,.T.);
#5185 = ORIENTED_EDGE('',*,*,#5155,.T.);
#5186 = ORIENTED_EDGE('',*,*,#5187,.F.);
#5187 = EDGE_CURVE('',#5178,#5156,#5188,.T.);
#5188 = LINE('',#5189,#5190);
#5189 = CARTESIAN_POINT('',(-0.32,0.16,8.54));
#5190 = VECTOR('',#5191,1.);
#5191 = DIRECTION('',(1.,0.,0.));
#5192 = PLANE('',#5193);
#5193 = AXIS2_PLACEMENT_3D('',#5194,#5195,#5196);
#5194 = CARTESIAN_POINT('',(-0.32,0.24,8.46));
#5195 = DIRECTION('',(1.735167508357E-18,0.707106781187,0.707106781187)
  );
#5196 = DIRECTION('',(-1.,1.226948711654E-18,1.226948711654E-18));
#5197 = ADVANCED_FACE('',(#5198),#5216,.F.);
#5198 = FACE_BOUND('',#5199,.F.);
#5199 = EDGE_LOOP('',(#5200,#5208,#5209,#5210));
#5200 = ORIENTED_EDGE('',*,*,#5201,.F.);
#5201 = EDGE_CURVE('',#4434,#5202,#5204,.T.);
#5202 = VERTEX_POINT('',#5203);
#5203 = CARTESIAN_POINT('',(-0.16,-0.16,8.54));
#5204 = LINE('',#5205,#5206);
#5205 = CARTESIAN_POINT('',(-0.266666666667,-0.266666666667,
    8.433333333333));
#5206 = VECTOR('',#5207,1.);
#5207 = DIRECTION('',(0.57735026919,0.57735026919,0.57735026919));
#5208 = ORIENTED_EDGE('',*,*,#4443,.T.);
#5209 = ORIENTED_EDGE('',*,*,#5177,.T.);
#5210 = ORIENTED_EDGE('',*,*,#5211,.F.);
#5211 = EDGE_CURVE('',#5202,#5178,#5212,.T.);
#5212 = LINE('',#5213,#5214);
#5213 = CARTESIAN_POINT('',(-0.16,-0.32,8.54));
#5214 = VECTOR('',#5215,1.);
#5215 = DIRECTION('',(0.,1.,0.));
#5216 = PLANE('',#5217);
#5217 = AXIS2_PLACEMENT_3D('',#5218,#5219,#5220);
#5218 = CARTESIAN_POINT('',(-0.24,-0.32,8.46));
#5219 = DIRECTION('',(0.707106781187,1.735167508357E-18,-0.707106781187)
  );
#5220 = DIRECTION('',(-1.226948711654E-18,1.,1.226948711654E-18));
#5221 = ADVANCED_FACE('',(#5222),#5233,.F.);
#5222 = FACE_BOUND('',#5223,.T.);
#5223 = EDGE_LOOP('',(#5224,#5225,#5226,#5227));
#5224 = ORIENTED_EDGE('',*,*,#5201,.F.);
#5225 = ORIENTED_EDGE('',*,*,#4460,.T.);
#5226 = ORIENTED_EDGE('',*,*,#5146,.T.);
#5227 = ORIENTED_EDGE('',*,*,#5228,.F.);
#5228 = EDGE_CURVE('',#5202,#5147,#5229,.T.);
#5229 = LINE('',#5230,#5231);
#5230 = CARTESIAN_POINT('',(-0.32,-0.16,8.54));
#5231 = VECTOR('',#5232,1.);
#5232 = DIRECTION('',(1.,0.,0.));
#5233 = PLANE('',#5234);
#5234 = AXIS2_PLACEMENT_3D('',#5235,#5236,#5237);
#5235 = CARTESIAN_POINT('',(-0.32,-0.24,8.46));
#5236 = DIRECTION('',(-1.735167508357E-18,0.707106781187,-0.707106781187
    ));
#5237 = DIRECTION('',(-1.,-1.226948711654E-18,1.226948711654E-18));
#5238 = ADVANCED_FACE('',(#5239),#5264,.T.);
#5239 = FACE_BOUND('',#5240,.F.);
#5240 = EDGE_LOOP('',(#5241,#5249,#5250,#5258));
#5241 = ORIENTED_EDGE('',*,*,#5242,.F.);
#5242 = EDGE_CURVE('',#4484,#5243,#5245,.T.);
#5243 = VERTEX_POINT('',#5244);
#5244 = CARTESIAN_POINT('',(-0.16,-2.38,8.54));
#5245 = LINE('',#5246,#5247);
#5246 = CARTESIAN_POINT('',(-0.16,-2.38,8.54));
#5247 = VECTOR('',#5248,1.);
#5248 = DIRECTION('',(0.57735026919,-0.57735026919,0.57735026919));
#5249 = ORIENTED_EDGE('',*,*,#4491,.T.);
#5250 = ORIENTED_EDGE('',*,*,#5251,.T.);
#5251 = EDGE_CURVE('',#4475,#5252,#5254,.T.);
#5252 = VERTEX_POINT('',#5253);
#5253 = CARTESIAN_POINT('',(0.16,-2.38,8.54));
#5254 = LINE('',#5255,#5256);
#5255 = CARTESIAN_POINT('',(5.333333333333E-02,-2.486666666667,
    8.646666666667));
#5256 = VECTOR('',#5257,1.);
#5257 = DIRECTION('',(-0.57735026919,-0.57735026919,0.57735026919));
#5258 = ORIENTED_EDGE('',*,*,#5259,.F.);
#5259 = EDGE_CURVE('',#5243,#5252,#5260,.T.);
#5260 = LINE('',#5261,#5262);
#5261 = CARTESIAN_POINT('',(-0.32,-2.38,8.54));
#5262 = VECTOR('',#5263,1.);
#5263 = DIRECTION('',(1.,0.,0.));
#5264 = PLANE('',#5265);
#5265 = AXIS2_PLACEMENT_3D('',#5266,#5267,#5268);
#5266 = CARTESIAN_POINT('',(-0.32,-2.3,8.46));
#5267 = DIRECTION('',(1.735167508357E-18,0.707106781187,0.707106781187)
  );
#5268 = DIRECTION('',(-1.,1.226948711654E-18,1.226948711654E-18));
#5269 = ADVANCED_FACE('',(#5270),#5288,.F.);
#5270 = FACE_BOUND('',#5271,.F.);
#5271 = EDGE_LOOP('',(#5272,#5280,#5281,#5282));
#5272 = ORIENTED_EDGE('',*,*,#5273,.F.);
#5273 = EDGE_CURVE('',#4506,#5274,#5276,.T.);
#5274 = VERTEX_POINT('',#5275);
#5275 = CARTESIAN_POINT('',(-0.16,-2.7,8.54));
#5276 = LINE('',#5277,#5278);
#5277 = CARTESIAN_POINT('',(-0.266666666667,-2.806666666667,
    8.433333333333));
#5278 = VECTOR('',#5279,1.);
#5279 = DIRECTION('',(0.57735026919,0.57735026919,0.57735026919));
#5280 = ORIENTED_EDGE('',*,*,#4515,.T.);
#5281 = ORIENTED_EDGE('',*,*,#5242,.T.);
#5282 = ORIENTED_EDGE('',*,*,#5283,.F.);
#5283 = EDGE_CURVE('',#5274,#5243,#5284,.T.);
#5284 = LINE('',#5285,#5286);
#5285 = CARTESIAN_POINT('',(-0.16,-2.86,8.54));
#5286 = VECTOR('',#5287,1.);
#5287 = DIRECTION('',(0.,1.,0.));
#5288 = PLANE('',#5289);
#5289 = AXIS2_PLACEMENT_3D('',#5290,#5291,#5292);
#5290 = CARTESIAN_POINT('',(-0.24,-2.86,8.46));
#5291 = DIRECTION('',(0.707106781187,1.735167508357E-18,-0.707106781187)
  );
#5292 = DIRECTION('',(-1.226948711654E-18,1.,1.226948711654E-18));
#5293 = ADVANCED_FACE('',(#5294),#5312,.F.);
#5294 = FACE_BOUND('',#5295,.T.);
#5295 = EDGE_LOOP('',(#5296,#5297,#5298,#5306));
#5296 = ORIENTED_EDGE('',*,*,#5273,.F.);
#5297 = ORIENTED_EDGE('',*,*,#4539,.T.);
#5298 = ORIENTED_EDGE('',*,*,#5299,.T.);
#5299 = EDGE_CURVE('',#4530,#5300,#5302,.T.);
#5300 = VERTEX_POINT('',#5301);
#5301 = CARTESIAN_POINT('',(0.16,-2.7,8.54));
#5302 = LINE('',#5303,#5304);
#5303 = CARTESIAN_POINT('',(0.16,-2.7,8.54));
#5304 = VECTOR('',#5305,1.);
#5305 = DIRECTION('',(-0.57735026919,0.57735026919,0.57735026919));
#5306 = ORIENTED_EDGE('',*,*,#5307,.F.);
#5307 = EDGE_CURVE('',#5274,#5300,#5308,.T.);
#5308 = LINE('',#5309,#5310);
#5309 = CARTESIAN_POINT('',(-0.32,-2.7,8.54));
#5310 = VECTOR('',#5311,1.);
#5311 = DIRECTION('',(1.,0.,0.));
#5312 = PLANE('',#5313);
#5313 = AXIS2_PLACEMENT_3D('',#5314,#5315,#5316);
#5314 = CARTESIAN_POINT('',(-0.32,-2.78,8.46));
#5315 = DIRECTION('',(-1.735167508357E-18,0.707106781187,-0.707106781187
    ));
#5316 = DIRECTION('',(-1.,-1.226948711654E-18,1.226948711654E-18));
#5317 = ADVANCED_FACE('',(#5318),#5329,.T.);
#5318 = FACE_BOUND('',#5319,.T.);
#5319 = EDGE_LOOP('',(#5320,#5321,#5322,#5323));
#5320 = ORIENTED_EDGE('',*,*,#5299,.F.);
#5321 = ORIENTED_EDGE('',*,*,#4556,.T.);
#5322 = ORIENTED_EDGE('',*,*,#5251,.T.);
#5323 = ORIENTED_EDGE('',*,*,#5324,.F.);
#5324 = EDGE_CURVE('',#5300,#5252,#5325,.T.);
#5325 = LINE('',#5326,#5327);
#5326 = CARTESIAN_POINT('',(0.16,-2.86,8.54));
#5327 = VECTOR('',#5328,1.);
#5328 = DIRECTION('',(0.,1.,0.));
#5329 = PLANE('',#5330);
#5330 = AXIS2_PLACEMENT_3D('',#5331,#5332,#5333);
#5331 = CARTESIAN_POINT('',(0.24,-2.86,8.46));
#5332 = DIRECTION('',(0.707106781187,-1.735167508357E-18,0.707106781187)
  );
#5333 = DIRECTION('',(1.226948711654E-18,1.,1.226948711654E-18));
#5334 = ADVANCED_FACE('',(#5335),#5341,.F.);
#5335 = FACE_BOUND('',#5336,.F.);
#5336 = EDGE_LOOP('',(#5337,#5338,#5339,#5340));
#5337 = ORIENTED_EDGE('',*,*,#4652,.T.);
#5338 = ORIENTED_EDGE('',*,*,#4587,.F.);
#5339 = ORIENTED_EDGE('',*,*,#4611,.F.);
#5340 = ORIENTED_EDGE('',*,*,#4635,.T.);
#5341 = PLANE('',#5342);
#5342 = AXIS2_PLACEMENT_3D('',#5343,#5344,#5345);
#5343 = CARTESIAN_POINT('',(-0.32,-5.4,-3.));
#5344 = DIRECTION('',(0.,0.,1.));
#5345 = DIRECTION('',(1.,0.,-0.));
#5346 = ADVANCED_FACE('',(#5347),#5353,.F.);
#5347 = FACE_BOUND('',#5348,.F.);
#5348 = EDGE_LOOP('',(#5349,#5350,#5351,#5352));
#5349 = ORIENTED_EDGE('',*,*,#4683,.T.);
#5350 = ORIENTED_EDGE('',*,*,#4707,.F.);
#5351 = ORIENTED_EDGE('',*,*,#4731,.F.);
#5352 = ORIENTED_EDGE('',*,*,#4748,.T.);
#5353 = PLANE('',#5354);
#5354 = AXIS2_PLACEMENT_3D('',#5355,#5356,#5357);
#5355 = CARTESIAN_POINT('',(-0.32,-7.94,-3.));
#5356 = DIRECTION('',(0.,0.,1.));
#5357 = DIRECTION('',(1.,0.,-0.));
#5358 = ADVANCED_FACE('',(#5359),#5365,.F.);
#5359 = FACE_BOUND('',#5360,.F.);
#5360 = EDGE_LOOP('',(#5361,#5362,#5363,#5364));
#5361 = ORIENTED_EDGE('',*,*,#4779,.T.);
#5362 = ORIENTED_EDGE('',*,*,#4803,.F.);
#5363 = ORIENTED_EDGE('',*,*,#4827,.F.);
#5364 = ORIENTED_EDGE('',*,*,#4844,.T.);
#5365 = PLANE('',#5366);
#5366 = AXIS2_PLACEMENT_3D('',#5367,#5368,#5369);
#5367 = CARTESIAN_POINT('',(-0.32,-0.32,-3.));
#5368 = DIRECTION('',(0.,0.,1.));
#5369 = DIRECTION('',(1.,0.,-0.));
#5370 = ADVANCED_FACE('',(#5371),#5377,.F.);
#5371 = FACE_BOUND('',#5372,.F.);
#5372 = EDGE_LOOP('',(#5373,#5374,#5375,#5376));
#5373 = ORIENTED_EDGE('',*,*,#4940,.T.);
#5374 = ORIENTED_EDGE('',*,*,#4875,.F.);
#5375 = ORIENTED_EDGE('',*,*,#4899,.F.);
#5376 = ORIENTED_EDGE('',*,*,#4923,.T.);
#5377 = PLANE('',#5378);
#5378 = AXIS2_PLACEMENT_3D('',#5379,#5380,#5381);
#5379 = CARTESIAN_POINT('',(-0.32,-2.86,-3.));
#5380 = DIRECTION('',(0.,0.,1.));
#5381 = DIRECTION('',(1.,0.,-0.));
#5382 = ADVANCED_FACE('',(#5383),#5389,.T.);
#5383 = FACE_BOUND('',#5384,.T.);
#5384 = EDGE_LOOP('',(#5385,#5386,#5387,#5388));
#5385 = ORIENTED_EDGE('',*,*,#5036,.T.);
#5386 = ORIENTED_EDGE('',*,*,#4971,.F.);
#5387 = ORIENTED_EDGE('',*,*,#4995,.F.);
#5388 = ORIENTED_EDGE('',*,*,#5019,.T.);
#5389 = PLANE('',#5390);
#5390 = AXIS2_PLACEMENT_3D('',#5391,#5392,#5393);
#5391 = CARTESIAN_POINT('',(-0.32,-5.4,8.54));
#5392 = DIRECTION('',(0.,0.,1.));
#5393 = DIRECTION('',(1.,0.,-0.));
#5394 = ADVANCED_FACE('',(#5395),#5401,.T.);
#5395 = FACE_BOUND('',#5396,.T.);
#5396 = EDGE_LOOP('',(#5397,#5398,#5399,#5400));
#5397 = ORIENTED_EDGE('',*,*,#5067,.T.);
#5398 = ORIENTED_EDGE('',*,*,#5091,.F.);
#5399 = ORIENTED_EDGE('',*,*,#5115,.F.);
#5400 = ORIENTED_EDGE('',*,*,#5132,.T.);
#5401 = PLANE('',#5402);
#5402 = AXIS2_PLACEMENT_3D('',#5403,#5404,#5405);
#5403 = CARTESIAN_POINT('',(-0.32,-7.94,8.54));
#5404 = DIRECTION('',(0.,0.,1.));
#5405 = DIRECTION('',(1.,0.,-0.));
#5406 = ADVANCED_FACE('',(#5407),#5413,.T.);
#5407 = FACE_BOUND('',#5408,.T.);
#5408 = EDGE_LOOP('',(#5409,#5410,#5411,#5412));
#5409 = ORIENTED_EDGE('',*,*,#5163,.T.);
#5410 = ORIENTED_EDGE('',*,*,#5187,.F.);
#5411 = ORIENTED_EDGE('',*,*,#5211,.F.);
#5412 = ORIENTED_EDGE('',*,*,#5228,.T.);
#5413 = PLANE('',#5414);
#5414 = AXIS2_PLACEMENT_3D('',#5415,#5416,#5417);
#5415 = CARTESIAN_POINT('',(-0.32,-0.32,8.54));
#5416 = DIRECTION('',(0.,0.,1.));
#5417 = DIRECTION('',(1.,0.,-0.));
#5418 = ADVANCED_FACE('',(#5419),#5425,.T.);
#5419 = FACE_BOUND('',#5420,.T.);
#5420 = EDGE_LOOP('',(#5421,#5422,#5423,#5424));
#5421 = ORIENTED_EDGE('',*,*,#5324,.T.);
#5422 = ORIENTED_EDGE('',*,*,#5259,.F.);
#5423 = ORIENTED_EDGE('',*,*,#5283,.F.);
#5424 = ORIENTED_EDGE('',*,*,#5307,.T.);
#5425 = PLANE('',#5426);
#5426 = AXIS2_PLACEMENT_3D('',#5427,#5428,#5429);
#5427 = CARTESIAN_POINT('',(-0.32,-2.86,8.54));
#5428 = DIRECTION('',(0.,0.,1.));
#5429 = DIRECTION('',(1.,0.,-0.));
#5430 = ( GEOMETRIC_REPRESENTATION_CONTEXT(3) 
GLOBAL_UNCERTAINTY_ASSIGNED_CONTEXT((#5434)) 
GLOBAL_UNIT_ASSIGNED_CONTEXT((#5431,#5432,#5433)) REPRESENTATION_CONTEXT
('Context #1','3D Context with UNIT and UNCERTAINTY') );
#5431 = ( LENGTH_UNIT() NAMED_UNIT(*) SI_UNIT(.MILLI.,.METRE.) );
#5432 = ( NAMED_UNIT(*) PLANE_ANGLE_UNIT() SI_UNIT($,.RADIAN.) );
#5433 = ( NAMED_UNIT(*) SI_UNIT($,.STERADIAN.) SOLID_ANGLE_UNIT() );
#5434 = UNCERTAINTY_MEASURE_WITH_UNIT(LENGTH_MEASURE(1.E-07),#5431,
  'distance_accuracy_value','confusion accuracy');
#5435 = CONTEXT_DEPENDENT_SHAPE_REPRESENTATION(#5436,#5438);
#5436 = ( REPRESENTATION_RELATIONSHIP('','',#2649,#2626) 
REPRESENTATION_RELATIONSHIP_WITH_TRANSFORMATION(#5437) 
SHAPE_REPRESENTATION_RELATIONSHIP() );
#5437 = ITEM_DEFINED_TRANSFORMATION('','',#11,#2627);
#5438 = PRODUCT_DEFINITION_SHAPE('Placement','Placement of an item',
  #5439);
#5439 = NEXT_ASSEMBLY_USAGE_OCCURRENCE('9','=>[0:1:1:9]','',#2621,#2644,
  $);
#5440 = PRODUCT_RELATED_PRODUCT_CATEGORY('part',$,(#2646));
#5441 = CONTEXT_DEPENDENT_SHAPE_REPRESENTATION(#5442,#5444);
#5442 = ( REPRESENTATION_RELATIONSHIP('','',#204,#10) 
REPRESENTATION_RELATIONSHIP_WITH_TRANSFORMATION(#5443) 
SHAPE_REPRESENTATION_RELATIONSHIP() );
#5443 = ITEM_DEFINED_TRANSFORMATION('','',#11,#39);
#5444 = PRODUCT_DEFINITION_SHAPE('Placement','Placement of an item',
  #5445);
#5445 = NEXT_ASSEMBLY_USAGE_OCCURRENCE('11','R6','',#5,#199,$);
#5446 = SHAPE_DEFINITION_REPRESENTATION(#5447,#5453);
#5447 = PRODUCT_DEFINITION_SHAPE('','',#5448);
#5448 = PRODUCT_DEFINITION('design','',#5449,#5452);
#5449 = PRODUCT_DEFINITION_FORMATION('','',#5450);
#5450 = PRODUCT('CP_Radial_D5.0mm_P2.00mm','CP_Radial_D5.0mm_P2.00mm',''
  ,(#5451));
#5451 = PRODUCT_CONTEXT('',#2,'mechanical');
#5452 = PRODUCT_DEFINITION_CONTEXT('part definition',#2,'design');
#5453 = SHAPE_REPRESENTATION('',(#11,#5454),#5458);
#5454 = AXIS2_PLACEMENT_3D('',#5455,#5456,#5457);
#5455 = CARTESIAN_POINT('',(0.,0.,0.));
#5456 = DIRECTION('',(0.,0.,1.));
#5457 = DIRECTION('',(1.,0.,-0.));
#5458 = ( GEOMETRIC_REPRESENTATION_CONTEXT(3) 
GLOBAL_UNCERTAINTY_ASSIGNED_CONTEXT((#5462)) 
GLOBAL_UNIT_ASSIGNED_CONTEXT((#5459,#5460,#5461)) REPRESENTATION_CONTEXT
('Context #1','3D Context with UNIT and UNCERTAINTY') );
#5459 = ( LENGTH_UNIT() NAMED_UNIT(*) SI_UNIT(.MILLI.,.METRE.) );
#5460 = ( NAMED_UNIT(*) PLANE_ANGLE_UNIT() SI_UNIT($,.RADIAN.) );
#5461 = ( NAMED_UNIT(*) SI_UNIT($,.STERADIAN.) SOLID_ANGLE_UNIT() );
#5462 = UNCERTAINTY_MEASURE_WITH_UNIT(LENGTH_MEASURE(2.E-06),#5459,
  'distance_accuracy_value','confusion accuracy');
#5463 = CONTEXT_DEPENDENT_SHAPE_REPRESENTATION(#5464,#5466);
#5464 = ( REPRESENTATION_RELATIONSHIP('','',#5453,#10) 
REPRESENTATION_RELATIONSHIP_WITH_TRANSFORMATION(#5465) 
SHAPE_REPRESENTATION_RELATIONSHIP() );
#5465 = ITEM_DEFINED_TRANSFORMATION('','',#11,#43);
#5466 = PRODUCT_DEFINITION_SHAPE('Placement','Placement of an item',
  #5467);
#5467 = NEXT_ASSEMBLY_USAGE_OCCURRENCE('13','C14','',#5,#5448,$);
#5468 = PRODUCT_RELATED_PRODUCT_CATEGORY('part',$,(#5450));
#5469 = SHAPE_DEFINITION_REPRESENTATION(#5470,#5476);
#5470 = PRODUCT_DEFINITION_SHAPE('','',#5471);
#5471 = PRODUCT_DEFINITION('design','',#5472,#5475);
#5472 = PRODUCT_DEFINITION_FORMATION('','',#5473);
#5473 = PRODUCT('CP_Radial_D50mm_P200mm','CP_Radial_D50mm_P200mm','',(
    #5474));
#5474 = PRODUCT_CONTEXT('',#2,'mechanical');
#5475 = PRODUCT_DEFINITION_CONTEXT('part definition',#2,'design');
#5476 = ADVANCED_BREP_SHAPE_REPRESENTATION('',(#11,#5477),#7517);
#5477 = BREP_WITH_VOIDS('',#5478,(#7395));
#5478 = CLOSED_SHELL('',(#5479,#5496,#5521,#5570,#5603,#5621,#5646,#5678
    ,#5696,#5705,#5743,#5765,#5825,#5853,#6019,#6085,#6151,#6269,#6435,
    #6515,#6549,#6629,#6661,#6727,#6804,#6838,#6853,#6871,#6903,#6921,
    #7064,#7116,#7140,#7164,#7188,#7250,#7267,#7291,#7307,#7331,#7343,
    #7359,#7371,#7383));
#5479 = ADVANCED_FACE('',(#5480),#5491,.F.);
#5480 = FACE_BOUND('',#5481,.F.);
#5481 = EDGE_LOOP('',(#5482));
#5482 = ORIENTED_EDGE('',*,*,#5483,.T.);
#5483 = EDGE_CURVE('',#5484,#5484,#5486,.T.);
#5484 = VERTEX_POINT('',#5485);
#5485 = CARTESIAN_POINT('',(1.75,-9.184850993605E-17,-1.9));
#5486 = CIRCLE('',#5487,0.25);
#5487 = AXIS2_PLACEMENT_3D('',#5488,#5489,#5490);
#5488 = CARTESIAN_POINT('',(2.,-1.224646799147E-16,-1.9));
#5489 = DIRECTION('',(0.,0.,1.));
#5490 = DIRECTION('',(-1.,1.224646799147E-16,0.));
#5491 = PLANE('',#5492);
#5492 = AXIS2_PLACEMENT_3D('',#5493,#5494,#5495);
#5493 = CARTESIAN_POINT('',(2.,-1.443086680282E-16,-1.9));
#5494 = DIRECTION('',(-1.889979252092E-31,4.08046586736E-33,1.));
#5495 = DIRECTION('',(-1.,1.224646799147E-16,-1.889979252092E-31));
#5496 = ADVANCED_FACE('',(#5497),#5516,.T.);
#5497 = FACE_BOUND('',#5498,.T.);
#5498 = EDGE_LOOP('',(#5499,#5508,#5514,#5515));
#5499 = ORIENTED_EDGE('',*,*,#5500,.F.);
#5500 = EDGE_CURVE('',#5501,#5501,#5503,.T.);
#5501 = VERTEX_POINT('',#5502);
#5502 = CARTESIAN_POINT('',(1.75,-9.184850993605E-17,0.2));
#5503 = CIRCLE('',#5504,0.25);
#5504 = AXIS2_PLACEMENT_3D('',#5505,#5506,#5507);
#5505 = CARTESIAN_POINT('',(2.,-1.224646799147E-16,0.2));
#5506 = DIRECTION('',(0.,0.,1.));
#5507 = DIRECTION('',(-1.,1.224646799147E-16,0.));
#5508 = ORIENTED_EDGE('',*,*,#5509,.T.);
#5509 = EDGE_CURVE('',#5501,#5484,#5510,.T.);
#5510 = LINE('',#5511,#5512);
#5511 = CARTESIAN_POINT('',(1.75,-9.184850993605E-17,0.3));
#5512 = VECTOR('',#5513,1.);
#5513 = DIRECTION('',(0.,0.,-1.));
#5514 = ORIENTED_EDGE('',*,*,#5483,.T.);
#5515 = ORIENTED_EDGE('',*,*,#5509,.F.);
#5516 = CYLINDRICAL_SURFACE('',#5517,0.25);
#5517 = AXIS2_PLACEMENT_3D('',#5518,#5519,#5520);
#5518 = CARTESIAN_POINT('',(2.,-1.224646799147E-16,0.3));
#5519 = DIRECTION('',(0.,0.,1.));
#5520 = DIRECTION('',(-1.,1.224646799147E-16,0.));
#5521 = ADVANCED_FACE('',(#5522,#5551,#5554),#5565,.F.);
#5522 = FACE_BOUND('',#5523,.F.);
#5523 = EDGE_LOOP('',(#5524,#5535,#5544));
#5524 = ORIENTED_EDGE('',*,*,#5525,.T.);
#5525 = EDGE_CURVE('',#5526,#5528,#5530,.T.);
#5526 = VERTEX_POINT('',#5527);
#5527 = CARTESIAN_POINT('',(-0.75,2.143131898508E-16,0.2));
#5528 = VERTEX_POINT('',#5529);
#5529 = CARTESIAN_POINT('',(2.616789181895,-0.669696006639,0.2));
#5530 = CIRCLE('',#5531,1.75);
#5531 = AXIS2_PLACEMENT_3D('',#5532,#5533,#5534);
#5532 = CARTESIAN_POINT('',(1.,0.,0.2));
#5533 = DIRECTION('',(0.,0.,1.));
#5534 = DIRECTION('',(-1.,1.224646799147E-16,0.));
#5535 = ORIENTED_EDGE('',*,*,#5536,.T.);
#5536 = EDGE_CURVE('',#5528,#5537,#5539,.T.);
#5537 = VERTEX_POINT('',#5538);
#5538 = CARTESIAN_POINT('',(2.616789181895,0.669696006639,0.2));
#5539 = CIRCLE('',#5540,1.75);
#5540 = AXIS2_PLACEMENT_3D('',#5541,#5542,#5543);
#5541 = CARTESIAN_POINT('',(1.,0.,0.2));
#5542 = DIRECTION('',(0.,0.,1.));
#5543 = DIRECTION('',(-1.,1.224646799147E-16,0.));
#5544 = ORIENTED_EDGE('',*,*,#5545,.T.);
#5545 = EDGE_CURVE('',#5537,#5526,#5546,.T.);
#5546 = CIRCLE('',#5547,1.75);
#5547 = AXIS2_PLACEMENT_3D('',#5548,#5549,#5550);
#5548 = CARTESIAN_POINT('',(1.,0.,0.2));
#5549 = DIRECTION('',(0.,0.,1.));
#5550 = DIRECTION('',(-1.,1.224646799147E-16,0.));
#5551 = FACE_BOUND('',#5552,.F.);
#5552 = EDGE_LOOP('',(#5553));
#5553 = ORIENTED_EDGE('',*,*,#5500,.F.);
#5554 = FACE_BOUND('',#5555,.F.);
#5555 = EDGE_LOOP('',(#5556));
#5556 = ORIENTED_EDGE('',*,*,#5557,.F.);
#5557 = EDGE_CURVE('',#5558,#5558,#5560,.T.);
#5558 = VERTEX_POINT('',#5559);
#5559 = CARTESIAN_POINT('',(-0.25,1.530808498934E-16,0.2));
#5560 = CIRCLE('',#5561,0.25);
#5561 = AXIS2_PLACEMENT_3D('',#5562,#5563,#5564);
#5562 = CARTESIAN_POINT('',(0.,1.224646799147E-16,0.2));
#5563 = DIRECTION('',(0.,0.,1.));
#5564 = DIRECTION('',(-1.,1.224646799147E-16,0.));
#5565 = PLANE('',#5566);
#5566 = AXIS2_PLACEMENT_3D('',#5567,#5568,#5569);
#5567 = CARTESIAN_POINT('',(1.,-1.239108604125E-16,0.2));
#5568 = DIRECTION('',(0.,0.,1.));
#5569 = DIRECTION('',(-1.,1.224646799147E-16,0.));
#5570 = ADVANCED_FACE('',(#5571),#5598,.F.);
#5571 = FACE_BOUND('',#5572,.F.);
#5572 = EDGE_LOOP('',(#5573,#5581,#5582,#5583,#5591));
#5573 = ORIENTED_EDGE('',*,*,#5574,.F.);
#5574 = EDGE_CURVE('',#5528,#5575,#5577,.T.);
#5575 = VERTEX_POINT('',#5576);
#5576 = CARTESIAN_POINT('',(2.616789181895,-0.669696006639,0.));
#5577 = LINE('',#5578,#5579);
#5578 = CARTESIAN_POINT('',(2.616789181895,-0.669696006639,0.3));
#5579 = VECTOR('',#5580,1.);
#5580 = DIRECTION('',(0.,0.,-1.));
#5581 = ORIENTED_EDGE('',*,*,#5525,.F.);
#5582 = ORIENTED_EDGE('',*,*,#5545,.F.);
#5583 = ORIENTED_EDGE('',*,*,#5584,.T.);
#5584 = EDGE_CURVE('',#5537,#5585,#5587,.T.);
#5585 = VERTEX_POINT('',#5586);
#5586 = CARTESIAN_POINT('',(2.616789181895,0.669696006639,0.));
#5587 = LINE('',#5588,#5589);
#5588 = CARTESIAN_POINT('',(2.616789181895,0.669696006639,0.3));
#5589 = VECTOR('',#5590,1.);
#5590 = DIRECTION('',(0.,0.,-1.));
#5591 = ORIENTED_EDGE('',*,*,#5592,.F.);
#5592 = EDGE_CURVE('',#5575,#5585,#5593,.T.);
#5593 = CIRCLE('',#5594,1.75);
#5594 = AXIS2_PLACEMENT_3D('',#5595,#5596,#5597);
#5595 = CARTESIAN_POINT('',(1.,0.,0.));
#5596 = DIRECTION('',(0.,-0.,-1.));
#5597 = DIRECTION('',(0.923879532511,-0.382683432365,0.));
#5598 = CYLINDRICAL_SURFACE('',#5599,1.75);
#5599 = AXIS2_PLACEMENT_3D('',#5600,#5601,#5602);
#5600 = CARTESIAN_POINT('',(1.,0.,0.3));
#5601 = DIRECTION('',(0.,0.,-1.));
#5602 = DIRECTION('',(0.923879532511,-0.382683432365,0.));
#5603 = ADVANCED_FACE('',(#5604),#5616,.F.);
#5604 = FACE_BOUND('',#5605,.F.);
#5605 = EDGE_LOOP('',(#5606,#5607,#5608,#5609));
#5606 = ORIENTED_EDGE('',*,*,#5584,.F.);
#5607 = ORIENTED_EDGE('',*,*,#5536,.F.);
#5608 = ORIENTED_EDGE('',*,*,#5574,.T.);
#5609 = ORIENTED_EDGE('',*,*,#5610,.F.);
#5610 = EDGE_CURVE('',#5585,#5575,#5611,.T.);
#5611 = CIRCLE('',#5612,1.75);
#5612 = AXIS2_PLACEMENT_3D('',#5613,#5614,#5615);
#5613 = CARTESIAN_POINT('',(1.,0.,0.));
#5614 = DIRECTION('',(0.,0.,-1.));
#5615 = DIRECTION('',(0.923879532511,0.382683432365,0.));
#5616 = CYLINDRICAL_SURFACE('',#5617,1.75);
#5617 = AXIS2_PLACEMENT_3D('',#5618,#5619,#5620);
#5618 = CARTESIAN_POINT('',(1.,0.,0.3));
#5619 = DIRECTION('',(0.,0.,-1.));
#5620 = DIRECTION('',(0.923879532511,0.382683432365,0.));
#5621 = ADVANCED_FACE('',(#5622),#5641,.T.);
#5622 = FACE_BOUND('',#5623,.T.);
#5623 = EDGE_LOOP('',(#5624,#5625,#5633,#5640));
#5624 = ORIENTED_EDGE('',*,*,#5557,.F.);
#5625 = ORIENTED_EDGE('',*,*,#5626,.T.);
#5626 = EDGE_CURVE('',#5558,#5627,#5629,.T.);
#5627 = VERTEX_POINT('',#5628);
#5628 = CARTESIAN_POINT('',(-0.25,1.530808498934E-16,-2.));
#5629 = LINE('',#5630,#5631);
#5630 = CARTESIAN_POINT('',(-0.25,1.530808498934E-16,0.3));
#5631 = VECTOR('',#5632,1.);
#5632 = DIRECTION('',(0.,0.,-1.));
#5633 = ORIENTED_EDGE('',*,*,#5634,.T.);
#5634 = EDGE_CURVE('',#5627,#5627,#5635,.T.);
#5635 = CIRCLE('',#5636,0.25);
#5636 = AXIS2_PLACEMENT_3D('',#5637,#5638,#5639);
#5637 = CARTESIAN_POINT('',(0.,1.224646799147E-16,-2.));
#5638 = DIRECTION('',(0.,0.,1.));
#5639 = DIRECTION('',(-1.,1.224646799147E-16,0.));
#5640 = ORIENTED_EDGE('',*,*,#5626,.F.);
#5641 = CYLINDRICAL_SURFACE('',#5642,0.25);
#5642 = AXIS2_PLACEMENT_3D('',#5643,#5644,#5645);
#5643 = CARTESIAN_POINT('',(0.,1.224646799147E-16,0.3));
#5644 = DIRECTION('',(0.,0.,1.));
#5645 = DIRECTION('',(-1.,1.224646799147E-16,0.));
#5646 = ADVANCED_FACE('',(#5647),#5673,.T.);
#5647 = FACE_BOUND('',#5648,.F.);
#5648 = EDGE_LOOP('',(#5649,#5650,#5658,#5667));
#5649 = ORIENTED_EDGE('',*,*,#5592,.T.);
#5650 = ORIENTED_EDGE('',*,*,#5651,.T.);
#5651 = EDGE_CURVE('',#5585,#5652,#5654,.T.);
#5652 = VERTEX_POINT('',#5653);
#5653 = CARTESIAN_POINT('',(3.124922924776,0.88017189444,
    1.387778780781E-17));
#5654 = LINE('',#5655,#5656);
#5655 = CARTESIAN_POINT('',(2.616789181895,0.669696006639,0.));
#5656 = VECTOR('',#5657,1.);
#5657 = DIRECTION('',(0.923879532511,0.382683432365,0.));
#5658 = ORIENTED_EDGE('',*,*,#5659,.F.);
#5659 = EDGE_CURVE('',#5660,#5652,#5662,.T.);
#5660 = VERTEX_POINT('',#5661);
#5661 = CARTESIAN_POINT('',(3.124922924776,-0.88017189444,
    1.387778780781E-17));
#5662 = CIRCLE('',#5663,2.3);
#5663 = AXIS2_PLACEMENT_3D('',#5664,#5665,#5666);
#5664 = CARTESIAN_POINT('',(1.,0.,1.387778780781E-17));
#5665 = DIRECTION('',(0.,-0.,-1.));
#5666 = DIRECTION('',(0.923879532511,-0.382683432365,0.));
#5667 = ORIENTED_EDGE('',*,*,#5668,.F.);
#5668 = EDGE_CURVE('',#5575,#5660,#5669,.T.);
#5669 = LINE('',#5670,#5671);
#5670 = CARTESIAN_POINT('',(2.616789181895,-0.669696006639,0.));
#5671 = VECTOR('',#5672,1.);
#5672 = DIRECTION('',(0.923879532511,-0.382683432365,0.));
#5673 = PLANE('',#5674);
#5674 = AXIS2_PLACEMENT_3D('',#5675,#5676,#5677);
#5675 = CARTESIAN_POINT('',(1.,0.,0.));
#5676 = DIRECTION('',(0.,0.,-1.));
#5677 = DIRECTION('',(0.923879532511,-0.382683432365,0.));
#5678 = ADVANCED_FACE('',(#5679),#5691,.T.);
#5679 = FACE_BOUND('',#5680,.F.);
#5680 = EDGE_LOOP('',(#5681,#5682,#5683,#5690));
#5681 = ORIENTED_EDGE('',*,*,#5610,.T.);
#5682 = ORIENTED_EDGE('',*,*,#5668,.T.);
#5683 = ORIENTED_EDGE('',*,*,#5684,.F.);
#5684 = EDGE_CURVE('',#5652,#5660,#5685,.T.);
#5685 = CIRCLE('',#5686,2.3);
#5686 = AXIS2_PLACEMENT_3D('',#5687,#5688,#5689);
#5687 = CARTESIAN_POINT('',(1.,0.,1.387778780781E-17));
#5688 = DIRECTION('',(0.,0.,-1.));
#5689 = DIRECTION('',(0.923879532511,0.382683432365,0.));
#5690 = ORIENTED_EDGE('',*,*,#5651,.F.);
#5691 = PLANE('',#5692);
#5692 = AXIS2_PLACEMENT_3D('',#5693,#5694,#5695);
#5693 = CARTESIAN_POINT('',(1.,0.,0.));
#5694 = DIRECTION('',(0.,0.,-1.));
#5695 = DIRECTION('',(0.923879532511,0.382683432365,0.));
#5696 = ADVANCED_FACE('',(#5697),#5700,.F.);
#5697 = FACE_BOUND('',#5698,.F.);
#5698 = EDGE_LOOP('',(#5699));
#5699 = ORIENTED_EDGE('',*,*,#5634,.T.);
#5700 = PLANE('',#5701);
#5701 = AXIS2_PLACEMENT_3D('',#5702,#5703,#5704);
#5702 = CARTESIAN_POINT('',(-2.22044604925E-16,1.006206918012E-16,-2.));
#5703 = DIRECTION('',(2.218671295934E-31,4.08046586736E-33,1.));
#5704 = DIRECTION('',(-1.,1.224646799147E-16,2.218671295934E-31));
#5705 = ADVANCED_FACE('',(#5706),#5734,.F.);
#5706 = FACE_BOUND('',#5707,.F.);
#5707 = EDGE_LOOP('',(#5708,#5709,#5718,#5727));
#5708 = ORIENTED_EDGE('',*,*,#5659,.T.);
#5709 = ORIENTED_EDGE('',*,*,#5710,.T.);
#5710 = EDGE_CURVE('',#5652,#5711,#5713,.T.);
#5711 = VERTEX_POINT('',#5712);
#5712 = CARTESIAN_POINT('',(3.309698831278,0.956708580913,0.2));
#5713 = CIRCLE('',#5714,0.2);
#5714 = AXIS2_PLACEMENT_3D('',#5715,#5716,#5717);
#5715 = CARTESIAN_POINT('',(3.124922924776,0.88017189444,0.2));
#5716 = DIRECTION('',(0.382683432365,-0.923879532511,0.));
#5717 = DIRECTION('',(0.,0.,-1.));
#5718 = ORIENTED_EDGE('',*,*,#5719,.F.);
#5719 = EDGE_CURVE('',#5720,#5711,#5722,.T.);
#5720 = VERTEX_POINT('',#5721);
#5721 = CARTESIAN_POINT('',(3.309698831278,-0.956708580913,0.2));
#5722 = CIRCLE('',#5723,2.5);
#5723 = AXIS2_PLACEMENT_3D('',#5724,#5725,#5726);
#5724 = CARTESIAN_POINT('',(1.,0.,0.2));
#5725 = DIRECTION('',(0.,-0.,-1.));
#5726 = DIRECTION('',(0.923879532511,-0.382683432365,0.));
#5727 = ORIENTED_EDGE('',*,*,#5728,.F.);
#5728 = EDGE_CURVE('',#5660,#5720,#5729,.T.);
#5729 = CIRCLE('',#5730,0.2);
#5730 = AXIS2_PLACEMENT_3D('',#5731,#5732,#5733);
#5731 = CARTESIAN_POINT('',(3.124922924776,-0.88017189444,0.2));
#5732 = DIRECTION('',(-0.382683432365,-0.923879532511,-0.));
#5733 = DIRECTION('',(0.,0.,-1.));
#5734 = SURFACE_OF_REVOLUTION('',#5735,#5740);
#5735 = CIRCLE('',#5736,0.2);
#5736 = AXIS2_PLACEMENT_3D('',#5737,#5738,#5739);
#5737 = CARTESIAN_POINT('',(3.124922924776,-0.88017189444,0.2));
#5738 = DIRECTION('',(-0.382683432365,-0.923879532511,-0.));
#5739 = DIRECTION('',(0.,0.,-1.));
#5740 = AXIS1_PLACEMENT('',#5741,#5742);
#5741 = CARTESIAN_POINT('',(1.,0.,0.));
#5742 = DIRECTION('',(0.,0.,-1.));
#5743 = ADVANCED_FACE('',(#5744),#5756,.F.);
#5744 = FACE_BOUND('',#5745,.F.);
#5745 = EDGE_LOOP('',(#5746,#5747,#5748,#5755));
#5746 = ORIENTED_EDGE('',*,*,#5684,.T.);
#5747 = ORIENTED_EDGE('',*,*,#5728,.T.);
#5748 = ORIENTED_EDGE('',*,*,#5749,.F.);
#5749 = EDGE_CURVE('',#5711,#5720,#5750,.T.);
#5750 = CIRCLE('',#5751,2.5);
#5751 = AXIS2_PLACEMENT_3D('',#5752,#5753,#5754);
#5752 = CARTESIAN_POINT('',(1.,0.,0.2));
#5753 = DIRECTION('',(0.,0.,-1.));
#5754 = DIRECTION('',(0.923879532511,0.382683432365,0.));
#5755 = ORIENTED_EDGE('',*,*,#5710,.F.);
#5756 = SURFACE_OF_REVOLUTION('',#5757,#5762);
#5757 = CIRCLE('',#5758,0.2);
#5758 = AXIS2_PLACEMENT_3D('',#5759,#5760,#5761);
#5759 = CARTESIAN_POINT('',(3.124922924776,0.88017189444,0.2));
#5760 = DIRECTION('',(0.382683432365,-0.923879532511,0.));
#5761 = DIRECTION('',(0.,0.,-1.));
#5762 = AXIS1_PLACEMENT('',#5763,#5764);
#5763 = CARTESIAN_POINT('',(1.,0.,0.));
#5764 = DIRECTION('',(0.,0.,-1.));
#5765 = ADVANCED_FACE('',(#5766),#5820,.T.);
#5766 = FACE_BOUND('',#5767,.T.);
#5767 = EDGE_LOOP('',(#5768,#5807,#5813,#5814));
#5768 = ORIENTED_EDGE('',*,*,#5769,.T.);
#5769 = EDGE_CURVE('',#5770,#5772,#5774,.T.);
#5770 = VERTEX_POINT('',#5771);
#5771 = CARTESIAN_POINT('',(3.309698831278,-0.956708580913,
    1.064979142851));
#5772 = VERTEX_POINT('',#5773);
#5773 = CARTESIAN_POINT('',(3.309698831278,0.956708580913,1.064979142851
    ));
#5774 = B_SPLINE_CURVE_WITH_KNOTS('',11,(#5775,#5776,#5777,#5778,#5779,
    #5780,#5781,#5782,#5783,#5784,#5785,#5786,#5787,#5788,#5789,#5790,
    #5791,#5792,#5793,#5794,#5795,#5796,#5797,#5798,#5799,#5800,#5801,
    #5802,#5803,#5804,#5805,#5806),.UNSPECIFIED.,.F.,.F.,(12,10,10,12),(
    -0.585615641583,2.874910026413E-15,13.744467859455,14.330083501039),
  .UNSPECIFIED.);
#5775 = CARTESIAN_POINT('',(3.533804235046,-0.415670275735,
    1.064979142851));
#5776 = CARTESIAN_POINT('',(3.513289829604,-0.465196431576,
    1.064979142851));
#5777 = CARTESIAN_POINT('',(3.492803661547,-0.514654416342,
    1.064979142851));
#5778 = CARTESIAN_POINT('',(3.472345730872,-0.564044230035,
    1.064979142851));
#5779 = CARTESIAN_POINT('',(3.451916037581,-0.613365872653,
    1.064979142851));
#5780 = CARTESIAN_POINT('',(3.431514581673,-0.662619344198,
    1.064979142851));
#5781 = CARTESIAN_POINT('',(3.411141363149,-0.711804644669,
    1.064979142851));
#5782 = CARTESIAN_POINT('',(3.390796382008,-0.760921774065,
    1.064979142851));
#5783 = CARTESIAN_POINT('',(3.370479638251,-0.809970732388,
    1.064979142851));
#5784 = CARTESIAN_POINT('',(3.350191131876,-0.858951519637,
    1.064979142851));
#5785 = CARTESIAN_POINT('',(3.329930862886,-0.907864135812,
    1.064979142851));
#5786 = CARTESIAN_POINT('',(2.834850674205,-2.103093441787,
    1.064979142851));
#5787 = CARTESIAN_POINT('',(1.727586252494,-3.009448724487,
    1.064979062911));
#5788 = CARTESIAN_POINT('',(0.105855011951,-3.257464103804,
    1.064979307428));
#5789 = CARTESIAN_POINT('',(-1.475741298782,-2.506760000403,
    1.064978963603));
#5790 = CARTESIAN_POINT('',(-2.588653308495,-1.059860959896,
    1.064979218435));
#5791 = CARTESIAN_POINT('',(-2.588653308509,1.059860959896,
    1.064979218442));
#5792 = CARTESIAN_POINT('',(-1.475741298772,2.506760000402,
    1.064978963597));
#5793 = CARTESIAN_POINT('',(0.105855011945,3.257464103804,1.064979307432
    ));
#5794 = CARTESIAN_POINT('',(1.727586252497,3.009448724487,1.064979062909
    ));
#5795 = CARTESIAN_POINT('',(2.834850674204,2.103093441788,1.064979142851
    ));
#5796 = CARTESIAN_POINT('',(3.329930862886,0.907864135812,1.064979142851
    ));
#5797 = CARTESIAN_POINT('',(3.350191131876,0.858951519637,1.064979142851
    ));
#5798 = CARTESIAN_POINT('',(3.370479638251,0.809970732388,1.064979142851
    ));
#5799 = CARTESIAN_POINT('',(3.390796382008,0.760921774065,1.064979142851
    ));
#5800 = CARTESIAN_POINT('',(3.411141363149,0.711804644669,1.064979142851
    ));
#5801 = CARTESIAN_POINT('',(3.431514581673,0.662619344198,1.064979142851
    ));
#5802 = CARTESIAN_POINT('',(3.451916037581,0.613365872653,1.064979142851
    ));
#5803 = CARTESIAN_POINT('',(3.472345730872,0.564044230035,1.064979142851
    ));
#5804 = CARTESIAN_POINT('',(3.492803661547,0.514654416342,1.064979142851
    ));
#5805 = CARTESIAN_POINT('',(3.513289829605,0.465196431576,1.064979142851
    ));
#5806 = CARTESIAN_POINT('',(3.533804235046,0.415670275736,1.064979142851
    ));
#5807 = ORIENTED_EDGE('',*,*,#5808,.F.);
#5808 = EDGE_CURVE('',#5711,#5772,#5809,.T.);
#5809 = LINE('',#5810,#5811);
#5810 = CARTESIAN_POINT('',(3.309698831278,0.956708580913,0.2));
#5811 = VECTOR('',#5812,1.);
#5812 = DIRECTION('',(0.,0.,1.));
#5813 = ORIENTED_EDGE('',*,*,#5719,.F.);
#5814 = ORIENTED_EDGE('',*,*,#5815,.T.);
#5815 = EDGE_CURVE('',#5720,#5770,#5816,.T.);
#5816 = LINE('',#5817,#5818);
#5817 = CARTESIAN_POINT('',(3.309698831278,-0.956708580913,0.2));
#5818 = VECTOR('',#5819,1.);
#5819 = DIRECTION('',(0.,0.,1.));
#5820 = CYLINDRICAL_SURFACE('',#5821,2.5);
#5821 = AXIS2_PLACEMENT_3D('',#5822,#5823,#5824);
#5822 = CARTESIAN_POINT('',(1.,0.,0.2));
#5823 = DIRECTION('',(0.,0.,1.));
#5824 = DIRECTION('',(0.923879532511,-0.382683432365,0.));
#5825 = ADVANCED_FACE('',(#5826),#5848,.T.);
#5826 = FACE_BOUND('',#5827,.T.);
#5827 = EDGE_LOOP('',(#5828,#5845,#5846,#5847));
#5828 = ORIENTED_EDGE('',*,*,#5829,.T.);
#5829 = EDGE_CURVE('',#5772,#5770,#5830,.T.);
#5830 = B_SPLINE_CURVE_WITH_KNOTS('',5,(#5831,#5832,#5833,#5834,#5835,
    #5836,#5837,#5838,#5839,#5840,#5841,#5842,#5843,#5844),
  .UNSPECIFIED.,.F.,.F.,(6,4,4,6),(-0.119413470026,-1.353371911114E-07,
    1.96349554383,2.08290869425),.UNSPECIFIED.);
#5831 = CARTESIAN_POINT('',(3.264001325546,1.067032118743,1.064979142851
    ));
#5832 = CARTESIAN_POINT('',(3.273140829292,1.0449674049,1.064979142851)
  );
#5833 = CARTESIAN_POINT('',(3.282280331654,1.0229026944,1.064979142851)
  );
#5834 = CARTESIAN_POINT('',(3.291419832631,1.000837987243,1.064979142851
    ));
#5835 = CARTESIAN_POINT('',(3.300559332224,0.978773283428,1.064979142851
    ));
#5836 = CARTESIAN_POINT('',(3.45997823841,0.593901998977,1.064979142851)
  );
#5837 = CARTESIAN_POINT('',(3.539038746156,0.201591257513,1.064979142851
    ));
#5838 = CARTESIAN_POINT('',(3.539039291386,-0.201589955698,
    1.064979142851));
#5839 = CARTESIAN_POINT('',(3.45997851584,-0.593901329202,1.064979142851
    ));
#5840 = CARTESIAN_POINT('',(3.300559329455,-0.978773290113,
    1.064979142851));
#5841 = CARTESIAN_POINT('',(3.291419828478,-1.00083799727,1.064979142851
    ));
#5842 = CARTESIAN_POINT('',(3.2822803275,-1.022902704428,1.064979142851)
  );
#5843 = CARTESIAN_POINT('',(3.273140826523,-1.044967411585,
    1.064979142851));
#5844 = CARTESIAN_POINT('',(3.264001325546,-1.067032118743,
    1.064979142851));
#5845 = ORIENTED_EDGE('',*,*,#5815,.F.);
#5846 = ORIENTED_EDGE('',*,*,#5749,.F.);
#5847 = ORIENTED_EDGE('',*,*,#5808,.T.);
#5848 = CYLINDRICAL_SURFACE('',#5849,2.5);
#5849 = AXIS2_PLACEMENT_3D('',#5850,#5851,#5852);
#5850 = CARTESIAN_POINT('',(1.,0.,0.2));
#5851 = DIRECTION('',(0.,0.,1.));
#5852 = DIRECTION('',(0.923879532511,0.382683432365,-0.));
#5853 = ADVANCED_FACE('',(#5854),#5922,.T.);
#5854 = FACE_BOUND('',#5855,.T.);
#5855 = EDGE_LOOP('',(#5856,#5871,#5908,#5921));
#5856 = ORIENTED_EDGE('',*,*,#5857,.T.);
#5857 = EDGE_CURVE('',#5770,#5858,#5860,.T.);
#5858 = VERTEX_POINT('',#5859);
#5859 = CARTESIAN_POINT('',(3.235446538439,-0.925952274181,
    1.269338405373));
#5860 = B_SPLINE_CURVE_WITH_KNOTS('',5,(#5861,#5862,#5863,#5864,#5865,
    #5866,#5867,#5868,#5869,#5870),.UNSPECIFIED.,.F.,.F.,(6,4,6),(0.,0.5
    ,1.),.UNSPECIFIED.);
#5861 = CARTESIAN_POINT('',(3.309698831278,-0.956708580913,
    1.064979142851));
#5862 = CARTESIAN_POINT('',(3.30969883117,-0.956708580868,1.086946886076
    ));
#5863 = CARTESIAN_POINT('',(3.307841659805,-0.955939315301,
    1.109289585017));
#5864 = CARTESIAN_POINT('',(3.303997166347,-0.95434687397,1.131655175667
    ));
#5865 = CARTESIAN_POINT('',(3.298159251937,-0.951928730645,
    1.153610443506));
#5866 = CARTESIAN_POINT('',(3.282778034968,-0.945557621971,
    1.195943064308));
#5867 = CARTESIAN_POINT('',(3.273234543788,-0.941604578492,1.2163209364)
  );
#5868 = CARTESIAN_POINT('',(3.261973435419,-0.936940074678,
    1.235529410754));
#5869 = CARTESIAN_POINT('',(3.249271815997,-0.93167889165,1.253255827993
    ));
#5870 = CARTESIAN_POINT('',(3.235446538439,-0.925952274181,
    1.269338405373));
#5871 = ORIENTED_EDGE('',*,*,#5872,.T.);
#5872 = EDGE_CURVE('',#5858,#5873,#5875,.T.);
#5873 = VERTEX_POINT('',#5874);
#5874 = CARTESIAN_POINT('',(3.235446538439,0.925952274181,1.269338405373
    ));
#5875 = B_SPLINE_CURVE_WITH_KNOTS('',11,(#5876,#5877,#5878,#5879,#5880,
    #5881,#5882,#5883,#5884,#5885,#5886,#5887,#5888,#5889,#5890,#5891,
    #5892,#5893,#5894,#5895,#5896,#5897,#5898,#5899,#5900,#5901,#5902,
    #5903,#5904,#5905,#5906,#5907),.UNSPECIFIED.,.F.,.F.,(12,10,10,12),(
    -0.585615641583,2.874910026413E-15,13.744467859455,14.330083501039),
  .UNSPECIFIED.);
#5876 = CARTESIAN_POINT('',(3.459551942206,-0.384913969004,
    1.269338405373));
#5877 = CARTESIAN_POINT('',(3.438387116582,-0.43601037807,1.269338405373
    ));
#5878 = CARTESIAN_POINT('',(3.417380612378,-0.486724565418,
    1.269338405373));
#5879 = CARTESIAN_POINT('',(3.396532429594,-0.537056531046,
    1.269338405373));
#5880 = CARTESIAN_POINT('',(3.37584256823,-0.587006274955,1.269338405373
    ));
#5881 = CARTESIAN_POINT('',(3.355311028286,-0.636573797145,
    1.269338405373));
#5882 = CARTESIAN_POINT('',(3.334937809761,-0.685759097616,
    1.269338405373));
#5883 = CARTESIAN_POINT('',(3.314722912657,-0.734562176367,
    1.269338405373));
#5884 = CARTESIAN_POINT('',(3.294666336973,-0.782983033399,
    1.269338405373));
#5885 = CARTESIAN_POINT('',(3.274768082708,-0.831021668713,
    1.269338405373));
#5886 = CARTESIAN_POINT('',(3.255028149863,-0.878678082306,
    1.269338405373));
#5887 = CARTESIAN_POINT('',(2.775863819411,-2.03548310749,1.269338405373
    ));
#5888 = CARTESIAN_POINT('',(1.704091980563,-2.912929929979,
    1.269338420699));
#5889 = CARTESIAN_POINT('',(0.134360577618,-3.152280979089,1.26933837382
    ));
#5890 = CARTESIAN_POINT('',(-1.395396108631,-2.426388868524,
    1.26933843974));
#5891 = CARTESIAN_POINT('',(-2.473728053044,-1.02623416819,
    1.269338390878));
#5892 = CARTESIAN_POINT('',(-2.473728053057,1.026234168191,
    1.269338390886));
#5893 = CARTESIAN_POINT('',(-1.395396108622,2.426388868523,
    1.269338439734));
#5894 = CARTESIAN_POINT('',(0.134360577613,3.152280979089,1.269338373823
    ));
#5895 = CARTESIAN_POINT('',(1.704091980565,2.912929929979,1.269338420697
    ));
#5896 = CARTESIAN_POINT('',(2.775863819411,2.03548310749,1.269338405373)
  );
#5897 = CARTESIAN_POINT('',(3.255028149863,0.878678082306,1.269338405373
    ));
#5898 = CARTESIAN_POINT('',(3.274768082708,0.831021668713,1.269338405373
    ));
#5899 = CARTESIAN_POINT('',(3.294666336973,0.782983033399,1.269338405373
    ));
#5900 = CARTESIAN_POINT('',(3.314722912657,0.734562176367,1.269338405373
    ));
#5901 = CARTESIAN_POINT('',(3.334937809762,0.685759097616,1.269338405373
    ));
#5902 = CARTESIAN_POINT('',(3.355311028286,0.636573797145,1.269338405373
    ));
#5903 = CARTESIAN_POINT('',(3.37584256823,0.587006274955,1.269338405373)
  );
#5904 = CARTESIAN_POINT('',(3.396532429594,0.537056531046,1.269338405373
    ));
#5905 = CARTESIAN_POINT('',(3.417380612378,0.486724565418,1.269338405373
    ));
#5906 = CARTESIAN_POINT('',(3.438387116583,0.436010378071,1.269338405373
    ));
#5907 = CARTESIAN_POINT('',(3.459551942206,0.384913969004,1.269338405373
    ));
#5908 = ORIENTED_EDGE('',*,*,#5909,.F.);
#5909 = EDGE_CURVE('',#5772,#5873,#5910,.T.);
#5910 = B_SPLINE_CURVE_WITH_KNOTS('',5,(#5911,#5912,#5913,#5914,#5915,
    #5916,#5917,#5918,#5919,#5920),.UNSPECIFIED.,.F.,.F.,(6,4,6),(0.,0.5
    ,1.),.UNSPECIFIED.);
#5911 = CARTESIAN_POINT('',(3.309698831278,0.956708580913,1.064979142851
    ));
#5912 = CARTESIAN_POINT('',(3.30969883117,0.956708580868,1.086946886076)
  );
#5913 = CARTESIAN_POINT('',(3.307841659805,0.955939315301,1.109289585017
    ));
#5914 = CARTESIAN_POINT('',(3.303997166347,0.95434687397,1.131655175667)
  );
#5915 = CARTESIAN_POINT('',(3.298159251937,0.951928730645,1.153610443506
    ));
#5916 = CARTESIAN_POINT('',(3.282778034968,0.945557621971,1.195943064308
    ));
#5917 = CARTESIAN_POINT('',(3.273234543788,0.941604578492,1.2163209364)
  );
#5918 = CARTESIAN_POINT('',(3.261973435419,0.936940074678,1.235529410754
    ));
#5919 = CARTESIAN_POINT('',(3.249271815997,0.93167889165,1.253255827993)
  );
#5920 = CARTESIAN_POINT('',(3.235446538439,0.925952274181,1.269338405373
    ));
#5921 = ORIENTED_EDGE('',*,*,#5769,.F.);
#5922 = ( BOUNDED_SURFACE() B_SPLINE_SURFACE(2,11,(
    (#5923,#5924,#5925,#5926,#5927,#5928,#5929,#5930,#5931,#5932,#5933
      ,#5934,#5935,#5936,#5937,#5938,#5939,#5940,#5941,#5942,#5943,#5944
      ,#5945,#5946,#5947,#5948,#5949,#5950,#5951,#5952,#5953,#5954)
    ,(#5955,#5956,#5957,#5958,#5959,#5960,#5961,#5962,#5963,#5964,#5965
      ,#5966,#5967,#5968,#5969,#5970,#5971,#5972,#5973,#5974,#5975,#5976
      ,#5977,#5978,#5979,#5980,#5981,#5982,#5983,#5984,#5985,#5986)
    ,(#5987,#5988,#5989,#5990,#5991,#5992,#5993,#5994,#5995,#5996,#5997
      ,#5998,#5999,#6000,#6001,#6002,#6003,#6004,#6005,#6006,#6007,#6008
      ,#6009,#6010,#6011,#6012,#6013,#6014,#6015,#6016,#6017,#6018
)),.UNSPECIFIED.,.F.,.F.,.F.) B_SPLINE_SURFACE_WITH_KNOTS((3,3),(12,10,
    10,12),(0.,13.744467859455),(-0.585615641583,2.874910026413E-15,
    13.744467859455,14.330083501039),.UNSPECIFIED.) 
GEOMETRIC_REPRESENTATION_ITEM() RATIONAL_B_SPLINE_SURFACE((
    (1.,1.,1.,1.,1.,1.,1.,1.,1.,1.,1.,1.,1.,1.,1.,1.,1.,1.,1.,1.,1.,1.
      ,1.,1.,1.,1.,1.,1.,1.,1.,1.,1.)
    ,(0.93061798229,0.93061798229,0.93061798229,0.93061798229
      ,0.93061798229,0.93061798229,0.93061798229,0.93061798229
      ,0.93061798229,0.93061798229,0.93061798229,0.93061798229
      ,0.930617902914,0.930618145704,0.930617804307,0.93061805734
      ,0.930618057346,0.930617804303,0.930618145707,0.930617902913
      ,0.93061798229,0.93061798229,0.93061798229,0.93061798229
      ,0.93061798229,0.93061798229,0.93061798229,0.93061798229
      ,0.93061798229,0.93061798229,0.93061798229,0.93061798229)
    ,(1.,1.,1.,1.,1.,1.,1.,1.,1.,1.,1.,1.,1.,1.,1.,1.,1.,1.,1.,1.,1.,1.
,1.,1.,1.,1.,1.,1.,1.,1.,1.,1.))) REPRESENTATION_ITEM('') SURFACE() );
#5923 = CARTESIAN_POINT('',(3.533804235046,-0.415670275735,
    1.064979142851));
#5924 = CARTESIAN_POINT('',(3.513289829604,-0.465196431576,
    1.064979142851));
#5925 = CARTESIAN_POINT('',(3.492803661547,-0.514654416342,
    1.064979142851));
#5926 = CARTESIAN_POINT('',(3.472345730872,-0.564044230035,
    1.064979142851));
#5927 = CARTESIAN_POINT('',(3.451916037581,-0.613365872653,
    1.064979142851));
#5928 = CARTESIAN_POINT('',(3.431514581673,-0.662619344198,
    1.064979142851));
#5929 = CARTESIAN_POINT('',(3.411141363149,-0.711804644669,
    1.064979142851));
#5930 = CARTESIAN_POINT('',(3.390796382008,-0.760921774065,
    1.064979142851));
#5931 = CARTESIAN_POINT('',(3.370479638251,-0.809970732388,
    1.064979142851));
#5932 = CARTESIAN_POINT('',(3.350191131876,-0.858951519637,
    1.064979142851));
#5933 = CARTESIAN_POINT('',(3.329930862886,-0.907864135812,
    1.064979142851));
#5934 = CARTESIAN_POINT('',(2.834850674205,-2.103093441787,
    1.064979142851));
#5935 = CARTESIAN_POINT('',(1.727586252494,-3.009448724487,
    1.064979062911));
#5936 = CARTESIAN_POINT('',(0.105855011951,-3.257464103804,
    1.064979307428));
#5937 = CARTESIAN_POINT('',(-1.475741298782,-2.506760000403,
    1.064978963603));
#5938 = CARTESIAN_POINT('',(-2.588653308495,-1.059860959896,
    1.064979218435));
#5939 = CARTESIAN_POINT('',(-2.588653308509,1.059860959896,
    1.064979218442));
#5940 = CARTESIAN_POINT('',(-1.475741298772,2.506760000402,
    1.064978963597));
#5941 = CARTESIAN_POINT('',(0.105855011945,3.257464103804,1.064979307432
    ));
#5942 = CARTESIAN_POINT('',(1.727586252497,3.009448724487,1.064979062909
    ));
#5943 = CARTESIAN_POINT('',(2.834850674204,2.103093441788,1.064979142851
    ));
#5944 = CARTESIAN_POINT('',(3.329930862886,0.907864135812,1.064979142851
    ));
#5945 = CARTESIAN_POINT('',(3.350191131876,0.858951519637,1.064979142851
    ));
#5946 = CARTESIAN_POINT('',(3.370479638251,0.809970732388,1.064979142851
    ));
#5947 = CARTESIAN_POINT('',(3.390796382008,0.760921774065,1.064979142851
    ));
#5948 = CARTESIAN_POINT('',(3.411141363149,0.711804644669,1.064979142851
    ));
#5949 = CARTESIAN_POINT('',(3.431514581673,0.662619344198,1.064979142851
    ));
#5950 = CARTESIAN_POINT('',(3.451916037581,0.613365872653,1.064979142851
    ));
#5951 = CARTESIAN_POINT('',(3.472345730872,0.564044230035,1.064979142851
    ));
#5952 = CARTESIAN_POINT('',(3.492803661547,0.514654416342,1.064979142851
    ));
#5953 = CARTESIAN_POINT('',(3.513289829605,0.465196431576,1.064979142851
    ));
#5954 = CARTESIAN_POINT('',(3.533804235046,0.415670275736,1.064979142851
    ));
#5955 = CARTESIAN_POINT('',(3.533804235046,-0.415670275735,
    1.182962690499));
#5956 = CARTESIAN_POINT('',(3.513289829604,-0.465196431576,
    1.182962690499));
#5957 = CARTESIAN_POINT('',(3.492803661547,-0.514654416342,
    1.182962690499));
#5958 = CARTESIAN_POINT('',(3.472345730872,-0.564044230035,
    1.182962690499));
#5959 = CARTESIAN_POINT('',(3.451916037581,-0.613365872653,
    1.182962690499));
#5960 = CARTESIAN_POINT('',(3.431514581673,-0.662619344198,
    1.182962690499));
#5961 = CARTESIAN_POINT('',(3.411141363149,-0.711804644669,
    1.182962690499));
#5962 = CARTESIAN_POINT('',(3.390796382008,-0.760921774065,
    1.182962690499));
#5963 = CARTESIAN_POINT('',(3.37047963825,-0.809970732388,1.182962690499
    ));
#5964 = CARTESIAN_POINT('',(3.350191131876,-0.858951519637,
    1.182962690499));
#5965 = CARTESIAN_POINT('',(3.329930862886,-0.907864135812,
    1.182962690499));
#5966 = CARTESIAN_POINT('',(2.834850674205,-2.103093441788,
    1.182962690499));
#5967 = CARTESIAN_POINT('',(1.727586214542,-3.009448936943,
    1.182962685685));
#5968 = CARTESIAN_POINT('',(0.105855341319,-3.257463206685,1.18296270041
    ));
#5969 = CARTESIAN_POINT('',(-1.475741895234,-2.506761759151,
    1.182962679705));
#5970 = CARTESIAN_POINT('',(-2.588652975416,-1.059858637809,
    1.182962695051));
#5971 = CARTESIAN_POINT('',(-2.588652975407,1.059858637802,
    1.182962695051));
#5972 = CARTESIAN_POINT('',(-1.475741895235,2.506761759163,
    1.182962679705));
#5973 = CARTESIAN_POINT('',(0.105855341315,3.257463206676,1.18296270041)
  );
#5974 = CARTESIAN_POINT('',(1.727586214545,3.009448936947,1.182962685685
    ));
#5975 = CARTESIAN_POINT('',(2.834850674204,2.103093441787,1.182962690499
    ));
#5976 = CARTESIAN_POINT('',(3.329930862886,0.907864135812,1.182962690499
    ));
#5977 = CARTESIAN_POINT('',(3.350191131876,0.858951519637,1.182962690499
    ));
#5978 = CARTESIAN_POINT('',(3.370479638251,0.809970732388,1.182962690499
    ));
#5979 = CARTESIAN_POINT('',(3.390796382008,0.760921774065,1.182962690499
    ));
#5980 = CARTESIAN_POINT('',(3.411141363149,0.711804644669,1.182962690499
    ));
#5981 = CARTESIAN_POINT('',(3.431514581674,0.662619344198,1.182962690499
    ));
#5982 = CARTESIAN_POINT('',(3.451916037581,0.613365872653,1.182962690499
    ));
#5983 = CARTESIAN_POINT('',(3.472345730872,0.564044230035,1.182962690499
    ));
#5984 = CARTESIAN_POINT('',(3.492803661547,0.514654416342,1.182962690499
    ));
#5985 = CARTESIAN_POINT('',(3.513289829605,0.465196431576,1.182962690499
    ));
#5986 = CARTESIAN_POINT('',(3.533804235046,0.415670275736,1.182962690499
    ));
#5987 = CARTESIAN_POINT('',(3.459551942206,-0.384913969004,
    1.269338405373));
#5988 = CARTESIAN_POINT('',(3.438387116582,-0.43601037807,1.269338405373
    ));
#5989 = CARTESIAN_POINT('',(3.417380612378,-0.486724565418,
    1.269338405373));
#5990 = CARTESIAN_POINT('',(3.396532429594,-0.537056531046,
    1.269338405373));
#5991 = CARTESIAN_POINT('',(3.37584256823,-0.587006274955,1.269338405373
    ));
#5992 = CARTESIAN_POINT('',(3.355311028286,-0.636573797145,
    1.269338405373));
#5993 = CARTESIAN_POINT('',(3.334937809761,-0.685759097616,
    1.269338405373));
#5994 = CARTESIAN_POINT('',(3.314722912657,-0.734562176367,
    1.269338405373));
#5995 = CARTESIAN_POINT('',(3.294666336973,-0.782983033399,
    1.269338405373));
#5996 = CARTESIAN_POINT('',(3.274768082708,-0.831021668713,
    1.269338405373));
#5997 = CARTESIAN_POINT('',(3.255028149863,-0.878678082306,
    1.269338405373));
#5998 = CARTESIAN_POINT('',(2.775863819411,-2.03548310749,1.269338405373
    ));
#5999 = CARTESIAN_POINT('',(1.704091980563,-2.912929929979,
    1.269338420699));
#6000 = CARTESIAN_POINT('',(0.134360577618,-3.152280979089,1.26933837382
    ));
#6001 = CARTESIAN_POINT('',(-1.395396108631,-2.426388868524,
    1.26933843974));
#6002 = CARTESIAN_POINT('',(-2.473728053044,-1.02623416819,
    1.269338390878));
#6003 = CARTESIAN_POINT('',(-2.473728053057,1.026234168191,
    1.269338390886));
#6004 = CARTESIAN_POINT('',(-1.395396108622,2.426388868523,
    1.269338439734));
#6005 = CARTESIAN_POINT('',(0.134360577613,3.152280979089,1.269338373823
    ));
#6006 = CARTESIAN_POINT('',(1.704091980565,2.912929929979,1.269338420697
    ));
#6007 = CARTESIAN_POINT('',(2.775863819411,2.03548310749,1.269338405373)
  );
#6008 = CARTESIAN_POINT('',(3.255028149863,0.878678082306,1.269338405373
    ));
#6009 = CARTESIAN_POINT('',(3.274768082708,0.831021668713,1.269338405373
    ));
#6010 = CARTESIAN_POINT('',(3.294666336973,0.782983033399,1.269338405373
    ));
#6011 = CARTESIAN_POINT('',(3.314722912657,0.734562176367,1.269338405373
    ));
#6012 = CARTESIAN_POINT('',(3.334937809762,0.685759097616,1.269338405373
    ));
#6013 = CARTESIAN_POINT('',(3.355311028286,0.636573797145,1.269338405373
    ));
#6014 = CARTESIAN_POINT('',(3.37584256823,0.587006274955,1.269338405373)
  );
#6015 = CARTESIAN_POINT('',(3.396532429594,0.537056531046,1.269338405373
    ));
#6016 = CARTESIAN_POINT('',(3.417380612378,0.486724565418,1.269338405373
    ));
#6017 = CARTESIAN_POINT('',(3.438387116583,0.436010378071,1.269338405373
    ));
#6018 = CARTESIAN_POINT('',(3.459551942206,0.384913969004,1.269338405373
    ));
#6019 = ADVANCED_FACE('',(#6020),#6042,.T.);
#6020 = FACE_BOUND('',#6021,.T.);
#6021 = EDGE_LOOP('',(#6022,#6023,#6040,#6041));
#6022 = ORIENTED_EDGE('',*,*,#5909,.T.);
#6023 = ORIENTED_EDGE('',*,*,#6024,.T.);
#6024 = EDGE_CURVE('',#5873,#5858,#6025,.T.);
#6025 = B_SPLINE_CURVE_WITH_KNOTS('',5,(#6026,#6027,#6028,#6029,#6030,
    #6031,#6032,#6033,#6034,#6035,#6036,#6037,#6038,#6039),
  .UNSPECIFIED.,.F.,.F.,(6,4,4,6),(-0.119413470026,-1.353371911114E-07,
    1.96349554383,2.08290869425),.UNSPECIFIED.);
#6026 = CARTESIAN_POINT('',(3.189749034566,1.036275808073,1.269338405373
    ));
#6027 = CARTESIAN_POINT('',(3.199182355483,1.013501756721,1.269338405373
    ));
#6028 = CARTESIAN_POINT('',(3.20846876641,0.991082377458,1.269338405373)
  );
#6029 = CARTESIAN_POINT('',(3.217608267348,0.969017670284,1.269338405373
    ));
#6030 = CARTESIAN_POINT('',(3.226600858298,0.9473076352,1.269338405373)
  );
#6031 = CARTESIAN_POINT('',(3.380894753976,0.574809218729,1.269338405373
    ));
#6032 = CARTESIAN_POINT('',(3.457413628123,0.195110560338,1.269338405373
    ));
#6033 = CARTESIAN_POINT('',(3.457414134116,-0.1951093668,1.269338405373)
  );
#6034 = CARTESIAN_POINT('',(3.380895040325,-0.574808527422,
    1.269338405373));
#6035 = CARTESIAN_POINT('',(3.226600854533,-0.947307644289,
    1.269338405373));
#6036 = CARTESIAN_POINT('',(3.217608261701,-0.969017683918,
    1.269338405373));
#6037 = CARTESIAN_POINT('',(3.208468760763,-0.991082391091,
    1.269338405373));
#6038 = CARTESIAN_POINT('',(3.199182351718,-1.01350176581,1.269338405373
    ));
#6039 = CARTESIAN_POINT('',(3.189749034566,-1.036275808073,
    1.269338405373));
#6040 = ORIENTED_EDGE('',*,*,#5857,.F.);
#6041 = ORIENTED_EDGE('',*,*,#5829,.F.);
#6042 = ( BOUNDED_SURFACE() B_SPLINE_SURFACE(2,5,(
    (#6043,#6044,#6045,#6046,#6047,#6048,#6049,#6050,#6051,#6052,#6053
      ,#6054,#6055,#6056)
    ,(#6057,#6058,#6059,#6060,#6061,#6062,#6063,#6064,#6065,#6066,#6067
      ,#6068,#6069,#6070)
    ,(#6071,#6072,#6073,#6074,#6075,#6076,#6077,#6078,#6079,#6080,#6081
      ,#6082,#6083,#6084
)),.UNSPECIFIED.,.F.,.F.,.F.) B_SPLINE_SURFACE_WITH_KNOTS((3,3),(6,4,4,6
    ),(0.,1.963495679168),(-0.119413470026,-1.353371911114E-07,
    1.96349554383,2.08290869425),.UNSPECIFIED.) 
GEOMETRIC_REPRESENTATION_ITEM() RATIONAL_B_SPLINE_SURFACE((
    (1.,1.,1.,1.,1.,1.,1.,1.,1.,1.,1.,1.,1.,1.)
    ,(0.93061798229,0.93061798229,0.93061798229,0.93061798229
      ,0.93061798229,0.93061798229,0.93061798229,0.93061798229
      ,0.93061798229,0.93061798229,0.93061798229,0.93061798229
      ,0.93061798229,0.93061798229)
,(1.,1.,1.,1.,1.,1.,1.,1.,1.,1.,1.,1.,1.,1.
))) REPRESENTATION_ITEM('') SURFACE() );
#6043 = CARTESIAN_POINT('',(3.264001325546,1.067032118743,1.064979142851
    ));
#6044 = CARTESIAN_POINT('',(3.273140829292,1.0449674049,1.064979142851)
  );
#6045 = CARTESIAN_POINT('',(3.282280331654,1.0229026944,1.064979142851)
  );
#6046 = CARTESIAN_POINT('',(3.291419832631,1.000837987243,1.064979142851
    ));
#6047 = CARTESIAN_POINT('',(3.300559332224,0.978773283428,1.064979142851
    ));
#6048 = CARTESIAN_POINT('',(3.45997823841,0.593901998977,1.064979142851)
  );
#6049 = CARTESIAN_POINT('',(3.539038746156,0.201591257513,1.064979142851
    ));
#6050 = CARTESIAN_POINT('',(3.539039291386,-0.201589955698,
    1.064979142851));
#6051 = CARTESIAN_POINT('',(3.45997851584,-0.593901329202,1.064979142851
    ));
#6052 = CARTESIAN_POINT('',(3.300559329455,-0.978773290113,
    1.064979142851));
#6053 = CARTESIAN_POINT('',(3.291419828478,-1.00083799727,1.064979142851
    ));
#6054 = CARTESIAN_POINT('',(3.2822803275,-1.022902704428,1.064979142851)
  );
#6055 = CARTESIAN_POINT('',(3.273140826523,-1.044967411585,
    1.064979142851));
#6056 = CARTESIAN_POINT('',(3.264001325546,-1.067032118743,
    1.064979142851));
#6057 = CARTESIAN_POINT('',(3.264001325546,1.067032118743,1.182962690499
    ));
#6058 = CARTESIAN_POINT('',(3.273140829292,1.0449674049,1.182962690499)
  );
#6059 = CARTESIAN_POINT('',(3.282280331654,1.0229026944,1.182962690499)
  );
#6060 = CARTESIAN_POINT('',(3.291419832631,1.000837987243,1.182962690499
    ));
#6061 = CARTESIAN_POINT('',(3.300559332224,0.978773283428,1.182962690499
    ));
#6062 = CARTESIAN_POINT('',(3.45997823841,0.593901998977,1.182962690499)
  );
#6063 = CARTESIAN_POINT('',(3.539038746156,0.201591257513,1.182962690499
    ));
#6064 = CARTESIAN_POINT('',(3.539039291386,-0.201589955698,
    1.182962690499));
#6065 = CARTESIAN_POINT('',(3.45997851584,-0.593901329202,1.182962690499
    ));
#6066 = CARTESIAN_POINT('',(3.300559329455,-0.978773290113,
    1.182962690499));
#6067 = CARTESIAN_POINT('',(3.291419828478,-1.00083799727,1.182962690499
    ));
#6068 = CARTESIAN_POINT('',(3.2822803275,-1.022902704428,1.182962690499)
  );
#6069 = CARTESIAN_POINT('',(3.273140826523,-1.044967411585,
    1.182962690499));
#6070 = CARTESIAN_POINT('',(3.264001325546,-1.067032118743,
    1.182962690499));
#6071 = CARTESIAN_POINT('',(3.189749034566,1.036275808073,1.269338405373
    ));
#6072 = CARTESIAN_POINT('',(3.199182355483,1.013501756721,1.269338405373
    ));
#6073 = CARTESIAN_POINT('',(3.20846876641,0.991082377458,1.269338405373)
  );
#6074 = CARTESIAN_POINT('',(3.217608267348,0.969017670284,1.269338405373
    ));
#6075 = CARTESIAN_POINT('',(3.226600858298,0.9473076352,1.269338405373)
  );
#6076 = CARTESIAN_POINT('',(3.380894753976,0.574809218729,1.269338405373
    ));
#6077 = CARTESIAN_POINT('',(3.457413628123,0.195110560338,1.269338405373
    ));
#6078 = CARTESIAN_POINT('',(3.457414134116,-0.1951093668,1.269338405373)
  );
#6079 = CARTESIAN_POINT('',(3.380895040325,-0.574808527422,
    1.269338405373));
#6080 = CARTESIAN_POINT('',(3.226600854533,-0.947307644289,
    1.269338405373));
#6081 = CARTESIAN_POINT('',(3.217608261701,-0.969017683918,
    1.269338405373));
#6082 = CARTESIAN_POINT('',(3.208468760763,-0.991082391091,
    1.269338405373));
#6083 = CARTESIAN_POINT('',(3.199182351718,-1.01350176581,1.269338405373
    ));
#6084 = CARTESIAN_POINT('',(3.189749034566,-1.036275808073,
    1.269338405373));
#6085 = ADVANCED_FACE('',(#6086),#6142,.F.);
#6086 = FACE_BOUND('',#6087,.F.);
#6087 = EDGE_LOOP('',(#6088,#6097,#6098,#6107));
#6088 = ORIENTED_EDGE('',*,*,#6089,.F.);
#6089 = EDGE_CURVE('',#5858,#6090,#6092,.T.);
#6090 = VERTEX_POINT('',#6091);
#6091 = CARTESIAN_POINT('',(3.235446538439,-0.925952274181,
    1.930661594627));
#6092 = CIRCLE('',#6093,0.485412195974);
#6093 = AXIS2_PLACEMENT_3D('',#6094,#6095,#6096);
#6094 = CARTESIAN_POINT('',(3.563765702719,-1.061946524813,1.6));
#6095 = DIRECTION('',(0.382683432365,0.923879532511,2.775557561563E-17)
  );
#6096 = DIRECTION('',(-0.523404384043,0.216801194476,-0.824041924199));
#6097 = ORIENTED_EDGE('',*,*,#5872,.T.);
#6098 = ORIENTED_EDGE('',*,*,#6099,.T.);
#6099 = EDGE_CURVE('',#5873,#6100,#6102,.T.);
#6100 = VERTEX_POINT('',#6101);
#6101 = CARTESIAN_POINT('',(3.235446538439,0.925952274181,1.930661594627
    ));
#6102 = CIRCLE('',#6103,0.485412195974);
#6103 = AXIS2_PLACEMENT_3D('',#6104,#6105,#6106);
#6104 = CARTESIAN_POINT('',(3.563765702719,1.061946524813,1.6));
#6105 = DIRECTION('',(-0.382683432365,0.923879532511,-2.775557561563E-17
    ));
#6106 = DIRECTION('',(-0.523404384043,-0.216801194476,-0.824041924199));
#6107 = ORIENTED_EDGE('',*,*,#6108,.F.);
#6108 = EDGE_CURVE('',#6090,#6100,#6109,.T.);
#6109 = B_SPLINE_CURVE_WITH_KNOTS('',11,(#6110,#6111,#6112,#6113,#6114,
    #6115,#6116,#6117,#6118,#6119,#6120,#6121,#6122,#6123,#6124,#6125,
    #6126,#6127,#6128,#6129,#6130,#6131,#6132,#6133,#6134,#6135,#6136,
    #6137,#6138,#6139,#6140,#6141),.UNSPECIFIED.,.F.,.F.,(12,10,10,12),(
    -0.585615641583,2.901255980386E-15,13.744467859455,14.330083501039),
  .UNSPECIFIED.);
#6110 = CARTESIAN_POINT('',(3.459551942206,-0.384913969004,
    1.930661594627));
#6111 = CARTESIAN_POINT('',(3.438387116582,-0.43601037807,1.930661594627
    ));
#6112 = CARTESIAN_POINT('',(3.417380612378,-0.486724565418,
    1.930661594627));
#6113 = CARTESIAN_POINT('',(3.396532429594,-0.537056531046,
    1.930661594627));
#6114 = CARTESIAN_POINT('',(3.37584256823,-0.587006274955,1.930661594627
    ));
#6115 = CARTESIAN_POINT('',(3.355311028286,-0.636573797145,
    1.930661594627));
#6116 = CARTESIAN_POINT('',(3.334937809762,-0.685759097616,
    1.930661594627));
#6117 = CARTESIAN_POINT('',(3.314722912657,-0.734562176367,
    1.930661594627));
#6118 = CARTESIAN_POINT('',(3.294666336973,-0.782983033399,
    1.930661594627));
#6119 = CARTESIAN_POINT('',(3.274768082708,-0.831021668713,
    1.930661594627));
#6120 = CARTESIAN_POINT('',(3.255028149863,-0.878678082306,
    1.930661594627));
#6121 = CARTESIAN_POINT('',(2.775863819411,-2.03548310749,1.930661594627
    ));
#6122 = CARTESIAN_POINT('',(1.704091980563,-2.912929929979,
    1.930661579303));
#6123 = CARTESIAN_POINT('',(0.134360577617,-3.15228097909,1.930661626176
    ));
#6124 = CARTESIAN_POINT('',(-1.395396108631,-2.426388868523,
    1.930661560267));
#6125 = CARTESIAN_POINT('',(-2.473728053045,-1.026234168191,
    1.930661609113));
#6126 = CARTESIAN_POINT('',(-2.473728053056,1.026234168191,
    1.930661609123));
#6127 = CARTESIAN_POINT('',(-1.395396108622,2.426388868523,1.93066156026
    ));
#6128 = CARTESIAN_POINT('',(0.134360577613,3.15228097909,1.93066162618)
  );
#6129 = CARTESIAN_POINT('',(1.704091980565,2.912929929979,1.930661579301
    ));
#6130 = CARTESIAN_POINT('',(2.775863819411,2.03548310749,1.930661594627)
  );
#6131 = CARTESIAN_POINT('',(3.255028149863,0.878678082306,1.930661594627
    ));
#6132 = CARTESIAN_POINT('',(3.274768082708,0.831021668713,1.930661594627
    ));
#6133 = CARTESIAN_POINT('',(3.294666336973,0.782983033399,1.930661594627
    ));
#6134 = CARTESIAN_POINT('',(3.314722912657,0.734562176367,1.930661594627
    ));
#6135 = CARTESIAN_POINT('',(3.334937809762,0.685759097616,1.930661594627
    ));
#6136 = CARTESIAN_POINT('',(3.355311028286,0.636573797145,1.930661594627
    ));
#6137 = CARTESIAN_POINT('',(3.37584256823,0.587006274955,1.930661594627)
  );
#6138 = CARTESIAN_POINT('',(3.396532429594,0.537056531046,1.930661594627
    ));
#6139 = CARTESIAN_POINT('',(3.417380612378,0.486724565418,1.930661594627
    ));
#6140 = CARTESIAN_POINT('',(3.438387116582,0.436010378071,1.930661594627
    ));
#6141 = CARTESIAN_POINT('',(3.459551942206,0.384913969004,1.930661594627
    ));
#6142 = SURFACE_OF_REVOLUTION('',#6143,#6148);
#6143 = CIRCLE('',#6144,0.485412195974);
#6144 = AXIS2_PLACEMENT_3D('',#6145,#6146,#6147);
#6145 = CARTESIAN_POINT('',(3.563765702719,-1.061946524813,1.6));
#6146 = DIRECTION('',(0.382683432365,0.923879532511,0.));
#6147 = DIRECTION('',(-0.523404384043,0.216801194476,-0.824041924199));
#6148 = AXIS1_PLACEMENT('',#6149,#6150);
#6149 = CARTESIAN_POINT('',(1.,0.,0.));
#6150 = DIRECTION('',(0.,0.,-1.));
#6151 = ADVANCED_FACE('',(#6152),#6260,.F.);
#6152 = FACE_BOUND('',#6153,.F.);
#6153 = EDGE_LOOP('',(#6154,#6173,#6174,#6175,#6176,#6195,#6206,#6225,
    #6232,#6251));
#6154 = ORIENTED_EDGE('',*,*,#6155,.F.);
#6155 = EDGE_CURVE('',#6100,#6156,#6158,.T.);
#6156 = VERTEX_POINT('',#6157);
#6157 = CARTESIAN_POINT('',(3.40667978278,0.25,1.930661594627));
#6158 = B_SPLINE_CURVE_WITH_KNOTS('',5,(#6159,#6160,#6161,#6162,#6163,
    #6164,#6165,#6166,#6167,#6168,#6169,#6170,#6171,#6172),
  .UNSPECIFIED.,.F.,.F.,(6,4,4,6),(-0.119413470026,-1.353371911203E-07,
    1.96349554383,2.08290869425),.UNSPECIFIED.);
#6159 = CARTESIAN_POINT('',(3.189749034566,1.036275808073,1.930661594627
    ));
#6160 = CARTESIAN_POINT('',(3.199182355483,1.013501756721,1.930661594627
    ));
#6161 = CARTESIAN_POINT('',(3.20846876641,0.991082377458,1.930661594627)
  );
#6162 = CARTESIAN_POINT('',(3.217608267348,0.969017670284,1.930661594627
    ));
#6163 = CARTESIAN_POINT('',(3.226600858298,0.9473076352,1.930661594627)
  );
#6164 = CARTESIAN_POINT('',(3.380894753976,0.574809218729,1.930661594627
    ));
#6165 = CARTESIAN_POINT('',(3.457413628123,0.195110560338,1.930661594627
    ));
#6166 = CARTESIAN_POINT('',(3.457414134116,-0.1951093668,1.930661594627)
  );
#6167 = CARTESIAN_POINT('',(3.380895040325,-0.574808527422,
    1.930661594627));
#6168 = CARTESIAN_POINT('',(3.226600854533,-0.947307644289,
    1.930661594627));
#6169 = CARTESIAN_POINT('',(3.217608261701,-0.969017683918,
    1.930661594627));
#6170 = CARTESIAN_POINT('',(3.208468760763,-0.991082391091,
    1.930661594627));
#6171 = CARTESIAN_POINT('',(3.199182351718,-1.01350176581,1.930661594627
    ));
#6172 = CARTESIAN_POINT('',(3.189749034566,-1.036275808073,
    1.930661594627));
#6173 = ORIENTED_EDGE('',*,*,#6099,.F.);
#6174 = ORIENTED_EDGE('',*,*,#6024,.T.);
#6175 = ORIENTED_EDGE('',*,*,#6089,.T.);
#6176 = ORIENTED_EDGE('',*,*,#6177,.F.);
#6177 = EDGE_CURVE('',#6178,#6090,#6180,.T.);
#6178 = VERTEX_POINT('',#6179);
#6179 = CARTESIAN_POINT('',(3.406679829997,-0.25,1.930661594627));
#6180 = B_SPLINE_CURVE_WITH_KNOTS('',5,(#6181,#6182,#6183,#6184,#6185,
    #6186,#6187,#6188,#6189,#6190,#6191,#6192,#6193,#6194),
  .UNSPECIFIED.,.F.,.F.,(6,4,4,6),(-0.119413470026,-1.353371911203E-07,
    1.96349554383,2.08290869425),.UNSPECIFIED.);
#6181 = CARTESIAN_POINT('',(3.189749034566,1.036275808073,1.930661594627
    ));
#6182 = CARTESIAN_POINT('',(3.199182355483,1.013501756721,1.930661594627
    ));
#6183 = CARTESIAN_POINT('',(3.20846876641,0.991082377458,1.930661594627)
  );
#6184 = CARTESIAN_POINT('',(3.217608267348,0.969017670284,1.930661594627
    ));
#6185 = CARTESIAN_POINT('',(3.226600858298,0.9473076352,1.930661594627)
  );
#6186 = CARTESIAN_POINT('',(3.380894753976,0.574809218729,1.930661594627
    ));
#6187 = CARTESIAN_POINT('',(3.457413628123,0.195110560338,1.930661594627
    ));
#6188 = CARTESIAN_POINT('',(3.457414134116,-0.1951093668,1.930661594627)
  );
#6189 = CARTESIAN_POINT('',(3.380895040325,-0.574808527422,
    1.930661594627));
#6190 = CARTESIAN_POINT('',(3.226600854533,-0.947307644289,
    1.930661594627));
#6191 = CARTESIAN_POINT('',(3.217608261701,-0.969017683918,
    1.930661594627));
#6192 = CARTESIAN_POINT('',(3.208468760763,-0.991082391091,
    1.930661594627));
#6193 = CARTESIAN_POINT('',(3.199182351718,-1.01350176581,1.930661594627
    ));
#6194 = CARTESIAN_POINT('',(3.189749034566,-1.036275808073,
    1.930661594627));
#6195 = ORIENTED_EDGE('',*,*,#6196,.F.);
#6196 = EDGE_CURVE('',#6197,#6178,#6199,.T.);
#6197 = VERTEX_POINT('',#6198);
#6198 = CARTESIAN_POINT('',(3.299471489861,-0.25,1.749));
#6199 = B_SPLINE_CURVE_WITH_KNOTS('',5,(#6200,#6201,#6202,#6203,#6204,
    #6205),.UNSPECIFIED.,.F.,.F.,(6,6),(0.,1.),
  .PIECEWISE_BEZIER_KNOTS.);
#6200 = CARTESIAN_POINT('',(3.299471489861,-0.25,1.749));
#6201 = CARTESIAN_POINT('',(3.312587202196,-0.25,1.789427365424));
#6202 = CARTESIAN_POINT('',(3.33014872115,-0.25,1.828424172249));
#6203 = CARTESIAN_POINT('',(3.351941636815,-0.25,1.865341021624));
#6204 = CARTESIAN_POINT('',(3.377608548406,-0.25,1.899584994083));
#6205 = CARTESIAN_POINT('',(3.40668024473,-0.25,1.930661807849));
#6206 = ORIENTED_EDGE('',*,*,#6207,.T.);
#6207 = EDGE_CURVE('',#6197,#6208,#6210,.T.);
#6208 = VERTEX_POINT('',#6209);
#6209 = CARTESIAN_POINT('',(3.299999782609,-1.E-03,1.5));
#6210 = B_SPLINE_CURVE_WITH_KNOTS('',7,(#6211,#6212,#6213,#6214,#6215,
    #6216,#6217,#6218,#6219,#6220,#6221,#6222,#6223,#6224),
  .UNSPECIFIED.,.F.,.F.,(8,6,8),(0.,0.656899903514,1.),.UNSPECIFIED.);
#6211 = CARTESIAN_POINT('',(3.299471489861,-0.25,1.749));
#6212 = CARTESIAN_POINT('',(3.288903887063,-0.25,1.716426818984));
#6213 = CARTESIAN_POINT('',(3.281699509879,-0.245028477564,
    1.683385522006));
#6214 = CARTESIAN_POINT('',(3.278045828963,-0.234830048078,
    1.650728113424));
#6215 = CARTESIAN_POINT('',(3.277713110475,-0.219290375561,
    1.619367410059));
#6216 = CARTESIAN_POINT('',(3.280087341319,-0.198436579318,
    1.590251266333));
#6217 = CARTESIAN_POINT('',(3.284149886785,-0.172302430004,
    1.564384728938));
#6218 = CARTESIAN_POINT('',(3.29090216963,-0.124770531607,1.532041582647
    ));
#6219 = CARTESIAN_POINT('',(3.293310489781,-0.107148532185,
    1.522255641965));
#6220 = CARTESIAN_POINT('',(3.295638205192,-8.813505246606E-02,
    1.513869244735));
#6221 = CARTESIAN_POINT('',(3.297696231285,-6.772624403228E-02,
    1.507131244826));
#6222 = CARTESIAN_POINT('',(3.2992147289,-4.608658790058E-02,
    1.502401965702));
#6223 = CARTESIAN_POINT('',(3.299989938095,-2.364237892977E-02,1.5));
#6224 = CARTESIAN_POINT('',(3.299999782609,-1.E-03,1.5));
#6225 = ORIENTED_EDGE('',*,*,#6226,.T.);
#6226 = EDGE_CURVE('',#6208,#6227,#6229,.T.);
#6227 = VERTEX_POINT('',#6228);
#6228 = CARTESIAN_POINT('',(3.299999782609,9.999999999998E-04,1.5));
#6229 = B_SPLINE_CURVE_WITH_KNOTS('',1,(#6230,#6231),.UNSPECIFIED.,.F.,
  .F.,(2,2),(0.,1.),.PIECEWISE_BEZIER_KNOTS.);
#6230 = CARTESIAN_POINT('',(3.299999782609,-1.E-03,1.5));
#6231 = CARTESIAN_POINT('',(3.299999782609,9.999999999998E-04,1.5));
#6232 = ORIENTED_EDGE('',*,*,#6233,.T.);
#6233 = EDGE_CURVE('',#6227,#6234,#6236,.T.);
#6234 = VERTEX_POINT('',#6235);
#6235 = CARTESIAN_POINT('',(3.299471489861,0.25,1.749));
#6236 = B_SPLINE_CURVE_WITH_KNOTS('',7,(#6237,#6238,#6239,#6240,#6241,
    #6242,#6243,#6244,#6245,#6246,#6247,#6248,#6249,#6250),
  .UNSPECIFIED.,.F.,.F.,(8,6,8),(0.,0.343710672019,1.),.UNSPECIFIED.);
#6237 = CARTESIAN_POINT('',(3.299999782609,9.999999999997E-04,1.5));
#6238 = CARTESIAN_POINT('',(3.299989920585,2.368265119001E-02,1.5));
#6239 = CARTESIAN_POINT('',(3.299211971008,4.616604948054E-02,
    1.502410516981));
#6240 = CARTESIAN_POINT('',(3.297688162784,6.784108201107E-02,
    1.507156358887));
#6241 = CARTESIAN_POINT('',(3.295623636424,8.827968087268E-02,
    1.513916973069));
#6242 = CARTESIAN_POINT('',(3.293289812594,0.10731720987,1.522330091337)
  );
#6243 = CARTESIAN_POINT('',(3.290876523628,0.124958092937,1.532145912779
    ));
#6244 = CARTESIAN_POINT('',(3.284127396232,0.172447200062,1.564528141918
    ));
#6245 = CARTESIAN_POINT('',(3.280076399241,0.198532790636,1.590385718193
    ));
#6246 = CARTESIAN_POINT('',(3.277714368661,0.21934776166,1.619483238628)
  );
#6247 = CARTESIAN_POINT('',(3.278055943653,0.234858301632,1.650818612401
    ));
#6248 = CARTESIAN_POINT('',(3.281712830825,0.245037663177,1.683446586849
    ));
#6249 = CARTESIAN_POINT('',(3.288913652378,0.25,1.716456919224));
#6250 = CARTESIAN_POINT('',(3.299471489861,0.25,1.749));
#6251 = ORIENTED_EDGE('',*,*,#6252,.T.);
#6252 = EDGE_CURVE('',#6234,#6156,#6253,.T.);
#6253 = B_SPLINE_CURVE_WITH_KNOTS('',5,(#6254,#6255,#6256,#6257,#6258,
    #6259),.UNSPECIFIED.,.F.,.F.,(6,6),(0.,1.),
  .PIECEWISE_BEZIER_KNOTS.);
#6254 = CARTESIAN_POINT('',(3.299471489861,0.25,1.749));
#6255 = CARTESIAN_POINT('',(3.312587202196,0.25,1.789427365424));
#6256 = CARTESIAN_POINT('',(3.33014872115,0.25,1.828424172249));
#6257 = CARTESIAN_POINT('',(3.351941636815,0.25,1.865341021624));
#6258 = CARTESIAN_POINT('',(3.377608548406,0.25,1.899584994083));
#6259 = CARTESIAN_POINT('',(3.40668024473,0.25,1.930661807849));
#6260 = SURFACE_OF_REVOLUTION('',#6261,#6266);
#6261 = CIRCLE('',#6262,0.485412195974);
#6262 = AXIS2_PLACEMENT_3D('',#6263,#6264,#6265);
#6263 = CARTESIAN_POINT('',(3.563765702719,1.061946524813,1.6));
#6264 = DIRECTION('',(-0.382683432365,0.923879532511,0.));
#6265 = DIRECTION('',(-0.523404384043,-0.216801194476,-0.824041924199));
#6266 = AXIS1_PLACEMENT('',#6267,#6268);
#6267 = CARTESIAN_POINT('',(1.,0.,0.));
#6268 = DIRECTION('',(0.,0.,-1.));
#6269 = ADVANCED_FACE('',(#6270),#6338,.T.);
#6270 = FACE_BOUND('',#6271,.T.);
#6271 = EDGE_LOOP('',(#6272,#6287,#6324,#6337));
#6272 = ORIENTED_EDGE('',*,*,#6273,.T.);
#6273 = EDGE_CURVE('',#6090,#6274,#6276,.T.);
#6274 = VERTEX_POINT('',#6275);
#6275 = CARTESIAN_POINT('',(3.309698831278,-0.956708580913,
    2.135020857149));
#6276 = B_SPLINE_CURVE_WITH_KNOTS('',5,(#6277,#6278,#6279,#6280,#6281,
    #6282,#6283,#6284,#6285,#6286),.UNSPECIFIED.,.F.,.F.,(6,4,6),(0.,0.5
    ,1.),.UNSPECIFIED.);
#6277 = CARTESIAN_POINT('',(3.235446538439,-0.925952274181,
    1.930661594627));
#6278 = CARTESIAN_POINT('',(3.249271815997,-0.93167889165,1.946744172007
    ));
#6279 = CARTESIAN_POINT('',(3.261973435419,-0.936940074678,
    1.964470589246));
#6280 = CARTESIAN_POINT('',(3.273234543788,-0.941604578492,1.9836790636)
  );
#6281 = CARTESIAN_POINT('',(3.282778034968,-0.945557621971,
    2.004056935692));
#6282 = CARTESIAN_POINT('',(3.298159251937,-0.951928730645,
    2.046389556494));
#6283 = CARTESIAN_POINT('',(3.303997166347,-0.95434687397,2.068344824333
    ));
#6284 = CARTESIAN_POINT('',(3.307841659805,-0.955939315301,
    2.090710414983));
#6285 = CARTESIAN_POINT('',(3.30969883117,-0.956708580868,2.113053113924
    ));
#6286 = CARTESIAN_POINT('',(3.309698831278,-0.956708580913,
    2.135020857149));
#6287 = ORIENTED_EDGE('',*,*,#6288,.T.);
#6288 = EDGE_CURVE('',#6274,#6289,#6291,.T.);
#6289 = VERTEX_POINT('',#6290);
#6290 = CARTESIAN_POINT('',(3.309698831278,0.956708580913,2.135020857149
    ));
#6291 = B_SPLINE_CURVE_WITH_KNOTS('',11,(#6292,#6293,#6294,#6295,#6296,
    #6297,#6298,#6299,#6300,#6301,#6302,#6303,#6304,#6305,#6306,#6307,
    #6308,#6309,#6310,#6311,#6312,#6313,#6314,#6315,#6316,#6317,#6318,
    #6319,#6320,#6321,#6322,#6323),.UNSPECIFIED.,.F.,.F.,(12,10,10,12),(
    -0.585615641583,2.901255980386E-15,13.744467859455,14.330083501039),
  .UNSPECIFIED.);
#6292 = CARTESIAN_POINT('',(3.533804235046,-0.415670275735,
    2.135020857149));
#6293 = CARTESIAN_POINT('',(3.513289829604,-0.465196431576,
    2.135020857149));
#6294 = CARTESIAN_POINT('',(3.492803661547,-0.514654416342,
    2.135020857149));
#6295 = CARTESIAN_POINT('',(3.472345730872,-0.564044230035,
    2.135020857149));
#6296 = CARTESIAN_POINT('',(3.451916037581,-0.613365872653,
    2.135020857149));
#6297 = CARTESIAN_POINT('',(3.431514581673,-0.662619344198,
    2.135020857149));
#6298 = CARTESIAN_POINT('',(3.411141363149,-0.711804644669,
    2.135020857149));
#6299 = CARTESIAN_POINT('',(3.390796382008,-0.760921774065,
    2.135020857149));
#6300 = CARTESIAN_POINT('',(3.370479638251,-0.809970732388,
    2.135020857149));
#6301 = CARTESIAN_POINT('',(3.350191131876,-0.858951519637,
    2.135020857149));
#6302 = CARTESIAN_POINT('',(3.329930862886,-0.907864135812,
    2.135020857149));
#6303 = CARTESIAN_POINT('',(2.834850674205,-2.103093441788,
    2.135020857149));
#6304 = CARTESIAN_POINT('',(1.727586252495,-3.009448724487,
    2.135020937091));
#6305 = CARTESIAN_POINT('',(0.10585501195,-3.257464103805,2.135020692567
    ));
#6306 = CARTESIAN_POINT('',(-1.475741298782,-2.5067600004,2.135021036405
    ));
#6307 = CARTESIAN_POINT('',(-2.588653308495,-1.059860959899,
    2.135020781556));
#6308 = CARTESIAN_POINT('',(-2.588653308509,1.059860959899,
    2.135020781567));
#6309 = CARTESIAN_POINT('',(-1.475741298771,2.5067600004,2.135021036396)
  );
#6310 = CARTESIAN_POINT('',(0.105855011945,3.257464103806,2.135020692572
    ));
#6311 = CARTESIAN_POINT('',(1.727586252497,3.009448724487,2.135020937089
    ));
#6312 = CARTESIAN_POINT('',(2.834850674204,2.103093441788,2.135020857149
    ));
#6313 = CARTESIAN_POINT('',(3.329930862886,0.907864135812,2.135020857149
    ));
#6314 = CARTESIAN_POINT('',(3.350191131876,0.858951519637,2.135020857149
    ));
#6315 = CARTESIAN_POINT('',(3.370479638251,0.809970732388,2.135020857149
    ));
#6316 = CARTESIAN_POINT('',(3.390796382008,0.760921774065,2.135020857149
    ));
#6317 = CARTESIAN_POINT('',(3.411141363149,0.711804644669,2.135020857149
    ));
#6318 = CARTESIAN_POINT('',(3.431514581673,0.662619344198,2.135020857149
    ));
#6319 = CARTESIAN_POINT('',(3.451916037581,0.613365872653,2.135020857149
    ));
#6320 = CARTESIAN_POINT('',(3.472345730872,0.564044230035,2.135020857149
    ));
#6321 = CARTESIAN_POINT('',(3.492803661547,0.514654416342,2.135020857149
    ));
#6322 = CARTESIAN_POINT('',(3.513289829605,0.465196431576,2.135020857149
    ));
#6323 = CARTESIAN_POINT('',(3.533804235046,0.415670275736,2.135020857149
    ));
#6324 = ORIENTED_EDGE('',*,*,#6325,.F.);
#6325 = EDGE_CURVE('',#6100,#6289,#6326,.T.);
#6326 = B_SPLINE_CURVE_WITH_KNOTS('',5,(#6327,#6328,#6329,#6330,#6331,
    #6332,#6333,#6334,#6335,#6336),.UNSPECIFIED.,.F.,.F.,(6,4,6),(0.,0.5
    ,1.),.UNSPECIFIED.);
#6327 = CARTESIAN_POINT('',(3.235446538439,0.925952274181,1.930661594627
    ));
#6328 = CARTESIAN_POINT('',(3.249271815997,0.93167889165,1.946744172007)
  );
#6329 = CARTESIAN_POINT('',(3.261973435419,0.936940074678,1.964470589246
    ));
#6330 = CARTESIAN_POINT('',(3.273234543788,0.941604578492,1.9836790636)
  );
#6331 = CARTESIAN_POINT('',(3.282778034968,0.945557621971,2.004056935692
    ));
#6332 = CARTESIAN_POINT('',(3.298159251937,0.951928730645,2.046389556494
    ));
#6333 = CARTESIAN_POINT('',(3.303997166347,0.95434687397,2.068344824333)
  );
#6334 = CARTESIAN_POINT('',(3.307841659805,0.955939315301,2.090710414983
    ));
#6335 = CARTESIAN_POINT('',(3.30969883117,0.956708580868,2.113053113924)
  );
#6336 = CARTESIAN_POINT('',(3.309698831278,0.956708580913,2.135020857149
    ));
#6337 = ORIENTED_EDGE('',*,*,#6108,.F.);
#6338 = ( BOUNDED_SURFACE() B_SPLINE_SURFACE(2,11,(
    (#6339,#6340,#6341,#6342,#6343,#6344,#6345,#6346,#6347,#6348,#6349
      ,#6350,#6351,#6352,#6353,#6354,#6355,#6356,#6357,#6358,#6359,#6360
      ,#6361,#6362,#6363,#6364,#6365,#6366,#6367,#6368,#6369,#6370)
    ,(#6371,#6372,#6373,#6374,#6375,#6376,#6377,#6378,#6379,#6380,#6381
      ,#6382,#6383,#6384,#6385,#6386,#6387,#6388,#6389,#6390,#6391,#6392
      ,#6393,#6394,#6395,#6396,#6397,#6398,#6399,#6400,#6401,#6402)
    ,(#6403,#6404,#6405,#6406,#6407,#6408,#6409,#6410,#6411,#6412,#6413
      ,#6414,#6415,#6416,#6417,#6418,#6419,#6420,#6421,#6422,#6423,#6424
      ,#6425,#6426,#6427,#6428,#6429,#6430,#6431,#6432,#6433,#6434
)),.UNSPECIFIED.,.F.,.F.,.F.) B_SPLINE_SURFACE_WITH_KNOTS((3,3),(12,10,
    10,12),(0.,13.744467859455),(-0.585615641583,2.901255980386E-15,
    13.744467859455,14.330083501039),.UNSPECIFIED.) 
GEOMETRIC_REPRESENTATION_ITEM() RATIONAL_B_SPLINE_SURFACE((
    (1.,1.,1.,1.,1.,1.,1.,1.,1.,1.,1.,1.,1.,1.,1.,1.,1.,1.,1.,1.,1.,1.
      ,1.,1.,1.,1.,1.,1.,1.,1.,1.,1.)
    ,(0.93061798229,0.93061798229,0.93061798229,0.93061798229
      ,0.93061798229,0.93061798229,0.93061798229,0.93061798229
      ,0.93061798229,0.93061798229,0.93061798229,0.93061798229
      ,0.930617902914,0.930618145705,0.930617804307,0.93061805734
      ,0.930618057345,0.930617804303,0.930618145707,0.930617902913
      ,0.93061798229,0.93061798229,0.93061798229,0.93061798229
      ,0.93061798229,0.93061798229,0.93061798229,0.93061798229
      ,0.93061798229,0.93061798229,0.93061798229,0.93061798229)
    ,(1.,1.,1.,1.,1.,1.,1.,1.,1.,1.,1.,1.,1.,1.,1.,1.,1.,1.,1.,1.,1.,1.
,1.,1.,1.,1.,1.,1.,1.,1.,1.,1.))) REPRESENTATION_ITEM('') SURFACE() );
#6339 = CARTESIAN_POINT('',(3.459551942206,-0.384913969004,
    1.930661594627));
#6340 = CARTESIAN_POINT('',(3.438387116582,-0.43601037807,1.930661594627
    ));
#6341 = CARTESIAN_POINT('',(3.417380612378,-0.486724565418,
    1.930661594627));
#6342 = CARTESIAN_POINT('',(3.396532429594,-0.537056531046,
    1.930661594627));
#6343 = CARTESIAN_POINT('',(3.37584256823,-0.587006274955,1.930661594627
    ));
#6344 = CARTESIAN_POINT('',(3.355311028286,-0.636573797145,
    1.930661594627));
#6345 = CARTESIAN_POINT('',(3.334937809762,-0.685759097616,
    1.930661594627));
#6346 = CARTESIAN_POINT('',(3.314722912657,-0.734562176367,
    1.930661594627));
#6347 = CARTESIAN_POINT('',(3.294666336973,-0.782983033399,
    1.930661594627));
#6348 = CARTESIAN_POINT('',(3.274768082708,-0.831021668713,
    1.930661594627));
#6349 = CARTESIAN_POINT('',(3.255028149863,-0.878678082306,
    1.930661594627));
#6350 = CARTESIAN_POINT('',(2.775863819411,-2.03548310749,1.930661594627
    ));
#6351 = CARTESIAN_POINT('',(1.704091980563,-2.912929929979,
    1.930661579303));
#6352 = CARTESIAN_POINT('',(0.134360577617,-3.15228097909,1.930661626176
    ));
#6353 = CARTESIAN_POINT('',(-1.395396108631,-2.426388868523,
    1.930661560267));
#6354 = CARTESIAN_POINT('',(-2.473728053045,-1.026234168191,
    1.930661609113));
#6355 = CARTESIAN_POINT('',(-2.473728053056,1.026234168191,
    1.930661609123));
#6356 = CARTESIAN_POINT('',(-1.395396108622,2.426388868523,1.93066156026
    ));
#6357 = CARTESIAN_POINT('',(0.134360577613,3.15228097909,1.93066162618)
  );
#6358 = CARTESIAN_POINT('',(1.704091980565,2.912929929979,1.930661579301
    ));
#6359 = CARTESIAN_POINT('',(2.775863819411,2.03548310749,1.930661594627)
  );
#6360 = CARTESIAN_POINT('',(3.255028149863,0.878678082306,1.930661594627
    ));
#6361 = CARTESIAN_POINT('',(3.274768082708,0.831021668713,1.930661594627
    ));
#6362 = CARTESIAN_POINT('',(3.294666336973,0.782983033399,1.930661594627
    ));
#6363 = CARTESIAN_POINT('',(3.314722912657,0.734562176367,1.930661594627
    ));
#6364 = CARTESIAN_POINT('',(3.334937809762,0.685759097616,1.930661594627
    ));
#6365 = CARTESIAN_POINT('',(3.355311028286,0.636573797145,1.930661594627
    ));
#6366 = CARTESIAN_POINT('',(3.37584256823,0.587006274955,1.930661594627)
  );
#6367 = CARTESIAN_POINT('',(3.396532429594,0.537056531046,1.930661594627
    ));
#6368 = CARTESIAN_POINT('',(3.417380612378,0.486724565418,1.930661594627
    ));
#6369 = CARTESIAN_POINT('',(3.438387116582,0.436010378071,1.930661594627
    ));
#6370 = CARTESIAN_POINT('',(3.459551942206,0.384913969004,1.930661594627
    ));
#6371 = CARTESIAN_POINT('',(3.533804235046,-0.415670275735,
    2.017037309501));
#6372 = CARTESIAN_POINT('',(3.513289829604,-0.465196431576,
    2.017037309501));
#6373 = CARTESIAN_POINT('',(3.492803661547,-0.514654416342,
    2.017037309501));
#6374 = CARTESIAN_POINT('',(3.472345730872,-0.564044230035,
    2.017037309501));
#6375 = CARTESIAN_POINT('',(3.451916037581,-0.613365872653,
    2.017037309501));
#6376 = CARTESIAN_POINT('',(3.431514581673,-0.662619344198,
    2.017037309501));
#6377 = CARTESIAN_POINT('',(3.411141363149,-0.711804644669,
    2.017037309501));
#6378 = CARTESIAN_POINT('',(3.390796382008,-0.760921774065,
    2.017037309501));
#6379 = CARTESIAN_POINT('',(3.37047963825,-0.809970732388,2.017037309501
    ));
#6380 = CARTESIAN_POINT('',(3.350191131876,-0.858951519637,
    2.017037309501));
#6381 = CARTESIAN_POINT('',(3.329930862886,-0.907864135812,
    2.017037309501));
#6382 = CARTESIAN_POINT('',(2.834850674205,-2.103093441788,
    2.017037309501));
#6383 = CARTESIAN_POINT('',(1.727586214542,-3.009448936944,
    2.017037314315));
#6384 = CARTESIAN_POINT('',(0.105855341319,-3.257463206685,2.01703729959
    ));
#6385 = CARTESIAN_POINT('',(-1.475741895236,-2.506761759151,
    2.017037320295));
#6386 = CARTESIAN_POINT('',(-2.588652975413,-1.05985863781,
    2.017037304949));
#6387 = CARTESIAN_POINT('',(-2.58865297541,1.059858637805,2.017037304949
    ));
#6388 = CARTESIAN_POINT('',(-1.475741895234,2.506761759161,
    2.017037320295));
#6389 = CARTESIAN_POINT('',(0.105855341315,3.257463206678,2.01703729959)
  );
#6390 = CARTESIAN_POINT('',(1.727586214545,3.009448936946,2.017037314315
    ));
#6391 = CARTESIAN_POINT('',(2.834850674204,2.103093441787,2.017037309501
    ));
#6392 = CARTESIAN_POINT('',(3.329930862886,0.907864135812,2.017037309501
    ));
#6393 = CARTESIAN_POINT('',(3.350191131876,0.858951519637,2.017037309501
    ));
#6394 = CARTESIAN_POINT('',(3.370479638251,0.809970732388,2.017037309501
    ));
#6395 = CARTESIAN_POINT('',(3.390796382008,0.760921774065,2.017037309501
    ));
#6396 = CARTESIAN_POINT('',(3.411141363149,0.711804644669,2.017037309501
    ));
#6397 = CARTESIAN_POINT('',(3.431514581674,0.662619344198,2.017037309501
    ));
#6398 = CARTESIAN_POINT('',(3.451916037581,0.613365872653,2.017037309501
    ));
#6399 = CARTESIAN_POINT('',(3.472345730872,0.564044230035,2.017037309501
    ));
#6400 = CARTESIAN_POINT('',(3.492803661547,0.514654416342,2.017037309501
    ));
#6401 = CARTESIAN_POINT('',(3.513289829605,0.465196431576,2.017037309501
    ));
#6402 = CARTESIAN_POINT('',(3.533804235046,0.415670275736,2.017037309501
    ));
#6403 = CARTESIAN_POINT('',(3.533804235046,-0.415670275735,
    2.135020857149));
#6404 = CARTESIAN_POINT('',(3.513289829604,-0.465196431576,
    2.135020857149));
#6405 = CARTESIAN_POINT('',(3.492803661547,-0.514654416342,
    2.135020857149));
#6406 = CARTESIAN_POINT('',(3.472345730872,-0.564044230035,
    2.135020857149));
#6407 = CARTESIAN_POINT('',(3.451916037581,-0.613365872653,
    2.135020857149));
#6408 = CARTESIAN_POINT('',(3.431514581673,-0.662619344198,
    2.135020857149));
#6409 = CARTESIAN_POINT('',(3.411141363149,-0.711804644669,
    2.135020857149));
#6410 = CARTESIAN_POINT('',(3.390796382008,-0.760921774065,
    2.135020857149));
#6411 = CARTESIAN_POINT('',(3.370479638251,-0.809970732388,
    2.135020857149));
#6412 = CARTESIAN_POINT('',(3.350191131876,-0.858951519637,
    2.135020857149));
#6413 = CARTESIAN_POINT('',(3.329930862886,-0.907864135812,
    2.135020857149));
#6414 = CARTESIAN_POINT('',(2.834850674205,-2.103093441788,
    2.135020857149));
#6415 = CARTESIAN_POINT('',(1.727586252495,-3.009448724487,
    2.135020937091));
#6416 = CARTESIAN_POINT('',(0.10585501195,-3.257464103805,2.135020692567
    ));
#6417 = CARTESIAN_POINT('',(-1.475741298782,-2.5067600004,2.135021036405
    ));
#6418 = CARTESIAN_POINT('',(-2.588653308495,-1.059860959899,
    2.135020781556));
#6419 = CARTESIAN_POINT('',(-2.588653308509,1.059860959899,
    2.135020781567));
#6420 = CARTESIAN_POINT('',(-1.475741298771,2.5067600004,2.135021036396)
  );
#6421 = CARTESIAN_POINT('',(0.105855011945,3.257464103806,2.135020692572
    ));
#6422 = CARTESIAN_POINT('',(1.727586252497,3.009448724487,2.135020937089
    ));
#6423 = CARTESIAN_POINT('',(2.834850674204,2.103093441788,2.135020857149
    ));
#6424 = CARTESIAN_POINT('',(3.329930862886,0.907864135812,2.135020857149
    ));
#6425 = CARTESIAN_POINT('',(3.350191131876,0.858951519637,2.135020857149
    ));
#6426 = CARTESIAN_POINT('',(3.370479638251,0.809970732388,2.135020857149
    ));
#6427 = CARTESIAN_POINT('',(3.390796382008,0.760921774065,2.135020857149
    ));
#6428 = CARTESIAN_POINT('',(3.411141363149,0.711804644669,2.135020857149
    ));
#6429 = CARTESIAN_POINT('',(3.431514581673,0.662619344198,2.135020857149
    ));
#6430 = CARTESIAN_POINT('',(3.451916037581,0.613365872653,2.135020857149
    ));
#6431 = CARTESIAN_POINT('',(3.472345730872,0.564044230035,2.135020857149
    ));
#6432 = CARTESIAN_POINT('',(3.492803661547,0.514654416342,2.135020857149
    ));
#6433 = CARTESIAN_POINT('',(3.513289829605,0.465196431576,2.135020857149
    ));
#6434 = CARTESIAN_POINT('',(3.533804235046,0.415670275736,2.135020857149
    ));
#6435 = ADVANCED_FACE('',(#6436),#6472,.T.);
#6436 = FACE_BOUND('',#6437,.T.);
#6437 = EDGE_LOOP('',(#6438,#6439,#6440,#6459));
#6438 = ORIENTED_EDGE('',*,*,#6155,.F.);
#6439 = ORIENTED_EDGE('',*,*,#6325,.T.);
#6440 = ORIENTED_EDGE('',*,*,#6441,.T.);
#6441 = EDGE_CURVE('',#6289,#6442,#6444,.T.);
#6442 = VERTEX_POINT('',#6443);
#6443 = CARTESIAN_POINT('',(3.487468271461,0.25,2.135020857149));
#6444 = B_SPLINE_CURVE_WITH_KNOTS('',5,(#6445,#6446,#6447,#6448,#6449,
    #6450,#6451,#6452,#6453,#6454,#6455,#6456,#6457,#6458),
  .UNSPECIFIED.,.F.,.F.,(6,4,4,6),(-0.119413470026,-1.353371911203E-07,
    1.96349554383,2.08290869425),.UNSPECIFIED.);
#6445 = CARTESIAN_POINT('',(3.264001325546,1.067032118743,2.135020857149
    ));
#6446 = CARTESIAN_POINT('',(3.273140829292,1.0449674049,2.135020857149)
  );
#6447 = CARTESIAN_POINT('',(3.282280331654,1.0229026944,2.135020857149)
  );
#6448 = CARTESIAN_POINT('',(3.291419832631,1.000837987243,2.135020857149
    ));
#6449 = CARTESIAN_POINT('',(3.300559332224,0.978773283428,2.135020857149
    ));
#6450 = CARTESIAN_POINT('',(3.45997823841,0.593901998977,2.135020857149)
  );
#6451 = CARTESIAN_POINT('',(3.539038746156,0.201591257513,2.135020857149
    ));
#6452 = CARTESIAN_POINT('',(3.539039291386,-0.201589955698,
    2.135020857149));
#6453 = CARTESIAN_POINT('',(3.45997851584,-0.593901329202,2.135020857149
    ));
#6454 = CARTESIAN_POINT('',(3.300559329455,-0.978773290113,
    2.135020857149));
#6455 = CARTESIAN_POINT('',(3.291419828478,-1.00083799727,2.135020857149
    ));
#6456 = CARTESIAN_POINT('',(3.2822803275,-1.022902704428,2.135020857149)
  );
#6457 = CARTESIAN_POINT('',(3.273140826523,-1.044967411585,
    2.135020857149));
#6458 = CARTESIAN_POINT('',(3.264001325546,-1.067032118743,
    2.135020857149));
#6459 = ORIENTED_EDGE('',*,*,#6460,.T.);
#6460 = EDGE_CURVE('',#6442,#6156,#6461,.T.);
#6461 = B_SPLINE_CURVE_WITH_KNOTS('',5,(#6462,#6463,#6464,#6465,#6466,
    #6467,#6468,#6469,#6470,#6471),.UNSPECIFIED.,.F.,.F.,(6,4,6),(0.,
    0.48758179705,1.),.UNSPECIFIED.);
#6462 = CARTESIAN_POINT('',(3.487468271461,0.25,2.135020857149));
#6463 = CARTESIAN_POINT('',(3.487468270657,0.25,2.113553317448));
#6464 = CARTESIAN_POINT('',(3.485538793119,0.25,2.091758528998));
#6465 = CARTESIAN_POINT('',(3.481559474663,0.25,2.069958867169));
#6466 = CARTESIAN_POINT('',(3.475526468276,0.25,2.048540658581));
#6467 = CARTESIAN_POINT('',(3.459209148069,0.25,2.006097182303));
#6468 = CARTESIAN_POINT('',(3.448723867052,0.25,1.985147071589));
#6469 = CARTESIAN_POINT('',(3.436260723432,0.25,1.965395047985));
#6470 = CARTESIAN_POINT('',(3.422126648559,0.25,1.947173883242));
#6471 = CARTESIAN_POINT('',(3.40667978278,0.25,1.930661594627));
#6472 = ( BOUNDED_SURFACE() B_SPLINE_SURFACE(2,5,(
    (#6473,#6474,#6475,#6476,#6477,#6478,#6479,#6480,#6481,#6482,#6483
      ,#6484,#6485,#6486)
    ,(#6487,#6488,#6489,#6490,#6491,#6492,#6493,#6494,#6495,#6496,#6497
      ,#6498,#6499,#6500)
    ,(#6501,#6502,#6503,#6504,#6505,#6506,#6507,#6508,#6509,#6510,#6511
      ,#6512,#6513,#6514
)),.UNSPECIFIED.,.F.,.F.,.F.) B_SPLINE_SURFACE_WITH_KNOTS((3,3),(6,4,4,6
    ),(0.,1.963495679168),(-0.119413470026,-1.353371911203E-07,
    1.96349554383,2.08290869425),.UNSPECIFIED.) 
GEOMETRIC_REPRESENTATION_ITEM() RATIONAL_B_SPLINE_SURFACE((
    (1.,1.,1.,1.,1.,1.,1.,1.,1.,1.,1.,1.,1.,1.)
    ,(0.93061798229,0.93061798229,0.93061798229,0.93061798229
      ,0.93061798229,0.93061798229,0.93061798229,0.93061798229
      ,0.93061798229,0.93061798229,0.93061798229,0.93061798229
      ,0.93061798229,0.93061798229)
,(1.,1.,1.,1.,1.,1.,1.,1.,1.,1.,1.,1.,1.,1.
))) REPRESENTATION_ITEM('') SURFACE() );
#6473 = CARTESIAN_POINT('',(3.189749034566,1.036275808073,1.930661594627
    ));
#6474 = CARTESIAN_POINT('',(3.199182355483,1.013501756721,1.930661594627
    ));
#6475 = CARTESIAN_POINT('',(3.20846876641,0.991082377458,1.930661594627)
  );
#6476 = CARTESIAN_POINT('',(3.217608267348,0.969017670284,1.930661594627
    ));
#6477 = CARTESIAN_POINT('',(3.226600858298,0.9473076352,1.930661594627)
  );
#6478 = CARTESIAN_POINT('',(3.380894753976,0.574809218729,1.930661594627
    ));
#6479 = CARTESIAN_POINT('',(3.457413628123,0.195110560338,1.930661594627
    ));
#6480 = CARTESIAN_POINT('',(3.457414134116,-0.1951093668,1.930661594627)
  );
#6481 = CARTESIAN_POINT('',(3.380895040325,-0.574808527422,
    1.930661594627));
#6482 = CARTESIAN_POINT('',(3.226600854533,-0.947307644289,
    1.930661594627));
#6483 = CARTESIAN_POINT('',(3.217608261701,-0.969017683918,
    1.930661594627));
#6484 = CARTESIAN_POINT('',(3.208468760763,-0.991082391091,
    1.930661594627));
#6485 = CARTESIAN_POINT('',(3.199182351718,-1.01350176581,1.930661594627
    ));
#6486 = CARTESIAN_POINT('',(3.189749034566,-1.036275808073,
    1.930661594627));
#6487 = CARTESIAN_POINT('',(3.264001325546,1.067032118743,2.017037309501
    ));
#6488 = CARTESIAN_POINT('',(3.273140829292,1.0449674049,2.017037309501)
  );
#6489 = CARTESIAN_POINT('',(3.282280331654,1.0229026944,2.017037309501)
  );
#6490 = CARTESIAN_POINT('',(3.291419832631,1.000837987243,2.017037309501
    ));
#6491 = CARTESIAN_POINT('',(3.300559332224,0.978773283428,2.017037309501
    ));
#6492 = CARTESIAN_POINT('',(3.45997823841,0.593901998977,2.017037309501)
  );
#6493 = CARTESIAN_POINT('',(3.539038746156,0.201591257513,2.017037309501
    ));
#6494 = CARTESIAN_POINT('',(3.539039291386,-0.201589955698,
    2.017037309501));
#6495 = CARTESIAN_POINT('',(3.45997851584,-0.593901329202,2.017037309501
    ));
#6496 = CARTESIAN_POINT('',(3.300559329455,-0.978773290113,
    2.017037309501));
#6497 = CARTESIAN_POINT('',(3.291419828478,-1.00083799727,2.017037309501
    ));
#6498 = CARTESIAN_POINT('',(3.2822803275,-1.022902704428,2.017037309501)
  );
#6499 = CARTESIAN_POINT('',(3.273140826523,-1.044967411585,
    2.017037309501));
#6500 = CARTESIAN_POINT('',(3.264001325546,-1.067032118743,
    2.017037309501));
#6501 = CARTESIAN_POINT('',(3.264001325546,1.067032118743,2.135020857149
    ));
#6502 = CARTESIAN_POINT('',(3.273140829292,1.0449674049,2.135020857149)
  );
#6503 = CARTESIAN_POINT('',(3.282280331654,1.0229026944,2.135020857149)
  );
#6504 = CARTESIAN_POINT('',(3.291419832631,1.000837987243,2.135020857149
    ));
#6505 = CARTESIAN_POINT('',(3.300559332224,0.978773283428,2.135020857149
    ));
#6506 = CARTESIAN_POINT('',(3.45997823841,0.593901998977,2.135020857149)
  );
#6507 = CARTESIAN_POINT('',(3.539038746156,0.201591257513,2.135020857149
    ));
#6508 = CARTESIAN_POINT('',(3.539039291386,-0.201589955698,
    2.135020857149));
#6509 = CARTESIAN_POINT('',(3.45997851584,-0.593901329202,2.135020857149
    ));
#6510 = CARTESIAN_POINT('',(3.300559329455,-0.978773290113,
    2.135020857149));
#6511 = CARTESIAN_POINT('',(3.291419828478,-1.00083799727,2.135020857149
    ));
#6512 = CARTESIAN_POINT('',(3.2822803275,-1.022902704428,2.135020857149)
  );
#6513 = CARTESIAN_POINT('',(3.273140826523,-1.044967411585,
    2.135020857149));
#6514 = CARTESIAN_POINT('',(3.264001325546,-1.067032118743,
    2.135020857149));
#6515 = ADVANCED_FACE('',(#6516),#6540,.F.);
#6516 = FACE_BOUND('',#6517,.F.);
#6517 = EDGE_LOOP('',(#6518,#6535,#6536,#6537,#6538,#6539));
#6518 = ORIENTED_EDGE('',*,*,#6519,.F.);
#6519 = EDGE_CURVE('',#6156,#6178,#6520,.T.);
#6520 = B_SPLINE_CURVE_WITH_KNOTS('',5,(#6521,#6522,#6523,#6524,#6525,
    #6526,#6527,#6528,#6529,#6530,#6531,#6532,#6533,#6534),
  .UNSPECIFIED.,.F.,.F.,(6,4,4,6),(-0.119413470026,-1.353371911203E-07,
    1.96349554383,2.08290869425),.UNSPECIFIED.);
#6521 = CARTESIAN_POINT('',(3.189749034566,1.036275808073,1.930661594627
    ));
#6522 = CARTESIAN_POINT('',(3.199182355483,1.013501756721,1.930661594627
    ));
#6523 = CARTESIAN_POINT('',(3.20846876641,0.991082377458,1.930661594627)
  );
#6524 = CARTESIAN_POINT('',(3.217608267348,0.969017670284,1.930661594627
    ));
#6525 = CARTESIAN_POINT('',(3.226600858298,0.9473076352,1.930661594627)
  );
#6526 = CARTESIAN_POINT('',(3.380894753976,0.574809218729,1.930661594627
    ));
#6527 = CARTESIAN_POINT('',(3.457413628123,0.195110560338,1.930661594627
    ));
#6528 = CARTESIAN_POINT('',(3.457414134116,-0.1951093668,1.930661594627)
  );
#6529 = CARTESIAN_POINT('',(3.380895040325,-0.574808527422,
    1.930661594627));
#6530 = CARTESIAN_POINT('',(3.226600854533,-0.947307644289,
    1.930661594627));
#6531 = CARTESIAN_POINT('',(3.217608261701,-0.969017683918,
    1.930661594627));
#6532 = CARTESIAN_POINT('',(3.208468760763,-0.991082391091,
    1.930661594627));
#6533 = CARTESIAN_POINT('',(3.199182351718,-1.01350176581,1.930661594627
    ));
#6534 = CARTESIAN_POINT('',(3.189749034566,-1.036275808073,
    1.930661594627));
#6535 = ORIENTED_EDGE('',*,*,#6252,.F.);
#6536 = ORIENTED_EDGE('',*,*,#6233,.F.);
#6537 = ORIENTED_EDGE('',*,*,#6226,.F.);
#6538 = ORIENTED_EDGE('',*,*,#6207,.F.);
#6539 = ORIENTED_EDGE('',*,*,#6196,.T.);
#6540 = SURFACE_OF_REVOLUTION('',#6541,#6546);
#6541 = CIRCLE('',#6542,0.485412195974);
#6542 = AXIS2_PLACEMENT_3D('',#6543,#6544,#6545);
#6543 = CARTESIAN_POINT('',(3.563765702719,1.061946524813,1.6));
#6544 = DIRECTION('',(-0.382683432365,0.923879532511,0.));
#6545 = DIRECTION('',(-0.523404384043,-0.216801194476,-0.824041924199));
#6546 = AXIS1_PLACEMENT('',#6547,#6548);
#6547 = CARTESIAN_POINT('',(1.,0.,0.));
#6548 = DIRECTION('',(0.,0.,-1.));
#6549 = ADVANCED_FACE('',(#6550),#6586,.T.);
#6550 = FACE_BOUND('',#6551,.T.);
#6551 = EDGE_LOOP('',(#6552,#6553,#6568,#6585));
#6552 = ORIENTED_EDGE('',*,*,#6177,.F.);
#6553 = ORIENTED_EDGE('',*,*,#6554,.F.);
#6554 = EDGE_CURVE('',#6555,#6178,#6557,.T.);
#6555 = VERTEX_POINT('',#6556);
#6556 = CARTESIAN_POINT('',(3.487468315832,-0.25,2.135020857149));
#6557 = B_SPLINE_CURVE_WITH_KNOTS('',5,(#6558,#6559,#6560,#6561,#6562,
    #6563,#6564,#6565,#6566,#6567),.UNSPECIFIED.,.F.,.F.,(6,4,6),(0.,
    0.487581797268,1.),.UNSPECIFIED.);
#6558 = CARTESIAN_POINT('',(3.487468315832,-0.25,2.135020857149));
#6559 = CARTESIAN_POINT('',(3.487468315028,-0.25,2.113553317453));
#6560 = CARTESIAN_POINT('',(3.485538837558,-0.25,2.091758529008));
#6561 = CARTESIAN_POINT('',(3.48155951924,-0.25,2.069958867183));
#6562 = CARTESIAN_POINT('',(3.475526513064,-0.25,2.048540658594));
#6563 = CARTESIAN_POINT('',(3.45920919343,-0.25,2.006097182322));
#6564 = CARTESIAN_POINT('',(3.448723912786,-0.25,1.985147071614));
#6565 = CARTESIAN_POINT('',(3.436260769607,-0.25,1.965395048007));
#6566 = CARTESIAN_POINT('',(3.422126695234,-0.25,1.947173883255));
#6567 = CARTESIAN_POINT('',(3.406679829997,-0.25,1.930661594627));
#6568 = ORIENTED_EDGE('',*,*,#6569,.T.);
#6569 = EDGE_CURVE('',#6555,#6274,#6570,.T.);
#6570 = B_SPLINE_CURVE_WITH_KNOTS('',5,(#6571,#6572,#6573,#6574,#6575,
    #6576,#6577,#6578,#6579,#6580,#6581,#6582,#6583,#6584),
  .UNSPECIFIED.,.F.,.F.,(6,4,4,6),(-0.119413470026,-1.353371911203E-07,
    1.96349554383,2.08290869425),.UNSPECIFIED.);
#6571 = CARTESIAN_POINT('',(3.264001325546,1.067032118743,2.135020857149
    ));
#6572 = CARTESIAN_POINT('',(3.273140829292,1.0449674049,2.135020857149)
  );
#6573 = CARTESIAN_POINT('',(3.282280331654,1.0229026944,2.135020857149)
  );
#6574 = CARTESIAN_POINT('',(3.291419832631,1.000837987243,2.135020857149
    ));
#6575 = CARTESIAN_POINT('',(3.300559332224,0.978773283428,2.135020857149
    ));
#6576 = CARTESIAN_POINT('',(3.45997823841,0.593901998977,2.135020857149)
  );
#6577 = CARTESIAN_POINT('',(3.539038746156,0.201591257513,2.135020857149
    ));
#6578 = CARTESIAN_POINT('',(3.539039291386,-0.201589955698,
    2.135020857149));
#6579 = CARTESIAN_POINT('',(3.45997851584,-0.593901329202,2.135020857149
    ));
#6580 = CARTESIAN_POINT('',(3.300559329455,-0.978773290113,
    2.135020857149));
#6581 = CARTESIAN_POINT('',(3.291419828478,-1.00083799727,2.135020857149
    ));
#6582 = CARTESIAN_POINT('',(3.2822803275,-1.022902704428,2.135020857149)
  );
#6583 = CARTESIAN_POINT('',(3.273140826523,-1.044967411585,
    2.135020857149));
#6584 = CARTESIAN_POINT('',(3.264001325546,-1.067032118743,
    2.135020857149));
#6585 = ORIENTED_EDGE('',*,*,#6273,.F.);
#6586 = ( BOUNDED_SURFACE() B_SPLINE_SURFACE(2,5,(
    (#6587,#6588,#6589,#6590,#6591,#6592,#6593,#6594,#6595,#6596,#6597
      ,#6598,#6599,#6600)
    ,(#6601,#6602,#6603,#6604,#6605,#6606,#6607,#6608,#6609,#6610,#6611
      ,#6612,#6613,#6614)
    ,(#6615,#6616,#6617,#6618,#6619,#6620,#6621,#6622,#6623,#6624,#6625
      ,#6626,#6627,#6628
)),.UNSPECIFIED.,.F.,.F.,.F.) B_SPLINE_SURFACE_WITH_KNOTS((3,3),(6,4,4,6
    ),(0.,1.963495679168),(-0.119413470026,-1.353371911203E-07,
    1.96349554383,2.08290869425),.UNSPECIFIED.) 
GEOMETRIC_REPRESENTATION_ITEM() RATIONAL_B_SPLINE_SURFACE((
    (1.,1.,1.,1.,1.,1.,1.,1.,1.,1.,1.,1.,1.,1.)
    ,(0.93061798229,0.93061798229,0.93061798229,0.93061798229
      ,0.93061798229,0.93061798229,0.93061798229,0.93061798229
      ,0.93061798229,0.93061798229,0.93061798229,0.93061798229
      ,0.93061798229,0.93061798229)
,(1.,1.,1.,1.,1.,1.,1.,1.,1.,1.,1.,1.,1.,1.
))) REPRESENTATION_ITEM('') SURFACE() );
#6587 = CARTESIAN_POINT('',(3.189749034566,1.036275808073,1.930661594627
    ));
#6588 = CARTESIAN_POINT('',(3.199182355483,1.013501756721,1.930661594627
    ));
#6589 = CARTESIAN_POINT('',(3.20846876641,0.991082377458,1.930661594627)
  );
#6590 = CARTESIAN_POINT('',(3.217608267348,0.969017670284,1.930661594627
    ));
#6591 = CARTESIAN_POINT('',(3.226600858298,0.9473076352,1.930661594627)
  );
#6592 = CARTESIAN_POINT('',(3.380894753976,0.574809218729,1.930661594627
    ));
#6593 = CARTESIAN_POINT('',(3.457413628123,0.195110560338,1.930661594627
    ));
#6594 = CARTESIAN_POINT('',(3.457414134116,-0.1951093668,1.930661594627)
  );
#6595 = CARTESIAN_POINT('',(3.380895040325,-0.574808527422,
    1.930661594627));
#6596 = CARTESIAN_POINT('',(3.226600854533,-0.947307644289,
    1.930661594627));
#6597 = CARTESIAN_POINT('',(3.217608261701,-0.969017683918,
    1.930661594627));
#6598 = CARTESIAN_POINT('',(3.208468760763,-0.991082391091,
    1.930661594627));
#6599 = CARTESIAN_POINT('',(3.199182351718,-1.01350176581,1.930661594627
    ));
#6600 = CARTESIAN_POINT('',(3.189749034566,-1.036275808073,
    1.930661594627));
#6601 = CARTESIAN_POINT('',(3.264001325546,1.067032118743,2.017037309501
    ));
#6602 = CARTESIAN_POINT('',(3.273140829292,1.0449674049,2.017037309501)
  );
#6603 = CARTESIAN_POINT('',(3.282280331654,1.0229026944,2.017037309501)
  );
#6604 = CARTESIAN_POINT('',(3.291419832631,1.000837987243,2.017037309501
    ));
#6605 = CARTESIAN_POINT('',(3.300559332224,0.978773283428,2.017037309501
    ));
#6606 = CARTESIAN_POINT('',(3.45997823841,0.593901998977,2.017037309501)
  );
#6607 = CARTESIAN_POINT('',(3.539038746156,0.201591257513,2.017037309501
    ));
#6608 = CARTESIAN_POINT('',(3.539039291386,-0.201589955698,
    2.017037309501));
#6609 = CARTESIAN_POINT('',(3.45997851584,-0.593901329202,2.017037309501
    ));
#6610 = CARTESIAN_POINT('',(3.300559329455,-0.978773290113,
    2.017037309501));
#6611 = CARTESIAN_POINT('',(3.291419828478,-1.00083799727,2.017037309501
    ));
#6612 = CARTESIAN_POINT('',(3.2822803275,-1.022902704428,2.017037309501)
  );
#6613 = CARTESIAN_POINT('',(3.273140826523,-1.044967411585,
    2.017037309501));
#6614 = CARTESIAN_POINT('',(3.264001325546,-1.067032118743,
    2.017037309501));
#6615 = CARTESIAN_POINT('',(3.264001325546,1.067032118743,2.135020857149
    ));
#6616 = CARTESIAN_POINT('',(3.273140829292,1.0449674049,2.135020857149)
  );
#6617 = CARTESIAN_POINT('',(3.282280331654,1.0229026944,2.135020857149)
  );
#6618 = CARTESIAN_POINT('',(3.291419832631,1.000837987243,2.135020857149
    ));
#6619 = CARTESIAN_POINT('',(3.300559332224,0.978773283428,2.135020857149
    ));
#6620 = CARTESIAN_POINT('',(3.45997823841,0.593901998977,2.135020857149)
  );
#6621 = CARTESIAN_POINT('',(3.539038746156,0.201591257513,2.135020857149
    ));
#6622 = CARTESIAN_POINT('',(3.539039291386,-0.201589955698,
    2.135020857149));
#6623 = CARTESIAN_POINT('',(3.45997851584,-0.593901329202,2.135020857149
    ));
#6624 = CARTESIAN_POINT('',(3.300559329455,-0.978773290113,
    2.135020857149));
#6625 = CARTESIAN_POINT('',(3.291419828478,-1.00083799727,2.135020857149
    ));
#6626 = CARTESIAN_POINT('',(3.2822803275,-1.022902704428,2.135020857149)
  );
#6627 = CARTESIAN_POINT('',(3.273140826523,-1.044967411585,
    2.135020857149));
#6628 = CARTESIAN_POINT('',(3.264001325546,-1.067032118743,
    2.135020857149));
#6629 = ADVANCED_FACE('',(#6630),#6656,.T.);
#6630 = FACE_BOUND('',#6631,.T.);
#6631 = EDGE_LOOP('',(#6632,#6643,#6649,#6650));
#6632 = ORIENTED_EDGE('',*,*,#6633,.T.);
#6633 = EDGE_CURVE('',#6634,#6636,#6638,.T.);
#6634 = VERTEX_POINT('',#6635);
#6635 = CARTESIAN_POINT('',(3.309698831278,-0.956708580913,4.8));
#6636 = VERTEX_POINT('',#6637);
#6637 = CARTESIAN_POINT('',(3.309698831278,0.956708580913,4.8));
#6638 = CIRCLE('',#6639,2.5);
#6639 = AXIS2_PLACEMENT_3D('',#6640,#6641,#6642);
#6640 = CARTESIAN_POINT('',(1.,0.,4.8));
#6641 = DIRECTION('',(0.,-0.,-1.));
#6642 = DIRECTION('',(0.923879532511,-0.382683432365,0.));
#6643 = ORIENTED_EDGE('',*,*,#6644,.F.);
#6644 = EDGE_CURVE('',#6289,#6636,#6645,.T.);
#6645 = LINE('',#6646,#6647);
#6646 = CARTESIAN_POINT('',(3.309698831278,0.956708580913,2.));
#6647 = VECTOR('',#6648,1.);
#6648 = DIRECTION('',(0.,0.,1.));
#6649 = ORIENTED_EDGE('',*,*,#6288,.F.);
#6650 = ORIENTED_EDGE('',*,*,#6651,.T.);
#6651 = EDGE_CURVE('',#6274,#6634,#6652,.T.);
#6652 = LINE('',#6653,#6654);
#6653 = CARTESIAN_POINT('',(3.309698831278,-0.956708580913,2.));
#6654 = VECTOR('',#6655,1.);
#6655 = DIRECTION('',(0.,0.,1.));
#6656 = CYLINDRICAL_SURFACE('',#6657,2.5);
#6657 = AXIS2_PLACEMENT_3D('',#6658,#6659,#6660);
#6658 = CARTESIAN_POINT('',(1.,0.,2.));
#6659 = DIRECTION('',(0.,0.,1.));
#6660 = DIRECTION('',(0.923879532511,-0.382683432365,0.));
#6661 = ADVANCED_FACE('',(#6662),#6684,.T.);
#6662 = FACE_BOUND('',#6663,.T.);
#6663 = EDGE_LOOP('',(#6664,#6665,#6666,#6683));
#6664 = ORIENTED_EDGE('',*,*,#6519,.F.);
#6665 = ORIENTED_EDGE('',*,*,#6460,.F.);
#6666 = ORIENTED_EDGE('',*,*,#6667,.T.);
#6667 = EDGE_CURVE('',#6442,#6555,#6668,.T.);
#6668 = B_SPLINE_CURVE_WITH_KNOTS('',5,(#6669,#6670,#6671,#6672,#6673,
    #6674,#6675,#6676,#6677,#6678,#6679,#6680,#6681,#6682),
  .UNSPECIFIED.,.F.,.F.,(6,4,4,6),(-0.119413470026,-1.353371911203E-07,
    1.96349554383,2.08290869425),.UNSPECIFIED.);
#6669 = CARTESIAN_POINT('',(3.264001325546,1.067032118743,2.135020857149
    ));
#6670 = CARTESIAN_POINT('',(3.273140829292,1.0449674049,2.135020857149)
  );
#6671 = CARTESIAN_POINT('',(3.282280331654,1.0229026944,2.135020857149)
  );
#6672 = CARTESIAN_POINT('',(3.291419832631,1.000837987243,2.135020857149
    ));
#6673 = CARTESIAN_POINT('',(3.300559332224,0.978773283428,2.135020857149
    ));
#6674 = CARTESIAN_POINT('',(3.45997823841,0.593901998977,2.135020857149)
  );
#6675 = CARTESIAN_POINT('',(3.539038746156,0.201591257513,2.135020857149
    ));
#6676 = CARTESIAN_POINT('',(3.539039291386,-0.201589955698,
    2.135020857149));
#6677 = CARTESIAN_POINT('',(3.45997851584,-0.593901329202,2.135020857149
    ));
#6678 = CARTESIAN_POINT('',(3.300559329455,-0.978773290113,
    2.135020857149));
#6679 = CARTESIAN_POINT('',(3.291419828478,-1.00083799727,2.135020857149
    ));
#6680 = CARTESIAN_POINT('',(3.2822803275,-1.022902704428,2.135020857149)
  );
#6681 = CARTESIAN_POINT('',(3.273140826523,-1.044967411585,
    2.135020857149));
#6682 = CARTESIAN_POINT('',(3.264001325546,-1.067032118743,
    2.135020857149));
#6683 = ORIENTED_EDGE('',*,*,#6554,.T.);
#6684 = ( BOUNDED_SURFACE() B_SPLINE_SURFACE(2,5,(
    (#6685,#6686,#6687,#6688,#6689,#6690,#6691,#6692,#6693,#6694,#6695
      ,#6696,#6697,#6698)
    ,(#6699,#6700,#6701,#6702,#6703,#6704,#6705,#6706,#6707,#6708,#6709
      ,#6710,#6711,#6712)
    ,(#6713,#6714,#6715,#6716,#6717,#6718,#6719,#6720,#6721,#6722,#6723
      ,#6724,#6725,#6726
)),.UNSPECIFIED.,.F.,.F.,.F.) B_SPLINE_SURFACE_WITH_KNOTS((3,3),(6,4,4,6
    ),(0.,1.963495679168),(-0.119413470026,-1.353371911203E-07,
    1.96349554383,2.08290869425),.UNSPECIFIED.) 
GEOMETRIC_REPRESENTATION_ITEM() RATIONAL_B_SPLINE_SURFACE((
    (1.,1.,1.,1.,1.,1.,1.,1.,1.,1.,1.,1.,1.,1.)
    ,(0.93061798229,0.93061798229,0.93061798229,0.93061798229
      ,0.93061798229,0.93061798229,0.93061798229,0.93061798229
      ,0.93061798229,0.93061798229,0.93061798229,0.93061798229
      ,0.93061798229,0.93061798229)
,(1.,1.,1.,1.,1.,1.,1.,1.,1.,1.,1.,1.,1.,1.
))) REPRESENTATION_ITEM('') SURFACE() );
#6685 = CARTESIAN_POINT('',(3.189749034566,1.036275808073,1.930661594627
    ));
#6686 = CARTESIAN_POINT('',(3.199182355483,1.013501756721,1.930661594627
    ));
#6687 = CARTESIAN_POINT('',(3.20846876641,0.991082377458,1.930661594627)
  );
#6688 = CARTESIAN_POINT('',(3.217608267348,0.969017670284,1.930661594627
    ));
#6689 = CARTESIAN_POINT('',(3.226600858298,0.9473076352,1.930661594627)
  );
#6690 = CARTESIAN_POINT('',(3.380894753976,0.574809218729,1.930661594627
    ));
#6691 = CARTESIAN_POINT('',(3.457413628123,0.195110560338,1.930661594627
    ));
#6692 = CARTESIAN_POINT('',(3.457414134116,-0.1951093668,1.930661594627)
  );
#6693 = CARTESIAN_POINT('',(3.380895040325,-0.574808527422,
    1.930661594627));
#6694 = CARTESIAN_POINT('',(3.226600854533,-0.947307644289,
    1.930661594627));
#6695 = CARTESIAN_POINT('',(3.217608261701,-0.969017683918,
    1.930661594627));
#6696 = CARTESIAN_POINT('',(3.208468760763,-0.991082391091,
    1.930661594627));
#6697 = CARTESIAN_POINT('',(3.199182351718,-1.01350176581,1.930661594627
    ));
#6698 = CARTESIAN_POINT('',(3.189749034566,-1.036275808073,
    1.930661594627));
#6699 = CARTESIAN_POINT('',(3.264001325546,1.067032118743,2.017037309501
    ));
#6700 = CARTESIAN_POINT('',(3.273140829292,1.0449674049,2.017037309501)
  );
#6701 = CARTESIAN_POINT('',(3.282280331654,1.0229026944,2.017037309501)
  );
#6702 = CARTESIAN_POINT('',(3.291419832631,1.000837987243,2.017037309501
    ));
#6703 = CARTESIAN_POINT('',(3.300559332224,0.978773283428,2.017037309501
    ));
#6704 = CARTESIAN_POINT('',(3.45997823841,0.593901998977,2.017037309501)
  );
#6705 = CARTESIAN_POINT('',(3.539038746156,0.201591257513,2.017037309501
    ));
#6706 = CARTESIAN_POINT('',(3.539039291386,-0.201589955698,
    2.017037309501));
#6707 = CARTESIAN_POINT('',(3.45997851584,-0.593901329202,2.017037309501
    ));
#6708 = CARTESIAN_POINT('',(3.300559329455,-0.978773290113,
    2.017037309501));
#6709 = CARTESIAN_POINT('',(3.291419828478,-1.00083799727,2.017037309501
    ));
#6710 = CARTESIAN_POINT('',(3.2822803275,-1.022902704428,2.017037309501)
  );
#6711 = CARTESIAN_POINT('',(3.273140826523,-1.044967411585,
    2.017037309501));
#6712 = CARTESIAN_POINT('',(3.264001325546,-1.067032118743,
    2.017037309501));
#6713 = CARTESIAN_POINT('',(3.264001325546,1.067032118743,2.135020857149
    ));
#6714 = CARTESIAN_POINT('',(3.273140829292,1.0449674049,2.135020857149)
  );
#6715 = CARTESIAN_POINT('',(3.282280331654,1.0229026944,2.135020857149)
  );
#6716 = CARTESIAN_POINT('',(3.291419832631,1.000837987243,2.135020857149
    ));
#6717 = CARTESIAN_POINT('',(3.300559332224,0.978773283428,2.135020857149
    ));
#6718 = CARTESIAN_POINT('',(3.45997823841,0.593901998977,2.135020857149)
  );
#6719 = CARTESIAN_POINT('',(3.539038746156,0.201591257513,2.135020857149
    ));
#6720 = CARTESIAN_POINT('',(3.539039291386,-0.201589955698,
    2.135020857149));
#6721 = CARTESIAN_POINT('',(3.45997851584,-0.593901329202,2.135020857149
    ));
#6722 = CARTESIAN_POINT('',(3.300559329455,-0.978773290113,
    2.135020857149));
#6723 = CARTESIAN_POINT('',(3.291419828478,-1.00083799727,2.135020857149
    ));
#6724 = CARTESIAN_POINT('',(3.2822803275,-1.022902704428,2.135020857149)
  );
#6725 = CARTESIAN_POINT('',(3.273140826523,-1.044967411585,
    2.135020857149));
#6726 = CARTESIAN_POINT('',(3.264001325546,-1.067032118743,
    2.135020857149));
#6727 = ADVANCED_FACE('',(#6728),#6799,.T.);
#6728 = FACE_BOUND('',#6729,.T.);
#6729 = EDGE_LOOP('',(#6730,#6737,#6738,#6739,#6747,#6761,#6770,#6784,
    #6791,#6797,#6798));
#6730 = ORIENTED_EDGE('',*,*,#6731,.T.);
#6731 = EDGE_CURVE('',#6636,#6634,#6732,.T.);
#6732 = CIRCLE('',#6733,2.5);
#6733 = AXIS2_PLACEMENT_3D('',#6734,#6735,#6736);
#6734 = CARTESIAN_POINT('',(1.,0.,4.8));
#6735 = DIRECTION('',(0.,0.,-1.));
#6736 = DIRECTION('',(0.923879532511,0.382683432365,0.));
#6737 = ORIENTED_EDGE('',*,*,#6651,.F.);
#6738 = ORIENTED_EDGE('',*,*,#6569,.F.);
#6739 = ORIENTED_EDGE('',*,*,#6740,.T.);
#6740 = EDGE_CURVE('',#6555,#6741,#6743,.T.);
#6741 = VERTEX_POINT('',#6742);
#6742 = CARTESIAN_POINT('',(3.487468592767,-0.25,3.251));
#6743 = LINE('',#6744,#6745);
#6744 = CARTESIAN_POINT('',(3.487468592767,-0.25,2.));
#6745 = VECTOR('',#6746,1.);
#6746 = DIRECTION('',(0.,0.,1.));
#6747 = ORIENTED_EDGE('',*,*,#6748,.F.);
#6748 = EDGE_CURVE('',#6749,#6741,#6751,.T.);
#6749 = VERTEX_POINT('',#6750);
#6750 = CARTESIAN_POINT('',(3.4999998,-1.E-03,3.5));
#6751 = B_SPLINE_CURVE_WITH_KNOTS('',8,(#6752,#6753,#6754,#6755,#6756,
    #6757,#6758,#6759,#6760),.UNSPECIFIED.,.F.,.F.,(9,9),(0.,1.),
  .PIECEWISE_BEZIER_KNOTS.);
#6752 = CARTESIAN_POINT('',(3.4999998,-1.E-03,3.5));
#6753 = CARTESIAN_POINT('',(3.499978617055,-5.395735907235E-02,3.5));
#6754 = CARTESIAN_POINT('',(3.498676082177,-0.104950526163,
    3.487127296357));
#6755 = CARTESIAN_POINT('',(3.496260480392,-0.151000424553,3.46305838894
    ));
#6756 = CARTESIAN_POINT('',(3.493287896111,-0.189937008149,
    3.429686411631));
#6757 = CARTESIAN_POINT('',(3.49048081622,-0.220024282271,3.389249497325
    ));
#6758 = CARTESIAN_POINT('',(3.488453332589,-0.240202972637,
    3.344185621158));
#6759 = CARTESIAN_POINT('',(3.487468592767,-0.25,3.297202715395));
#6760 = CARTESIAN_POINT('',(3.487468592767,-0.25,3.251));
#6761 = ORIENTED_EDGE('',*,*,#6762,.T.);
#6762 = EDGE_CURVE('',#6749,#6763,#6765,.T.);
#6763 = VERTEX_POINT('',#6764);
#6764 = CARTESIAN_POINT('',(3.4999998,9.999999999997E-04,3.5));
#6765 = CIRCLE('',#6766,2.5);
#6766 = AXIS2_PLACEMENT_3D('',#6767,#6768,#6769);
#6767 = CARTESIAN_POINT('',(1.,0.,3.5));
#6768 = DIRECTION('',(0.,-0.,1.));
#6769 = DIRECTION('',(0.923879532511,0.382683432365,0.));
#6770 = ORIENTED_EDGE('',*,*,#6771,.F.);
#6771 = EDGE_CURVE('',#6772,#6763,#6774,.T.);
#6772 = VERTEX_POINT('',#6773);
#6773 = CARTESIAN_POINT('',(3.487468622767,0.249999701504,3.251385552896
    ));
#6774 = B_SPLINE_CURVE_WITH_KNOTS('',8,(#6775,#6776,#6777,#6778,#6779,
    #6780,#6781,#6782,#6783),.UNSPECIFIED.,.F.,.F.,(9,9),(0.,1.),
  .PIECEWISE_BEZIER_KNOTS.);
#6775 = CARTESIAN_POINT('',(3.487468622767,0.249999701504,3.251385552896
    ));
#6776 = CARTESIAN_POINT('',(3.487475806375,0.249928225413,3.297546599758
    ));
#6777 = CARTESIAN_POINT('',(3.488466071569,0.240076163387,3.344468713965
    ));
#6778 = CARTESIAN_POINT('',(3.490495528585,0.21986657353,3.389460295011)
  );
#6779 = CARTESIAN_POINT('',(3.493300225575,0.189774954381,3.429823601109
    ));
#6780 = CARTESIAN_POINT('',(3.496267732898,0.150859143254,3.463130702916
    ));
#6781 = CARTESIAN_POINT('',(3.49867859983,0.104848949188,3.487152152151)
  );
#6782 = CARTESIAN_POINT('',(3.499978637521,5.390619388061E-02,3.5));
#6783 = CARTESIAN_POINT('',(3.4999998,1.E-03,3.5));
#6784 = ORIENTED_EDGE('',*,*,#6785,.F.);
#6785 = EDGE_CURVE('',#6786,#6772,#6788,.T.);
#6786 = VERTEX_POINT('',#6787);
#6787 = CARTESIAN_POINT('',(3.487468592767,0.25,3.251));
#6788 = B_SPLINE_CURVE_WITH_KNOTS('',1,(#6789,#6790),.UNSPECIFIED.,.F.,
  .F.,(2,2),(0.,1.),.PIECEWISE_BEZIER_KNOTS.);
#6789 = CARTESIAN_POINT('',(3.487468592767,0.25,3.251));
#6790 = CARTESIAN_POINT('',(3.487468622767,0.249999701504,3.251385552896
    ));
#6791 = ORIENTED_EDGE('',*,*,#6792,.F.);
#6792 = EDGE_CURVE('',#6442,#6786,#6793,.T.);
#6793 = LINE('',#6794,#6795);
#6794 = CARTESIAN_POINT('',(3.487468592767,0.25,2.));
#6795 = VECTOR('',#6796,1.);
#6796 = DIRECTION('',(0.,0.,1.));
#6797 = ORIENTED_EDGE('',*,*,#6441,.F.);
#6798 = ORIENTED_EDGE('',*,*,#6644,.T.);
#6799 = CYLINDRICAL_SURFACE('',#6800,2.5);
#6800 = AXIS2_PLACEMENT_3D('',#6801,#6802,#6803);
#6801 = CARTESIAN_POINT('',(1.,0.,2.));
#6802 = DIRECTION('',(0.,0.,1.));
#6803 = DIRECTION('',(0.923879532511,0.382683432365,-0.));
#6804 = ADVANCED_FACE('',(#6805),#6833,.T.);
#6805 = FACE_BOUND('',#6806,.T.);
#6806 = EDGE_LOOP('',(#6807,#6816,#6825,#6832));
#6807 = ORIENTED_EDGE('',*,*,#6808,.T.);
#6808 = EDGE_CURVE('',#6634,#6809,#6811,.T.);
#6809 = VERTEX_POINT('',#6810);
#6810 = CARTESIAN_POINT('',(3.124922924776,-0.88017189444,5.));
#6811 = CIRCLE('',#6812,0.2);
#6812 = AXIS2_PLACEMENT_3D('',#6813,#6814,#6815);
#6813 = CARTESIAN_POINT('',(3.124922924776,-0.88017189444,4.8));
#6814 = DIRECTION('',(-0.382683432365,-0.923879532511,0.));
#6815 = DIRECTION('',(0.923879532511,-0.382683432365,-4.440892098502E-15
    ));
#6816 = ORIENTED_EDGE('',*,*,#6817,.T.);
#6817 = EDGE_CURVE('',#6809,#6818,#6820,.T.);
#6818 = VERTEX_POINT('',#6819);
#6819 = CARTESIAN_POINT('',(3.124922924776,0.88017189444,5.));
#6820 = CIRCLE('',#6821,2.3);
#6821 = AXIS2_PLACEMENT_3D('',#6822,#6823,#6824);
#6822 = CARTESIAN_POINT('',(1.,0.,5.));
#6823 = DIRECTION('',(0.,-0.,-1.));
#6824 = DIRECTION('',(0.923879532511,-0.382683432365,0.));
#6825 = ORIENTED_EDGE('',*,*,#6826,.F.);
#6826 = EDGE_CURVE('',#6636,#6818,#6827,.T.);
#6827 = CIRCLE('',#6828,0.2);
#6828 = AXIS2_PLACEMENT_3D('',#6829,#6830,#6831);
#6829 = CARTESIAN_POINT('',(3.124922924776,0.88017189444,4.8));
#6830 = DIRECTION('',(0.382683432365,-0.923879532511,0.));
#6831 = DIRECTION('',(0.923879532511,0.382683432365,-4.440892098502E-15)
  );
#6832 = ORIENTED_EDGE('',*,*,#6633,.F.);
#6833 = TOROIDAL_SURFACE('',#6834,2.3,0.2);
#6834 = AXIS2_PLACEMENT_3D('',#6835,#6836,#6837);
#6835 = CARTESIAN_POINT('',(1.,0.,4.8));
#6836 = DIRECTION('',(0.,0.,1.));
#6837 = DIRECTION('',(0.923879532511,-0.382683432365,0.));
#6838 = ADVANCED_FACE('',(#6839),#6848,.T.);
#6839 = FACE_BOUND('',#6840,.T.);
#6840 = EDGE_LOOP('',(#6841,#6842,#6843,#6844,#6845,#6846,#6847));
#6841 = ORIENTED_EDGE('',*,*,#6785,.T.);
#6842 = ORIENTED_EDGE('',*,*,#6771,.T.);
#6843 = ORIENTED_EDGE('',*,*,#6762,.F.);
#6844 = ORIENTED_EDGE('',*,*,#6748,.T.);
#6845 = ORIENTED_EDGE('',*,*,#6740,.F.);
#6846 = ORIENTED_EDGE('',*,*,#6667,.F.);
#6847 = ORIENTED_EDGE('',*,*,#6792,.T.);
#6848 = CYLINDRICAL_SURFACE('',#6849,2.5);
#6849 = AXIS2_PLACEMENT_3D('',#6850,#6851,#6852);
#6850 = CARTESIAN_POINT('',(1.,0.,2.));
#6851 = DIRECTION('',(0.,0.,1.));
#6852 = DIRECTION('',(0.923879532511,0.382683432365,-0.));
#6853 = ADVANCED_FACE('',(#6854),#6866,.T.);
#6854 = FACE_BOUND('',#6855,.T.);
#6855 = EDGE_LOOP('',(#6856,#6857,#6864,#6865));
#6856 = ORIENTED_EDGE('',*,*,#6826,.T.);
#6857 = ORIENTED_EDGE('',*,*,#6858,.T.);
#6858 = EDGE_CURVE('',#6818,#6809,#6859,.T.);
#6859 = CIRCLE('',#6860,2.3);
#6860 = AXIS2_PLACEMENT_3D('',#6861,#6862,#6863);
#6861 = CARTESIAN_POINT('',(1.,0.,5.));
#6862 = DIRECTION('',(0.,0.,-1.));
#6863 = DIRECTION('',(0.923879532511,0.382683432365,0.));
#6864 = ORIENTED_EDGE('',*,*,#6808,.F.);
#6865 = ORIENTED_EDGE('',*,*,#6731,.F.);
#6866 = TOROIDAL_SURFACE('',#6867,2.3,0.2);
#6867 = AXIS2_PLACEMENT_3D('',#6868,#6869,#6870);
#6868 = CARTESIAN_POINT('',(1.,0.,4.8));
#6869 = DIRECTION('',(0.,0.,1.));
#6870 = DIRECTION('',(0.923879532511,0.382683432365,-0.));
#6871 = ADVANCED_FACE('',(#6872),#6898,.F.);
#6872 = FACE_BOUND('',#6873,.F.);
#6873 = EDGE_LOOP('',(#6874,#6875,#6883,#6892));
#6874 = ORIENTED_EDGE('',*,*,#6817,.T.);
#6875 = ORIENTED_EDGE('',*,*,#6876,.T.);
#6876 = EDGE_CURVE('',#6818,#6877,#6879,.T.);
#6877 = VERTEX_POINT('',#6878);
#6878 = CARTESIAN_POINT('',(2.616789181895,0.669696006639,5.));
#6879 = LINE('',#6880,#6881);
#6880 = CARTESIAN_POINT('',(3.124922924776,0.88017189444,5.));
#6881 = VECTOR('',#6882,1.);
#6882 = DIRECTION('',(-0.923879532511,-0.382683432365,0.));
#6883 = ORIENTED_EDGE('',*,*,#6884,.F.);
#6884 = EDGE_CURVE('',#6885,#6877,#6887,.T.);
#6885 = VERTEX_POINT('',#6886);
#6886 = CARTESIAN_POINT('',(2.616789181895,-0.669696006639,5.));
#6887 = CIRCLE('',#6888,1.75);
#6888 = AXIS2_PLACEMENT_3D('',#6889,#6890,#6891);
#6889 = CARTESIAN_POINT('',(1.,0.,5.));
#6890 = DIRECTION('',(0.,-0.,-1.));
#6891 = DIRECTION('',(0.923879532511,-0.382683432365,0.));
#6892 = ORIENTED_EDGE('',*,*,#6893,.F.);
#6893 = EDGE_CURVE('',#6809,#6885,#6894,.T.);
#6894 = LINE('',#6895,#6896);
#6895 = CARTESIAN_POINT('',(3.124922924776,-0.88017189444,5.));
#6896 = VECTOR('',#6897,1.);
#6897 = DIRECTION('',(-0.923879532511,0.382683432365,0.));
#6898 = PLANE('',#6899);
#6899 = AXIS2_PLACEMENT_3D('',#6900,#6901,#6902);
#6900 = CARTESIAN_POINT('',(1.,0.,5.));
#6901 = DIRECTION('',(0.,0.,-1.));
#6902 = DIRECTION('',(0.923879532511,-0.382683432365,0.));
#6903 = ADVANCED_FACE('',(#6904),#6916,.F.);
#6904 = FACE_BOUND('',#6905,.F.);
#6905 = EDGE_LOOP('',(#6906,#6907,#6908,#6915));
#6906 = ORIENTED_EDGE('',*,*,#6858,.T.);
#6907 = ORIENTED_EDGE('',*,*,#6893,.T.);
#6908 = ORIENTED_EDGE('',*,*,#6909,.F.);
#6909 = EDGE_CURVE('',#6877,#6885,#6910,.T.);
#6910 = CIRCLE('',#6911,1.75);
#6911 = AXIS2_PLACEMENT_3D('',#6912,#6913,#6914);
#6912 = CARTESIAN_POINT('',(1.,0.,5.));
#6913 = DIRECTION('',(0.,0.,-1.));
#6914 = DIRECTION('',(0.923879532511,0.382683432365,0.));
#6915 = ORIENTED_EDGE('',*,*,#6876,.F.);
#6916 = PLANE('',#6917);
#6917 = AXIS2_PLACEMENT_3D('',#6918,#6919,#6920);
#6918 = CARTESIAN_POINT('',(1.,0.,5.));
#6919 = DIRECTION('',(0.,0.,-1.));
#6920 = DIRECTION('',(0.923879532511,0.382683432365,0.));
#6921 = ADVANCED_FACE('',(#6922),#7059,.F.);
#6922 = FACE_BOUND('',#6923,.F.);
#6923 = EDGE_LOOP('',(#6924,#6932,#6933,#6941,#6950,#6958,#6967,#6975,
    #6984,#6992,#7001,#7010,#7018,#7027,#7035,#7044,#7052));
#6924 = ORIENTED_EDGE('',*,*,#6925,.F.);
#6925 = EDGE_CURVE('',#6885,#6926,#6928,.T.);
#6926 = VERTEX_POINT('',#6927);
#6927 = CARTESIAN_POINT('',(2.616789181895,-0.669696006639,4.9));
#6928 = LINE('',#6929,#6930);
#6929 = CARTESIAN_POINT('',(2.616789181895,-0.669696006639,5.));
#6930 = VECTOR('',#6931,1.);
#6931 = DIRECTION('',(0.,0.,-1.));
#6932 = ORIENTED_EDGE('',*,*,#6884,.T.);
#6933 = ORIENTED_EDGE('',*,*,#6934,.T.);
#6934 = EDGE_CURVE('',#6877,#6935,#6937,.T.);
#6935 = VERTEX_POINT('',#6936);
#6936 = CARTESIAN_POINT('',(2.616789181895,0.669696006639,4.9));
#6937 = LINE('',#6938,#6939);
#6938 = CARTESIAN_POINT('',(2.616789181895,0.669696006639,5.));
#6939 = VECTOR('',#6940,1.);
#6940 = DIRECTION('',(0.,0.,-1.));
#6941 = ORIENTED_EDGE('',*,*,#6942,.T.);
#6942 = EDGE_CURVE('',#6935,#6943,#6945,.T.);
#6943 = VERTEX_POINT('',#6944);
#6944 = CARTESIAN_POINT('',(1.05,1.749285568454,4.9));
#6945 = CIRCLE('',#6946,1.75);
#6946 = AXIS2_PLACEMENT_3D('',#6947,#6948,#6949);
#6947 = CARTESIAN_POINT('',(1.,0.,4.9));
#6948 = DIRECTION('',(0.,0.,1.));
#6949 = DIRECTION('',(-1.,1.224646799147E-16,0.));
#6950 = ORIENTED_EDGE('',*,*,#6951,.T.);
#6951 = EDGE_CURVE('',#6943,#6952,#6954,.T.);
#6952 = VERTEX_POINT('',#6953);
#6953 = CARTESIAN_POINT('',(1.05,1.749285568454,4.8));
#6954 = LINE('',#6955,#6956);
#6955 = CARTESIAN_POINT('',(1.05,1.749285568454,4.7));
#6956 = VECTOR('',#6957,1.);
#6957 = DIRECTION('',(0.,0.,-1.));
#6958 = ORIENTED_EDGE('',*,*,#6959,.F.);
#6959 = EDGE_CURVE('',#6960,#6952,#6962,.T.);
#6960 = VERTEX_POINT('',#6961);
#6961 = CARTESIAN_POINT('',(0.95,1.749285568454,4.8));
#6962 = CIRCLE('',#6963,1.75);
#6963 = AXIS2_PLACEMENT_3D('',#6964,#6965,#6966);
#6964 = CARTESIAN_POINT('',(1.,0.,4.8));
#6965 = DIRECTION('',(0.,0.,-1.));
#6966 = DIRECTION('',(-1.,1.224646799147E-16,0.));
#6967 = ORIENTED_EDGE('',*,*,#6968,.F.);
#6968 = EDGE_CURVE('',#6969,#6960,#6971,.T.);
#6969 = VERTEX_POINT('',#6970);
#6970 = CARTESIAN_POINT('',(0.95,1.749285568454,4.9));
#6971 = LINE('',#6972,#6973);
#6972 = CARTESIAN_POINT('',(0.95,1.749285568454,4.7));
#6973 = VECTOR('',#6974,1.);
#6974 = DIRECTION('',(0.,0.,-1.));
#6975 = ORIENTED_EDGE('',*,*,#6976,.T.);
#6976 = EDGE_CURVE('',#6969,#6977,#6979,.T.);
#6977 = VERTEX_POINT('',#6978);
#6978 = CARTESIAN_POINT('',(-0.749285568454,5.000000000002E-02,4.9));
#6979 = CIRCLE('',#6980,1.75);
#6980 = AXIS2_PLACEMENT_3D('',#6981,#6982,#6983);
#6981 = CARTESIAN_POINT('',(1.,0.,4.9));
#6982 = DIRECTION('',(0.,0.,1.));
#6983 = DIRECTION('',(-1.,1.224646799147E-16,0.));
#6984 = ORIENTED_EDGE('',*,*,#6985,.T.);
#6985 = EDGE_CURVE('',#6977,#6986,#6988,.T.);
#6986 = VERTEX_POINT('',#6987);
#6987 = CARTESIAN_POINT('',(-0.749285568454,5.E-02,4.8));
#6988 = LINE('',#6989,#6990);
#6989 = CARTESIAN_POINT('',(-0.749285568454,5.E-02,4.7));
#6990 = VECTOR('',#6991,1.);
#6991 = DIRECTION('',(0.,0.,-1.));
#6992 = ORIENTED_EDGE('',*,*,#6993,.F.);
#6993 = EDGE_CURVE('',#6994,#6986,#6996,.T.);
#6994 = VERTEX_POINT('',#6995);
#6995 = CARTESIAN_POINT('',(-0.75,2.143131898508E-16,4.8));
#6996 = CIRCLE('',#6997,1.75);
#6997 = AXIS2_PLACEMENT_3D('',#6998,#6999,#7000);
#6998 = CARTESIAN_POINT('',(1.,0.,4.8));
#6999 = DIRECTION('',(0.,0.,-1.));
#7000 = DIRECTION('',(-1.,1.224646799147E-16,0.));
#7001 = ORIENTED_EDGE('',*,*,#7002,.F.);
#7002 = EDGE_CURVE('',#7003,#6994,#7005,.T.);
#7003 = VERTEX_POINT('',#7004);
#7004 = CARTESIAN_POINT('',(-0.749285568454,-5.E-02,4.8));
#7005 = CIRCLE('',#7006,1.75);
#7006 = AXIS2_PLACEMENT_3D('',#7007,#7008,#7009);
#7007 = CARTESIAN_POINT('',(1.,0.,4.8));
#7008 = DIRECTION('',(0.,0.,-1.));
#7009 = DIRECTION('',(-1.,1.224646799147E-16,0.));
#7010 = ORIENTED_EDGE('',*,*,#7011,.F.);
#7011 = EDGE_CURVE('',#7012,#7003,#7014,.T.);
#7012 = VERTEX_POINT('',#7013);
#7013 = CARTESIAN_POINT('',(-0.749285568454,-5.000000000002E-02,4.9));
#7014 = LINE('',#7015,#7016);
#7015 = CARTESIAN_POINT('',(-0.749285568454,-5.E-02,4.7));
#7016 = VECTOR('',#7017,1.);
#7017 = DIRECTION('',(0.,0.,-1.));
#7018 = ORIENTED_EDGE('',*,*,#7019,.T.);
#7019 = EDGE_CURVE('',#7012,#7020,#7022,.T.);
#7020 = VERTEX_POINT('',#7021);
#7021 = CARTESIAN_POINT('',(0.95,-1.749285568454,4.9));
#7022 = CIRCLE('',#7023,1.75);
#7023 = AXIS2_PLACEMENT_3D('',#7024,#7025,#7026);
#7024 = CARTESIAN_POINT('',(1.,0.,4.9));
#7025 = DIRECTION('',(0.,0.,1.));
#7026 = DIRECTION('',(-1.,1.224646799147E-16,0.));
#7027 = ORIENTED_EDGE('',*,*,#7028,.T.);
#7028 = EDGE_CURVE('',#7020,#7029,#7031,.T.);
#7029 = VERTEX_POINT('',#7030);
#7030 = CARTESIAN_POINT('',(0.95,-1.749285568454,4.8));
#7031 = LINE('',#7032,#7033);
#7032 = CARTESIAN_POINT('',(0.95,-1.749285568454,4.7));
#7033 = VECTOR('',#7034,1.);
#7034 = DIRECTION('',(0.,0.,-1.));
#7035 = ORIENTED_EDGE('',*,*,#7036,.F.);
#7036 = EDGE_CURVE('',#7037,#7029,#7039,.T.);
#7037 = VERTEX_POINT('',#7038);
#7038 = CARTESIAN_POINT('',(1.05,-1.749285568454,4.8));
#7039 = CIRCLE('',#7040,1.75);
#7040 = AXIS2_PLACEMENT_3D('',#7041,#7042,#7043);
#7041 = CARTESIAN_POINT('',(1.,0.,4.8));
#7042 = DIRECTION('',(0.,0.,-1.));
#7043 = DIRECTION('',(-1.,1.224646799147E-16,0.));
#7044 = ORIENTED_EDGE('',*,*,#7045,.F.);
#7045 = EDGE_CURVE('',#7046,#7037,#7048,.T.);
#7046 = VERTEX_POINT('',#7047);
#7047 = CARTESIAN_POINT('',(1.05,-1.749285568454,4.9));
#7048 = LINE('',#7049,#7050);
#7049 = CARTESIAN_POINT('',(1.05,-1.749285568454,4.7));
#7050 = VECTOR('',#7051,1.);
#7051 = DIRECTION('',(0.,0.,-1.));
#7052 = ORIENTED_EDGE('',*,*,#7053,.T.);
#7053 = EDGE_CURVE('',#7046,#6926,#7054,.T.);
#7054 = CIRCLE('',#7055,1.75);
#7055 = AXIS2_PLACEMENT_3D('',#7056,#7057,#7058);
#7056 = CARTESIAN_POINT('',(1.,0.,4.9));
#7057 = DIRECTION('',(0.,0.,1.));
#7058 = DIRECTION('',(-1.,1.224646799147E-16,0.));
#7059 = CYLINDRICAL_SURFACE('',#7060,1.75);
#7060 = AXIS2_PLACEMENT_3D('',#7061,#7062,#7063);
#7061 = CARTESIAN_POINT('',(1.,0.,5.));
#7062 = DIRECTION('',(0.,0.,-1.));
#7063 = DIRECTION('',(0.923879532511,-0.382683432365,0.));
#7064 = ADVANCED_FACE('',(#7065),#7111,.F.);
#7065 = FACE_BOUND('',#7066,.F.);
#7066 = EDGE_LOOP('',(#7067,#7068,#7069,#7070,#7079,#7087,#7096,#7104));
#7067 = ORIENTED_EDGE('',*,*,#6934,.F.);
#7068 = ORIENTED_EDGE('',*,*,#6909,.T.);
#7069 = ORIENTED_EDGE('',*,*,#6925,.T.);
#7070 = ORIENTED_EDGE('',*,*,#7071,.T.);
#7071 = EDGE_CURVE('',#6926,#7072,#7074,.T.);
#7072 = VERTEX_POINT('',#7073);
#7073 = CARTESIAN_POINT('',(2.749285568454,-4.999999999996E-02,4.9));
#7074 = CIRCLE('',#7075,1.75);
#7075 = AXIS2_PLACEMENT_3D('',#7076,#7077,#7078);
#7076 = CARTESIAN_POINT('',(1.,0.,4.9));
#7077 = DIRECTION('',(0.,0.,1.));
#7078 = DIRECTION('',(-1.,1.224646799147E-16,0.));
#7079 = ORIENTED_EDGE('',*,*,#7080,.T.);
#7080 = EDGE_CURVE('',#7072,#7081,#7083,.T.);
#7081 = VERTEX_POINT('',#7082);
#7082 = CARTESIAN_POINT('',(2.749285568454,-5.E-02,4.8));
#7083 = LINE('',#7084,#7085);
#7084 = CARTESIAN_POINT('',(2.749285568454,-5.E-02,4.7));
#7085 = VECTOR('',#7086,1.);
#7086 = DIRECTION('',(0.,0.,-1.));
#7087 = ORIENTED_EDGE('',*,*,#7088,.F.);
#7088 = EDGE_CURVE('',#7089,#7081,#7091,.T.);
#7089 = VERTEX_POINT('',#7090);
#7090 = CARTESIAN_POINT('',(2.749285568454,5.E-02,4.8));
#7091 = CIRCLE('',#7092,1.75);
#7092 = AXIS2_PLACEMENT_3D('',#7093,#7094,#7095);
#7093 = CARTESIAN_POINT('',(1.,0.,4.8));
#7094 = DIRECTION('',(0.,0.,-1.));
#7095 = DIRECTION('',(-1.,1.224646799147E-16,0.));
#7096 = ORIENTED_EDGE('',*,*,#7097,.F.);
#7097 = EDGE_CURVE('',#7098,#7089,#7100,.T.);
#7098 = VERTEX_POINT('',#7099);
#7099 = CARTESIAN_POINT('',(2.749285568454,4.999999999996E-02,4.9));
#7100 = LINE('',#7101,#7102);
#7101 = CARTESIAN_POINT('',(2.749285568454,5.E-02,4.7));
#7102 = VECTOR('',#7103,1.);
#7103 = DIRECTION('',(0.,0.,-1.));
#7104 = ORIENTED_EDGE('',*,*,#7105,.T.);
#7105 = EDGE_CURVE('',#7098,#6935,#7106,.T.);
#7106 = CIRCLE('',#7107,1.75);
#7107 = AXIS2_PLACEMENT_3D('',#7108,#7109,#7110);
#7108 = CARTESIAN_POINT('',(1.,0.,4.9));
#7109 = DIRECTION('',(0.,0.,1.));
#7110 = DIRECTION('',(-1.,1.224646799147E-16,0.));
#7111 = CYLINDRICAL_SURFACE('',#7112,1.75);
#7112 = AXIS2_PLACEMENT_3D('',#7113,#7114,#7115);
#7113 = CARTESIAN_POINT('',(1.,0.,5.));
#7114 = DIRECTION('',(0.,0.,-1.));
#7115 = DIRECTION('',(0.923879532511,0.382683432365,0.));
#7116 = ADVANCED_FACE('',(#7117),#7135,.T.);
#7117 = FACE_BOUND('',#7118,.T.);
#7118 = EDGE_LOOP('',(#7119,#7127,#7128,#7129));
#7119 = ORIENTED_EDGE('',*,*,#7120,.F.);
#7120 = EDGE_CURVE('',#7046,#7121,#7123,.T.);
#7121 = VERTEX_POINT('',#7122);
#7122 = CARTESIAN_POINT('',(1.05,-5.E-02,4.9));
#7123 = LINE('',#7124,#7125);
#7124 = CARTESIAN_POINT('',(1.05,-5.05,4.9));
#7125 = VECTOR('',#7126,1.);
#7126 = DIRECTION('',(1.224646799147E-16,1.,0.));
#7127 = ORIENTED_EDGE('',*,*,#7053,.T.);
#7128 = ORIENTED_EDGE('',*,*,#7071,.T.);
#7129 = ORIENTED_EDGE('',*,*,#7130,.F.);
#7130 = EDGE_CURVE('',#7121,#7072,#7131,.T.);
#7131 = LINE('',#7132,#7133);
#7132 = CARTESIAN_POINT('',(1.05,-5.E-02,4.9));
#7133 = VECTOR('',#7134,1.);
#7134 = DIRECTION('',(1.,-1.224646799147E-16,0.));
#7135 = PLANE('',#7136);
#7136 = AXIS2_PLACEMENT_3D('',#7137,#7138,#7139);
#7137 = CARTESIAN_POINT('',(1.,-1.239108604125E-16,4.9));
#7138 = DIRECTION('',(0.,0.,1.));
#7139 = DIRECTION('',(-1.,1.224646799147E-16,0.));
#7140 = ADVANCED_FACE('',(#7141),#7159,.F.);
#7141 = FACE_BOUND('',#7142,.F.);
#7142 = EDGE_LOOP('',(#7143,#7144,#7145,#7153));
#7143 = ORIENTED_EDGE('',*,*,#7120,.F.);
#7144 = ORIENTED_EDGE('',*,*,#7045,.T.);
#7145 = ORIENTED_EDGE('',*,*,#7146,.T.);
#7146 = EDGE_CURVE('',#7037,#7147,#7149,.T.);
#7147 = VERTEX_POINT('',#7148);
#7148 = CARTESIAN_POINT('',(1.05,-5.E-02,4.8));
#7149 = LINE('',#7150,#7151);
#7150 = CARTESIAN_POINT('',(1.05,-5.05,4.8));
#7151 = VECTOR('',#7152,1.);
#7152 = DIRECTION('',(1.224646799147E-16,1.,0.));
#7153 = ORIENTED_EDGE('',*,*,#7154,.F.);
#7154 = EDGE_CURVE('',#7121,#7147,#7155,.T.);
#7155 = LINE('',#7156,#7157);
#7156 = CARTESIAN_POINT('',(1.05,-5.E-02,4.9));
#7157 = VECTOR('',#7158,1.);
#7158 = DIRECTION('',(0.,0.,-1.));
#7159 = PLANE('',#7160);
#7160 = AXIS2_PLACEMENT_3D('',#7161,#7162,#7163);
#7161 = CARTESIAN_POINT('',(1.05,-5.05,4.9));
#7162 = DIRECTION('',(1.,-1.224646799147E-16,0.));
#7163 = DIRECTION('',(1.224646799147E-16,1.,0.));
#7164 = ADVANCED_FACE('',(#7165),#7183,.T.);
#7165 = FACE_BOUND('',#7166,.T.);
#7166 = EDGE_LOOP('',(#7167,#7168,#7169,#7177));
#7167 = ORIENTED_EDGE('',*,*,#7105,.T.);
#7168 = ORIENTED_EDGE('',*,*,#6942,.T.);
#7169 = ORIENTED_EDGE('',*,*,#7170,.F.);
#7170 = EDGE_CURVE('',#7171,#6943,#7173,.T.);
#7171 = VERTEX_POINT('',#7172);
#7172 = CARTESIAN_POINT('',(1.05,5.E-02,4.9));
#7173 = LINE('',#7174,#7175);
#7174 = CARTESIAN_POINT('',(1.05,5.E-02,4.9));
#7175 = VECTOR('',#7176,1.);
#7176 = DIRECTION('',(1.224646799147E-16,1.,0.));
#7177 = ORIENTED_EDGE('',*,*,#7178,.F.);
#7178 = EDGE_CURVE('',#7098,#7171,#7179,.T.);
#7179 = LINE('',#7180,#7181);
#7180 = CARTESIAN_POINT('',(6.05,5.E-02,4.9));
#7181 = VECTOR('',#7182,1.);
#7182 = DIRECTION('',(-1.,1.224646799147E-16,0.));
#7183 = PLANE('',#7184);
#7184 = AXIS2_PLACEMENT_3D('',#7185,#7186,#7187);
#7185 = CARTESIAN_POINT('',(1.,-1.239108604125E-16,4.9));
#7186 = DIRECTION('',(0.,0.,1.));
#7187 = DIRECTION('',(-1.,1.224646799147E-16,0.));
#7188 = ADVANCED_FACE('',(#7189),#7245,.T.);
#7189 = FACE_BOUND('',#7190,.T.);
#7190 = EDGE_LOOP('',(#7191,#7199,#7205,#7206,#7207,#7213,#7214,#7222,
    #7228,#7229,#7237,#7243,#7244));
#7191 = ORIENTED_EDGE('',*,*,#7192,.T.);
#7192 = EDGE_CURVE('',#7003,#7193,#7195,.T.);
#7193 = VERTEX_POINT('',#7194);
#7194 = CARTESIAN_POINT('',(0.95,-5.E-02,4.8));
#7195 = LINE('',#7196,#7197);
#7196 = CARTESIAN_POINT('',(-4.05,-5.E-02,4.8));
#7197 = VECTOR('',#7198,1.);
#7198 = DIRECTION('',(1.,-5.723907721801E-17,0.));
#7199 = ORIENTED_EDGE('',*,*,#7200,.T.);
#7200 = EDGE_CURVE('',#7193,#7029,#7201,.T.);
#7201 = LINE('',#7202,#7203);
#7202 = CARTESIAN_POINT('',(0.95,-5.E-02,4.8));
#7203 = VECTOR('',#7204,1.);
#7204 = DIRECTION('',(-1.224646799147E-16,-1.,0.));
#7205 = ORIENTED_EDGE('',*,*,#7036,.F.);
#7206 = ORIENTED_EDGE('',*,*,#7146,.T.);
#7207 = ORIENTED_EDGE('',*,*,#7208,.T.);
#7208 = EDGE_CURVE('',#7147,#7081,#7209,.T.);
#7209 = LINE('',#7210,#7211);
#7210 = CARTESIAN_POINT('',(1.05,-5.E-02,4.8));
#7211 = VECTOR('',#7212,1.);
#7212 = DIRECTION('',(1.,-1.224646799147E-16,0.));
#7213 = ORIENTED_EDGE('',*,*,#7088,.F.);
#7214 = ORIENTED_EDGE('',*,*,#7215,.T.);
#7215 = EDGE_CURVE('',#7089,#7216,#7218,.T.);
#7216 = VERTEX_POINT('',#7217);
#7217 = CARTESIAN_POINT('',(1.05,5.E-02,4.8));
#7218 = LINE('',#7219,#7220);
#7219 = CARTESIAN_POINT('',(6.05,5.E-02,4.8));
#7220 = VECTOR('',#7221,1.);
#7221 = DIRECTION('',(-1.,1.224646799147E-16,0.));
#7222 = ORIENTED_EDGE('',*,*,#7223,.T.);
#7223 = EDGE_CURVE('',#7216,#6952,#7224,.T.);
#7224 = LINE('',#7225,#7226);
#7225 = CARTESIAN_POINT('',(1.05,5.E-02,4.8));
#7226 = VECTOR('',#7227,1.);
#7227 = DIRECTION('',(1.224646799147E-16,1.,0.));
#7228 = ORIENTED_EDGE('',*,*,#6959,.F.);
#7229 = ORIENTED_EDGE('',*,*,#7230,.T.);
#7230 = EDGE_CURVE('',#6960,#7231,#7233,.T.);
#7231 = VERTEX_POINT('',#7232);
#7232 = CARTESIAN_POINT('',(0.95,5.E-02,4.8));
#7233 = LINE('',#7234,#7235);
#7234 = CARTESIAN_POINT('',(0.95,5.05,4.8));
#7235 = VECTOR('',#7236,1.);
#7236 = DIRECTION('',(-1.224646799147E-16,-1.,0.));
#7237 = ORIENTED_EDGE('',*,*,#7238,.T.);
#7238 = EDGE_CURVE('',#7231,#6986,#7239,.T.);
#7239 = LINE('',#7240,#7241);
#7240 = CARTESIAN_POINT('',(0.95,5.E-02,4.8));
#7241 = VECTOR('',#7242,1.);
#7242 = DIRECTION('',(-1.,1.224646799147E-16,0.));
#7243 = ORIENTED_EDGE('',*,*,#6993,.F.);
#7244 = ORIENTED_EDGE('',*,*,#7002,.F.);
#7245 = PLANE('',#7246);
#7246 = AXIS2_PLACEMENT_3D('',#7247,#7248,#7249);
#7247 = CARTESIAN_POINT('',(1.,-3.503797911874E-17,4.8));
#7248 = DIRECTION('',(-6.92799192911E-33,5.09829149655E-32,1.));
#7249 = DIRECTION('',(-1.224646799147E-16,-1.,5.09829149655E-32));
#7250 = ADVANCED_FACE('',(#7251),#7262,.F.);
#7251 = FACE_BOUND('',#7252,.F.);
#7252 = EDGE_LOOP('',(#7253,#7254,#7260,#7261));
#7253 = ORIENTED_EDGE('',*,*,#7170,.F.);
#7254 = ORIENTED_EDGE('',*,*,#7255,.T.);
#7255 = EDGE_CURVE('',#7171,#7216,#7256,.T.);
#7256 = LINE('',#7257,#7258);
#7257 = CARTESIAN_POINT('',(1.05,5.E-02,4.9));
#7258 = VECTOR('',#7259,1.);
#7259 = DIRECTION('',(0.,0.,-1.));
#7260 = ORIENTED_EDGE('',*,*,#7223,.T.);
#7261 = ORIENTED_EDGE('',*,*,#6951,.F.);
#7262 = PLANE('',#7263);
#7263 = AXIS2_PLACEMENT_3D('',#7264,#7265,#7266);
#7264 = CARTESIAN_POINT('',(1.05,5.E-02,4.9));
#7265 = DIRECTION('',(1.,-1.224646799147E-16,0.));
#7266 = DIRECTION('',(1.224646799147E-16,1.,0.));
#7267 = ADVANCED_FACE('',(#7268),#7286,.F.);
#7268 = FACE_BOUND('',#7269,.F.);
#7269 = EDGE_LOOP('',(#7270,#7278,#7284,#7285));
#7270 = ORIENTED_EDGE('',*,*,#7271,.F.);
#7271 = EDGE_CURVE('',#7272,#7020,#7274,.T.);
#7272 = VERTEX_POINT('',#7273);
#7273 = CARTESIAN_POINT('',(0.95,-5.E-02,4.9));
#7274 = LINE('',#7275,#7276);
#7275 = CARTESIAN_POINT('',(0.95,-5.E-02,4.9));
#7276 = VECTOR('',#7277,1.);
#7277 = DIRECTION('',(-1.224646799147E-16,-1.,0.));
#7278 = ORIENTED_EDGE('',*,*,#7279,.T.);
#7279 = EDGE_CURVE('',#7272,#7193,#7280,.T.);
#7280 = LINE('',#7281,#7282);
#7281 = CARTESIAN_POINT('',(0.95,-5.E-02,4.9));
#7282 = VECTOR('',#7283,1.);
#7283 = DIRECTION('',(0.,0.,-1.));
#7284 = ORIENTED_EDGE('',*,*,#7200,.T.);
#7285 = ORIENTED_EDGE('',*,*,#7028,.F.);
#7286 = PLANE('',#7287);
#7287 = AXIS2_PLACEMENT_3D('',#7288,#7289,#7290);
#7288 = CARTESIAN_POINT('',(0.95,-5.E-02,4.9));
#7289 = DIRECTION('',(-1.,1.224646799147E-16,0.));
#7290 = DIRECTION('',(-1.224646799147E-16,-1.,0.));
#7291 = ADVANCED_FACE('',(#7292),#7302,.T.);
#7292 = FACE_BOUND('',#7293,.T.);
#7293 = EDGE_LOOP('',(#7294,#7300,#7301));
#7294 = ORIENTED_EDGE('',*,*,#7295,.F.);
#7295 = EDGE_CURVE('',#7012,#7272,#7296,.T.);
#7296 = LINE('',#7297,#7298);
#7297 = CARTESIAN_POINT('',(-4.05,-5.E-02,4.9));
#7298 = VECTOR('',#7299,1.);
#7299 = DIRECTION('',(1.,-5.723907721801E-17,0.));
#7300 = ORIENTED_EDGE('',*,*,#7019,.T.);
#7301 = ORIENTED_EDGE('',*,*,#7271,.F.);
#7302 = PLANE('',#7303);
#7303 = AXIS2_PLACEMENT_3D('',#7304,#7305,#7306);
#7304 = CARTESIAN_POINT('',(1.,-1.239108604125E-16,4.9));
#7305 = DIRECTION('',(0.,0.,1.));
#7306 = DIRECTION('',(-1.,1.224646799147E-16,0.));
#7307 = ADVANCED_FACE('',(#7308),#7326,.F.);
#7308 = FACE_BOUND('',#7309,.F.);
#7309 = EDGE_LOOP('',(#7310,#7318,#7319,#7320));
#7310 = ORIENTED_EDGE('',*,*,#7311,.F.);
#7311 = EDGE_CURVE('',#6969,#7312,#7314,.T.);
#7312 = VERTEX_POINT('',#7313);
#7313 = CARTESIAN_POINT('',(0.95,5.E-02,4.9));
#7314 = LINE('',#7315,#7316);
#7315 = CARTESIAN_POINT('',(0.95,5.05,4.9));
#7316 = VECTOR('',#7317,1.);
#7317 = DIRECTION('',(-1.224646799147E-16,-1.,0.));
#7318 = ORIENTED_EDGE('',*,*,#6968,.T.);
#7319 = ORIENTED_EDGE('',*,*,#7230,.T.);
#7320 = ORIENTED_EDGE('',*,*,#7321,.F.);
#7321 = EDGE_CURVE('',#7312,#7231,#7322,.T.);
#7322 = LINE('',#7323,#7324);
#7323 = CARTESIAN_POINT('',(0.95,5.E-02,4.9));
#7324 = VECTOR('',#7325,1.);
#7325 = DIRECTION('',(0.,0.,-1.));
#7326 = PLANE('',#7327);
#7327 = AXIS2_PLACEMENT_3D('',#7328,#7329,#7330);
#7328 = CARTESIAN_POINT('',(0.95,5.05,4.9));
#7329 = DIRECTION('',(-1.,1.224646799147E-16,0.));
#7330 = DIRECTION('',(-1.224646799147E-16,-1.,0.));
#7331 = ADVANCED_FACE('',(#7332),#7338,.F.);
#7332 = FACE_BOUND('',#7333,.F.);
#7333 = EDGE_LOOP('',(#7334,#7335,#7336,#7337));
#7334 = ORIENTED_EDGE('',*,*,#7295,.F.);
#7335 = ORIENTED_EDGE('',*,*,#7011,.T.);
#7336 = ORIENTED_EDGE('',*,*,#7192,.T.);
#7337 = ORIENTED_EDGE('',*,*,#7279,.F.);
#7338 = PLANE('',#7339);
#7339 = AXIS2_PLACEMENT_3D('',#7340,#7341,#7342);
#7340 = CARTESIAN_POINT('',(-4.05,-5.E-02,4.9));
#7341 = DIRECTION('',(-5.723907721801E-17,-1.,0.));
#7342 = DIRECTION('',(1.,-5.723907721801E-17,0.));
#7343 = ADVANCED_FACE('',(#7344),#7354,.T.);
#7344 = FACE_BOUND('',#7345,.T.);
#7345 = EDGE_LOOP('',(#7346,#7347,#7353));
#7346 = ORIENTED_EDGE('',*,*,#6976,.T.);
#7347 = ORIENTED_EDGE('',*,*,#7348,.F.);
#7348 = EDGE_CURVE('',#7312,#6977,#7349,.T.);
#7349 = LINE('',#7350,#7351);
#7350 = CARTESIAN_POINT('',(0.95,5.E-02,4.9));
#7351 = VECTOR('',#7352,1.);
#7352 = DIRECTION('',(-1.,1.224646799147E-16,0.));
#7353 = ORIENTED_EDGE('',*,*,#7311,.F.);
#7354 = PLANE('',#7355);
#7355 = AXIS2_PLACEMENT_3D('',#7356,#7357,#7358);
#7356 = CARTESIAN_POINT('',(1.,-1.239108604125E-16,4.9));
#7357 = DIRECTION('',(0.,0.,1.));
#7358 = DIRECTION('',(-1.,1.224646799147E-16,0.));
#7359 = ADVANCED_FACE('',(#7360),#7366,.F.);
#7360 = FACE_BOUND('',#7361,.F.);
#7361 = EDGE_LOOP('',(#7362,#7363,#7364,#7365));
#7362 = ORIENTED_EDGE('',*,*,#7348,.F.);
#7363 = ORIENTED_EDGE('',*,*,#7321,.T.);
#7364 = ORIENTED_EDGE('',*,*,#7238,.T.);
#7365 = ORIENTED_EDGE('',*,*,#6985,.F.);
#7366 = PLANE('',#7367);
#7367 = AXIS2_PLACEMENT_3D('',#7368,#7369,#7370);
#7368 = CARTESIAN_POINT('',(0.95,5.E-02,4.9));
#7369 = DIRECTION('',(1.224646799147E-16,1.,0.));
#7370 = DIRECTION('',(-1.,1.224646799147E-16,0.));
#7371 = ADVANCED_FACE('',(#7372),#7378,.F.);
#7372 = FACE_BOUND('',#7373,.F.);
#7373 = EDGE_LOOP('',(#7374,#7375,#7376,#7377));
#7374 = ORIENTED_EDGE('',*,*,#7178,.F.);
#7375 = ORIENTED_EDGE('',*,*,#7097,.T.);
#7376 = ORIENTED_EDGE('',*,*,#7215,.T.);
#7377 = ORIENTED_EDGE('',*,*,#7255,.F.);
#7378 = PLANE('',#7379);
#7379 = AXIS2_PLACEMENT_3D('',#7380,#7381,#7382);
#7380 = CARTESIAN_POINT('',(6.05,5.E-02,4.9));
#7381 = DIRECTION('',(1.224646799147E-16,1.,0.));
#7382 = DIRECTION('',(-1.,1.224646799147E-16,0.));
#7383 = ADVANCED_FACE('',(#7384),#7390,.F.);
#7384 = FACE_BOUND('',#7385,.F.);
#7385 = EDGE_LOOP('',(#7386,#7387,#7388,#7389));
#7386 = ORIENTED_EDGE('',*,*,#7130,.F.);
#7387 = ORIENTED_EDGE('',*,*,#7154,.T.);
#7388 = ORIENTED_EDGE('',*,*,#7208,.T.);
#7389 = ORIENTED_EDGE('',*,*,#7080,.F.);
#7390 = PLANE('',#7391);
#7391 = AXIS2_PLACEMENT_3D('',#7392,#7393,#7394);
#7392 = CARTESIAN_POINT('',(1.05,-5.E-02,4.9));
#7393 = DIRECTION('',(-1.224646799147E-16,-1.,0.));
#7394 = DIRECTION('',(1.,-1.224646799147E-16,0.));
#7395 = ORIENTED_CLOSED_SHELL('',*,#7396,.F.);
#7396 = CLOSED_SHELL('',(#7397,#7430,#7462,#7479,#7506));
#7397 = ADVANCED_FACE('',(#7398),#7425,.T.);
#7398 = FACE_BOUND('',#7399,.T.);
#7399 = EDGE_LOOP('',(#7400,#7411,#7419));
#7400 = ORIENTED_EDGE('',*,*,#7401,.T.);
#7401 = EDGE_CURVE('',#7402,#7404,#7406,.T.);
#7402 = VERTEX_POINT('',#7403);
#7403 = CARTESIAN_POINT('',(2.616789181895,0.669696006639,4.6));
#7404 = VERTEX_POINT('',#7405);
#7405 = CARTESIAN_POINT('',(2.616789181895,-0.669696006639,4.6));
#7406 = CIRCLE('',#7407,1.75);
#7407 = AXIS2_PLACEMENT_3D('',#7408,#7409,#7410);
#7408 = CARTESIAN_POINT('',(1.,0.,4.6));
#7409 = DIRECTION('',(0.,0.,-1.));
#7410 = DIRECTION('',(0.923879532511,0.382683432365,0.));
#7411 = ORIENTED_EDGE('',*,*,#7412,.T.);
#7412 = EDGE_CURVE('',#7404,#7413,#7415,.T.);
#7413 = VERTEX_POINT('',#7414);
#7414 = CARTESIAN_POINT('',(1.,0.,4.6));
#7415 = LINE('',#7416,#7417);
#7416 = CARTESIAN_POINT('',(2.616789181895,-0.669696006639,4.6));
#7417 = VECTOR('',#7418,1.);
#7418 = DIRECTION('',(-0.923879532511,0.382683432365,0.));
#7419 = ORIENTED_EDGE('',*,*,#7420,.F.);
#7420 = EDGE_CURVE('',#7402,#7413,#7421,.T.);
#7421 = LINE('',#7422,#7423);
#7422 = CARTESIAN_POINT('',(2.616789181895,0.669696006639,4.6));
#7423 = VECTOR('',#7424,1.);
#7424 = DIRECTION('',(-0.923879532511,-0.382683432365,0.));
#7425 = PLANE('',#7426);
#7426 = AXIS2_PLACEMENT_3D('',#7427,#7428,#7429);
#7427 = CARTESIAN_POINT('',(1.,0.,4.6));
#7428 = DIRECTION('',(0.,0.,-1.));
#7429 = DIRECTION('',(0.923879532511,0.382683432365,0.));
#7430 = ADVANCED_FACE('',(#7431),#7457,.T.);
#7431 = FACE_BOUND('',#7432,.T.);
#7432 = EDGE_LOOP('',(#7433,#7441,#7450,#7456));
#7433 = ORIENTED_EDGE('',*,*,#7434,.F.);
#7434 = EDGE_CURVE('',#7435,#7402,#7437,.T.);
#7435 = VERTEX_POINT('',#7436);
#7436 = CARTESIAN_POINT('',(2.616789181895,0.669696006639,4.7));
#7437 = LINE('',#7438,#7439);
#7438 = CARTESIAN_POINT('',(2.616789181895,0.669696006639,5.));
#7439 = VECTOR('',#7440,1.);
#7440 = DIRECTION('',(0.,0.,-1.));
#7441 = ORIENTED_EDGE('',*,*,#7442,.F.);
#7442 = EDGE_CURVE('',#7443,#7435,#7445,.T.);
#7443 = VERTEX_POINT('',#7444);
#7444 = CARTESIAN_POINT('',(2.616789181895,-0.669696006639,4.7));
#7445 = CIRCLE('',#7446,1.75);
#7446 = AXIS2_PLACEMENT_3D('',#7447,#7448,#7449);
#7447 = CARTESIAN_POINT('',(1.,0.,4.7));
#7448 = DIRECTION('',(0.,0.,1.));
#7449 = DIRECTION('',(-1.,1.224646799147E-16,0.));
#7450 = ORIENTED_EDGE('',*,*,#7451,.T.);
#7451 = EDGE_CURVE('',#7443,#7404,#7452,.T.);
#7452 = LINE('',#7453,#7454);
#7453 = CARTESIAN_POINT('',(2.616789181895,-0.669696006639,5.));
#7454 = VECTOR('',#7455,1.);
#7455 = DIRECTION('',(0.,0.,-1.));
#7456 = ORIENTED_EDGE('',*,*,#7401,.F.);
#7457 = CYLINDRICAL_SURFACE('',#7458,1.75);
#7458 = AXIS2_PLACEMENT_3D('',#7459,#7460,#7461);
#7459 = CARTESIAN_POINT('',(1.,0.,5.));
#7460 = DIRECTION('',(0.,0.,-1.));
#7461 = DIRECTION('',(0.923879532511,0.382683432365,0.));
#7462 = ADVANCED_FACE('',(#7463),#7474,.T.);
#7463 = FACE_BOUND('',#7464,.T.);
#7464 = EDGE_LOOP('',(#7465,#7472,#7473));
#7465 = ORIENTED_EDGE('',*,*,#7466,.T.);
#7466 = EDGE_CURVE('',#7404,#7402,#7467,.T.);
#7467 = CIRCLE('',#7468,1.75);
#7468 = AXIS2_PLACEMENT_3D('',#7469,#7470,#7471);
#7469 = CARTESIAN_POINT('',(1.,0.,4.6));
#7470 = DIRECTION('',(0.,-0.,-1.));
#7471 = DIRECTION('',(0.923879532511,-0.382683432365,0.));
#7472 = ORIENTED_EDGE('',*,*,#7420,.T.);
#7473 = ORIENTED_EDGE('',*,*,#7412,.F.);
#7474 = PLANE('',#7475);
#7475 = AXIS2_PLACEMENT_3D('',#7476,#7477,#7478);
#7476 = CARTESIAN_POINT('',(1.,0.,4.6));
#7477 = DIRECTION('',(0.,0.,-1.));
#7478 = DIRECTION('',(0.923879532511,-0.382683432365,0.));
#7479 = ADVANCED_FACE('',(#7480),#7501,.T.);
#7480 = FACE_BOUND('',#7481,.T.);
#7481 = EDGE_LOOP('',(#7482,#7483,#7492,#7499,#7500));
#7482 = ORIENTED_EDGE('',*,*,#7451,.F.);
#7483 = ORIENTED_EDGE('',*,*,#7484,.F.);
#7484 = EDGE_CURVE('',#7485,#7443,#7487,.T.);
#7485 = VERTEX_POINT('',#7486);
#7486 = CARTESIAN_POINT('',(-0.75,2.143131898508E-16,4.7));
#7487 = CIRCLE('',#7488,1.75);
#7488 = AXIS2_PLACEMENT_3D('',#7489,#7490,#7491);
#7489 = CARTESIAN_POINT('',(1.,0.,4.7));
#7490 = DIRECTION('',(0.,0.,1.));
#7491 = DIRECTION('',(-1.,1.224646799147E-16,0.));
#7492 = ORIENTED_EDGE('',*,*,#7493,.F.);
#7493 = EDGE_CURVE('',#7435,#7485,#7494,.T.);
#7494 = CIRCLE('',#7495,1.75);
#7495 = AXIS2_PLACEMENT_3D('',#7496,#7497,#7498);
#7496 = CARTESIAN_POINT('',(1.,0.,4.7));
#7497 = DIRECTION('',(0.,0.,1.));
#7498 = DIRECTION('',(-1.,1.224646799147E-16,0.));
#7499 = ORIENTED_EDGE('',*,*,#7434,.T.);
#7500 = ORIENTED_EDGE('',*,*,#7466,.F.);
#7501 = CYLINDRICAL_SURFACE('',#7502,1.75);
#7502 = AXIS2_PLACEMENT_3D('',#7503,#7504,#7505);
#7503 = CARTESIAN_POINT('',(1.,0.,5.));
#7504 = DIRECTION('',(0.,0.,-1.));
#7505 = DIRECTION('',(0.923879532511,-0.382683432365,0.));
#7506 = ADVANCED_FACE('',(#7507),#7512,.T.);
#7507 = FACE_BOUND('',#7508,.T.);
#7508 = EDGE_LOOP('',(#7509,#7510,#7511));
#7509 = ORIENTED_EDGE('',*,*,#7484,.T.);
#7510 = ORIENTED_EDGE('',*,*,#7442,.T.);
#7511 = ORIENTED_EDGE('',*,*,#7493,.T.);
#7512 = PLANE('',#7513);
#7513 = AXIS2_PLACEMENT_3D('',#7514,#7515,#7516);
#7514 = CARTESIAN_POINT('',(1.,-1.239108604125E-16,4.7));
#7515 = DIRECTION('',(0.,0.,1.));
#7516 = DIRECTION('',(-1.,1.224646799147E-16,0.));
#7517 = ( GEOMETRIC_REPRESENTATION_CONTEXT(3) 
GLOBAL_UNCERTAINTY_ASSIGNED_CONTEXT((#7521)) 
GLOBAL_UNIT_ASSIGNED_CONTEXT((#7518,#7519,#7520)) REPRESENTATION_CONTEXT
('Context #1','3D Context with UNIT and UNCERTAINTY') );
#7518 = ( LENGTH_UNIT() NAMED_UNIT(*) SI_UNIT(.MILLI.,.METRE.) );
#7519 = ( NAMED_UNIT(*) PLANE_ANGLE_UNIT() SI_UNIT($,.RADIAN.) );
#7520 = ( NAMED_UNIT(*) SI_UNIT($,.STERADIAN.) SOLID_ANGLE_UNIT() );
#7521 = UNCERTAINTY_MEASURE_WITH_UNIT(LENGTH_MEASURE(2.E-06),#7518,
  'distance_accuracy_value','confusion accuracy');
#7522 = CONTEXT_DEPENDENT_SHAPE_REPRESENTATION(#7523,#7525);
#7523 = ( REPRESENTATION_RELATIONSHIP('','',#5476,#5453) 
REPRESENTATION_RELATIONSHIP_WITH_TRANSFORMATION(#7524) 
SHAPE_REPRESENTATION_RELATIONSHIP() );
#7524 = ITEM_DEFINED_TRANSFORMATION('','',#11,#5454);
#7525 = PRODUCT_DEFINITION_SHAPE('Placement','Placement of an item',
  #7526);
#7526 = NEXT_ASSEMBLY_USAGE_OCCURRENCE('12','=>[0:1:1:11]','',#5448,
  #5471,$);
#7527 = PRODUCT_RELATED_PRODUCT_CATEGORY('part',$,(#5473));
#7528 = CONTEXT_DEPENDENT_SHAPE_REPRESENTATION(#7529,#7531);
#7529 = ( REPRESENTATION_RELATIONSHIP('','',#204,#10) 
REPRESENTATION_RELATIONSHIP_WITH_TRANSFORMATION(#7530) 
SHAPE_REPRESENTATION_RELATIONSHIP() );
#7530 = ITEM_DEFINED_TRANSFORMATION('','',#11,#47);
#7531 = PRODUCT_DEFINITION_SHAPE('Placement','Placement of an item',
  #7532);
#7532 = NEXT_ASSEMBLY_USAGE_OCCURRENCE('14','R3','',#5,#199,$);
#7533 = CONTEXT_DEPENDENT_SHAPE_REPRESENTATION(#7534,#7536);
#7534 = ( REPRESENTATION_RELATIONSHIP('','',#204,#10) 
REPRESENTATION_RELATIONSHIP_WITH_TRANSFORMATION(#7535) 
SHAPE_REPRESENTATION_RELATIONSHIP() );
#7535 = ITEM_DEFINED_TRANSFORMATION('','',#11,#51);
#7536 = PRODUCT_DEFINITION_SHAPE('Placement','Placement of an item',
  #7537);
#7537 = NEXT_ASSEMBLY_USAGE_OCCURRENCE('15','R7','',#5,#199,$);
#7538 = CONTEXT_DEPENDENT_SHAPE_REPRESENTATION(#7539,#7541);
#7539 = ( REPRESENTATION_RELATIONSHIP('','',#204,#10) 
REPRESENTATION_RELATIONSHIP_WITH_TRANSFORMATION(#7540) 
SHAPE_REPRESENTATION_RELATIONSHIP() );
#7540 = ITEM_DEFINED_TRANSFORMATION('','',#11,#55);
#7541 = PRODUCT_DEFINITION_SHAPE('Placement','Placement of an item',
  #7542);
#7542 = NEXT_ASSEMBLY_USAGE_OCCURRENCE('16','R12','',#5,#199,$);
#7543 = CONTEXT_DEPENDENT_SHAPE_REPRESENTATION(#7544,#7546);
#7544 = ( REPRESENTATION_RELATIONSHIP('','',#1942,#10) 
REPRESENTATION_RELATIONSHIP_WITH_TRANSFORMATION(#7545) 
SHAPE_REPRESENTATION_RELATIONSHIP() );
#7545 = ITEM_DEFINED_TRANSFORMATION('','',#11,#59);
#7546 = PRODUCT_DEFINITION_SHAPE('Placement','Placement of an item',
  #7547);
#7547 = NEXT_ASSEMBLY_USAGE_OCCURRENCE('17','TP9','',#5,#1937,$);
#7548 = CONTEXT_DEPENDENT_SHAPE_REPRESENTATION(#7549,#7551);
#7549 = ( REPRESENTATION_RELATIONSHIP('','',#204,#10) 
REPRESENTATION_RELATIONSHIP_WITH_TRANSFORMATION(#7550) 
SHAPE_REPRESENTATION_RELATIONSHIP() );
#7550 = ITEM_DEFINED_TRANSFORMATION('','',#11,#63);
#7551 = PRODUCT_DEFINITION_SHAPE('Placement','Placement of an item',
  #7552);
#7552 = NEXT_ASSEMBLY_USAGE_OCCURRENCE('18','R11','',#5,#199,$);
#7553 = CONTEXT_DEPENDENT_SHAPE_REPRESENTATION(#7554,#7556);
#7554 = ( REPRESENTATION_RELATIONSHIP('','',#1036,#10) 
REPRESENTATION_RELATIONSHIP_WITH_TRANSFORMATION(#7555) 
SHAPE_REPRESENTATION_RELATIONSHIP() );
#7555 = ITEM_DEFINED_TRANSFORMATION('','',#11,#67);
#7556 = PRODUCT_DEFINITION_SHAPE('Placement','Placement of an item',
  #7557);
#7557 = NEXT_ASSEMBLY_USAGE_OCCURRENCE('19','C3','',#5,#1031,$);
#7558 = SHAPE_DEFINITION_REPRESENTATION(#7559,#7565);
#7559 = PRODUCT_DEFINITION_SHAPE('','',#7560);
#7560 = PRODUCT_DEFINITION('design','',#7561,#7564);
#7561 = PRODUCT_DEFINITION_FORMATION('','',#7562);
#7562 = PRODUCT('SOIC-8_3.9x4.9mm_P1.27mm','SOIC-8_3.9x4.9mm_P1.27mm',''
  ,(#7563));
#7563 = PRODUCT_CONTEXT('',#2,'mechanical');
#7564 = PRODUCT_DEFINITION_CONTEXT('part definition',#2,'design');
#7565 = SHAPE_REPRESENTATION('',(#11,#7566),#7570);
#7566 = AXIS2_PLACEMENT_3D('',#7567,#7568,#7569);
#7567 = CARTESIAN_POINT('',(0.,0.,0.));
#7568 = DIRECTION('',(0.,0.,1.));
#7569 = DIRECTION('',(1.,0.,-0.));
#7570 = ( GEOMETRIC_REPRESENTATION_CONTEXT(3) 
GLOBAL_UNCERTAINTY_ASSIGNED_CONTEXT((#7574)) 
GLOBAL_UNIT_ASSIGNED_CONTEXT((#7571,#7572,#7573)) REPRESENTATION_CONTEXT
('Context #1','3D Context with UNIT and UNCERTAINTY') );
#7571 = ( LENGTH_UNIT() NAMED_UNIT(*) SI_UNIT(.MILLI.,.METRE.) );
#7572 = ( NAMED_UNIT(*) PLANE_ANGLE_UNIT() SI_UNIT($,.RADIAN.) );
#7573 = ( NAMED_UNIT(*) SI_UNIT($,.STERADIAN.) SOLID_ANGLE_UNIT() );
#7574 = UNCERTAINTY_MEASURE_WITH_UNIT(LENGTH_MEASURE(2.E-06),#7571,
  'distance_accuracy_value','confusion accuracy');
#7575 = CONTEXT_DEPENDENT_SHAPE_REPRESENTATION(#7576,#7578);
#7576 = ( REPRESENTATION_RELATIONSHIP('','',#7565,#10) 
REPRESENTATION_RELATIONSHIP_WITH_TRANSFORMATION(#7577) 
SHAPE_REPRESENTATION_RELATIONSHIP() );
#7577 = ITEM_DEFINED_TRANSFORMATION('','',#11,#71);
#7578 = PRODUCT_DEFINITION_SHAPE('Placement','Placement of an item',
  #7579);
#7579 = NEXT_ASSEMBLY_USAGE_OCCURRENCE('21','U2','',#5,#7560,$);
#7580 = PRODUCT_RELATED_PRODUCT_CATEGORY('part',$,(#7562));
#7581 = SHAPE_DEFINITION_REPRESENTATION(#7582,#7588);
#7582 = PRODUCT_DEFINITION_SHAPE('','',#7583);
#7583 = PRODUCT_DEFINITION('design','',#7584,#7587);
#7584 = PRODUCT_DEFINITION_FORMATION('','',#7585);
#7585 = PRODUCT('SOIC_8_39x49mm_P127mm','SOIC_8_39x49mm_P127mm','',(
    #7586));
#7586 = PRODUCT_CONTEXT('',#2,'mechanical');
#7587 = PRODUCT_DEFINITION_CONTEXT('part definition',#2,'design');
#7588 = ADVANCED_BREP_SHAPE_REPRESENTATION('',(#11,#7589),#12196);
#7589 = MANIFOLD_SOLID_BREP('',#7590);
#7590 = CLOSED_SHELL('',(#7591,#7633,#7664,#7695,#7779,#7863,#7956,#7973
    ,#7996,#8034,#8051,#8068,#8085,#8102,#8119,#8131,#8155,#8218,#8241,
    #8264,#8294,#8325,#8356,#8387,#8418,#8449,#8472,#8495,#8581,#8598,
    #8690,#8713,#8736,#8759,#8846,#8863,#8886,#8978,#8999,#9091,#9108,
    #9200,#9222,#9247,#9331,#9423,#9440,#9462,#9485,#9508,#9531,#9598,
    #9621,#9640,#9659,#9678,#9695,#9712,#9729,#9746,#9763,#9780,#9797,
    #9809,#9832,#9855,#9879,#9909,#9940,#9971,#10002,#10033,#10064,
    #10095,#10126,#10143,#10159,#10176,#10193,#10210,#10227,#10244,
    #10261,#10278,#10290,#10307,#10324,#10341,#10358,#10375,#10392,
    #10409,#10421,#10444,#10460,#10483,#10570,#10593,#10610,#10635,
    #10651,#10667,#10684,#10776,#10868,#10889,#10914,#10998,#11090,
    #11107,#11129,#11221,#11313,#11335,#11360,#11444,#11536,#11553,
    #11575,#11587,#11606,#11625,#11644,#11663,#11672,#11689,#11706,
    #11723,#11740,#11757,#11774,#11791,#11803,#11820,#11837,#11854,
    #11871,#11888,#11905,#11922,#11934,#11951,#11968,#11985,#12002,
    #12019,#12036,#12053,#12065,#12082,#12099,#12116,#12133,#12150,
    #12167,#12184));
#7591 = ADVANCED_FACE('',(#7592),#7628,.F.);
#7592 = FACE_BOUND('',#7593,.F.);
#7593 = EDGE_LOOP('',(#7594,#7604,#7613,#7621));
#7594 = ORIENTED_EDGE('',*,*,#7595,.T.);
#7595 = EDGE_CURVE('',#7596,#7598,#7600,.T.);
#7596 = VERTEX_POINT('',#7597);
#7597 = CARTESIAN_POINT('',(2.25,2.11,0.825));
#7598 = VERTEX_POINT('',#7599);
#7599 = CARTESIAN_POINT('',(2.25,1.7,0.825));
#7600 = LINE('',#7601,#7602);
#7601 = CARTESIAN_POINT('',(2.25,2.11,0.825));
#7602 = VECTOR('',#7603,1.);
#7603 = DIRECTION('',(2.22044604925E-16,-1.,0.));
#7604 = ORIENTED_EDGE('',*,*,#7605,.T.);
#7605 = EDGE_CURVE('',#7598,#7606,#7608,.T.);
#7606 = VERTEX_POINT('',#7607);
#7607 = CARTESIAN_POINT('',(2.35,1.7,0.725));
#7608 = CIRCLE('',#7609,0.1);
#7609 = AXIS2_PLACEMENT_3D('',#7610,#7611,#7612);
#7610 = CARTESIAN_POINT('',(2.25,1.7,0.725));
#7611 = DIRECTION('',(-2.22044604925E-16,1.,0.));
#7612 = DIRECTION('',(4.440892098501E-15,9.860761315262E-31,1.));
#7613 = ORIENTED_EDGE('',*,*,#7614,.F.);
#7614 = EDGE_CURVE('',#7615,#7606,#7617,.T.);
#7615 = VERTEX_POINT('',#7616);
#7616 = CARTESIAN_POINT('',(2.35,2.11,0.725));
#7617 = LINE('',#7618,#7619);
#7618 = CARTESIAN_POINT('',(2.35,2.11,0.725));
#7619 = VECTOR('',#7620,1.);
#7620 = DIRECTION('',(2.22044604925E-16,-1.,0.));
#7621 = ORIENTED_EDGE('',*,*,#7622,.F.);
#7622 = EDGE_CURVE('',#7596,#7615,#7623,.T.);
#7623 = CIRCLE('',#7624,0.1);
#7624 = AXIS2_PLACEMENT_3D('',#7625,#7626,#7627);
#7625 = CARTESIAN_POINT('',(2.25,2.11,0.725));
#7626 = DIRECTION('',(-2.22044604925E-16,1.,0.));
#7627 = DIRECTION('',(4.440892098501E-15,9.860761315262E-31,1.));
#7628 = CYLINDRICAL_SURFACE('',#7629,0.1);
#7629 = AXIS2_PLACEMENT_3D('',#7630,#7631,#7632);
#7630 = CARTESIAN_POINT('',(2.25,2.11,0.725));
#7631 = DIRECTION('',(-2.22044604925E-16,1.,0.));
#7632 = DIRECTION('',(4.440892098501E-15,9.860761315262E-31,1.));
#7633 = ADVANCED_FACE('',(#7634),#7659,.F.);
#7634 = FACE_BOUND('',#7635,.F.);
#7635 = EDGE_LOOP('',(#7636,#7644,#7652,#7658));
#7636 = ORIENTED_EDGE('',*,*,#7637,.F.);
#7637 = EDGE_CURVE('',#7638,#7596,#7640,.T.);
#7638 = VERTEX_POINT('',#7639);
#7639 = CARTESIAN_POINT('',(1.95,2.11,0.825));
#7640 = LINE('',#7641,#7642);
#7641 = CARTESIAN_POINT('',(1.8,2.11,0.825));
#7642 = VECTOR('',#7643,1.);
#7643 = DIRECTION('',(1.,2.22044604925E-16,0.));
#7644 = ORIENTED_EDGE('',*,*,#7645,.T.);
#7645 = EDGE_CURVE('',#7638,#7646,#7648,.T.);
#7646 = VERTEX_POINT('',#7647);
#7647 = CARTESIAN_POINT('',(1.95,1.7,0.825));
#7648 = LINE('',#7649,#7650);
#7649 = CARTESIAN_POINT('',(1.95,2.275,0.825));
#7650 = VECTOR('',#7651,1.);
#7651 = DIRECTION('',(2.22044604925E-16,-1.,0.));
#7652 = ORIENTED_EDGE('',*,*,#7653,.T.);
#7653 = EDGE_CURVE('',#7646,#7598,#7654,.T.);
#7654 = LINE('',#7655,#7656);
#7655 = CARTESIAN_POINT('',(1.8,1.7,0.825));
#7656 = VECTOR('',#7657,1.);
#7657 = DIRECTION('',(1.,2.22044604925E-16,0.));
#7658 = ORIENTED_EDGE('',*,*,#7595,.F.);
#7659 = PLANE('',#7660);
#7660 = AXIS2_PLACEMENT_3D('',#7661,#7662,#7663);
#7661 = CARTESIAN_POINT('',(1.8,2.11,0.825));
#7662 = DIRECTION('',(0.,0.,1.));
#7663 = DIRECTION('',(1.,2.22044604925E-16,-0.));
#7664 = ADVANCED_FACE('',(#7665),#7690,.F.);
#7665 = FACE_BOUND('',#7666,.F.);
#7666 = EDGE_LOOP('',(#7667,#7668,#7676,#7684));
#7667 = ORIENTED_EDGE('',*,*,#7614,.T.);
#7668 = ORIENTED_EDGE('',*,*,#7669,.T.);
#7669 = EDGE_CURVE('',#7606,#7670,#7672,.T.);
#7670 = VERTEX_POINT('',#7671);
#7671 = CARTESIAN_POINT('',(2.35,1.7,0.3));
#7672 = LINE('',#7673,#7674);
#7673 = CARTESIAN_POINT('',(2.35,1.7,0.725));
#7674 = VECTOR('',#7675,1.);
#7675 = DIRECTION('',(1.044915787883E-15,2.320179133003E-31,-1.));
#7676 = ORIENTED_EDGE('',*,*,#7677,.F.);
#7677 = EDGE_CURVE('',#7678,#7670,#7680,.T.);
#7678 = VERTEX_POINT('',#7679);
#7679 = CARTESIAN_POINT('',(2.35,2.11,0.3));
#7680 = LINE('',#7681,#7682);
#7681 = CARTESIAN_POINT('',(2.35,2.11,0.3));
#7682 = VECTOR('',#7683,1.);
#7683 = DIRECTION('',(2.22044604925E-16,-1.,0.));
#7684 = ORIENTED_EDGE('',*,*,#7685,.F.);
#7685 = EDGE_CURVE('',#7615,#7678,#7686,.T.);
#7686 = LINE('',#7687,#7688);
#7687 = CARTESIAN_POINT('',(2.35,2.11,0.725));
#7688 = VECTOR('',#7689,1.);
#7689 = DIRECTION('',(1.044915787883E-15,2.320179133003E-31,-1.));
#7690 = PLANE('',#7691);
#7691 = AXIS2_PLACEMENT_3D('',#7692,#7693,#7694);
#7692 = CARTESIAN_POINT('',(2.35,2.11,0.725));
#7693 = DIRECTION('',(1.,2.22044604925E-16,1.044915787883E-15));
#7694 = DIRECTION('',(1.044915787883E-15,2.320179133003E-31,-1.));
#7695 = ADVANCED_FACE('',(#7696),#7774,.F.);
#7696 = FACE_BOUND('',#7697,.F.);
#7697 = EDGE_LOOP('',(#7698,#7706,#7707,#7708,#7709,#7718,#7726,#7734,
    #7742,#7751,#7759,#7768));
#7698 = ORIENTED_EDGE('',*,*,#7699,.F.);
#7699 = EDGE_CURVE('',#7638,#7700,#7702,.T.);
#7700 = VERTEX_POINT('',#7701);
#7701 = CARTESIAN_POINT('',(1.95,2.11,1.025));
#7702 = LINE('',#7703,#7704);
#7703 = CARTESIAN_POINT('',(1.95,2.11,0.778829828783));
#7704 = VECTOR('',#7705,1.);
#7705 = DIRECTION('',(0.,0.,1.));
#7706 = ORIENTED_EDGE('',*,*,#7637,.T.);
#7707 = ORIENTED_EDGE('',*,*,#7622,.T.);
#7708 = ORIENTED_EDGE('',*,*,#7685,.T.);
#7709 = ORIENTED_EDGE('',*,*,#7710,.T.);
#7710 = EDGE_CURVE('',#7678,#7711,#7713,.T.);
#7711 = VERTEX_POINT('',#7712);
#7712 = CARTESIAN_POINT('',(2.65,2.11,5.551115123126E-17));
#7713 = CIRCLE('',#7714,0.3);
#7714 = AXIS2_PLACEMENT_3D('',#7715,#7716,#7717);
#7715 = CARTESIAN_POINT('',(2.65,2.11,0.3));
#7716 = DIRECTION('',(2.22044604925E-16,-1.,0.));
#7717 = DIRECTION('',(-1.,-2.22044604925E-16,3.515706244646E-15));
#7718 = ORIENTED_EDGE('',*,*,#7719,.T.);
#7719 = EDGE_CURVE('',#7711,#7720,#7722,.T.);
#7720 = VERTEX_POINT('',#7721);
#7721 = CARTESIAN_POINT('',(3.,2.11,5.551115123126E-17));
#7722 = LINE('',#7723,#7724);
#7723 = CARTESIAN_POINT('',(2.65,2.11,5.551115123126E-17));
#7724 = VECTOR('',#7725,1.);
#7725 = DIRECTION('',(1.,2.22044604925E-16,0.));
#7726 = ORIENTED_EDGE('',*,*,#7727,.T.);
#7727 = EDGE_CURVE('',#7720,#7728,#7730,.T.);
#7728 = VERTEX_POINT('',#7729);
#7729 = CARTESIAN_POINT('',(3.,2.11,0.2));
#7730 = LINE('',#7731,#7732);
#7731 = CARTESIAN_POINT('',(3.,2.11,5.551115123126E-17));
#7732 = VECTOR('',#7733,1.);
#7733 = DIRECTION('',(0.,0.,1.));
#7734 = ORIENTED_EDGE('',*,*,#7735,.T.);
#7735 = EDGE_CURVE('',#7728,#7736,#7738,.T.);
#7736 = VERTEX_POINT('',#7737);
#7737 = CARTESIAN_POINT('',(2.65,2.11,0.2));
#7738 = LINE('',#7739,#7740);
#7739 = CARTESIAN_POINT('',(3.,2.11,0.2));
#7740 = VECTOR('',#7741,1.);
#7741 = DIRECTION('',(-1.,-2.22044604925E-16,0.));
#7742 = ORIENTED_EDGE('',*,*,#7743,.T.);
#7743 = EDGE_CURVE('',#7736,#7744,#7746,.T.);
#7744 = VERTEX_POINT('',#7745);
#7745 = CARTESIAN_POINT('',(2.55,2.11,0.3));
#7746 = CIRCLE('',#7747,0.1);
#7747 = AXIS2_PLACEMENT_3D('',#7748,#7749,#7750);
#7748 = CARTESIAN_POINT('',(2.65,2.11,0.3));
#7749 = DIRECTION('',(-2.22044604925E-16,1.,0.));
#7750 = DIRECTION('',(0.,0.,-1.));
#7751 = ORIENTED_EDGE('',*,*,#7752,.T.);
#7752 = EDGE_CURVE('',#7744,#7753,#7755,.T.);
#7753 = VERTEX_POINT('',#7754);
#7754 = CARTESIAN_POINT('',(2.55,2.11,0.725));
#7755 = LINE('',#7756,#7757);
#7756 = CARTESIAN_POINT('',(2.55,2.11,0.3));
#7757 = VECTOR('',#7758,1.);
#7758 = DIRECTION('',(0.,0.,1.));
#7759 = ORIENTED_EDGE('',*,*,#7760,.T.);
#7760 = EDGE_CURVE('',#7753,#7761,#7763,.T.);
#7761 = VERTEX_POINT('',#7762);
#7762 = CARTESIAN_POINT('',(2.25,2.11,1.025));
#7763 = CIRCLE('',#7764,0.3);
#7764 = AXIS2_PLACEMENT_3D('',#7765,#7766,#7767);
#7765 = CARTESIAN_POINT('',(2.25,2.11,0.725));
#7766 = DIRECTION('',(2.22044604925E-16,-1.,0.));
#7767 = DIRECTION('',(1.,2.22044604925E-16,3.700743415417E-16));
#7768 = ORIENTED_EDGE('',*,*,#7769,.T.);
#7769 = EDGE_CURVE('',#7761,#7700,#7770,.T.);
#7770 = LINE('',#7771,#7772);
#7771 = CARTESIAN_POINT('',(2.25,2.11,1.025));
#7772 = VECTOR('',#7773,1.);
#7773 = DIRECTION('',(-1.,-2.22044604925E-16,0.));
#7774 = PLANE('',#7775);
#7775 = AXIS2_PLACEMENT_3D('',#7776,#7777,#7778);
#7776 = CARTESIAN_POINT('',(2.41578967201,2.11,0.532659657565));
#7777 = DIRECTION('',(2.22044604925E-16,-1.,0.));
#7778 = DIRECTION('',(0.,0.,1.));
#7779 = ADVANCED_FACE('',(#7780),#7858,.T.);
#7780 = FACE_BOUND('',#7781,.T.);
#7781 = EDGE_LOOP('',(#7782,#7790,#7791,#7792,#7793,#7802,#7810,#7818,
    #7826,#7835,#7843,#7852));
#7782 = ORIENTED_EDGE('',*,*,#7783,.F.);
#7783 = EDGE_CURVE('',#7646,#7784,#7786,.T.);
#7784 = VERTEX_POINT('',#7785);
#7785 = CARTESIAN_POINT('',(1.95,1.7,1.025));
#7786 = LINE('',#7787,#7788);
#7787 = CARTESIAN_POINT('',(1.95,1.7,0.778829828783));
#7788 = VECTOR('',#7789,1.);
#7789 = DIRECTION('',(0.,0.,1.));
#7790 = ORIENTED_EDGE('',*,*,#7653,.T.);
#7791 = ORIENTED_EDGE('',*,*,#7605,.T.);
#7792 = ORIENTED_EDGE('',*,*,#7669,.T.);
#7793 = ORIENTED_EDGE('',*,*,#7794,.T.);
#7794 = EDGE_CURVE('',#7670,#7795,#7797,.T.);
#7795 = VERTEX_POINT('',#7796);
#7796 = CARTESIAN_POINT('',(2.65,1.7,5.551115123126E-17));
#7797 = CIRCLE('',#7798,0.3);
#7798 = AXIS2_PLACEMENT_3D('',#7799,#7800,#7801);
#7799 = CARTESIAN_POINT('',(2.65,1.7,0.3));
#7800 = DIRECTION('',(2.22044604925E-16,-1.,0.));
#7801 = DIRECTION('',(-1.,-2.22044604925E-16,3.515706244646E-15));
#7802 = ORIENTED_EDGE('',*,*,#7803,.T.);
#7803 = EDGE_CURVE('',#7795,#7804,#7806,.T.);
#7804 = VERTEX_POINT('',#7805);
#7805 = CARTESIAN_POINT('',(3.,1.7,5.551115123126E-17));
#7806 = LINE('',#7807,#7808);
#7807 = CARTESIAN_POINT('',(2.65,1.7,5.551115123126E-17));
#7808 = VECTOR('',#7809,1.);
#7809 = DIRECTION('',(1.,2.22044604925E-16,0.));
#7810 = ORIENTED_EDGE('',*,*,#7811,.T.);
#7811 = EDGE_CURVE('',#7804,#7812,#7814,.T.);
#7812 = VERTEX_POINT('',#7813);
#7813 = CARTESIAN_POINT('',(3.,1.7,0.2));
#7814 = LINE('',#7815,#7816);
#7815 = CARTESIAN_POINT('',(3.,1.7,5.551115123126E-17));
#7816 = VECTOR('',#7817,1.);
#7817 = DIRECTION('',(0.,0.,1.));
#7818 = ORIENTED_EDGE('',*,*,#7819,.T.);
#7819 = EDGE_CURVE('',#7812,#7820,#7822,.T.);
#7820 = VERTEX_POINT('',#7821);
#7821 = CARTESIAN_POINT('',(2.65,1.7,0.2));
#7822 = LINE('',#7823,#7824);
#7823 = CARTESIAN_POINT('',(3.,1.7,0.2));
#7824 = VECTOR('',#7825,1.);
#7825 = DIRECTION('',(-1.,-2.22044604925E-16,0.));
#7826 = ORIENTED_EDGE('',*,*,#7827,.T.);
#7827 = EDGE_CURVE('',#7820,#7828,#7830,.T.);
#7828 = VERTEX_POINT('',#7829);
#7829 = CARTESIAN_POINT('',(2.55,1.7,0.3));
#7830 = CIRCLE('',#7831,0.1);
#7831 = AXIS2_PLACEMENT_3D('',#7832,#7833,#7834);
#7832 = CARTESIAN_POINT('',(2.65,1.7,0.3));
#7833 = DIRECTION('',(-2.22044604925E-16,1.,0.));
#7834 = DIRECTION('',(0.,0.,-1.));
#7835 = ORIENTED_EDGE('',*,*,#7836,.T.);
#7836 = EDGE_CURVE('',#7828,#7837,#7839,.T.);
#7837 = VERTEX_POINT('',#7838);
#7838 = CARTESIAN_POINT('',(2.55,1.7,0.725));
#7839 = LINE('',#7840,#7841);
#7840 = CARTESIAN_POINT('',(2.55,1.7,0.3));
#7841 = VECTOR('',#7842,1.);
#7842 = DIRECTION('',(0.,0.,1.));
#7843 = ORIENTED_EDGE('',*,*,#7844,.T.);
#7844 = EDGE_CURVE('',#7837,#7845,#7847,.T.);
#7845 = VERTEX_POINT('',#7846);
#7846 = CARTESIAN_POINT('',(2.25,1.7,1.025));
#7847 = CIRCLE('',#7848,0.3);
#7848 = AXIS2_PLACEMENT_3D('',#7849,#7850,#7851);
#7849 = CARTESIAN_POINT('',(2.25,1.7,0.725));
#7850 = DIRECTION('',(2.22044604925E-16,-1.,0.));
#7851 = DIRECTION('',(1.,2.22044604925E-16,3.700743415417E-16));
#7852 = ORIENTED_EDGE('',*,*,#7853,.T.);
#7853 = EDGE_CURVE('',#7845,#7784,#7854,.T.);
#7854 = LINE('',#7855,#7856);
#7855 = CARTESIAN_POINT('',(2.25,1.7,1.025));
#7856 = VECTOR('',#7857,1.);
#7857 = DIRECTION('',(-1.,-2.22044604925E-16,0.));
#7858 = PLANE('',#7859);
#7859 = AXIS2_PLACEMENT_3D('',#7860,#7861,#7862);
#7860 = CARTESIAN_POINT('',(2.41578967201,1.7,0.532659657565));
#7861 = DIRECTION('',(2.22044604925E-16,-1.,0.));
#7862 = DIRECTION('',(0.,0.,1.));
#7863 = ADVANCED_FACE('',(#7864),#7951,.F.);
#7864 = FACE_BOUND('',#7865,.F.);
#7865 = EDGE_LOOP('',(#7866,#7876,#7883,#7891,#7899,#7907,#7915,#7923,
    #7931,#7937,#7938,#7946));
#7866 = ORIENTED_EDGE('',*,*,#7867,.T.);
#7867 = EDGE_CURVE('',#7868,#7870,#7872,.T.);
#7868 = VERTEX_POINT('',#7869);
#7869 = CARTESIAN_POINT('',(1.835171280765,2.217585640382,0.1));
#7870 = VERTEX_POINT('',#7871);
#7871 = CARTESIAN_POINT('',(1.835171280765,-2.217585640382,0.1));
#7872 = LINE('',#7873,#7874);
#7873 = CARTESIAN_POINT('',(1.835171280765,2.217585640382,0.1));
#7874 = VECTOR('',#7875,1.);
#7875 = DIRECTION('',(2.22044604925E-16,-1.,0.));
#7876 = ORIENTED_EDGE('',*,*,#7877,.T.);
#7877 = EDGE_CURVE('',#7870,#7878,#7880,.T.);
#7878 = VERTEX_POINT('',#7879);
#7879 = CARTESIAN_POINT('',(1.95,-2.275,0.825));
#7880 = B_SPLINE_CURVE_WITH_KNOTS('',1,(#7881,#7882),.UNSPECIFIED.,.F.,
  .F.,(2,2),(0.,1.),.PIECEWISE_BEZIER_KNOTS.);
#7881 = CARTESIAN_POINT('',(1.835171280765,-2.217585640382,0.1));
#7882 = CARTESIAN_POINT('',(1.95,-2.275,0.825));
#7883 = ORIENTED_EDGE('',*,*,#7884,.F.);
#7884 = EDGE_CURVE('',#7885,#7878,#7887,.T.);
#7885 = VERTEX_POINT('',#7886);
#7886 = CARTESIAN_POINT('',(1.95,-2.11,0.825));
#7887 = LINE('',#7888,#7889);
#7888 = CARTESIAN_POINT('',(1.95,2.275,0.825));
#7889 = VECTOR('',#7890,1.);
#7890 = DIRECTION('',(2.22044604925E-16,-1.,0.));
#7891 = ORIENTED_EDGE('',*,*,#7892,.F.);
#7892 = EDGE_CURVE('',#7893,#7885,#7895,.T.);
#7893 = VERTEX_POINT('',#7894);
#7894 = CARTESIAN_POINT('',(1.95,-1.7,0.825));
#7895 = LINE('',#7896,#7897);
#7896 = CARTESIAN_POINT('',(1.95,2.275,0.825));
#7897 = VECTOR('',#7898,1.);
#7898 = DIRECTION('',(2.22044604925E-16,-1.,0.));
#7899 = ORIENTED_EDGE('',*,*,#7900,.F.);
#7900 = EDGE_CURVE('',#7901,#7893,#7903,.T.);
#7901 = VERTEX_POINT('',#7902);
#7902 = CARTESIAN_POINT('',(1.95,-0.84,0.825));
#7903 = LINE('',#7904,#7905);
#7904 = CARTESIAN_POINT('',(1.95,2.275,0.825));
#7905 = VECTOR('',#7906,1.);
#7906 = DIRECTION('',(2.22044604925E-16,-1.,0.));
#7907 = ORIENTED_EDGE('',*,*,#7908,.F.);
#7908 = EDGE_CURVE('',#7909,#7901,#7911,.T.);
#7909 = VERTEX_POINT('',#7910);
#7910 = CARTESIAN_POINT('',(1.95,-0.43,0.825));
#7911 = LINE('',#7912,#7913);
#7912 = CARTESIAN_POINT('',(1.95,2.275,0.825));
#7913 = VECTOR('',#7914,1.);
#7914 = DIRECTION('',(2.22044604925E-16,-1.,0.));
#7915 = ORIENTED_EDGE('',*,*,#7916,.F.);
#7916 = EDGE_CURVE('',#7917,#7909,#7919,.T.);
#7917 = VERTEX_POINT('',#7918);
#7918 = CARTESIAN_POINT('',(1.95,0.43,0.825));
#7919 = LINE('',#7920,#7921);
#7920 = CARTESIAN_POINT('',(1.95,2.275,0.825));
#7921 = VECTOR('',#7922,1.);
#7922 = DIRECTION('',(2.22044604925E-16,-1.,0.));
#7923 = ORIENTED_EDGE('',*,*,#7924,.F.);
#7924 = EDGE_CURVE('',#7925,#7917,#7927,.T.);
#7925 = VERTEX_POINT('',#7926);
#7926 = CARTESIAN_POINT('',(1.95,0.84,0.825));
#7927 = LINE('',#7928,#7929);
#7928 = CARTESIAN_POINT('',(1.95,2.275,0.825));
#7929 = VECTOR('',#7930,1.);
#7930 = DIRECTION('',(2.22044604925E-16,-1.,0.));
#7931 = ORIENTED_EDGE('',*,*,#7932,.F.);
#7932 = EDGE_CURVE('',#7646,#7925,#7933,.T.);
#7933 = LINE('',#7934,#7935);
#7934 = CARTESIAN_POINT('',(1.95,2.275,0.825));
#7935 = VECTOR('',#7936,1.);
#7936 = DIRECTION('',(2.22044604925E-16,-1.,0.));
#7937 = ORIENTED_EDGE('',*,*,#7645,.F.);
#7938 = ORIENTED_EDGE('',*,*,#7939,.F.);
#7939 = EDGE_CURVE('',#7940,#7638,#7942,.T.);
#7940 = VERTEX_POINT('',#7941);
#7941 = CARTESIAN_POINT('',(1.95,2.275,0.825));
#7942 = LINE('',#7943,#7944);
#7943 = CARTESIAN_POINT('',(1.95,2.275,0.825));
#7944 = VECTOR('',#7945,1.);
#7945 = DIRECTION('',(2.22044604925E-16,-1.,0.));
#7946 = ORIENTED_EDGE('',*,*,#7947,.F.);
#7947 = EDGE_CURVE('',#7868,#7940,#7948,.T.);
#7948 = B_SPLINE_CURVE_WITH_KNOTS('',1,(#7949,#7950),.UNSPECIFIED.,.F.,
  .F.,(2,2),(0.,1.),.PIECEWISE_BEZIER_KNOTS.);
#7949 = CARTESIAN_POINT('',(1.835171280765,2.217585640382,0.1));
#7950 = CARTESIAN_POINT('',(1.95,2.275,0.825));
#7951 = B_SPLINE_SURFACE_WITH_KNOTS('',1,1,(
    (#7952,#7953)
    ,(#7954,#7955
    )),.UNSPECIFIED.,.F.,.F.,.F.,(2,2),(2,2),(0.,4.55),(0.,1.),
  .PIECEWISE_BEZIER_KNOTS.);
#7952 = CARTESIAN_POINT('',(1.835171280765,2.217585640382,0.1));
#7953 = CARTESIAN_POINT('',(1.95,2.275,0.825));
#7954 = CARTESIAN_POINT('',(1.835171280765,-2.217585640382,0.1));
#7955 = CARTESIAN_POINT('',(1.95,-2.275,0.825));
#7956 = ADVANCED_FACE('',(#7957),#7968,.T.);
#7957 = FACE_BOUND('',#7958,.T.);
#7958 = EDGE_LOOP('',(#7959,#7960,#7966,#7967));
#7959 = ORIENTED_EDGE('',*,*,#7710,.T.);
#7960 = ORIENTED_EDGE('',*,*,#7961,.T.);
#7961 = EDGE_CURVE('',#7711,#7795,#7962,.T.);
#7962 = LINE('',#7963,#7964);
#7963 = CARTESIAN_POINT('',(2.65,2.11,5.551115123126E-17));
#7964 = VECTOR('',#7965,1.);
#7965 = DIRECTION('',(2.22044604925E-16,-1.,0.));
#7966 = ORIENTED_EDGE('',*,*,#7794,.F.);
#7967 = ORIENTED_EDGE('',*,*,#7677,.F.);
#7968 = CYLINDRICAL_SURFACE('',#7969,0.3);
#7969 = AXIS2_PLACEMENT_3D('',#7970,#7971,#7972);
#7970 = CARTESIAN_POINT('',(2.65,2.11,0.3));
#7971 = DIRECTION('',(-2.22044604925E-16,1.,-0.));
#7972 = DIRECTION('',(-1.,-2.22044604925E-16,3.515706244646E-15));
#7973 = ADVANCED_FACE('',(#7974),#7991,.F.);
#7974 = FACE_BOUND('',#7975,.F.);
#7975 = EDGE_LOOP('',(#7976,#7983,#7984,#7985));
#7976 = ORIENTED_EDGE('',*,*,#7977,.F.);
#7977 = EDGE_CURVE('',#7940,#7978,#7980,.T.);
#7978 = VERTEX_POINT('',#7979);
#7979 = CARTESIAN_POINT('',(1.95,2.275,1.025));
#7980 = B_SPLINE_CURVE_WITH_KNOTS('',1,(#7981,#7982),.UNSPECIFIED.,.F.,
  .F.,(2,2),(0.,1.),.PIECEWISE_BEZIER_KNOTS.);
#7981 = CARTESIAN_POINT('',(1.95,2.275,0.825));
#7982 = CARTESIAN_POINT('',(1.95,2.275,1.025));
#7983 = ORIENTED_EDGE('',*,*,#7939,.T.);
#7984 = ORIENTED_EDGE('',*,*,#7699,.T.);
#7985 = ORIENTED_EDGE('',*,*,#7986,.F.);
#7986 = EDGE_CURVE('',#7978,#7700,#7987,.T.);
#7987 = LINE('',#7988,#7989);
#7988 = CARTESIAN_POINT('',(1.95,2.275,1.025));
#7989 = VECTOR('',#7990,1.);
#7990 = DIRECTION('',(2.22044604925E-16,-1.,0.));
#7991 = PLANE('',#7992);
#7992 = AXIS2_PLACEMENT_3D('',#7993,#7994,#7995);
#7993 = CARTESIAN_POINT('',(1.95,2.275,1.025));
#7994 = DIRECTION('',(-1.,-2.22044604925E-16,0.));
#7995 = DIRECTION('',(2.22044604925E-16,-1.,0.));
#7996 = ADVANCED_FACE('',(#7997),#8029,.F.);
#7997 = FACE_BOUND('',#7998,.F.);
#7998 = EDGE_LOOP('',(#7999,#8000,#8006,#8007,#8015,#8023));
#7999 = ORIENTED_EDGE('',*,*,#7769,.F.);
#8000 = ORIENTED_EDGE('',*,*,#8001,.T.);
#8001 = EDGE_CURVE('',#7761,#7845,#8002,.T.);
#8002 = LINE('',#8003,#8004);
#8003 = CARTESIAN_POINT('',(2.25,2.11,1.025));
#8004 = VECTOR('',#8005,1.);
#8005 = DIRECTION('',(2.22044604925E-16,-1.,0.));
#8006 = ORIENTED_EDGE('',*,*,#7853,.T.);
#8007 = ORIENTED_EDGE('',*,*,#8008,.T.);
#8008 = EDGE_CURVE('',#7784,#8009,#8011,.T.);
#8009 = VERTEX_POINT('',#8010);
#8010 = CARTESIAN_POINT('',(1.875,1.7,1.025));
#8011 = LINE('',#8012,#8013);
#8012 = CARTESIAN_POINT('',(2.25,1.7,1.025));
#8013 = VECTOR('',#8014,1.);
#8014 = DIRECTION('',(-1.,-2.22044604925E-16,0.));
#8015 = ORIENTED_EDGE('',*,*,#8016,.F.);
#8016 = EDGE_CURVE('',#8017,#8009,#8019,.T.);
#8017 = VERTEX_POINT('',#8018);
#8018 = CARTESIAN_POINT('',(1.875,2.11,1.025));
#8019 = LINE('',#8020,#8021);
#8020 = CARTESIAN_POINT('',(1.875,2.2375,1.025));
#8021 = VECTOR('',#8022,1.);
#8022 = DIRECTION('',(2.22044604925E-16,-1.,0.));
#8023 = ORIENTED_EDGE('',*,*,#8024,.F.);
#8024 = EDGE_CURVE('',#7700,#8017,#8025,.T.);
#8025 = LINE('',#8026,#8027);
#8026 = CARTESIAN_POINT('',(2.25,2.11,1.025));
#8027 = VECTOR('',#8028,1.);
#8028 = DIRECTION('',(-1.,-2.22044604925E-16,0.));
#8029 = PLANE('',#8030);
#8030 = AXIS2_PLACEMENT_3D('',#8031,#8032,#8033);
#8031 = CARTESIAN_POINT('',(2.25,2.11,1.025));
#8032 = DIRECTION('',(0.,0.,-1.));
#8033 = DIRECTION('',(-1.,-2.22044604925E-16,-0.));
#8034 = ADVANCED_FACE('',(#8035),#8046,.T.);
#8035 = FACE_BOUND('',#8036,.T.);
#8036 = EDGE_LOOP('',(#8037,#8038,#8039,#8040));
#8037 = ORIENTED_EDGE('',*,*,#7760,.T.);
#8038 = ORIENTED_EDGE('',*,*,#8001,.T.);
#8039 = ORIENTED_EDGE('',*,*,#7844,.F.);
#8040 = ORIENTED_EDGE('',*,*,#8041,.F.);
#8041 = EDGE_CURVE('',#7753,#7837,#8042,.T.);
#8042 = LINE('',#8043,#8044);
#8043 = CARTESIAN_POINT('',(2.55,2.11,0.725));
#8044 = VECTOR('',#8045,1.);
#8045 = DIRECTION('',(2.22044604925E-16,-1.,0.));
#8046 = CYLINDRICAL_SURFACE('',#8047,0.3);
#8047 = AXIS2_PLACEMENT_3D('',#8048,#8049,#8050);
#8048 = CARTESIAN_POINT('',(2.25,2.11,0.725));
#8049 = DIRECTION('',(-2.22044604925E-16,1.,-0.));
#8050 = DIRECTION('',(1.,2.22044604925E-16,3.700743415417E-16));
#8051 = ADVANCED_FACE('',(#8052),#8063,.F.);
#8052 = FACE_BOUND('',#8053,.F.);
#8053 = EDGE_LOOP('',(#8054,#8060,#8061,#8062));
#8054 = ORIENTED_EDGE('',*,*,#8055,.T.);
#8055 = EDGE_CURVE('',#7744,#7828,#8056,.T.);
#8056 = LINE('',#8057,#8058);
#8057 = CARTESIAN_POINT('',(2.55,2.11,0.3));
#8058 = VECTOR('',#8059,1.);
#8059 = DIRECTION('',(2.22044604925E-16,-1.,0.));
#8060 = ORIENTED_EDGE('',*,*,#7836,.T.);
#8061 = ORIENTED_EDGE('',*,*,#8041,.F.);
#8062 = ORIENTED_EDGE('',*,*,#7752,.F.);
#8063 = PLANE('',#8064);
#8064 = AXIS2_PLACEMENT_3D('',#8065,#8066,#8067);
#8065 = CARTESIAN_POINT('',(2.55,2.11,0.3));
#8066 = DIRECTION('',(-1.,-2.22044604925E-16,0.));
#8067 = DIRECTION('',(0.,0.,1.));
#8068 = ADVANCED_FACE('',(#8069),#8080,.F.);
#8069 = FACE_BOUND('',#8070,.F.);
#8070 = EDGE_LOOP('',(#8071,#8077,#8078,#8079));
#8071 = ORIENTED_EDGE('',*,*,#8072,.T.);
#8072 = EDGE_CURVE('',#7736,#7820,#8073,.T.);
#8073 = LINE('',#8074,#8075);
#8074 = CARTESIAN_POINT('',(2.65,2.11,0.2));
#8075 = VECTOR('',#8076,1.);
#8076 = DIRECTION('',(2.22044604925E-16,-1.,0.));
#8077 = ORIENTED_EDGE('',*,*,#7827,.T.);
#8078 = ORIENTED_EDGE('',*,*,#8055,.F.);
#8079 = ORIENTED_EDGE('',*,*,#7743,.F.);
#8080 = CYLINDRICAL_SURFACE('',#8081,0.1);
#8081 = AXIS2_PLACEMENT_3D('',#8082,#8083,#8084);
#8082 = CARTESIAN_POINT('',(2.65,2.11,0.3));
#8083 = DIRECTION('',(-2.22044604925E-16,1.,0.));
#8084 = DIRECTION('',(0.,0.,-1.));
#8085 = ADVANCED_FACE('',(#8086),#8097,.F.);
#8086 = FACE_BOUND('',#8087,.F.);
#8087 = EDGE_LOOP('',(#8088,#8094,#8095,#8096));
#8088 = ORIENTED_EDGE('',*,*,#8089,.T.);
#8089 = EDGE_CURVE('',#7728,#7812,#8090,.T.);
#8090 = LINE('',#8091,#8092);
#8091 = CARTESIAN_POINT('',(3.,2.11,0.2));
#8092 = VECTOR('',#8093,1.);
#8093 = DIRECTION('',(2.22044604925E-16,-1.,0.));
#8094 = ORIENTED_EDGE('',*,*,#7819,.T.);
#8095 = ORIENTED_EDGE('',*,*,#8072,.F.);
#8096 = ORIENTED_EDGE('',*,*,#7735,.F.);
#8097 = PLANE('',#8098);
#8098 = AXIS2_PLACEMENT_3D('',#8099,#8100,#8101);
#8099 = CARTESIAN_POINT('',(3.,2.11,0.2));
#8100 = DIRECTION('',(0.,0.,-1.));
#8101 = DIRECTION('',(-1.,-2.22044604925E-16,-0.));
#8102 = ADVANCED_FACE('',(#8103),#8114,.F.);
#8103 = FACE_BOUND('',#8104,.F.);
#8104 = EDGE_LOOP('',(#8105,#8111,#8112,#8113));
#8105 = ORIENTED_EDGE('',*,*,#8106,.T.);
#8106 = EDGE_CURVE('',#7720,#7804,#8107,.T.);
#8107 = LINE('',#8108,#8109);
#8108 = CARTESIAN_POINT('',(3.,2.11,5.551115123126E-17));
#8109 = VECTOR('',#8110,1.);
#8110 = DIRECTION('',(2.22044604925E-16,-1.,0.));
#8111 = ORIENTED_EDGE('',*,*,#7811,.T.);
#8112 = ORIENTED_EDGE('',*,*,#8089,.F.);
#8113 = ORIENTED_EDGE('',*,*,#7727,.F.);
#8114 = PLANE('',#8115);
#8115 = AXIS2_PLACEMENT_3D('',#8116,#8117,#8118);
#8116 = CARTESIAN_POINT('',(3.,2.11,5.551115123126E-17));
#8117 = DIRECTION('',(-1.,-2.22044604925E-16,0.));
#8118 = DIRECTION('',(0.,0.,1.));
#8119 = ADVANCED_FACE('',(#8120),#8126,.F.);
#8120 = FACE_BOUND('',#8121,.F.);
#8121 = EDGE_LOOP('',(#8122,#8123,#8124,#8125));
#8122 = ORIENTED_EDGE('',*,*,#7961,.T.);
#8123 = ORIENTED_EDGE('',*,*,#7803,.T.);
#8124 = ORIENTED_EDGE('',*,*,#8106,.F.);
#8125 = ORIENTED_EDGE('',*,*,#7719,.F.);
#8126 = PLANE('',#8127);
#8127 = AXIS2_PLACEMENT_3D('',#8128,#8129,#8130);
#8128 = CARTESIAN_POINT('',(2.65,2.11,5.551115123126E-17));
#8129 = DIRECTION('',(0.,0.,1.));
#8130 = DIRECTION('',(1.,2.22044604925E-16,-0.));
#8131 = ADVANCED_FACE('',(#8132),#8150,.F.);
#8132 = FACE_BOUND('',#8133,.F.);
#8133 = EDGE_LOOP('',(#8134,#8135,#8136,#8144));
#8134 = ORIENTED_EDGE('',*,*,#7783,.F.);
#8135 = ORIENTED_EDGE('',*,*,#7932,.T.);
#8136 = ORIENTED_EDGE('',*,*,#8137,.T.);
#8137 = EDGE_CURVE('',#7925,#8138,#8140,.T.);
#8138 = VERTEX_POINT('',#8139);
#8139 = CARTESIAN_POINT('',(1.95,0.84,1.025));
#8140 = LINE('',#8141,#8142);
#8141 = CARTESIAN_POINT('',(1.95,0.84,0.778829828783));
#8142 = VECTOR('',#8143,1.);
#8143 = DIRECTION('',(0.,0.,1.));
#8144 = ORIENTED_EDGE('',*,*,#8145,.F.);
#8145 = EDGE_CURVE('',#7784,#8138,#8146,.T.);
#8146 = LINE('',#8147,#8148);
#8147 = CARTESIAN_POINT('',(1.95,2.275,1.025));
#8148 = VECTOR('',#8149,1.);
#8149 = DIRECTION('',(2.22044604925E-16,-1.,0.));
#8150 = PLANE('',#8151);
#8151 = AXIS2_PLACEMENT_3D('',#8152,#8153,#8154);
#8152 = CARTESIAN_POINT('',(1.95,2.275,1.025));
#8153 = DIRECTION('',(-1.,-2.22044604925E-16,0.));
#8154 = DIRECTION('',(2.22044604925E-16,-1.,0.));
#8155 = ADVANCED_FACE('',(#8156),#8213,.F.);
#8156 = FACE_BOUND('',#8157,.T.);
#8157 = EDGE_LOOP('',(#8158,#8168,#8174,#8175,#8183,#8191,#8199,#8207));
#8158 = ORIENTED_EDGE('',*,*,#8159,.T.);
#8159 = EDGE_CURVE('',#8160,#8162,#8164,.T.);
#8160 = VERTEX_POINT('',#8161);
#8161 = CARTESIAN_POINT('',(-1.717585640382,2.335171280765,0.1));
#8162 = VERTEX_POINT('',#8163);
#8163 = CARTESIAN_POINT('',(1.717585640382,2.335171280765,0.1));
#8164 = LINE('',#8165,#8166);
#8165 = CARTESIAN_POINT('',(-1.717585640382,2.335171280765,0.1));
#8166 = VECTOR('',#8167,1.);
#8167 = DIRECTION('',(1.,2.22044604925E-16,0.));
#8168 = ORIENTED_EDGE('',*,*,#8169,.T.);
#8169 = EDGE_CURVE('',#8162,#7868,#8170,.T.);
#8170 = LINE('',#8171,#8172);
#8171 = CARTESIAN_POINT('',(1.717585640382,2.335171280765,0.1));
#8172 = VECTOR('',#8173,1.);
#8173 = DIRECTION('',(0.707106781187,-0.707106781187,0.));
#8174 = ORIENTED_EDGE('',*,*,#7867,.T.);
#8175 = ORIENTED_EDGE('',*,*,#8176,.T.);
#8176 = EDGE_CURVE('',#7870,#8177,#8179,.T.);
#8177 = VERTEX_POINT('',#8178);
#8178 = CARTESIAN_POINT('',(1.717585640382,-2.335171280765,0.1));
#8179 = LINE('',#8180,#8181);
#8180 = CARTESIAN_POINT('',(1.835171280765,-2.217585640382,0.1));
#8181 = VECTOR('',#8182,1.);
#8182 = DIRECTION('',(-0.707106781187,-0.707106781187,0.));
#8183 = ORIENTED_EDGE('',*,*,#8184,.T.);
#8184 = EDGE_CURVE('',#8177,#8185,#8187,.T.);
#8185 = VERTEX_POINT('',#8186);
#8186 = CARTESIAN_POINT('',(-1.717585640382,-2.335171280765,0.1));
#8187 = LINE('',#8188,#8189);
#8188 = CARTESIAN_POINT('',(1.717585640382,-2.335171280765,0.1));
#8189 = VECTOR('',#8190,1.);
#8190 = DIRECTION('',(-1.,-2.22044604925E-16,0.));
#8191 = ORIENTED_EDGE('',*,*,#8192,.T.);
#8192 = EDGE_CURVE('',#8185,#8193,#8195,.T.);
#8193 = VERTEX_POINT('',#8194);
#8194 = CARTESIAN_POINT('',(-1.835171280765,-2.217585640382,0.1));
#8195 = LINE('',#8196,#8197);
#8196 = CARTESIAN_POINT('',(-1.717585640382,-2.335171280765,0.1));
#8197 = VECTOR('',#8198,1.);
#8198 = DIRECTION('',(-0.707106781187,0.707106781187,0.));
#8199 = ORIENTED_EDGE('',*,*,#8200,.T.);
#8200 = EDGE_CURVE('',#8193,#8201,#8203,.T.);
#8201 = VERTEX_POINT('',#8202);
#8202 = CARTESIAN_POINT('',(-1.835171280765,2.217585640382,0.1));
#8203 = LINE('',#8204,#8205);
#8204 = CARTESIAN_POINT('',(-1.835171280765,-2.217585640382,0.1));
#8205 = VECTOR('',#8206,1.);
#8206 = DIRECTION('',(-2.22044604925E-16,1.,0.));
#8207 = ORIENTED_EDGE('',*,*,#8208,.T.);
#8208 = EDGE_CURVE('',#8201,#8160,#8209,.T.);
#8209 = LINE('',#8210,#8211);
#8210 = CARTESIAN_POINT('',(-1.835171280765,2.217585640382,0.1));
#8211 = VECTOR('',#8212,1.);
#8212 = DIRECTION('',(0.707106781187,0.707106781187,0.));
#8213 = PLANE('',#8214);
#8214 = AXIS2_PLACEMENT_3D('',#8215,#8216,#8217);
#8215 = CARTESIAN_POINT('',(-1.717585640382,2.335171280765,0.1));
#8216 = DIRECTION('',(0.,0.,1.));
#8217 = DIRECTION('',(0.592513131498,-0.805560791625,0.));
#8218 = ADVANCED_FACE('',(#8219),#8236,.F.);
#8219 = FACE_BOUND('',#8220,.F.);
#8220 = EDGE_LOOP('',(#8221,#8222,#8223,#8231));
#8221 = ORIENTED_EDGE('',*,*,#8169,.T.);
#8222 = ORIENTED_EDGE('',*,*,#7947,.T.);
#8223 = ORIENTED_EDGE('',*,*,#8224,.F.);
#8224 = EDGE_CURVE('',#8225,#7940,#8227,.T.);
#8225 = VERTEX_POINT('',#8226);
#8226 = CARTESIAN_POINT('',(1.775,2.45,0.825));
#8227 = LINE('',#8228,#8229);
#8228 = CARTESIAN_POINT('',(1.775,2.45,0.825));
#8229 = VECTOR('',#8230,1.);
#8230 = DIRECTION('',(0.707106781187,-0.707106781187,0.));
#8231 = ORIENTED_EDGE('',*,*,#8232,.F.);
#8232 = EDGE_CURVE('',#8162,#8225,#8233,.T.);
#8233 = B_SPLINE_CURVE_WITH_KNOTS('',1,(#8234,#8235),.UNSPECIFIED.,.F.,
  .F.,(2,2),(0.,1.),.PIECEWISE_BEZIER_KNOTS.);
#8234 = CARTESIAN_POINT('',(1.717585640382,2.335171280765,0.1));
#8235 = CARTESIAN_POINT('',(1.775,2.45,0.825));
#8236 = B_SPLINE_SURFACE_WITH_KNOTS('',1,1,(
    (#8237,#8238)
    ,(#8239,#8240
    )),.UNSPECIFIED.,.F.,.F.,.F.,(2,2),(2,2),(0.,0.247487373415),(0.,1.)
  ,.PIECEWISE_BEZIER_KNOTS.);
#8237 = CARTESIAN_POINT('',(1.717585640382,2.335171280765,0.1));
#8238 = CARTESIAN_POINT('',(1.775,2.45,0.825));
#8239 = CARTESIAN_POINT('',(1.835171280765,2.217585640382,0.1));
#8240 = CARTESIAN_POINT('',(1.95,2.275,0.825));
#8241 = ADVANCED_FACE('',(#8242),#8259,.F.);
#8242 = FACE_BOUND('',#8243,.F.);
#8243 = EDGE_LOOP('',(#8244,#8245,#8252,#8258));
#8244 = ORIENTED_EDGE('',*,*,#8176,.T.);
#8245 = ORIENTED_EDGE('',*,*,#8246,.T.);
#8246 = EDGE_CURVE('',#8177,#8247,#8249,.T.);
#8247 = VERTEX_POINT('',#8248);
#8248 = CARTESIAN_POINT('',(1.775,-2.45,0.825));
#8249 = B_SPLINE_CURVE_WITH_KNOTS('',1,(#8250,#8251),.UNSPECIFIED.,.F.,
  .F.,(2,2),(0.,1.),.PIECEWISE_BEZIER_KNOTS.);
#8250 = CARTESIAN_POINT('',(1.717585640382,-2.335171280765,0.1));
#8251 = CARTESIAN_POINT('',(1.775,-2.45,0.825));
#8252 = ORIENTED_EDGE('',*,*,#8253,.F.);
#8253 = EDGE_CURVE('',#7878,#8247,#8254,.T.);
#8254 = LINE('',#8255,#8256);
#8255 = CARTESIAN_POINT('',(1.95,-2.275,0.825));
#8256 = VECTOR('',#8257,1.);
#8257 = DIRECTION('',(-0.707106781187,-0.707106781187,0.));
#8258 = ORIENTED_EDGE('',*,*,#7877,.F.);
#8259 = B_SPLINE_SURFACE_WITH_KNOTS('',1,1,(
    (#8260,#8261)
    ,(#8262,#8263
    )),.UNSPECIFIED.,.F.,.F.,.F.,(2,2),(2,2),(0.,0.247487373415),(0.,1.)
  ,.PIECEWISE_BEZIER_KNOTS.);
#8260 = CARTESIAN_POINT('',(1.835171280765,-2.217585640382,0.1));
#8261 = CARTESIAN_POINT('',(1.95,-2.275,0.825));
#8262 = CARTESIAN_POINT('',(1.717585640382,-2.335171280765,0.1));
#8263 = CARTESIAN_POINT('',(1.775,-2.45,0.825));
#8264 = ADVANCED_FACE('',(#8265),#8289,.F.);
#8265 = FACE_BOUND('',#8266,.F.);
#8266 = EDGE_LOOP('',(#8267,#8275,#8276,#8283));
#8267 = ORIENTED_EDGE('',*,*,#8268,.F.);
#8268 = EDGE_CURVE('',#7885,#8269,#8271,.T.);
#8269 = VERTEX_POINT('',#8270);
#8270 = CARTESIAN_POINT('',(1.95,-2.11,1.025));
#8271 = LINE('',#8272,#8273);
#8272 = CARTESIAN_POINT('',(1.95,-2.11,0.778829828783));
#8273 = VECTOR('',#8274,1.);
#8274 = DIRECTION('',(0.,0.,1.));
#8275 = ORIENTED_EDGE('',*,*,#7884,.T.);
#8276 = ORIENTED_EDGE('',*,*,#8277,.T.);
#8277 = EDGE_CURVE('',#7878,#8278,#8280,.T.);
#8278 = VERTEX_POINT('',#8279);
#8279 = CARTESIAN_POINT('',(1.95,-2.275,1.025));
#8280 = B_SPLINE_CURVE_WITH_KNOTS('',1,(#8281,#8282),.UNSPECIFIED.,.F.,
  .F.,(2,2),(0.,1.),.PIECEWISE_BEZIER_KNOTS.);
#8281 = CARTESIAN_POINT('',(1.95,-2.275,0.825));
#8282 = CARTESIAN_POINT('',(1.95,-2.275,1.025));
#8283 = ORIENTED_EDGE('',*,*,#8284,.F.);
#8284 = EDGE_CURVE('',#8269,#8278,#8285,.T.);
#8285 = LINE('',#8286,#8287);
#8286 = CARTESIAN_POINT('',(1.95,2.275,1.025));
#8287 = VECTOR('',#8288,1.);
#8288 = DIRECTION('',(2.22044604925E-16,-1.,0.));
#8289 = PLANE('',#8290);
#8290 = AXIS2_PLACEMENT_3D('',#8291,#8292,#8293);
#8291 = CARTESIAN_POINT('',(1.95,2.275,1.025));
#8292 = DIRECTION('',(-1.,-2.22044604925E-16,0.));
#8293 = DIRECTION('',(2.22044604925E-16,-1.,0.));
#8294 = ADVANCED_FACE('',(#8295),#8320,.F.);
#8295 = FACE_BOUND('',#8296,.F.);
#8296 = EDGE_LOOP('',(#8297,#8305,#8306,#8314));
#8297 = ORIENTED_EDGE('',*,*,#8298,.F.);
#8298 = EDGE_CURVE('',#7893,#8299,#8301,.T.);
#8299 = VERTEX_POINT('',#8300);
#8300 = CARTESIAN_POINT('',(2.25,-1.7,0.825));
#8301 = LINE('',#8302,#8303);
#8302 = CARTESIAN_POINT('',(1.8,-1.7,0.825));
#8303 = VECTOR('',#8304,1.);
#8304 = DIRECTION('',(1.,2.22044604925E-16,0.));
#8305 = ORIENTED_EDGE('',*,*,#7892,.T.);
#8306 = ORIENTED_EDGE('',*,*,#8307,.T.);
#8307 = EDGE_CURVE('',#7885,#8308,#8310,.T.);
#8308 = VERTEX_POINT('',#8309);
#8309 = CARTESIAN_POINT('',(2.25,-2.11,0.825));
#8310 = LINE('',#8311,#8312);
#8311 = CARTESIAN_POINT('',(1.8,-2.11,0.825));
#8312 = VECTOR('',#8313,1.);
#8313 = DIRECTION('',(1.,2.22044604925E-16,0.));
#8314 = ORIENTED_EDGE('',*,*,#8315,.F.);
#8315 = EDGE_CURVE('',#8299,#8308,#8316,.T.);
#8316 = LINE('',#8317,#8318);
#8317 = CARTESIAN_POINT('',(2.25,-1.7,0.825));
#8318 = VECTOR('',#8319,1.);
#8319 = DIRECTION('',(2.22044604925E-16,-1.,0.));
#8320 = PLANE('',#8321);
#8321 = AXIS2_PLACEMENT_3D('',#8322,#8323,#8324);
#8322 = CARTESIAN_POINT('',(1.8,-1.7,0.825));
#8323 = DIRECTION('',(0.,0.,1.));
#8324 = DIRECTION('',(1.,2.22044604925E-16,-0.));
#8325 = ADVANCED_FACE('',(#8326),#8351,.F.);
#8326 = FACE_BOUND('',#8327,.F.);
#8327 = EDGE_LOOP('',(#8328,#8336,#8337,#8345));
#8328 = ORIENTED_EDGE('',*,*,#8329,.F.);
#8329 = EDGE_CURVE('',#7901,#8330,#8332,.T.);
#8330 = VERTEX_POINT('',#8331);
#8331 = CARTESIAN_POINT('',(1.95,-0.84,1.025));
#8332 = LINE('',#8333,#8334);
#8333 = CARTESIAN_POINT('',(1.95,-0.84,0.778829828783));
#8334 = VECTOR('',#8335,1.);
#8335 = DIRECTION('',(0.,0.,1.));
#8336 = ORIENTED_EDGE('',*,*,#7900,.T.);
#8337 = ORIENTED_EDGE('',*,*,#8338,.T.);
#8338 = EDGE_CURVE('',#7893,#8339,#8341,.T.);
#8339 = VERTEX_POINT('',#8340);
#8340 = CARTESIAN_POINT('',(1.95,-1.7,1.025));
#8341 = LINE('',#8342,#8343);
#8342 = CARTESIAN_POINT('',(1.95,-1.7,0.778829828783));
#8343 = VECTOR('',#8344,1.);
#8344 = DIRECTION('',(0.,0.,1.));
#8345 = ORIENTED_EDGE('',*,*,#8346,.F.);
#8346 = EDGE_CURVE('',#8330,#8339,#8347,.T.);
#8347 = LINE('',#8348,#8349);
#8348 = CARTESIAN_POINT('',(1.95,2.275,1.025));
#8349 = VECTOR('',#8350,1.);
#8350 = DIRECTION('',(2.22044604925E-16,-1.,0.));
#8351 = PLANE('',#8352);
#8352 = AXIS2_PLACEMENT_3D('',#8353,#8354,#8355);
#8353 = CARTESIAN_POINT('',(1.95,2.275,1.025));
#8354 = DIRECTION('',(-1.,-2.22044604925E-16,0.));
#8355 = DIRECTION('',(2.22044604925E-16,-1.,0.));
#8356 = ADVANCED_FACE('',(#8357),#8382,.F.);
#8357 = FACE_BOUND('',#8358,.F.);
#8358 = EDGE_LOOP('',(#8359,#8367,#8368,#8376));
#8359 = ORIENTED_EDGE('',*,*,#8360,.F.);
#8360 = EDGE_CURVE('',#7925,#8361,#8363,.T.);
#8361 = VERTEX_POINT('',#8362);
#8362 = CARTESIAN_POINT('',(2.25,0.84,0.825));
#8363 = LINE('',#8364,#8365);
#8364 = CARTESIAN_POINT('',(1.8,0.84,0.825));
#8365 = VECTOR('',#8366,1.);
#8366 = DIRECTION('',(1.,2.22044604925E-16,0.));
#8367 = ORIENTED_EDGE('',*,*,#7924,.T.);
#8368 = ORIENTED_EDGE('',*,*,#8369,.T.);
#8369 = EDGE_CURVE('',#7917,#8370,#8372,.T.);
#8370 = VERTEX_POINT('',#8371);
#8371 = CARTESIAN_POINT('',(2.25,0.43,0.825));
#8372 = LINE('',#8373,#8374);
#8373 = CARTESIAN_POINT('',(1.8,0.43,0.825));
#8374 = VECTOR('',#8375,1.);
#8375 = DIRECTION('',(1.,2.22044604925E-16,0.));
#8376 = ORIENTED_EDGE('',*,*,#8377,.F.);
#8377 = EDGE_CURVE('',#8361,#8370,#8378,.T.);
#8378 = LINE('',#8379,#8380);
#8379 = CARTESIAN_POINT('',(2.25,0.84,0.825));
#8380 = VECTOR('',#8381,1.);
#8381 = DIRECTION('',(2.22044604925E-16,-1.,0.));
#8382 = PLANE('',#8383);
#8383 = AXIS2_PLACEMENT_3D('',#8384,#8385,#8386);
#8384 = CARTESIAN_POINT('',(1.8,0.84,0.825));
#8385 = DIRECTION('',(0.,0.,1.));
#8386 = DIRECTION('',(1.,2.22044604925E-16,-0.));
#8387 = ADVANCED_FACE('',(#8388),#8413,.F.);
#8388 = FACE_BOUND('',#8389,.F.);
#8389 = EDGE_LOOP('',(#8390,#8398,#8399,#8407));
#8390 = ORIENTED_EDGE('',*,*,#8391,.F.);
#8391 = EDGE_CURVE('',#7909,#8392,#8394,.T.);
#8392 = VERTEX_POINT('',#8393);
#8393 = CARTESIAN_POINT('',(2.25,-0.43,0.825));
#8394 = LINE('',#8395,#8396);
#8395 = CARTESIAN_POINT('',(1.8,-0.43,0.825));
#8396 = VECTOR('',#8397,1.);
#8397 = DIRECTION('',(1.,2.22044604925E-16,0.));
#8398 = ORIENTED_EDGE('',*,*,#7908,.T.);
#8399 = ORIENTED_EDGE('',*,*,#8400,.T.);
#8400 = EDGE_CURVE('',#7901,#8401,#8403,.T.);
#8401 = VERTEX_POINT('',#8402);
#8402 = CARTESIAN_POINT('',(2.25,-0.84,0.825));
#8403 = LINE('',#8404,#8405);
#8404 = CARTESIAN_POINT('',(1.8,-0.84,0.825));
#8405 = VECTOR('',#8406,1.);
#8406 = DIRECTION('',(1.,2.22044604925E-16,0.));
#8407 = ORIENTED_EDGE('',*,*,#8408,.F.);
#8408 = EDGE_CURVE('',#8392,#8401,#8409,.T.);
#8409 = LINE('',#8410,#8411);
#8410 = CARTESIAN_POINT('',(2.25,-0.43,0.825));
#8411 = VECTOR('',#8412,1.);
#8412 = DIRECTION('',(2.22044604925E-16,-1.,0.));
#8413 = PLANE('',#8414);
#8414 = AXIS2_PLACEMENT_3D('',#8415,#8416,#8417);
#8415 = CARTESIAN_POINT('',(1.8,-0.43,0.825));
#8416 = DIRECTION('',(0.,0.,1.));
#8417 = DIRECTION('',(1.,2.22044604925E-16,-0.));
#8418 = ADVANCED_FACE('',(#8419),#8444,.F.);
#8419 = FACE_BOUND('',#8420,.F.);
#8420 = EDGE_LOOP('',(#8421,#8429,#8430,#8438));
#8421 = ORIENTED_EDGE('',*,*,#8422,.F.);
#8422 = EDGE_CURVE('',#7917,#8423,#8425,.T.);
#8423 = VERTEX_POINT('',#8424);
#8424 = CARTESIAN_POINT('',(1.95,0.43,1.025));
#8425 = LINE('',#8426,#8427);
#8426 = CARTESIAN_POINT('',(1.95,0.43,0.778829828783));
#8427 = VECTOR('',#8428,1.);
#8428 = DIRECTION('',(0.,0.,1.));
#8429 = ORIENTED_EDGE('',*,*,#7916,.T.);
#8430 = ORIENTED_EDGE('',*,*,#8431,.T.);
#8431 = EDGE_CURVE('',#7909,#8432,#8434,.T.);
#8432 = VERTEX_POINT('',#8433);
#8433 = CARTESIAN_POINT('',(1.95,-0.43,1.025));
#8434 = LINE('',#8435,#8436);
#8435 = CARTESIAN_POINT('',(1.95,-0.43,0.778829828783));
#8436 = VECTOR('',#8437,1.);
#8437 = DIRECTION('',(0.,0.,1.));
#8438 = ORIENTED_EDGE('',*,*,#8439,.F.);
#8439 = EDGE_CURVE('',#8423,#8432,#8440,.T.);
#8440 = LINE('',#8441,#8442);
#8441 = CARTESIAN_POINT('',(1.95,2.275,1.025));
#8442 = VECTOR('',#8443,1.);
#8443 = DIRECTION('',(2.22044604925E-16,-1.,0.));
#8444 = PLANE('',#8445);
#8445 = AXIS2_PLACEMENT_3D('',#8446,#8447,#8448);
#8446 = CARTESIAN_POINT('',(1.95,2.275,1.025));
#8447 = DIRECTION('',(-1.,-2.22044604925E-16,0.));
#8448 = DIRECTION('',(2.22044604925E-16,-1.,0.));
#8449 = ADVANCED_FACE('',(#8450),#8467,.F.);
#8450 = FACE_BOUND('',#8451,.F.);
#8451 = EDGE_LOOP('',(#8452,#8453,#8454,#8462));
#8452 = ORIENTED_EDGE('',*,*,#8224,.T.);
#8453 = ORIENTED_EDGE('',*,*,#7977,.T.);
#8454 = ORIENTED_EDGE('',*,*,#8455,.F.);
#8455 = EDGE_CURVE('',#8456,#7978,#8458,.T.);
#8456 = VERTEX_POINT('',#8457);
#8457 = CARTESIAN_POINT('',(1.775,2.45,1.025));
#8458 = LINE('',#8459,#8460);
#8459 = CARTESIAN_POINT('',(1.775,2.45,1.025));
#8460 = VECTOR('',#8461,1.);
#8461 = DIRECTION('',(0.707106781187,-0.707106781187,0.));
#8462 = ORIENTED_EDGE('',*,*,#8463,.F.);
#8463 = EDGE_CURVE('',#8225,#8456,#8464,.T.);
#8464 = B_SPLINE_CURVE_WITH_KNOTS('',1,(#8465,#8466),.UNSPECIFIED.,.F.,
  .F.,(2,2),(0.,1.),.PIECEWISE_BEZIER_KNOTS.);
#8465 = CARTESIAN_POINT('',(1.775,2.45,0.825));
#8466 = CARTESIAN_POINT('',(1.775,2.45,1.025));
#8467 = PLANE('',#8468);
#8468 = AXIS2_PLACEMENT_3D('',#8469,#8470,#8471);
#8469 = CARTESIAN_POINT('',(1.775,2.45,1.025));
#8470 = DIRECTION('',(-0.707106781187,-0.707106781187,0.));
#8471 = DIRECTION('',(0.707106781187,-0.707106781187,0.));
#8472 = ADVANCED_FACE('',(#8473),#8490,.F.);
#8473 = FACE_BOUND('',#8474,.F.);
#8474 = EDGE_LOOP('',(#8475,#8482,#8483,#8484));
#8475 = ORIENTED_EDGE('',*,*,#8476,.F.);
#8476 = EDGE_CURVE('',#7978,#8477,#8479,.T.);
#8477 = VERTEX_POINT('',#8478);
#8478 = CARTESIAN_POINT('',(1.875,2.2375,1.025));
#8479 = B_SPLINE_CURVE_WITH_KNOTS('',1,(#8480,#8481),.UNSPECIFIED.,.F.,
  .F.,(2,2),(0.,1.),.PIECEWISE_BEZIER_KNOTS.);
#8480 = CARTESIAN_POINT('',(1.95,2.275,1.025));
#8481 = CARTESIAN_POINT('',(1.875,2.2375,1.025));
#8482 = ORIENTED_EDGE('',*,*,#7986,.T.);
#8483 = ORIENTED_EDGE('',*,*,#8024,.T.);
#8484 = ORIENTED_EDGE('',*,*,#8485,.F.);
#8485 = EDGE_CURVE('',#8477,#8017,#8486,.T.);
#8486 = LINE('',#8487,#8488);
#8487 = CARTESIAN_POINT('',(1.875,2.2375,1.025));
#8488 = VECTOR('',#8489,1.);
#8489 = DIRECTION('',(2.22044604925E-16,-1.,0.));
#8490 = B_SPLINE_SURFACE_WITH_KNOTS('',1,1,(
    (#8491,#8492)
    ,(#8493,#8494
    )),.UNSPECIFIED.,.F.,.F.,.F.,(2,2),(2,2),(0.,4.55),(0.,1.),
  .PIECEWISE_BEZIER_KNOTS.);
#8491 = CARTESIAN_POINT('',(1.95,2.275,1.025));
#8492 = CARTESIAN_POINT('',(1.875,2.2375,1.025));
#8493 = CARTESIAN_POINT('',(1.95,-2.275,1.025));
#8494 = CARTESIAN_POINT('',(1.875,-2.2375,1.025));
#8495 = ADVANCED_FACE('',(#8496),#8576,.F.);
#8496 = FACE_BOUND('',#8497,.F.);
#8497 = EDGE_LOOP('',(#8498,#8499,#8500,#8508,#8516,#8524,#8532,#8540,
    #8548,#8556,#8563,#8571));
#8498 = ORIENTED_EDGE('',*,*,#8485,.T.);
#8499 = ORIENTED_EDGE('',*,*,#8016,.T.);
#8500 = ORIENTED_EDGE('',*,*,#8501,.T.);
#8501 = EDGE_CURVE('',#8009,#8502,#8504,.T.);
#8502 = VERTEX_POINT('',#8503);
#8503 = CARTESIAN_POINT('',(1.875,0.84,1.025));
#8504 = LINE('',#8505,#8506);
#8505 = CARTESIAN_POINT('',(1.875,2.2375,1.025));
#8506 = VECTOR('',#8507,1.);
#8507 = DIRECTION('',(2.22044604925E-16,-1.,0.));
#8508 = ORIENTED_EDGE('',*,*,#8509,.T.);
#8509 = EDGE_CURVE('',#8502,#8510,#8512,.T.);
#8510 = VERTEX_POINT('',#8511);
#8511 = CARTESIAN_POINT('',(1.875,0.43,1.025));
#8512 = LINE('',#8513,#8514);
#8513 = CARTESIAN_POINT('',(1.875,2.2375,1.025));
#8514 = VECTOR('',#8515,1.);
#8515 = DIRECTION('',(2.22044604925E-16,-1.,0.));
#8516 = ORIENTED_EDGE('',*,*,#8517,.T.);
#8517 = EDGE_CURVE('',#8510,#8518,#8520,.T.);
#8518 = VERTEX_POINT('',#8519);
#8519 = CARTESIAN_POINT('',(1.875,-0.43,1.025));
#8520 = LINE('',#8521,#8522);
#8521 = CARTESIAN_POINT('',(1.875,2.2375,1.025));
#8522 = VECTOR('',#8523,1.);
#8523 = DIRECTION('',(2.22044604925E-16,-1.,0.));
#8524 = ORIENTED_EDGE('',*,*,#8525,.T.);
#8525 = EDGE_CURVE('',#8518,#8526,#8528,.T.);
#8526 = VERTEX_POINT('',#8527);
#8527 = CARTESIAN_POINT('',(1.875,-0.84,1.025));
#8528 = LINE('',#8529,#8530);
#8529 = CARTESIAN_POINT('',(1.875,2.2375,1.025));
#8530 = VECTOR('',#8531,1.);
#8531 = DIRECTION('',(2.22044604925E-16,-1.,0.));
#8532 = ORIENTED_EDGE('',*,*,#8533,.T.);
#8533 = EDGE_CURVE('',#8526,#8534,#8536,.T.);
#8534 = VERTEX_POINT('',#8535);
#8535 = CARTESIAN_POINT('',(1.875,-1.7,1.025));
#8536 = LINE('',#8537,#8538);
#8537 = CARTESIAN_POINT('',(1.875,2.2375,1.025));
#8538 = VECTOR('',#8539,1.);
#8539 = DIRECTION('',(2.22044604925E-16,-1.,0.));
#8540 = ORIENTED_EDGE('',*,*,#8541,.T.);
#8541 = EDGE_CURVE('',#8534,#8542,#8544,.T.);
#8542 = VERTEX_POINT('',#8543);
#8543 = CARTESIAN_POINT('',(1.875,-2.11,1.025));
#8544 = LINE('',#8545,#8546);
#8545 = CARTESIAN_POINT('',(1.875,2.2375,1.025));
#8546 = VECTOR('',#8547,1.);
#8547 = DIRECTION('',(2.22044604925E-16,-1.,0.));
#8548 = ORIENTED_EDGE('',*,*,#8549,.T.);
#8549 = EDGE_CURVE('',#8542,#8550,#8552,.T.);
#8550 = VERTEX_POINT('',#8551);
#8551 = CARTESIAN_POINT('',(1.875,-2.2375,1.025));
#8552 = LINE('',#8553,#8554);
#8553 = CARTESIAN_POINT('',(1.875,2.2375,1.025));
#8554 = VECTOR('',#8555,1.);
#8555 = DIRECTION('',(2.22044604925E-16,-1.,0.));
#8556 = ORIENTED_EDGE('',*,*,#8557,.T.);
#8557 = EDGE_CURVE('',#8550,#8558,#8560,.T.);
#8558 = VERTEX_POINT('',#8559);
#8559 = CARTESIAN_POINT('',(1.760171280765,-2.180085640382,1.75));
#8560 = B_SPLINE_CURVE_WITH_KNOTS('',1,(#8561,#8562),.UNSPECIFIED.,.F.,
  .F.,(2,2),(0.,1.),.PIECEWISE_BEZIER_KNOTS.);
#8561 = CARTESIAN_POINT('',(1.875,-2.2375,1.025));
#8562 = CARTESIAN_POINT('',(1.760171280765,-2.180085640382,1.75));
#8563 = ORIENTED_EDGE('',*,*,#8564,.F.);
#8564 = EDGE_CURVE('',#8565,#8558,#8567,.T.);
#8565 = VERTEX_POINT('',#8566);
#8566 = CARTESIAN_POINT('',(1.760171280765,2.180085640382,1.75));
#8567 = LINE('',#8568,#8569);
#8568 = CARTESIAN_POINT('',(1.760171280765,2.180085640382,1.75));
#8569 = VECTOR('',#8570,1.);
#8570 = DIRECTION('',(2.22044604925E-16,-1.,0.));
#8571 = ORIENTED_EDGE('',*,*,#8572,.F.);
#8572 = EDGE_CURVE('',#8477,#8565,#8573,.T.);
#8573 = B_SPLINE_CURVE_WITH_KNOTS('',1,(#8574,#8575),.UNSPECIFIED.,.F.,
  .F.,(2,2),(0.,1.),.PIECEWISE_BEZIER_KNOTS.);
#8574 = CARTESIAN_POINT('',(1.875,2.2375,1.025));
#8575 = CARTESIAN_POINT('',(1.760171280765,2.180085640382,1.75));
#8576 = B_SPLINE_SURFACE_WITH_KNOTS('',1,1,(
    (#8577,#8578)
    ,(#8579,#8580
    )),.UNSPECIFIED.,.F.,.F.,.F.,(2,2),(2,2),(0.,4.475),(0.,1.),
  .PIECEWISE_BEZIER_KNOTS.);
#8577 = CARTESIAN_POINT('',(1.875,2.2375,1.025));
#8578 = CARTESIAN_POINT('',(1.760171280765,2.180085640382,1.75));
#8579 = CARTESIAN_POINT('',(1.875,-2.2375,1.025));
#8580 = CARTESIAN_POINT('',(1.760171280765,-2.180085640382,1.75));
#8581 = ADVANCED_FACE('',(#8582),#8593,.F.);
#8582 = FACE_BOUND('',#8583,.F.);
#8583 = EDGE_LOOP('',(#8584,#8585,#8586,#8592));
#8584 = ORIENTED_EDGE('',*,*,#8008,.F.);
#8585 = ORIENTED_EDGE('',*,*,#8145,.T.);
#8586 = ORIENTED_EDGE('',*,*,#8587,.T.);
#8587 = EDGE_CURVE('',#8138,#8502,#8588,.T.);
#8588 = LINE('',#8589,#8590);
#8589 = CARTESIAN_POINT('',(2.25,0.84,1.025));
#8590 = VECTOR('',#8591,1.);
#8591 = DIRECTION('',(-1.,-2.22044604925E-16,0.));
#8592 = ORIENTED_EDGE('',*,*,#8501,.F.);
#8593 = B_SPLINE_SURFACE_WITH_KNOTS('',1,1,(
    (#8594,#8595)
    ,(#8596,#8597
    )),.UNSPECIFIED.,.F.,.F.,.F.,(2,2),(2,2),(0.,4.55),(0.,1.),
  .PIECEWISE_BEZIER_KNOTS.);
#8594 = CARTESIAN_POINT('',(1.95,2.275,1.025));
#8595 = CARTESIAN_POINT('',(1.875,2.2375,1.025));
#8596 = CARTESIAN_POINT('',(1.95,-2.275,1.025));
#8597 = CARTESIAN_POINT('',(1.875,-2.2375,1.025));
#8598 = ADVANCED_FACE('',(#8599),#8685,.F.);
#8599 = FACE_BOUND('',#8600,.F.);
#8600 = EDGE_LOOP('',(#8601,#8602,#8603,#8612,#8620,#8629,#8637,#8645,
    #8653,#8662,#8670,#8679));
#8601 = ORIENTED_EDGE('',*,*,#8137,.F.);
#8602 = ORIENTED_EDGE('',*,*,#8360,.T.);
#8603 = ORIENTED_EDGE('',*,*,#8604,.T.);
#8604 = EDGE_CURVE('',#8361,#8605,#8607,.T.);
#8605 = VERTEX_POINT('',#8606);
#8606 = CARTESIAN_POINT('',(2.35,0.84,0.725));
#8607 = CIRCLE('',#8608,0.1);
#8608 = AXIS2_PLACEMENT_3D('',#8609,#8610,#8611);
#8609 = CARTESIAN_POINT('',(2.25,0.84,0.725));
#8610 = DIRECTION('',(-2.22044604925E-16,1.,0.));
#8611 = DIRECTION('',(4.440892098501E-15,9.860761315262E-31,1.));
#8612 = ORIENTED_EDGE('',*,*,#8613,.T.);
#8613 = EDGE_CURVE('',#8605,#8614,#8616,.T.);
#8614 = VERTEX_POINT('',#8615);
#8615 = CARTESIAN_POINT('',(2.35,0.84,0.3));
#8616 = LINE('',#8617,#8618);
#8617 = CARTESIAN_POINT('',(2.35,0.84,0.725));
#8618 = VECTOR('',#8619,1.);
#8619 = DIRECTION('',(1.044915787883E-15,2.320179133003E-31,-1.));
#8620 = ORIENTED_EDGE('',*,*,#8621,.T.);
#8621 = EDGE_CURVE('',#8614,#8622,#8624,.T.);
#8622 = VERTEX_POINT('',#8623);
#8623 = CARTESIAN_POINT('',(2.65,0.84,5.551115123126E-17));
#8624 = CIRCLE('',#8625,0.3);
#8625 = AXIS2_PLACEMENT_3D('',#8626,#8627,#8628);
#8626 = CARTESIAN_POINT('',(2.65,0.84,0.3));
#8627 = DIRECTION('',(2.22044604925E-16,-1.,0.));
#8628 = DIRECTION('',(-1.,-2.22044604925E-16,3.515706244646E-15));
#8629 = ORIENTED_EDGE('',*,*,#8630,.T.);
#8630 = EDGE_CURVE('',#8622,#8631,#8633,.T.);
#8631 = VERTEX_POINT('',#8632);
#8632 = CARTESIAN_POINT('',(3.,0.84,5.551115123126E-17));
#8633 = LINE('',#8634,#8635);
#8634 = CARTESIAN_POINT('',(2.65,0.84,5.551115123126E-17));
#8635 = VECTOR('',#8636,1.);
#8636 = DIRECTION('',(1.,2.22044604925E-16,0.));
#8637 = ORIENTED_EDGE('',*,*,#8638,.T.);
#8638 = EDGE_CURVE('',#8631,#8639,#8641,.T.);
#8639 = VERTEX_POINT('',#8640);
#8640 = CARTESIAN_POINT('',(3.,0.84,0.2));
#8641 = LINE('',#8642,#8643);
#8642 = CARTESIAN_POINT('',(3.,0.84,5.551115123126E-17));
#8643 = VECTOR('',#8644,1.);
#8644 = DIRECTION('',(0.,0.,1.));
#8645 = ORIENTED_EDGE('',*,*,#8646,.T.);
#8646 = EDGE_CURVE('',#8639,#8647,#8649,.T.);
#8647 = VERTEX_POINT('',#8648);
#8648 = CARTESIAN_POINT('',(2.65,0.84,0.2));
#8649 = LINE('',#8650,#8651);
#8650 = CARTESIAN_POINT('',(3.,0.84,0.2));
#8651 = VECTOR('',#8652,1.);
#8652 = DIRECTION('',(-1.,-2.22044604925E-16,0.));
#8653 = ORIENTED_EDGE('',*,*,#8654,.T.);
#8654 = EDGE_CURVE('',#8647,#8655,#8657,.T.);
#8655 = VERTEX_POINT('',#8656);
#8656 = CARTESIAN_POINT('',(2.55,0.84,0.3));
#8657 = CIRCLE('',#8658,0.1);
#8658 = AXIS2_PLACEMENT_3D('',#8659,#8660,#8661);
#8659 = CARTESIAN_POINT('',(2.65,0.84,0.3));
#8660 = DIRECTION('',(-2.22044604925E-16,1.,0.));
#8661 = DIRECTION('',(0.,0.,-1.));
#8662 = ORIENTED_EDGE('',*,*,#8663,.T.);
#8663 = EDGE_CURVE('',#8655,#8664,#8666,.T.);
#8664 = VERTEX_POINT('',#8665);
#8665 = CARTESIAN_POINT('',(2.55,0.84,0.725));
#8666 = LINE('',#8667,#8668);
#8667 = CARTESIAN_POINT('',(2.55,0.84,0.3));
#8668 = VECTOR('',#8669,1.);
#8669 = DIRECTION('',(0.,0.,1.));
#8670 = ORIENTED_EDGE('',*,*,#8671,.T.);
#8671 = EDGE_CURVE('',#8664,#8672,#8674,.T.);
#8672 = VERTEX_POINT('',#8673);
#8673 = CARTESIAN_POINT('',(2.25,0.84,1.025));
#8674 = CIRCLE('',#8675,0.3);
#8675 = AXIS2_PLACEMENT_3D('',#8676,#8677,#8678);
#8676 = CARTESIAN_POINT('',(2.25,0.84,0.725));
#8677 = DIRECTION('',(2.22044604925E-16,-1.,0.));
#8678 = DIRECTION('',(1.,2.22044604925E-16,3.700743415417E-16));
#8679 = ORIENTED_EDGE('',*,*,#8680,.T.);
#8680 = EDGE_CURVE('',#8672,#8138,#8681,.T.);
#8681 = LINE('',#8682,#8683);
#8682 = CARTESIAN_POINT('',(2.25,0.84,1.025));
#8683 = VECTOR('',#8684,1.);
#8684 = DIRECTION('',(-1.,-2.22044604925E-16,0.));
#8685 = PLANE('',#8686);
#8686 = AXIS2_PLACEMENT_3D('',#8687,#8688,#8689);
#8687 = CARTESIAN_POINT('',(2.41578967201,0.84,0.532659657565));
#8688 = DIRECTION('',(2.22044604925E-16,-1.,0.));
#8689 = DIRECTION('',(0.,0.,1.));
#8690 = ADVANCED_FACE('',(#8691),#8708,.F.);
#8691 = FACE_BOUND('',#8692,.F.);
#8692 = EDGE_LOOP('',(#8693,#8694,#8695,#8703));
#8693 = ORIENTED_EDGE('',*,*,#8159,.T.);
#8694 = ORIENTED_EDGE('',*,*,#8232,.T.);
#8695 = ORIENTED_EDGE('',*,*,#8696,.F.);
#8696 = EDGE_CURVE('',#8697,#8225,#8699,.T.);
#8697 = VERTEX_POINT('',#8698);
#8698 = CARTESIAN_POINT('',(-1.775,2.45,0.825));
#8699 = LINE('',#8700,#8701);
#8700 = CARTESIAN_POINT('',(-1.775,2.45,0.825));
#8701 = VECTOR('',#8702,1.);
#8702 = DIRECTION('',(1.,2.22044604925E-16,0.));
#8703 = ORIENTED_EDGE('',*,*,#8704,.F.);
#8704 = EDGE_CURVE('',#8160,#8697,#8705,.T.);
#8705 = B_SPLINE_CURVE_WITH_KNOTS('',1,(#8706,#8707),.UNSPECIFIED.,.F.,
  .F.,(2,2),(0.,1.),.PIECEWISE_BEZIER_KNOTS.);
#8706 = CARTESIAN_POINT('',(-1.717585640382,2.335171280765,0.1));
#8707 = CARTESIAN_POINT('',(-1.775,2.45,0.825));
#8708 = B_SPLINE_SURFACE_WITH_KNOTS('',1,1,(
    (#8709,#8710)
    ,(#8711,#8712
    )),.UNSPECIFIED.,.F.,.F.,.F.,(2,2),(2,2),(0.,3.55),(0.,1.),
  .PIECEWISE_BEZIER_KNOTS.);
#8709 = CARTESIAN_POINT('',(-1.717585640382,2.335171280765,0.1));
#8710 = CARTESIAN_POINT('',(-1.775,2.45,0.825));
#8711 = CARTESIAN_POINT('',(1.717585640382,2.335171280765,0.1));
#8712 = CARTESIAN_POINT('',(1.775,2.45,0.825));
#8713 = ADVANCED_FACE('',(#8714),#8731,.F.);
#8714 = FACE_BOUND('',#8715,.F.);
#8715 = EDGE_LOOP('',(#8716,#8717,#8724,#8730));
#8716 = ORIENTED_EDGE('',*,*,#8184,.T.);
#8717 = ORIENTED_EDGE('',*,*,#8718,.T.);
#8718 = EDGE_CURVE('',#8185,#8719,#8721,.T.);
#8719 = VERTEX_POINT('',#8720);
#8720 = CARTESIAN_POINT('',(-1.775,-2.45,0.825));
#8721 = B_SPLINE_CURVE_WITH_KNOTS('',1,(#8722,#8723),.UNSPECIFIED.,.F.,
  .F.,(2,2),(0.,1.),.PIECEWISE_BEZIER_KNOTS.);
#8722 = CARTESIAN_POINT('',(-1.717585640382,-2.335171280765,0.1));
#8723 = CARTESIAN_POINT('',(-1.775,-2.45,0.825));
#8724 = ORIENTED_EDGE('',*,*,#8725,.F.);
#8725 = EDGE_CURVE('',#8247,#8719,#8726,.T.);
#8726 = LINE('',#8727,#8728);
#8727 = CARTESIAN_POINT('',(1.775,-2.45,0.825));
#8728 = VECTOR('',#8729,1.);
#8729 = DIRECTION('',(-1.,-2.22044604925E-16,0.));
#8730 = ORIENTED_EDGE('',*,*,#8246,.F.);
#8731 = B_SPLINE_SURFACE_WITH_KNOTS('',1,1,(
    (#8732,#8733)
    ,(#8734,#8735
    )),.UNSPECIFIED.,.F.,.F.,.F.,(2,2),(2,2),(0.,3.55),(0.,1.),
  .PIECEWISE_BEZIER_KNOTS.);
#8732 = CARTESIAN_POINT('',(1.717585640382,-2.335171280765,0.1));
#8733 = CARTESIAN_POINT('',(1.775,-2.45,0.825));
#8734 = CARTESIAN_POINT('',(-1.717585640382,-2.335171280765,0.1));
#8735 = CARTESIAN_POINT('',(-1.775,-2.45,0.825));
#8736 = ADVANCED_FACE('',(#8737),#8754,.F.);
#8737 = FACE_BOUND('',#8738,.F.);
#8738 = EDGE_LOOP('',(#8739,#8740,#8747,#8753));
#8739 = ORIENTED_EDGE('',*,*,#8192,.T.);
#8740 = ORIENTED_EDGE('',*,*,#8741,.T.);
#8741 = EDGE_CURVE('',#8193,#8742,#8744,.T.);
#8742 = VERTEX_POINT('',#8743);
#8743 = CARTESIAN_POINT('',(-1.95,-2.275,0.825));
#8744 = B_SPLINE_CURVE_WITH_KNOTS('',1,(#8745,#8746),.UNSPECIFIED.,.F.,
  .F.,(2,2),(0.,1.),.PIECEWISE_BEZIER_KNOTS.);
#8745 = CARTESIAN_POINT('',(-1.835171280765,-2.217585640382,0.1));
#8746 = CARTESIAN_POINT('',(-1.95,-2.275,0.825));
#8747 = ORIENTED_EDGE('',*,*,#8748,.F.);
#8748 = EDGE_CURVE('',#8719,#8742,#8749,.T.);
#8749 = LINE('',#8750,#8751);
#8750 = CARTESIAN_POINT('',(-1.775,-2.45,0.825));
#8751 = VECTOR('',#8752,1.);
#8752 = DIRECTION('',(-0.707106781187,0.707106781187,0.));
#8753 = ORIENTED_EDGE('',*,*,#8718,.F.);
#8754 = B_SPLINE_SURFACE_WITH_KNOTS('',1,1,(
    (#8755,#8756)
    ,(#8757,#8758
    )),.UNSPECIFIED.,.F.,.F.,.F.,(2,2),(2,2),(0.,0.247487373415),(0.,1.)
  ,.PIECEWISE_BEZIER_KNOTS.);
#8755 = CARTESIAN_POINT('',(-1.717585640382,-2.335171280765,0.1));
#8756 = CARTESIAN_POINT('',(-1.775,-2.45,0.825));
#8757 = CARTESIAN_POINT('',(-1.835171280765,-2.217585640382,0.1));
#8758 = CARTESIAN_POINT('',(-1.95,-2.275,0.825));
#8759 = ADVANCED_FACE('',(#8760),#8841,.F.);
#8760 = FACE_BOUND('',#8761,.F.);
#8761 = EDGE_LOOP('',(#8762,#8763,#8770,#8778,#8786,#8794,#8802,#8810,
    #8818,#8826,#8834,#8840));
#8762 = ORIENTED_EDGE('',*,*,#8200,.T.);
#8763 = ORIENTED_EDGE('',*,*,#8764,.T.);
#8764 = EDGE_CURVE('',#8201,#8765,#8767,.T.);
#8765 = VERTEX_POINT('',#8766);
#8766 = CARTESIAN_POINT('',(-1.95,2.275,0.825));
#8767 = B_SPLINE_CURVE_WITH_KNOTS('',1,(#8768,#8769),.UNSPECIFIED.,.F.,
  .F.,(2,2),(0.,1.),.PIECEWISE_BEZIER_KNOTS.);
#8768 = CARTESIAN_POINT('',(-1.835171280765,2.217585640382,0.1));
#8769 = CARTESIAN_POINT('',(-1.95,2.275,0.825));
#8770 = ORIENTED_EDGE('',*,*,#8771,.F.);
#8771 = EDGE_CURVE('',#8772,#8765,#8774,.T.);
#8772 = VERTEX_POINT('',#8773);
#8773 = CARTESIAN_POINT('',(-1.95,2.11,0.825));
#8774 = LINE('',#8775,#8776);
#8775 = CARTESIAN_POINT('',(-1.95,-2.275,0.825));
#8776 = VECTOR('',#8777,1.);
#8777 = DIRECTION('',(-2.22044604925E-16,1.,0.));
#8778 = ORIENTED_EDGE('',*,*,#8779,.F.);
#8779 = EDGE_CURVE('',#8780,#8772,#8782,.T.);
#8780 = VERTEX_POINT('',#8781);
#8781 = CARTESIAN_POINT('',(-1.95,1.7,0.825));
#8782 = LINE('',#8783,#8784);
#8783 = CARTESIAN_POINT('',(-1.95,-2.275,0.825));
#8784 = VECTOR('',#8785,1.);
#8785 = DIRECTION('',(-2.22044604925E-16,1.,0.));
#8786 = ORIENTED_EDGE('',*,*,#8787,.F.);
#8787 = EDGE_CURVE('',#8788,#8780,#8790,.T.);
#8788 = VERTEX_POINT('',#8789);
#8789 = CARTESIAN_POINT('',(-1.95,0.84,0.825));
#8790 = LINE('',#8791,#8792);
#8791 = CARTESIAN_POINT('',(-1.95,-2.275,0.825));
#8792 = VECTOR('',#8793,1.);
#8793 = DIRECTION('',(-2.22044604925E-16,1.,0.));
#8794 = ORIENTED_EDGE('',*,*,#8795,.F.);
#8795 = EDGE_CURVE('',#8796,#8788,#8798,.T.);
#8796 = VERTEX_POINT('',#8797);
#8797 = CARTESIAN_POINT('',(-1.95,0.43,0.825));
#8798 = LINE('',#8799,#8800);
#8799 = CARTESIAN_POINT('',(-1.95,-2.275,0.825));
#8800 = VECTOR('',#8801,1.);
#8801 = DIRECTION('',(-2.22044604925E-16,1.,0.));
#8802 = ORIENTED_EDGE('',*,*,#8803,.F.);
#8803 = EDGE_CURVE('',#8804,#8796,#8806,.T.);
#8804 = VERTEX_POINT('',#8805);
#8805 = CARTESIAN_POINT('',(-1.95,-0.43,0.825));
#8806 = LINE('',#8807,#8808);
#8807 = CARTESIAN_POINT('',(-1.95,-2.275,0.825));
#8808 = VECTOR('',#8809,1.);
#8809 = DIRECTION('',(-2.22044604925E-16,1.,0.));
#8810 = ORIENTED_EDGE('',*,*,#8811,.F.);
#8811 = EDGE_CURVE('',#8812,#8804,#8814,.T.);
#8812 = VERTEX_POINT('',#8813);
#8813 = CARTESIAN_POINT('',(-1.95,-0.84,0.825));
#8814 = LINE('',#8815,#8816);
#8815 = CARTESIAN_POINT('',(-1.95,-2.275,0.825));
#8816 = VECTOR('',#8817,1.);
#8817 = DIRECTION('',(-2.22044604925E-16,1.,0.));
#8818 = ORIENTED_EDGE('',*,*,#8819,.F.);
#8819 = EDGE_CURVE('',#8820,#8812,#8822,.T.);
#8820 = VERTEX_POINT('',#8821);
#8821 = CARTESIAN_POINT('',(-1.95,-1.7,0.825));
#8822 = LINE('',#8823,#8824);
#8823 = CARTESIAN_POINT('',(-1.95,-2.275,0.825));
#8824 = VECTOR('',#8825,1.);
#8825 = DIRECTION('',(-2.22044604925E-16,1.,0.));
#8826 = ORIENTED_EDGE('',*,*,#8827,.F.);
#8827 = EDGE_CURVE('',#8828,#8820,#8830,.T.);
#8828 = VERTEX_POINT('',#8829);
#8829 = CARTESIAN_POINT('',(-1.95,-2.11,0.825));
#8830 = LINE('',#8831,#8832);
#8831 = CARTESIAN_POINT('',(-1.95,-2.275,0.825));
#8832 = VECTOR('',#8833,1.);
#8833 = DIRECTION('',(-2.22044604925E-16,1.,0.));
#8834 = ORIENTED_EDGE('',*,*,#8835,.F.);
#8835 = EDGE_CURVE('',#8742,#8828,#8836,.T.);
#8836 = LINE('',#8837,#8838);
#8837 = CARTESIAN_POINT('',(-1.95,-2.275,0.825));
#8838 = VECTOR('',#8839,1.);
#8839 = DIRECTION('',(-2.22044604925E-16,1.,0.));
#8840 = ORIENTED_EDGE('',*,*,#8741,.F.);
#8841 = B_SPLINE_SURFACE_WITH_KNOTS('',1,1,(
    (#8842,#8843)
    ,(#8844,#8845
    )),.UNSPECIFIED.,.F.,.F.,.F.,(2,2),(2,2),(0.,4.55),(0.,1.),
  .PIECEWISE_BEZIER_KNOTS.);
#8842 = CARTESIAN_POINT('',(-1.835171280765,-2.217585640382,0.1));
#8843 = CARTESIAN_POINT('',(-1.95,-2.275,0.825));
#8844 = CARTESIAN_POINT('',(-1.835171280765,2.217585640382,0.1));
#8845 = CARTESIAN_POINT('',(-1.95,2.275,0.825));
#8846 = ADVANCED_FACE('',(#8847),#8858,.F.);
#8847 = FACE_BOUND('',#8848,.F.);
#8848 = EDGE_LOOP('',(#8849,#8850,#8851,#8857));
#8849 = ORIENTED_EDGE('',*,*,#8208,.T.);
#8850 = ORIENTED_EDGE('',*,*,#8704,.T.);
#8851 = ORIENTED_EDGE('',*,*,#8852,.F.);
#8852 = EDGE_CURVE('',#8765,#8697,#8853,.T.);
#8853 = LINE('',#8854,#8855);
#8854 = CARTESIAN_POINT('',(-1.95,2.275,0.825));
#8855 = VECTOR('',#8856,1.);
#8856 = DIRECTION('',(0.707106781187,0.707106781187,0.));
#8857 = ORIENTED_EDGE('',*,*,#8764,.F.);
#8858 = B_SPLINE_SURFACE_WITH_KNOTS('',1,1,(
    (#8859,#8860)
    ,(#8861,#8862
    )),.UNSPECIFIED.,.F.,.F.,.F.,(2,2),(2,2),(0.,0.247487373415),(0.,1.)
  ,.PIECEWISE_BEZIER_KNOTS.);
#8859 = CARTESIAN_POINT('',(-1.835171280765,2.217585640382,0.1));
#8860 = CARTESIAN_POINT('',(-1.95,2.275,0.825));
#8861 = CARTESIAN_POINT('',(-1.717585640382,2.335171280765,0.1));
#8862 = CARTESIAN_POINT('',(-1.775,2.45,0.825));
#8863 = ADVANCED_FACE('',(#8864),#8881,.F.);
#8864 = FACE_BOUND('',#8865,.F.);
#8865 = EDGE_LOOP('',(#8866,#8867,#8874,#8880));
#8866 = ORIENTED_EDGE('',*,*,#8253,.T.);
#8867 = ORIENTED_EDGE('',*,*,#8868,.T.);
#8868 = EDGE_CURVE('',#8247,#8869,#8871,.T.);
#8869 = VERTEX_POINT('',#8870);
#8870 = CARTESIAN_POINT('',(1.775,-2.45,1.025));
#8871 = B_SPLINE_CURVE_WITH_KNOTS('',1,(#8872,#8873),.UNSPECIFIED.,.F.,
  .F.,(2,2),(0.,1.),.PIECEWISE_BEZIER_KNOTS.);
#8872 = CARTESIAN_POINT('',(1.775,-2.45,0.825));
#8873 = CARTESIAN_POINT('',(1.775,-2.45,1.025));
#8874 = ORIENTED_EDGE('',*,*,#8875,.F.);
#8875 = EDGE_CURVE('',#8278,#8869,#8876,.T.);
#8876 = LINE('',#8877,#8878);
#8877 = CARTESIAN_POINT('',(1.95,-2.275,1.025));
#8878 = VECTOR('',#8879,1.);
#8879 = DIRECTION('',(-0.707106781187,-0.707106781187,0.));
#8880 = ORIENTED_EDGE('',*,*,#8277,.F.);
#8881 = PLANE('',#8882);
#8882 = AXIS2_PLACEMENT_3D('',#8883,#8884,#8885);
#8883 = CARTESIAN_POINT('',(1.95,-2.275,1.025));
#8884 = DIRECTION('',(-0.707106781187,0.707106781187,0.));
#8885 = DIRECTION('',(-0.707106781187,-0.707106781187,0.));
#8886 = ADVANCED_FACE('',(#8887),#8973,.T.);
#8887 = FACE_BOUND('',#8888,.T.);
#8888 = EDGE_LOOP('',(#8889,#8890,#8891,#8900,#8908,#8917,#8925,#8933,
    #8941,#8950,#8958,#8967));
#8889 = ORIENTED_EDGE('',*,*,#8268,.F.);
#8890 = ORIENTED_EDGE('',*,*,#8307,.T.);
#8891 = ORIENTED_EDGE('',*,*,#8892,.T.);
#8892 = EDGE_CURVE('',#8308,#8893,#8895,.T.);
#8893 = VERTEX_POINT('',#8894);
#8894 = CARTESIAN_POINT('',(2.35,-2.11,0.725));
#8895 = CIRCLE('',#8896,0.1);
#8896 = AXIS2_PLACEMENT_3D('',#8897,#8898,#8899);
#8897 = CARTESIAN_POINT('',(2.25,-2.11,0.725));
#8898 = DIRECTION('',(-2.22044604925E-16,1.,0.));
#8899 = DIRECTION('',(4.440892098501E-15,9.860761315262E-31,1.));
#8900 = ORIENTED_EDGE('',*,*,#8901,.T.);
#8901 = EDGE_CURVE('',#8893,#8902,#8904,.T.);
#8902 = VERTEX_POINT('',#8903);
#8903 = CARTESIAN_POINT('',(2.35,-2.11,0.3));
#8904 = LINE('',#8905,#8906);
#8905 = CARTESIAN_POINT('',(2.35,-2.11,0.725));
#8906 = VECTOR('',#8907,1.);
#8907 = DIRECTION('',(1.044915787883E-15,2.320179133003E-31,-1.));
#8908 = ORIENTED_EDGE('',*,*,#8909,.T.);
#8909 = EDGE_CURVE('',#8902,#8910,#8912,.T.);
#8910 = VERTEX_POINT('',#8911);
#8911 = CARTESIAN_POINT('',(2.65,-2.11,5.551115123126E-17));
#8912 = CIRCLE('',#8913,0.3);
#8913 = AXIS2_PLACEMENT_3D('',#8914,#8915,#8916);
#8914 = CARTESIAN_POINT('',(2.65,-2.11,0.3));
#8915 = DIRECTION('',(2.22044604925E-16,-1.,0.));
#8916 = DIRECTION('',(-1.,-2.22044604925E-16,3.515706244646E-15));
#8917 = ORIENTED_EDGE('',*,*,#8918,.T.);
#8918 = EDGE_CURVE('',#8910,#8919,#8921,.T.);
#8919 = VERTEX_POINT('',#8920);
#8920 = CARTESIAN_POINT('',(3.,-2.11,5.551115123126E-17));
#8921 = LINE('',#8922,#8923);
#8922 = CARTESIAN_POINT('',(2.65,-2.11,5.551115123126E-17));
#8923 = VECTOR('',#8924,1.);
#8924 = DIRECTION('',(1.,2.22044604925E-16,0.));
#8925 = ORIENTED_EDGE('',*,*,#8926,.T.);
#8926 = EDGE_CURVE('',#8919,#8927,#8929,.T.);
#8927 = VERTEX_POINT('',#8928);
#8928 = CARTESIAN_POINT('',(3.,-2.11,0.2));
#8929 = LINE('',#8930,#8931);
#8930 = CARTESIAN_POINT('',(3.,-2.11,5.551115123126E-17));
#8931 = VECTOR('',#8932,1.);
#8932 = DIRECTION('',(0.,0.,1.));
#8933 = ORIENTED_EDGE('',*,*,#8934,.T.);
#8934 = EDGE_CURVE('',#8927,#8935,#8937,.T.);
#8935 = VERTEX_POINT('',#8936);
#8936 = CARTESIAN_POINT('',(2.65,-2.11,0.2));
#8937 = LINE('',#8938,#8939);
#8938 = CARTESIAN_POINT('',(3.,-2.11,0.2));
#8939 = VECTOR('',#8940,1.);
#8940 = DIRECTION('',(-1.,-2.22044604925E-16,0.));
#8941 = ORIENTED_EDGE('',*,*,#8942,.T.);
#8942 = EDGE_CURVE('',#8935,#8943,#8945,.T.);
#8943 = VERTEX_POINT('',#8944);
#8944 = CARTESIAN_POINT('',(2.55,-2.11,0.3));
#8945 = CIRCLE('',#8946,0.1);
#8946 = AXIS2_PLACEMENT_3D('',#8947,#8948,#8949);
#8947 = CARTESIAN_POINT('',(2.65,-2.11,0.3));
#8948 = DIRECTION('',(-2.22044604925E-16,1.,0.));
#8949 = DIRECTION('',(0.,0.,-1.));
#8950 = ORIENTED_EDGE('',*,*,#8951,.T.);
#8951 = EDGE_CURVE('',#8943,#8952,#8954,.T.);
#8952 = VERTEX_POINT('',#8953);
#8953 = CARTESIAN_POINT('',(2.55,-2.11,0.725));
#8954 = LINE('',#8955,#8956);
#8955 = CARTESIAN_POINT('',(2.55,-2.11,0.3));
#8956 = VECTOR('',#8957,1.);
#8957 = DIRECTION('',(0.,0.,1.));
#8958 = ORIENTED_EDGE('',*,*,#8959,.T.);
#8959 = EDGE_CURVE('',#8952,#8960,#8962,.T.);
#8960 = VERTEX_POINT('',#8961);
#8961 = CARTESIAN_POINT('',(2.25,-2.11,1.025));
#8962 = CIRCLE('',#8963,0.3);
#8963 = AXIS2_PLACEMENT_3D('',#8964,#8965,#8966);
#8964 = CARTESIAN_POINT('',(2.25,-2.11,0.725));
#8965 = DIRECTION('',(2.22044604925E-16,-1.,0.));
#8966 = DIRECTION('',(1.,2.22044604925E-16,3.700743415417E-16));
#8967 = ORIENTED_EDGE('',*,*,#8968,.T.);
#8968 = EDGE_CURVE('',#8960,#8269,#8969,.T.);
#8969 = LINE('',#8970,#8971);
#8970 = CARTESIAN_POINT('',(2.25,-2.11,1.025));
#8971 = VECTOR('',#8972,1.);
#8972 = DIRECTION('',(-1.,-2.22044604925E-16,0.));
#8973 = PLANE('',#8974);
#8974 = AXIS2_PLACEMENT_3D('',#8975,#8976,#8977);
#8975 = CARTESIAN_POINT('',(2.41578967201,-2.11,0.532659657565));
#8976 = DIRECTION('',(2.22044604925E-16,-1.,0.));
#8977 = DIRECTION('',(0.,0.,1.));
#8978 = ADVANCED_FACE('',(#8979),#8994,.F.);
#8979 = FACE_BOUND('',#8980,.F.);
#8980 = EDGE_LOOP('',(#8981,#8987,#8988,#8993));
#8981 = ORIENTED_EDGE('',*,*,#8982,.F.);
#8982 = EDGE_CURVE('',#8269,#8542,#8983,.T.);
#8983 = LINE('',#8984,#8985);
#8984 = CARTESIAN_POINT('',(2.25,-2.11,1.025));
#8985 = VECTOR('',#8986,1.);
#8986 = DIRECTION('',(-1.,-2.22044604925E-16,0.));
#8987 = ORIENTED_EDGE('',*,*,#8284,.T.);
#8988 = ORIENTED_EDGE('',*,*,#8989,.T.);
#8989 = EDGE_CURVE('',#8278,#8550,#8990,.T.);
#8990 = B_SPLINE_CURVE_WITH_KNOTS('',1,(#8991,#8992),.UNSPECIFIED.,.F.,
  .F.,(2,2),(0.,1.),.PIECEWISE_BEZIER_KNOTS.);
#8991 = CARTESIAN_POINT('',(1.95,-2.275,1.025));
#8992 = CARTESIAN_POINT('',(1.875,-2.2375,1.025));
#8993 = ORIENTED_EDGE('',*,*,#8549,.F.);
#8994 = B_SPLINE_SURFACE_WITH_KNOTS('',1,1,(
    (#8995,#8996)
    ,(#8997,#8998
    )),.UNSPECIFIED.,.F.,.F.,.F.,(2,2),(2,2),(0.,4.55),(0.,1.),
  .PIECEWISE_BEZIER_KNOTS.);
#8995 = CARTESIAN_POINT('',(1.95,2.275,1.025));
#8996 = CARTESIAN_POINT('',(1.875,2.2375,1.025));
#8997 = CARTESIAN_POINT('',(1.95,-2.275,1.025));
#8998 = CARTESIAN_POINT('',(1.875,-2.2375,1.025));
#8999 = ADVANCED_FACE('',(#9000),#9086,.F.);
#9000 = FACE_BOUND('',#9001,.F.);
#9001 = EDGE_LOOP('',(#9002,#9003,#9004,#9013,#9021,#9030,#9038,#9046,
    #9054,#9063,#9071,#9080));
#9002 = ORIENTED_EDGE('',*,*,#8338,.F.);
#9003 = ORIENTED_EDGE('',*,*,#8298,.T.);
#9004 = ORIENTED_EDGE('',*,*,#9005,.T.);
#9005 = EDGE_CURVE('',#8299,#9006,#9008,.T.);
#9006 = VERTEX_POINT('',#9007);
#9007 = CARTESIAN_POINT('',(2.35,-1.7,0.725));
#9008 = CIRCLE('',#9009,0.1);
#9009 = AXIS2_PLACEMENT_3D('',#9010,#9011,#9012);
#9010 = CARTESIAN_POINT('',(2.25,-1.7,0.725));
#9011 = DIRECTION('',(-2.22044604925E-16,1.,0.));
#9012 = DIRECTION('',(4.440892098501E-15,9.860761315262E-31,1.));
#9013 = ORIENTED_EDGE('',*,*,#9014,.T.);
#9014 = EDGE_CURVE('',#9006,#9015,#9017,.T.);
#9015 = VERTEX_POINT('',#9016);
#9016 = CARTESIAN_POINT('',(2.35,-1.7,0.3));
#9017 = LINE('',#9018,#9019);
#9018 = CARTESIAN_POINT('',(2.35,-1.7,0.725));
#9019 = VECTOR('',#9020,1.);
#9020 = DIRECTION('',(1.044915787883E-15,2.320179133003E-31,-1.));
#9021 = ORIENTED_EDGE('',*,*,#9022,.T.);
#9022 = EDGE_CURVE('',#9015,#9023,#9025,.T.);
#9023 = VERTEX_POINT('',#9024);
#9024 = CARTESIAN_POINT('',(2.65,-1.7,5.551115123126E-17));
#9025 = CIRCLE('',#9026,0.3);
#9026 = AXIS2_PLACEMENT_3D('',#9027,#9028,#9029);
#9027 = CARTESIAN_POINT('',(2.65,-1.7,0.3));
#9028 = DIRECTION('',(2.22044604925E-16,-1.,0.));
#9029 = DIRECTION('',(-1.,-2.22044604925E-16,3.515706244646E-15));
#9030 = ORIENTED_EDGE('',*,*,#9031,.T.);
#9031 = EDGE_CURVE('',#9023,#9032,#9034,.T.);
#9032 = VERTEX_POINT('',#9033);
#9033 = CARTESIAN_POINT('',(3.,-1.7,5.551115123126E-17));
#9034 = LINE('',#9035,#9036);
#9035 = CARTESIAN_POINT('',(2.65,-1.7,5.551115123126E-17));
#9036 = VECTOR('',#9037,1.);
#9037 = DIRECTION('',(1.,2.22044604925E-16,0.));
#9038 = ORIENTED_EDGE('',*,*,#9039,.T.);
#9039 = EDGE_CURVE('',#9032,#9040,#9042,.T.);
#9040 = VERTEX_POINT('',#9041);
#9041 = CARTESIAN_POINT('',(3.,-1.7,0.2));
#9042 = LINE('',#9043,#9044);
#9043 = CARTESIAN_POINT('',(3.,-1.7,5.551115123126E-17));
#9044 = VECTOR('',#9045,1.);
#9045 = DIRECTION('',(0.,0.,1.));
#9046 = ORIENTED_EDGE('',*,*,#9047,.T.);
#9047 = EDGE_CURVE('',#9040,#9048,#9050,.T.);
#9048 = VERTEX_POINT('',#9049);
#9049 = CARTESIAN_POINT('',(2.65,-1.7,0.2));
#9050 = LINE('',#9051,#9052);
#9051 = CARTESIAN_POINT('',(3.,-1.7,0.2));
#9052 = VECTOR('',#9053,1.);
#9053 = DIRECTION('',(-1.,-2.22044604925E-16,0.));
#9054 = ORIENTED_EDGE('',*,*,#9055,.T.);
#9055 = EDGE_CURVE('',#9048,#9056,#9058,.T.);
#9056 = VERTEX_POINT('',#9057);
#9057 = CARTESIAN_POINT('',(2.55,-1.7,0.3));
#9058 = CIRCLE('',#9059,0.1);
#9059 = AXIS2_PLACEMENT_3D('',#9060,#9061,#9062);
#9060 = CARTESIAN_POINT('',(2.65,-1.7,0.3));
#9061 = DIRECTION('',(-2.22044604925E-16,1.,0.));
#9062 = DIRECTION('',(0.,0.,-1.));
#9063 = ORIENTED_EDGE('',*,*,#9064,.T.);
#9064 = EDGE_CURVE('',#9056,#9065,#9067,.T.);
#9065 = VERTEX_POINT('',#9066);
#9066 = CARTESIAN_POINT('',(2.55,-1.7,0.725));
#9067 = LINE('',#9068,#9069);
#9068 = CARTESIAN_POINT('',(2.55,-1.7,0.3));
#9069 = VECTOR('',#9070,1.);
#9070 = DIRECTION('',(0.,0.,1.));
#9071 = ORIENTED_EDGE('',*,*,#9072,.T.);
#9072 = EDGE_CURVE('',#9065,#9073,#9075,.T.);
#9073 = VERTEX_POINT('',#9074);
#9074 = CARTESIAN_POINT('',(2.25,-1.7,1.025));
#9075 = CIRCLE('',#9076,0.3);
#9076 = AXIS2_PLACEMENT_3D('',#9077,#9078,#9079);
#9077 = CARTESIAN_POINT('',(2.25,-1.7,0.725));
#9078 = DIRECTION('',(2.22044604925E-16,-1.,0.));
#9079 = DIRECTION('',(1.,2.22044604925E-16,3.700743415417E-16));
#9080 = ORIENTED_EDGE('',*,*,#9081,.T.);
#9081 = EDGE_CURVE('',#9073,#8339,#9082,.T.);
#9082 = LINE('',#9083,#9084);
#9083 = CARTESIAN_POINT('',(2.25,-1.7,1.025));
#9084 = VECTOR('',#9085,1.);
#9085 = DIRECTION('',(-1.,-2.22044604925E-16,0.));
#9086 = PLANE('',#9087);
#9087 = AXIS2_PLACEMENT_3D('',#9088,#9089,#9090);
#9088 = CARTESIAN_POINT('',(2.41578967201,-1.7,0.532659657565));
#9089 = DIRECTION('',(2.22044604925E-16,-1.,0.));
#9090 = DIRECTION('',(0.,0.,1.));
#9091 = ADVANCED_FACE('',(#9092),#9103,.F.);
#9092 = FACE_BOUND('',#9093,.F.);
#9093 = EDGE_LOOP('',(#9094,#9095,#9096,#9102));
#9094 = ORIENTED_EDGE('',*,*,#8315,.T.);
#9095 = ORIENTED_EDGE('',*,*,#8892,.T.);
#9096 = ORIENTED_EDGE('',*,*,#9097,.F.);
#9097 = EDGE_CURVE('',#9006,#8893,#9098,.T.);
#9098 = LINE('',#9099,#9100);
#9099 = CARTESIAN_POINT('',(2.35,-1.7,0.725));
#9100 = VECTOR('',#9101,1.);
#9101 = DIRECTION('',(2.22044604925E-16,-1.,0.));
#9102 = ORIENTED_EDGE('',*,*,#9005,.F.);
#9103 = CYLINDRICAL_SURFACE('',#9104,0.1);
#9104 = AXIS2_PLACEMENT_3D('',#9105,#9106,#9107);
#9105 = CARTESIAN_POINT('',(2.25,-1.7,0.725));
#9106 = DIRECTION('',(-2.22044604925E-16,1.,0.));
#9107 = DIRECTION('',(4.440892098501E-15,9.860761315262E-31,1.));
#9108 = ADVANCED_FACE('',(#9109),#9195,.T.);
#9109 = FACE_BOUND('',#9110,.T.);
#9110 = EDGE_LOOP('',(#9111,#9112,#9113,#9122,#9130,#9139,#9147,#9155,
    #9163,#9172,#9180,#9189));
#9111 = ORIENTED_EDGE('',*,*,#8329,.F.);
#9112 = ORIENTED_EDGE('',*,*,#8400,.T.);
#9113 = ORIENTED_EDGE('',*,*,#9114,.T.);
#9114 = EDGE_CURVE('',#8401,#9115,#9117,.T.);
#9115 = VERTEX_POINT('',#9116);
#9116 = CARTESIAN_POINT('',(2.35,-0.84,0.725));
#9117 = CIRCLE('',#9118,0.1);
#9118 = AXIS2_PLACEMENT_3D('',#9119,#9120,#9121);
#9119 = CARTESIAN_POINT('',(2.25,-0.84,0.725));
#9120 = DIRECTION('',(-2.22044604925E-16,1.,0.));
#9121 = DIRECTION('',(4.440892098501E-15,9.860761315262E-31,1.));
#9122 = ORIENTED_EDGE('',*,*,#9123,.T.);
#9123 = EDGE_CURVE('',#9115,#9124,#9126,.T.);
#9124 = VERTEX_POINT('',#9125);
#9125 = CARTESIAN_POINT('',(2.35,-0.84,0.3));
#9126 = LINE('',#9127,#9128);
#9127 = CARTESIAN_POINT('',(2.35,-0.84,0.725));
#9128 = VECTOR('',#9129,1.);
#9129 = DIRECTION('',(1.044915787883E-15,2.320179133003E-31,-1.));
#9130 = ORIENTED_EDGE('',*,*,#9131,.T.);
#9131 = EDGE_CURVE('',#9124,#9132,#9134,.T.);
#9132 = VERTEX_POINT('',#9133);
#9133 = CARTESIAN_POINT('',(2.65,-0.84,5.551115123126E-17));
#9134 = CIRCLE('',#9135,0.3);
#9135 = AXIS2_PLACEMENT_3D('',#9136,#9137,#9138);
#9136 = CARTESIAN_POINT('',(2.65,-0.84,0.3));
#9137 = DIRECTION('',(2.22044604925E-16,-1.,0.));
#9138 = DIRECTION('',(-1.,-2.22044604925E-16,3.515706244646E-15));
#9139 = ORIENTED_EDGE('',*,*,#9140,.T.);
#9140 = EDGE_CURVE('',#9132,#9141,#9143,.T.);
#9141 = VERTEX_POINT('',#9142);
#9142 = CARTESIAN_POINT('',(3.,-0.84,5.551115123126E-17));
#9143 = LINE('',#9144,#9145);
#9144 = CARTESIAN_POINT('',(2.65,-0.84,5.551115123126E-17));
#9145 = VECTOR('',#9146,1.);
#9146 = DIRECTION('',(1.,2.22044604925E-16,0.));
#9147 = ORIENTED_EDGE('',*,*,#9148,.T.);
#9148 = EDGE_CURVE('',#9141,#9149,#9151,.T.);
#9149 = VERTEX_POINT('',#9150);
#9150 = CARTESIAN_POINT('',(3.,-0.84,0.2));
#9151 = LINE('',#9152,#9153);
#9152 = CARTESIAN_POINT('',(3.,-0.84,5.551115123126E-17));
#9153 = VECTOR('',#9154,1.);
#9154 = DIRECTION('',(0.,0.,1.));
#9155 = ORIENTED_EDGE('',*,*,#9156,.T.);
#9156 = EDGE_CURVE('',#9149,#9157,#9159,.T.);
#9157 = VERTEX_POINT('',#9158);
#9158 = CARTESIAN_POINT('',(2.65,-0.84,0.2));
#9159 = LINE('',#9160,#9161);
#9160 = CARTESIAN_POINT('',(3.,-0.84,0.2));
#9161 = VECTOR('',#9162,1.);
#9162 = DIRECTION('',(-1.,-2.22044604925E-16,0.));
#9163 = ORIENTED_EDGE('',*,*,#9164,.T.);
#9164 = EDGE_CURVE('',#9157,#9165,#9167,.T.);
#9165 = VERTEX_POINT('',#9166);
#9166 = CARTESIAN_POINT('',(2.55,-0.84,0.3));
#9167 = CIRCLE('',#9168,0.1);
#9168 = AXIS2_PLACEMENT_3D('',#9169,#9170,#9171);
#9169 = CARTESIAN_POINT('',(2.65,-0.84,0.3));
#9170 = DIRECTION('',(-2.22044604925E-16,1.,0.));
#9171 = DIRECTION('',(0.,0.,-1.));
#9172 = ORIENTED_EDGE('',*,*,#9173,.T.);
#9173 = EDGE_CURVE('',#9165,#9174,#9176,.T.);
#9174 = VERTEX_POINT('',#9175);
#9175 = CARTESIAN_POINT('',(2.55,-0.84,0.725));
#9176 = LINE('',#9177,#9178);
#9177 = CARTESIAN_POINT('',(2.55,-0.84,0.3));
#9178 = VECTOR('',#9179,1.);
#9179 = DIRECTION('',(0.,0.,1.));
#9180 = ORIENTED_EDGE('',*,*,#9181,.T.);
#9181 = EDGE_CURVE('',#9174,#9182,#9184,.T.);
#9182 = VERTEX_POINT('',#9183);
#9183 = CARTESIAN_POINT('',(2.25,-0.84,1.025));
#9184 = CIRCLE('',#9185,0.3);
#9185 = AXIS2_PLACEMENT_3D('',#9186,#9187,#9188);
#9186 = CARTESIAN_POINT('',(2.25,-0.84,0.725));
#9187 = DIRECTION('',(2.22044604925E-16,-1.,0.));
#9188 = DIRECTION('',(1.,2.22044604925E-16,3.700743415417E-16));
#9189 = ORIENTED_EDGE('',*,*,#9190,.T.);
#9190 = EDGE_CURVE('',#9182,#8330,#9191,.T.);
#9191 = LINE('',#9192,#9193);
#9192 = CARTESIAN_POINT('',(2.25,-0.84,1.025));
#9193 = VECTOR('',#9194,1.);
#9194 = DIRECTION('',(-1.,-2.22044604925E-16,0.));
#9195 = PLANE('',#9196);
#9196 = AXIS2_PLACEMENT_3D('',#9197,#9198,#9199);
#9197 = CARTESIAN_POINT('',(2.41578967201,-0.84,0.532659657565));
#9198 = DIRECTION('',(2.22044604925E-16,-1.,0.));
#9199 = DIRECTION('',(0.,0.,1.));
#9200 = ADVANCED_FACE('',(#9201),#9217,.F.);
#9201 = FACE_BOUND('',#9202,.F.);
#9202 = EDGE_LOOP('',(#9203,#9209,#9210,#9216));
#9203 = ORIENTED_EDGE('',*,*,#9204,.F.);
#9204 = EDGE_CURVE('',#8330,#8526,#9205,.T.);
#9205 = LINE('',#9206,#9207);
#9206 = CARTESIAN_POINT('',(2.25,-0.84,1.025));
#9207 = VECTOR('',#9208,1.);
#9208 = DIRECTION('',(-1.,-2.22044604925E-16,0.));
#9209 = ORIENTED_EDGE('',*,*,#8346,.T.);
#9210 = ORIENTED_EDGE('',*,*,#9211,.T.);
#9211 = EDGE_CURVE('',#8339,#8534,#9212,.T.);
#9212 = LINE('',#9213,#9214);
#9213 = CARTESIAN_POINT('',(2.25,-1.7,1.025));
#9214 = VECTOR('',#9215,1.);
#9215 = DIRECTION('',(-1.,-2.22044604925E-16,0.));
#9216 = ORIENTED_EDGE('',*,*,#8533,.F.);
#9217 = B_SPLINE_SURFACE_WITH_KNOTS('',1,1,(
    (#9218,#9219)
    ,(#9220,#9221
    )),.UNSPECIFIED.,.F.,.F.,.F.,(2,2),(2,2),(0.,4.55),(0.,1.),
  .PIECEWISE_BEZIER_KNOTS.);
#9218 = CARTESIAN_POINT('',(1.95,2.275,1.025));
#9219 = CARTESIAN_POINT('',(1.875,2.2375,1.025));
#9220 = CARTESIAN_POINT('',(1.95,-2.275,1.025));
#9221 = CARTESIAN_POINT('',(1.875,-2.2375,1.025));
#9222 = ADVANCED_FACE('',(#9223),#9242,.F.);
#9223 = FACE_BOUND('',#9224,.F.);
#9224 = EDGE_LOOP('',(#9225,#9226,#9235,#9241));
#9225 = ORIENTED_EDGE('',*,*,#8377,.T.);
#9226 = ORIENTED_EDGE('',*,*,#9227,.T.);
#9227 = EDGE_CURVE('',#8370,#9228,#9230,.T.);
#9228 = VERTEX_POINT('',#9229);
#9229 = CARTESIAN_POINT('',(2.35,0.43,0.725));
#9230 = CIRCLE('',#9231,0.1);
#9231 = AXIS2_PLACEMENT_3D('',#9232,#9233,#9234);
#9232 = CARTESIAN_POINT('',(2.25,0.43,0.725));
#9233 = DIRECTION('',(-2.22044604925E-16,1.,0.));
#9234 = DIRECTION('',(4.440892098501E-15,9.860761315262E-31,1.));
#9235 = ORIENTED_EDGE('',*,*,#9236,.F.);
#9236 = EDGE_CURVE('',#8605,#9228,#9237,.T.);
#9237 = LINE('',#9238,#9239);
#9238 = CARTESIAN_POINT('',(2.35,0.84,0.725));
#9239 = VECTOR('',#9240,1.);
#9240 = DIRECTION('',(2.22044604925E-16,-1.,0.));
#9241 = ORIENTED_EDGE('',*,*,#8604,.F.);
#9242 = CYLINDRICAL_SURFACE('',#9243,0.1);
#9243 = AXIS2_PLACEMENT_3D('',#9244,#9245,#9246);
#9244 = CARTESIAN_POINT('',(2.25,0.84,0.725));
#9245 = DIRECTION('',(-2.22044604925E-16,1.,0.));
#9246 = DIRECTION('',(4.440892098501E-15,9.860761315262E-31,1.));
#9247 = ADVANCED_FACE('',(#9248),#9326,.T.);
#9248 = FACE_BOUND('',#9249,.T.);
#9249 = EDGE_LOOP('',(#9250,#9251,#9252,#9253,#9261,#9270,#9278,#9286,
    #9294,#9303,#9311,#9320));
#9250 = ORIENTED_EDGE('',*,*,#8422,.F.);
#9251 = ORIENTED_EDGE('',*,*,#8369,.T.);
#9252 = ORIENTED_EDGE('',*,*,#9227,.T.);
#9253 = ORIENTED_EDGE('',*,*,#9254,.T.);
#9254 = EDGE_CURVE('',#9228,#9255,#9257,.T.);
#9255 = VERTEX_POINT('',#9256);
#9256 = CARTESIAN_POINT('',(2.35,0.43,0.3));
#9257 = LINE('',#9258,#9259);
#9258 = CARTESIAN_POINT('',(2.35,0.43,0.725));
#9259 = VECTOR('',#9260,1.);
#9260 = DIRECTION('',(1.044915787883E-15,2.320179133003E-31,-1.));
#9261 = ORIENTED_EDGE('',*,*,#9262,.T.);
#9262 = EDGE_CURVE('',#9255,#9263,#9265,.T.);
#9263 = VERTEX_POINT('',#9264);
#9264 = CARTESIAN_POINT('',(2.65,0.43,5.551115123126E-17));
#9265 = CIRCLE('',#9266,0.3);
#9266 = AXIS2_PLACEMENT_3D('',#9267,#9268,#9269);
#9267 = CARTESIAN_POINT('',(2.65,0.43,0.3));
#9268 = DIRECTION('',(2.22044604925E-16,-1.,0.));
#9269 = DIRECTION('',(-1.,-2.22044604925E-16,3.515706244646E-15));
#9270 = ORIENTED_EDGE('',*,*,#9271,.T.);
#9271 = EDGE_CURVE('',#9263,#9272,#9274,.T.);
#9272 = VERTEX_POINT('',#9273);
#9273 = CARTESIAN_POINT('',(3.,0.43,5.551115123126E-17));
#9274 = LINE('',#9275,#9276);
#9275 = CARTESIAN_POINT('',(2.65,0.43,5.551115123126E-17));
#9276 = VECTOR('',#9277,1.);
#9277 = DIRECTION('',(1.,2.22044604925E-16,0.));
#9278 = ORIENTED_EDGE('',*,*,#9279,.T.);
#9279 = EDGE_CURVE('',#9272,#9280,#9282,.T.);
#9280 = VERTEX_POINT('',#9281);
#9281 = CARTESIAN_POINT('',(3.,0.43,0.2));
#9282 = LINE('',#9283,#9284);
#9283 = CARTESIAN_POINT('',(3.,0.43,5.551115123126E-17));
#9284 = VECTOR('',#9285,1.);
#9285 = DIRECTION('',(0.,0.,1.));
#9286 = ORIENTED_EDGE('',*,*,#9287,.T.);
#9287 = EDGE_CURVE('',#9280,#9288,#9290,.T.);
#9288 = VERTEX_POINT('',#9289);
#9289 = CARTESIAN_POINT('',(2.65,0.43,0.2));
#9290 = LINE('',#9291,#9292);
#9291 = CARTESIAN_POINT('',(3.,0.43,0.2));
#9292 = VECTOR('',#9293,1.);
#9293 = DIRECTION('',(-1.,-2.22044604925E-16,0.));
#9294 = ORIENTED_EDGE('',*,*,#9295,.T.);
#9295 = EDGE_CURVE('',#9288,#9296,#9298,.T.);
#9296 = VERTEX_POINT('',#9297);
#9297 = CARTESIAN_POINT('',(2.55,0.43,0.3));
#9298 = CIRCLE('',#9299,0.1);
#9299 = AXIS2_PLACEMENT_3D('',#9300,#9301,#9302);
#9300 = CARTESIAN_POINT('',(2.65,0.43,0.3));
#9301 = DIRECTION('',(-2.22044604925E-16,1.,0.));
#9302 = DIRECTION('',(0.,0.,-1.));
#9303 = ORIENTED_EDGE('',*,*,#9304,.T.);
#9304 = EDGE_CURVE('',#9296,#9305,#9307,.T.);
#9305 = VERTEX_POINT('',#9306);
#9306 = CARTESIAN_POINT('',(2.55,0.43,0.725));
#9307 = LINE('',#9308,#9309);
#9308 = CARTESIAN_POINT('',(2.55,0.43,0.3));
#9309 = VECTOR('',#9310,1.);
#9310 = DIRECTION('',(0.,0.,1.));
#9311 = ORIENTED_EDGE('',*,*,#9312,.T.);
#9312 = EDGE_CURVE('',#9305,#9313,#9315,.T.);
#9313 = VERTEX_POINT('',#9314);
#9314 = CARTESIAN_POINT('',(2.25,0.43,1.025));
#9315 = CIRCLE('',#9316,0.3);
#9316 = AXIS2_PLACEMENT_3D('',#9317,#9318,#9319);
#9317 = CARTESIAN_POINT('',(2.25,0.43,0.725));
#9318 = DIRECTION('',(2.22044604925E-16,-1.,0.));
#9319 = DIRECTION('',(1.,2.22044604925E-16,3.700743415417E-16));
#9320 = ORIENTED_EDGE('',*,*,#9321,.T.);
#9321 = EDGE_CURVE('',#9313,#8423,#9322,.T.);
#9322 = LINE('',#9323,#9324);
#9323 = CARTESIAN_POINT('',(2.25,0.43,1.025));
#9324 = VECTOR('',#9325,1.);
#9325 = DIRECTION('',(-1.,-2.22044604925E-16,0.));
#9326 = PLANE('',#9327);
#9327 = AXIS2_PLACEMENT_3D('',#9328,#9329,#9330);
#9328 = CARTESIAN_POINT('',(2.41578967201,0.43,0.532659657565));
#9329 = DIRECTION('',(2.22044604925E-16,-1.,0.));
#9330 = DIRECTION('',(0.,0.,1.));
#9331 = ADVANCED_FACE('',(#9332),#9418,.F.);
#9332 = FACE_BOUND('',#9333,.F.);
#9333 = EDGE_LOOP('',(#9334,#9335,#9336,#9345,#9353,#9362,#9370,#9378,
    #9386,#9395,#9403,#9412));
#9334 = ORIENTED_EDGE('',*,*,#8431,.F.);
#9335 = ORIENTED_EDGE('',*,*,#8391,.T.);
#9336 = ORIENTED_EDGE('',*,*,#9337,.T.);
#9337 = EDGE_CURVE('',#8392,#9338,#9340,.T.);
#9338 = VERTEX_POINT('',#9339);
#9339 = CARTESIAN_POINT('',(2.35,-0.43,0.725));
#9340 = CIRCLE('',#9341,0.1);
#9341 = AXIS2_PLACEMENT_3D('',#9342,#9343,#9344);
#9342 = CARTESIAN_POINT('',(2.25,-0.43,0.725));
#9343 = DIRECTION('',(-2.22044604925E-16,1.,0.));
#9344 = DIRECTION('',(4.440892098501E-15,9.860761315262E-31,1.));
#9345 = ORIENTED_EDGE('',*,*,#9346,.T.);
#9346 = EDGE_CURVE('',#9338,#9347,#9349,.T.);
#9347 = VERTEX_POINT('',#9348);
#9348 = CARTESIAN_POINT('',(2.35,-0.43,0.3));
#9349 = LINE('',#9350,#9351);
#9350 = CARTESIAN_POINT('',(2.35,-0.43,0.725));
#9351 = VECTOR('',#9352,1.);
#9352 = DIRECTION('',(1.044915787883E-15,2.320179133003E-31,-1.));
#9353 = ORIENTED_EDGE('',*,*,#9354,.T.);
#9354 = EDGE_CURVE('',#9347,#9355,#9357,.T.);
#9355 = VERTEX_POINT('',#9356);
#9356 = CARTESIAN_POINT('',(2.65,-0.43,5.551115123126E-17));
#9357 = CIRCLE('',#9358,0.3);
#9358 = AXIS2_PLACEMENT_3D('',#9359,#9360,#9361);
#9359 = CARTESIAN_POINT('',(2.65,-0.43,0.3));
#9360 = DIRECTION('',(2.22044604925E-16,-1.,0.));
#9361 = DIRECTION('',(-1.,-2.22044604925E-16,3.515706244646E-15));
#9362 = ORIENTED_EDGE('',*,*,#9363,.T.);
#9363 = EDGE_CURVE('',#9355,#9364,#9366,.T.);
#9364 = VERTEX_POINT('',#9365);
#9365 = CARTESIAN_POINT('',(3.,-0.43,5.551115123126E-17));
#9366 = LINE('',#9367,#9368);
#9367 = CARTESIAN_POINT('',(2.65,-0.43,5.551115123126E-17));
#9368 = VECTOR('',#9369,1.);
#9369 = DIRECTION('',(1.,2.22044604925E-16,0.));
#9370 = ORIENTED_EDGE('',*,*,#9371,.T.);
#9371 = EDGE_CURVE('',#9364,#9372,#9374,.T.);
#9372 = VERTEX_POINT('',#9373);
#9373 = CARTESIAN_POINT('',(3.,-0.43,0.2));
#9374 = LINE('',#9375,#9376);
#9375 = CARTESIAN_POINT('',(3.,-0.43,5.551115123126E-17));
#9376 = VECTOR('',#9377,1.);
#9377 = DIRECTION('',(0.,0.,1.));
#9378 = ORIENTED_EDGE('',*,*,#9379,.T.);
#9379 = EDGE_CURVE('',#9372,#9380,#9382,.T.);
#9380 = VERTEX_POINT('',#9381);
#9381 = CARTESIAN_POINT('',(2.65,-0.43,0.2));
#9382 = LINE('',#9383,#9384);
#9383 = CARTESIAN_POINT('',(3.,-0.43,0.2));
#9384 = VECTOR('',#9385,1.);
#9385 = DIRECTION('',(-1.,-2.22044604925E-16,0.));
#9386 = ORIENTED_EDGE('',*,*,#9387,.T.);
#9387 = EDGE_CURVE('',#9380,#9388,#9390,.T.);
#9388 = VERTEX_POINT('',#9389);
#9389 = CARTESIAN_POINT('',(2.55,-0.43,0.3));
#9390 = CIRCLE('',#9391,0.1);
#9391 = AXIS2_PLACEMENT_3D('',#9392,#9393,#9394);
#9392 = CARTESIAN_POINT('',(2.65,-0.43,0.3));
#9393 = DIRECTION('',(-2.22044604925E-16,1.,0.));
#9394 = DIRECTION('',(0.,0.,-1.));
#9395 = ORIENTED_EDGE('',*,*,#9396,.T.);
#9396 = EDGE_CURVE('',#9388,#9397,#9399,.T.);
#9397 = VERTEX_POINT('',#9398);
#9398 = CARTESIAN_POINT('',(2.55,-0.43,0.725));
#9399 = LINE('',#9400,#9401);
#9400 = CARTESIAN_POINT('',(2.55,-0.43,0.3));
#9401 = VECTOR('',#9402,1.);
#9402 = DIRECTION('',(0.,0.,1.));
#9403 = ORIENTED_EDGE('',*,*,#9404,.T.);
#9404 = EDGE_CURVE('',#9397,#9405,#9407,.T.);
#9405 = VERTEX_POINT('',#9406);
#9406 = CARTESIAN_POINT('',(2.25,-0.43,1.025));
#9407 = CIRCLE('',#9408,0.3);
#9408 = AXIS2_PLACEMENT_3D('',#9409,#9410,#9411);
#9409 = CARTESIAN_POINT('',(2.25,-0.43,0.725));
#9410 = DIRECTION('',(2.22044604925E-16,-1.,0.));
#9411 = DIRECTION('',(1.,2.22044604925E-16,3.700743415417E-16));
#9412 = ORIENTED_EDGE('',*,*,#9413,.T.);
#9413 = EDGE_CURVE('',#9405,#8432,#9414,.T.);
#9414 = LINE('',#9415,#9416);
#9415 = CARTESIAN_POINT('',(2.25,-0.43,1.025));
#9416 = VECTOR('',#9417,1.);
#9417 = DIRECTION('',(-1.,-2.22044604925E-16,0.));
#9418 = PLANE('',#9419);
#9419 = AXIS2_PLACEMENT_3D('',#9420,#9421,#9422);
#9420 = CARTESIAN_POINT('',(2.41578967201,-0.43,0.532659657565));
#9421 = DIRECTION('',(2.22044604925E-16,-1.,0.));
#9422 = DIRECTION('',(0.,0.,1.));
#9423 = ADVANCED_FACE('',(#9424),#9435,.F.);
#9424 = FACE_BOUND('',#9425,.F.);
#9425 = EDGE_LOOP('',(#9426,#9427,#9428,#9434));
#9426 = ORIENTED_EDGE('',*,*,#8408,.T.);
#9427 = ORIENTED_EDGE('',*,*,#9114,.T.);
#9428 = ORIENTED_EDGE('',*,*,#9429,.F.);
#9429 = EDGE_CURVE('',#9338,#9115,#9430,.T.);
#9430 = LINE('',#9431,#9432);
#9431 = CARTESIAN_POINT('',(2.35,-0.43,0.725));
#9432 = VECTOR('',#9433,1.);
#9433 = DIRECTION('',(2.22044604925E-16,-1.,0.));
#9434 = ORIENTED_EDGE('',*,*,#9337,.F.);
#9435 = CYLINDRICAL_SURFACE('',#9436,0.1);
#9436 = AXIS2_PLACEMENT_3D('',#9437,#9438,#9439);
#9437 = CARTESIAN_POINT('',(2.25,-0.43,0.725));
#9438 = DIRECTION('',(-2.22044604925E-16,1.,0.));
#9439 = DIRECTION('',(4.440892098501E-15,9.860761315262E-31,1.));
#9440 = ADVANCED_FACE('',(#9441),#9457,.F.);
#9441 = FACE_BOUND('',#9442,.F.);
#9442 = EDGE_LOOP('',(#9443,#9449,#9450,#9456));
#9443 = ORIENTED_EDGE('',*,*,#9444,.F.);
#9444 = EDGE_CURVE('',#8423,#8510,#9445,.T.);
#9445 = LINE('',#9446,#9447);
#9446 = CARTESIAN_POINT('',(2.25,0.43,1.025));
#9447 = VECTOR('',#9448,1.);
#9448 = DIRECTION('',(-1.,-2.22044604925E-16,0.));
#9449 = ORIENTED_EDGE('',*,*,#8439,.T.);
#9450 = ORIENTED_EDGE('',*,*,#9451,.T.);
#9451 = EDGE_CURVE('',#8432,#8518,#9452,.T.);
#9452 = LINE('',#9453,#9454);
#9453 = CARTESIAN_POINT('',(2.25,-0.43,1.025));
#9454 = VECTOR('',#9455,1.);
#9455 = DIRECTION('',(-1.,-2.22044604925E-16,0.));
#9456 = ORIENTED_EDGE('',*,*,#8517,.F.);
#9457 = B_SPLINE_SURFACE_WITH_KNOTS('',1,1,(
    (#9458,#9459)
    ,(#9460,#9461
    )),.UNSPECIFIED.,.F.,.F.,.F.,(2,2),(2,2),(0.,4.55),(0.,1.),
  .PIECEWISE_BEZIER_KNOTS.);
#9458 = CARTESIAN_POINT('',(1.95,2.275,1.025));
#9459 = CARTESIAN_POINT('',(1.875,2.2375,1.025));
#9460 = CARTESIAN_POINT('',(1.95,-2.275,1.025));
#9461 = CARTESIAN_POINT('',(1.875,-2.2375,1.025));
#9462 = ADVANCED_FACE('',(#9463),#9480,.F.);
#9463 = FACE_BOUND('',#9464,.F.);
#9464 = EDGE_LOOP('',(#9465,#9466,#9467,#9475));
#9465 = ORIENTED_EDGE('',*,*,#8455,.T.);
#9466 = ORIENTED_EDGE('',*,*,#8476,.T.);
#9467 = ORIENTED_EDGE('',*,*,#9468,.F.);
#9468 = EDGE_CURVE('',#9469,#8477,#9471,.T.);
#9469 = VERTEX_POINT('',#9470);
#9470 = CARTESIAN_POINT('',(1.7375,2.375,1.025));
#9471 = LINE('',#9472,#9473);
#9472 = CARTESIAN_POINT('',(1.7375,2.375,1.025));
#9473 = VECTOR('',#9474,1.);
#9474 = DIRECTION('',(0.707106781187,-0.707106781187,0.));
#9475 = ORIENTED_EDGE('',*,*,#9476,.F.);
#9476 = EDGE_CURVE('',#8456,#9469,#9477,.T.);
#9477 = B_SPLINE_CURVE_WITH_KNOTS('',1,(#9478,#9479),.UNSPECIFIED.,.F.,
  .F.,(2,2),(0.,1.),.PIECEWISE_BEZIER_KNOTS.);
#9478 = CARTESIAN_POINT('',(1.775,2.45,1.025));
#9479 = CARTESIAN_POINT('',(1.7375,2.375,1.025));
#9480 = B_SPLINE_SURFACE_WITH_KNOTS('',1,1,(
    (#9481,#9482)
    ,(#9483,#9484
    )),.UNSPECIFIED.,.F.,.F.,.F.,(2,2),(2,2),(0.,0.247487373415),(0.,1.)
  ,.PIECEWISE_BEZIER_KNOTS.);
#9481 = CARTESIAN_POINT('',(1.775,2.45,1.025));
#9482 = CARTESIAN_POINT('',(1.7375,2.375,1.025));
#9483 = CARTESIAN_POINT('',(1.95,2.275,1.025));
#9484 = CARTESIAN_POINT('',(1.875,2.2375,1.025));
#9485 = ADVANCED_FACE('',(#9486),#9503,.F.);
#9486 = FACE_BOUND('',#9487,.F.);
#9487 = EDGE_LOOP('',(#9488,#9489,#9490,#9498));
#9488 = ORIENTED_EDGE('',*,*,#8696,.T.);
#9489 = ORIENTED_EDGE('',*,*,#8463,.T.);
#9490 = ORIENTED_EDGE('',*,*,#9491,.F.);
#9491 = EDGE_CURVE('',#9492,#8456,#9494,.T.);
#9492 = VERTEX_POINT('',#9493);
#9493 = CARTESIAN_POINT('',(-1.775,2.45,1.025));
#9494 = LINE('',#9495,#9496);
#9495 = CARTESIAN_POINT('',(-1.775,2.45,1.025));
#9496 = VECTOR('',#9497,1.);
#9497 = DIRECTION('',(1.,2.22044604925E-16,0.));
#9498 = ORIENTED_EDGE('',*,*,#9499,.F.);
#9499 = EDGE_CURVE('',#8697,#9492,#9500,.T.);
#9500 = B_SPLINE_CURVE_WITH_KNOTS('',1,(#9501,#9502),.UNSPECIFIED.,.F.,
  .F.,(2,2),(0.,1.),.PIECEWISE_BEZIER_KNOTS.);
#9501 = CARTESIAN_POINT('',(-1.775,2.45,0.825));
#9502 = CARTESIAN_POINT('',(-1.775,2.45,1.025));
#9503 = PLANE('',#9504);
#9504 = AXIS2_PLACEMENT_3D('',#9505,#9506,#9507);
#9505 = CARTESIAN_POINT('',(-1.775,2.45,1.025));
#9506 = DIRECTION('',(2.22044604925E-16,-1.,0.));
#9507 = DIRECTION('',(1.,2.22044604925E-16,0.));
#9508 = ADVANCED_FACE('',(#9509),#9526,.F.);
#9509 = FACE_BOUND('',#9510,.F.);
#9510 = EDGE_LOOP('',(#9511,#9512,#9513,#9521));
#9511 = ORIENTED_EDGE('',*,*,#9468,.T.);
#9512 = ORIENTED_EDGE('',*,*,#8572,.T.);
#9513 = ORIENTED_EDGE('',*,*,#9514,.F.);
#9514 = EDGE_CURVE('',#9515,#8565,#9517,.T.);
#9515 = VERTEX_POINT('',#9516);
#9516 = CARTESIAN_POINT('',(1.680085640382,2.260171280765,1.75));
#9517 = LINE('',#9518,#9519);
#9518 = CARTESIAN_POINT('',(1.680085640382,2.260171280765,1.75));
#9519 = VECTOR('',#9520,1.);
#9520 = DIRECTION('',(0.707106781187,-0.707106781187,0.));
#9521 = ORIENTED_EDGE('',*,*,#9522,.F.);
#9522 = EDGE_CURVE('',#9469,#9515,#9523,.T.);
#9523 = B_SPLINE_CURVE_WITH_KNOTS('',1,(#9524,#9525),.UNSPECIFIED.,.F.,
  .F.,(2,2),(0.,1.),.PIECEWISE_BEZIER_KNOTS.);
#9524 = CARTESIAN_POINT('',(1.7375,2.375,1.025));
#9525 = CARTESIAN_POINT('',(1.680085640382,2.260171280765,1.75));
#9526 = B_SPLINE_SURFACE_WITH_KNOTS('',1,1,(
    (#9527,#9528)
    ,(#9529,#9530
    )),.UNSPECIFIED.,.F.,.F.,.F.,(2,2),(2,2),(0.,0.194454364826),(0.,1.)
  ,.PIECEWISE_BEZIER_KNOTS.);
#9527 = CARTESIAN_POINT('',(1.7375,2.375,1.025));
#9528 = CARTESIAN_POINT('',(1.680085640382,2.260171280765,1.75));
#9529 = CARTESIAN_POINT('',(1.875,2.2375,1.025));
#9530 = CARTESIAN_POINT('',(1.760171280765,2.180085640382,1.75));
#9531 = ADVANCED_FACE('',(#9532,#9582),#9593,.F.);
#9532 = FACE_BOUND('',#9533,.F.);
#9533 = EDGE_LOOP('',(#9534,#9542,#9543,#9544,#9552,#9560,#9568,#9576));
#9534 = ORIENTED_EDGE('',*,*,#9535,.T.);
#9535 = EDGE_CURVE('',#9536,#9515,#9538,.T.);
#9536 = VERTEX_POINT('',#9537);
#9537 = CARTESIAN_POINT('',(-1.680085640382,2.260171280765,1.75));
#9538 = LINE('',#9539,#9540);
#9539 = CARTESIAN_POINT('',(-1.680085640382,2.260171280765,1.75));
#9540 = VECTOR('',#9541,1.);
#9541 = DIRECTION('',(1.,2.22044604925E-16,0.));
#9542 = ORIENTED_EDGE('',*,*,#9514,.T.);
#9543 = ORIENTED_EDGE('',*,*,#8564,.T.);
#9544 = ORIENTED_EDGE('',*,*,#9545,.T.);
#9545 = EDGE_CURVE('',#8558,#9546,#9548,.T.);
#9546 = VERTEX_POINT('',#9547);
#9547 = CARTESIAN_POINT('',(1.680085640382,-2.260171280765,1.75));
#9548 = LINE('',#9549,#9550);
#9549 = CARTESIAN_POINT('',(1.760171280765,-2.180085640382,1.75));
#9550 = VECTOR('',#9551,1.);
#9551 = DIRECTION('',(-0.707106781187,-0.707106781187,0.));
#9552 = ORIENTED_EDGE('',*,*,#9553,.T.);
#9553 = EDGE_CURVE('',#9546,#9554,#9556,.T.);
#9554 = VERTEX_POINT('',#9555);
#9555 = CARTESIAN_POINT('',(-1.680085640382,-2.260171280765,1.75));
#9556 = LINE('',#9557,#9558);
#9557 = CARTESIAN_POINT('',(1.680085640382,-2.260171280765,1.75));
#9558 = VECTOR('',#9559,1.);
#9559 = DIRECTION('',(-1.,-2.22044604925E-16,0.));
#9560 = ORIENTED_EDGE('',*,*,#9561,.T.);
#9561 = EDGE_CURVE('',#9554,#9562,#9564,.T.);
#9562 = VERTEX_POINT('',#9563);
#9563 = CARTESIAN_POINT('',(-1.760171280765,-2.180085640382,1.75));
#9564 = LINE('',#9565,#9566);
#9565 = CARTESIAN_POINT('',(-1.680085640382,-2.260171280765,1.75));
#9566 = VECTOR('',#9567,1.);
#9567 = DIRECTION('',(-0.707106781187,0.707106781187,0.));
#9568 = ORIENTED_EDGE('',*,*,#9569,.T.);
#9569 = EDGE_CURVE('',#9562,#9570,#9572,.T.);
#9570 = VERTEX_POINT('',#9571);
#9571 = CARTESIAN_POINT('',(-1.760171280765,2.180085640382,1.75));
#9572 = LINE('',#9573,#9574);
#9573 = CARTESIAN_POINT('',(-1.760171280765,-2.180085640382,1.75));
#9574 = VECTOR('',#9575,1.);
#9575 = DIRECTION('',(-2.22044604925E-16,1.,0.));
#9576 = ORIENTED_EDGE('',*,*,#9577,.T.);
#9577 = EDGE_CURVE('',#9570,#9536,#9578,.T.);
#9578 = LINE('',#9579,#9580);
#9579 = CARTESIAN_POINT('',(-1.760171280765,2.180085640382,1.75));
#9580 = VECTOR('',#9581,1.);
#9581 = DIRECTION('',(0.707106781187,0.707106781187,0.));
#9582 = FACE_BOUND('',#9583,.F.);
#9583 = EDGE_LOOP('',(#9584));
#9584 = ORIENTED_EDGE('',*,*,#9585,.T.);
#9585 = EDGE_CURVE('',#9586,#9586,#9588,.T.);
#9586 = VERTEX_POINT('',#9587);
#9587 = CARTESIAN_POINT('',(-1.110171280765,1.310171280765,1.75));
#9588 = CIRCLE('',#9589,0.3);
#9589 = AXIS2_PLACEMENT_3D('',#9590,#9591,#9592);
#9590 = CARTESIAN_POINT('',(-1.110171280765,1.610171280765,1.75));
#9591 = DIRECTION('',(-0.,0.,1.));
#9592 = DIRECTION('',(2.22044604925E-16,-1.,0.));
#9593 = PLANE('',#9594);
#9594 = AXIS2_PLACEMENT_3D('',#9595,#9596,#9597);
#9595 = CARTESIAN_POINT('',(-1.680085640382,2.260171280765,1.75));
#9596 = DIRECTION('',(0.,0.,-1.));
#9597 = DIRECTION('',(0.596575959062,-0.802556617983,0.));
#9598 = ADVANCED_FACE('',(#9599),#9616,.F.);
#9599 = FACE_BOUND('',#9600,.F.);
#9600 = EDGE_LOOP('',(#9601,#9609,#9614,#9615));
#9601 = ORIENTED_EDGE('',*,*,#9602,.T.);
#9602 = EDGE_CURVE('',#8550,#9603,#9605,.T.);
#9603 = VERTEX_POINT('',#9604);
#9604 = CARTESIAN_POINT('',(1.7375,-2.375,1.025));
#9605 = LINE('',#9606,#9607);
#9606 = CARTESIAN_POINT('',(1.875,-2.2375,1.025));
#9607 = VECTOR('',#9608,1.);
#9608 = DIRECTION('',(-0.707106781187,-0.707106781187,0.));
#9609 = ORIENTED_EDGE('',*,*,#9610,.T.);
#9610 = EDGE_CURVE('',#9603,#9546,#9611,.T.);
#9611 = B_SPLINE_CURVE_WITH_KNOTS('',1,(#9612,#9613),.UNSPECIFIED.,.F.,
  .F.,(2,2),(0.,1.),.PIECEWISE_BEZIER_KNOTS.);
#9612 = CARTESIAN_POINT('',(1.7375,-2.375,1.025));
#9613 = CARTESIAN_POINT('',(1.680085640382,-2.260171280765,1.75));
#9614 = ORIENTED_EDGE('',*,*,#9545,.F.);
#9615 = ORIENTED_EDGE('',*,*,#8557,.F.);
#9616 = B_SPLINE_SURFACE_WITH_KNOTS('',1,1,(
    (#9617,#9618)
    ,(#9619,#9620
    )),.UNSPECIFIED.,.F.,.F.,.F.,(2,2),(2,2),(0.,0.194454364826),(0.,1.)
  ,.PIECEWISE_BEZIER_KNOTS.);
#9617 = CARTESIAN_POINT('',(1.875,-2.2375,1.025));
#9618 = CARTESIAN_POINT('',(1.760171280765,-2.180085640382,1.75));
#9619 = CARTESIAN_POINT('',(1.7375,-2.375,1.025));
#9620 = CARTESIAN_POINT('',(1.680085640382,-2.260171280765,1.75));
#9621 = ADVANCED_FACE('',(#9622),#9635,.F.);
#9622 = FACE_BOUND('',#9623,.F.);
#9623 = EDGE_LOOP('',(#9624,#9625,#9631,#9632,#9633,#9634));
#9624 = ORIENTED_EDGE('',*,*,#8680,.F.);
#9625 = ORIENTED_EDGE('',*,*,#9626,.T.);
#9626 = EDGE_CURVE('',#8672,#9313,#9627,.T.);
#9627 = LINE('',#9628,#9629);
#9628 = CARTESIAN_POINT('',(2.25,0.84,1.025));
#9629 = VECTOR('',#9630,1.);
#9630 = DIRECTION('',(2.22044604925E-16,-1.,0.));
#9631 = ORIENTED_EDGE('',*,*,#9321,.T.);
#9632 = ORIENTED_EDGE('',*,*,#9444,.T.);
#9633 = ORIENTED_EDGE('',*,*,#8509,.F.);
#9634 = ORIENTED_EDGE('',*,*,#8587,.F.);
#9635 = PLANE('',#9636);
#9636 = AXIS2_PLACEMENT_3D('',#9637,#9638,#9639);
#9637 = CARTESIAN_POINT('',(2.25,0.84,1.025));
#9638 = DIRECTION('',(0.,0.,-1.));
#9639 = DIRECTION('',(-1.,-2.22044604925E-16,-0.));
#9640 = ADVANCED_FACE('',(#9641),#9654,.F.);
#9641 = FACE_BOUND('',#9642,.F.);
#9642 = EDGE_LOOP('',(#9643,#9644,#9650,#9651,#9652,#9653));
#9643 = ORIENTED_EDGE('',*,*,#9081,.F.);
#9644 = ORIENTED_EDGE('',*,*,#9645,.T.);
#9645 = EDGE_CURVE('',#9073,#8960,#9646,.T.);
#9646 = LINE('',#9647,#9648);
#9647 = CARTESIAN_POINT('',(2.25,-1.7,1.025));
#9648 = VECTOR('',#9649,1.);
#9649 = DIRECTION('',(2.22044604925E-16,-1.,0.));
#9650 = ORIENTED_EDGE('',*,*,#8968,.T.);
#9651 = ORIENTED_EDGE('',*,*,#8982,.T.);
#9652 = ORIENTED_EDGE('',*,*,#8541,.F.);
#9653 = ORIENTED_EDGE('',*,*,#9211,.F.);
#9654 = PLANE('',#9655);
#9655 = AXIS2_PLACEMENT_3D('',#9656,#9657,#9658);
#9656 = CARTESIAN_POINT('',(2.25,-1.7,1.025));
#9657 = DIRECTION('',(0.,0.,-1.));
#9658 = DIRECTION('',(-1.,-2.22044604925E-16,-0.));
#9659 = ADVANCED_FACE('',(#9660),#9673,.F.);
#9660 = FACE_BOUND('',#9661,.F.);
#9661 = EDGE_LOOP('',(#9662,#9663,#9669,#9670,#9671,#9672));
#9662 = ORIENTED_EDGE('',*,*,#9413,.F.);
#9663 = ORIENTED_EDGE('',*,*,#9664,.T.);
#9664 = EDGE_CURVE('',#9405,#9182,#9665,.T.);
#9665 = LINE('',#9666,#9667);
#9666 = CARTESIAN_POINT('',(2.25,-0.43,1.025));
#9667 = VECTOR('',#9668,1.);
#9668 = DIRECTION('',(2.22044604925E-16,-1.,0.));
#9669 = ORIENTED_EDGE('',*,*,#9190,.T.);
#9670 = ORIENTED_EDGE('',*,*,#9204,.T.);
#9671 = ORIENTED_EDGE('',*,*,#8525,.F.);
#9672 = ORIENTED_EDGE('',*,*,#9451,.F.);
#9673 = PLANE('',#9674);
#9674 = AXIS2_PLACEMENT_3D('',#9675,#9676,#9677);
#9675 = CARTESIAN_POINT('',(2.25,-0.43,1.025));
#9676 = DIRECTION('',(0.,0.,-1.));
#9677 = DIRECTION('',(-1.,-2.22044604925E-16,-0.));
#9678 = ADVANCED_FACE('',(#9679),#9690,.T.);
#9679 = FACE_BOUND('',#9680,.T.);
#9680 = EDGE_LOOP('',(#9681,#9682,#9683,#9684));
#9681 = ORIENTED_EDGE('',*,*,#8671,.T.);
#9682 = ORIENTED_EDGE('',*,*,#9626,.T.);
#9683 = ORIENTED_EDGE('',*,*,#9312,.F.);
#9684 = ORIENTED_EDGE('',*,*,#9685,.F.);
#9685 = EDGE_CURVE('',#8664,#9305,#9686,.T.);
#9686 = LINE('',#9687,#9688);
#9687 = CARTESIAN_POINT('',(2.55,0.84,0.725));
#9688 = VECTOR('',#9689,1.);
#9689 = DIRECTION('',(2.22044604925E-16,-1.,0.));
#9690 = CYLINDRICAL_SURFACE('',#9691,0.3);
#9691 = AXIS2_PLACEMENT_3D('',#9692,#9693,#9694);
#9692 = CARTESIAN_POINT('',(2.25,0.84,0.725));
#9693 = DIRECTION('',(-2.22044604925E-16,1.,-0.));
#9694 = DIRECTION('',(1.,2.22044604925E-16,3.700743415417E-16));
#9695 = ADVANCED_FACE('',(#9696),#9707,.F.);
#9696 = FACE_BOUND('',#9697,.F.);
#9697 = EDGE_LOOP('',(#9698,#9704,#9705,#9706));
#9698 = ORIENTED_EDGE('',*,*,#9699,.T.);
#9699 = EDGE_CURVE('',#8655,#9296,#9700,.T.);
#9700 = LINE('',#9701,#9702);
#9701 = CARTESIAN_POINT('',(2.55,0.84,0.3));
#9702 = VECTOR('',#9703,1.);
#9703 = DIRECTION('',(2.22044604925E-16,-1.,0.));
#9704 = ORIENTED_EDGE('',*,*,#9304,.T.);
#9705 = ORIENTED_EDGE('',*,*,#9685,.F.);
#9706 = ORIENTED_EDGE('',*,*,#8663,.F.);
#9707 = PLANE('',#9708);
#9708 = AXIS2_PLACEMENT_3D('',#9709,#9710,#9711);
#9709 = CARTESIAN_POINT('',(2.55,0.84,0.3));
#9710 = DIRECTION('',(-1.,-2.22044604925E-16,0.));
#9711 = DIRECTION('',(0.,0.,1.));
#9712 = ADVANCED_FACE('',(#9713),#9724,.F.);
#9713 = FACE_BOUND('',#9714,.F.);
#9714 = EDGE_LOOP('',(#9715,#9721,#9722,#9723));
#9715 = ORIENTED_EDGE('',*,*,#9716,.T.);
#9716 = EDGE_CURVE('',#8647,#9288,#9717,.T.);
#9717 = LINE('',#9718,#9719);
#9718 = CARTESIAN_POINT('',(2.65,0.84,0.2));
#9719 = VECTOR('',#9720,1.);
#9720 = DIRECTION('',(2.22044604925E-16,-1.,0.));
#9721 = ORIENTED_EDGE('',*,*,#9295,.T.);
#9722 = ORIENTED_EDGE('',*,*,#9699,.F.);
#9723 = ORIENTED_EDGE('',*,*,#8654,.F.);
#9724 = CYLINDRICAL_SURFACE('',#9725,0.1);
#9725 = AXIS2_PLACEMENT_3D('',#9726,#9727,#9728);
#9726 = CARTESIAN_POINT('',(2.65,0.84,0.3));
#9727 = DIRECTION('',(-2.22044604925E-16,1.,0.));
#9728 = DIRECTION('',(0.,0.,-1.));
#9729 = ADVANCED_FACE('',(#9730),#9741,.F.);
#9730 = FACE_BOUND('',#9731,.F.);
#9731 = EDGE_LOOP('',(#9732,#9738,#9739,#9740));
#9732 = ORIENTED_EDGE('',*,*,#9733,.T.);
#9733 = EDGE_CURVE('',#8639,#9280,#9734,.T.);
#9734 = LINE('',#9735,#9736);
#9735 = CARTESIAN_POINT('',(3.,0.84,0.2));
#9736 = VECTOR('',#9737,1.);
#9737 = DIRECTION('',(2.22044604925E-16,-1.,0.));
#9738 = ORIENTED_EDGE('',*,*,#9287,.T.);
#9739 = ORIENTED_EDGE('',*,*,#9716,.F.);
#9740 = ORIENTED_EDGE('',*,*,#8646,.F.);
#9741 = PLANE('',#9742);
#9742 = AXIS2_PLACEMENT_3D('',#9743,#9744,#9745);
#9743 = CARTESIAN_POINT('',(3.,0.84,0.2));
#9744 = DIRECTION('',(0.,0.,-1.));
#9745 = DIRECTION('',(-1.,-2.22044604925E-16,-0.));
#9746 = ADVANCED_FACE('',(#9747),#9758,.F.);
#9747 = FACE_BOUND('',#9748,.F.);
#9748 = EDGE_LOOP('',(#9749,#9755,#9756,#9757));
#9749 = ORIENTED_EDGE('',*,*,#9750,.T.);
#9750 = EDGE_CURVE('',#8631,#9272,#9751,.T.);
#9751 = LINE('',#9752,#9753);
#9752 = CARTESIAN_POINT('',(3.,0.84,5.551115123126E-17));
#9753 = VECTOR('',#9754,1.);
#9754 = DIRECTION('',(2.22044604925E-16,-1.,0.));
#9755 = ORIENTED_EDGE('',*,*,#9279,.T.);
#9756 = ORIENTED_EDGE('',*,*,#9733,.F.);
#9757 = ORIENTED_EDGE('',*,*,#8638,.F.);
#9758 = PLANE('',#9759);
#9759 = AXIS2_PLACEMENT_3D('',#9760,#9761,#9762);
#9760 = CARTESIAN_POINT('',(3.,0.84,5.551115123126E-17));
#9761 = DIRECTION('',(-1.,-2.22044604925E-16,0.));
#9762 = DIRECTION('',(0.,0.,1.));
#9763 = ADVANCED_FACE('',(#9764),#9775,.F.);
#9764 = FACE_BOUND('',#9765,.F.);
#9765 = EDGE_LOOP('',(#9766,#9772,#9773,#9774));
#9766 = ORIENTED_EDGE('',*,*,#9767,.T.);
#9767 = EDGE_CURVE('',#8622,#9263,#9768,.T.);
#9768 = LINE('',#9769,#9770);
#9769 = CARTESIAN_POINT('',(2.65,0.84,5.551115123126E-17));
#9770 = VECTOR('',#9771,1.);
#9771 = DIRECTION('',(2.22044604925E-16,-1.,0.));
#9772 = ORIENTED_EDGE('',*,*,#9271,.T.);
#9773 = ORIENTED_EDGE('',*,*,#9750,.F.);
#9774 = ORIENTED_EDGE('',*,*,#8630,.F.);
#9775 = PLANE('',#9776);
#9776 = AXIS2_PLACEMENT_3D('',#9777,#9778,#9779);
#9777 = CARTESIAN_POINT('',(2.65,0.84,5.551115123126E-17));
#9778 = DIRECTION('',(0.,0.,1.));
#9779 = DIRECTION('',(1.,2.22044604925E-16,-0.));
#9780 = ADVANCED_FACE('',(#9781),#9792,.T.);
#9781 = FACE_BOUND('',#9782,.T.);
#9782 = EDGE_LOOP('',(#9783,#9784,#9785,#9786));
#9783 = ORIENTED_EDGE('',*,*,#8621,.T.);
#9784 = ORIENTED_EDGE('',*,*,#9767,.T.);
#9785 = ORIENTED_EDGE('',*,*,#9262,.F.);
#9786 = ORIENTED_EDGE('',*,*,#9787,.F.);
#9787 = EDGE_CURVE('',#8614,#9255,#9788,.T.);
#9788 = LINE('',#9789,#9790);
#9789 = CARTESIAN_POINT('',(2.35,0.84,0.3));
#9790 = VECTOR('',#9791,1.);
#9791 = DIRECTION('',(2.22044604925E-16,-1.,0.));
#9792 = CYLINDRICAL_SURFACE('',#9793,0.3);
#9793 = AXIS2_PLACEMENT_3D('',#9794,#9795,#9796);
#9794 = CARTESIAN_POINT('',(2.65,0.84,0.3));
#9795 = DIRECTION('',(-2.22044604925E-16,1.,-0.));
#9796 = DIRECTION('',(-1.,-2.22044604925E-16,3.515706244646E-15));
#9797 = ADVANCED_FACE('',(#9798),#9804,.F.);
#9798 = FACE_BOUND('',#9799,.F.);
#9799 = EDGE_LOOP('',(#9800,#9801,#9802,#9803));
#9800 = ORIENTED_EDGE('',*,*,#9236,.T.);
#9801 = ORIENTED_EDGE('',*,*,#9254,.T.);
#9802 = ORIENTED_EDGE('',*,*,#9787,.F.);
#9803 = ORIENTED_EDGE('',*,*,#8613,.F.);
#9804 = PLANE('',#9805);
#9805 = AXIS2_PLACEMENT_3D('',#9806,#9807,#9808);
#9806 = CARTESIAN_POINT('',(2.35,0.84,0.725));
#9807 = DIRECTION('',(1.,2.22044604925E-16,1.044915787883E-15));
#9808 = DIRECTION('',(1.044915787883E-15,2.320179133003E-31,-1.));
#9809 = ADVANCED_FACE('',(#9810),#9827,.F.);
#9810 = FACE_BOUND('',#9811,.F.);
#9811 = EDGE_LOOP('',(#9812,#9813,#9820,#9826));
#9812 = ORIENTED_EDGE('',*,*,#8725,.T.);
#9813 = ORIENTED_EDGE('',*,*,#9814,.T.);
#9814 = EDGE_CURVE('',#8719,#9815,#9817,.T.);
#9815 = VERTEX_POINT('',#9816);
#9816 = CARTESIAN_POINT('',(-1.775,-2.45,1.025));
#9817 = B_SPLINE_CURVE_WITH_KNOTS('',1,(#9818,#9819),.UNSPECIFIED.,.F.,
  .F.,(2,2),(0.,1.),.PIECEWISE_BEZIER_KNOTS.);
#9818 = CARTESIAN_POINT('',(-1.775,-2.45,0.825));
#9819 = CARTESIAN_POINT('',(-1.775,-2.45,1.025));
#9820 = ORIENTED_EDGE('',*,*,#9821,.F.);
#9821 = EDGE_CURVE('',#8869,#9815,#9822,.T.);
#9822 = LINE('',#9823,#9824);
#9823 = CARTESIAN_POINT('',(1.775,-2.45,1.025));
#9824 = VECTOR('',#9825,1.);
#9825 = DIRECTION('',(-1.,-2.22044604925E-16,0.));
#9826 = ORIENTED_EDGE('',*,*,#8868,.F.);
#9827 = PLANE('',#9828);
#9828 = AXIS2_PLACEMENT_3D('',#9829,#9830,#9831);
#9829 = CARTESIAN_POINT('',(1.775,-2.45,1.025));
#9830 = DIRECTION('',(-2.22044604925E-16,1.,0.));
#9831 = DIRECTION('',(-1.,-2.22044604925E-16,0.));
#9832 = ADVANCED_FACE('',(#9833),#9850,.F.);
#9833 = FACE_BOUND('',#9834,.F.);
#9834 = EDGE_LOOP('',(#9835,#9836,#9843,#9849));
#9835 = ORIENTED_EDGE('',*,*,#8748,.T.);
#9836 = ORIENTED_EDGE('',*,*,#9837,.T.);
#9837 = EDGE_CURVE('',#8742,#9838,#9840,.T.);
#9838 = VERTEX_POINT('',#9839);
#9839 = CARTESIAN_POINT('',(-1.95,-2.275,1.025));
#9840 = B_SPLINE_CURVE_WITH_KNOTS('',1,(#9841,#9842),.UNSPECIFIED.,.F.,
  .F.,(2,2),(0.,1.),.PIECEWISE_BEZIER_KNOTS.);
#9841 = CARTESIAN_POINT('',(-1.95,-2.275,0.825));
#9842 = CARTESIAN_POINT('',(-1.95,-2.275,1.025));
#9843 = ORIENTED_EDGE('',*,*,#9844,.F.);
#9844 = EDGE_CURVE('',#9815,#9838,#9845,.T.);
#9845 = LINE('',#9846,#9847);
#9846 = CARTESIAN_POINT('',(-1.775,-2.45,1.025));
#9847 = VECTOR('',#9848,1.);
#9848 = DIRECTION('',(-0.707106781187,0.707106781187,0.));
#9849 = ORIENTED_EDGE('',*,*,#9814,.F.);
#9850 = PLANE('',#9851);
#9851 = AXIS2_PLACEMENT_3D('',#9852,#9853,#9854);
#9852 = CARTESIAN_POINT('',(-1.775,-2.45,1.025));
#9853 = DIRECTION('',(0.707106781187,0.707106781187,0.));
#9854 = DIRECTION('',(-0.707106781187,0.707106781187,0.));
#9855 = ADVANCED_FACE('',(#9856),#9874,.F.);
#9856 = FACE_BOUND('',#9857,.F.);
#9857 = EDGE_LOOP('',(#9858,#9859,#9860,#9868));
#9858 = ORIENTED_EDGE('',*,*,#9837,.F.);
#9859 = ORIENTED_EDGE('',*,*,#8835,.T.);
#9860 = ORIENTED_EDGE('',*,*,#9861,.T.);
#9861 = EDGE_CURVE('',#8828,#9862,#9864,.T.);
#9862 = VERTEX_POINT('',#9863);
#9863 = CARTESIAN_POINT('',(-1.95,-2.11,1.025));
#9864 = LINE('',#9865,#9866);
#9865 = CARTESIAN_POINT('',(-1.95,-2.11,0.778829828783));
#9866 = VECTOR('',#9867,1.);
#9867 = DIRECTION('',(0.,0.,1.));
#9868 = ORIENTED_EDGE('',*,*,#9869,.F.);
#9869 = EDGE_CURVE('',#9838,#9862,#9870,.T.);
#9870 = LINE('',#9871,#9872);
#9871 = CARTESIAN_POINT('',(-1.95,-2.275,1.025));
#9872 = VECTOR('',#9873,1.);
#9873 = DIRECTION('',(-2.22044604925E-16,1.,0.));
#9874 = PLANE('',#9875);
#9875 = AXIS2_PLACEMENT_3D('',#9876,#9877,#9878);
#9876 = CARTESIAN_POINT('',(-1.95,-2.275,1.025));
#9877 = DIRECTION('',(1.,2.22044604925E-16,0.));
#9878 = DIRECTION('',(-2.22044604925E-16,1.,0.));
#9879 = ADVANCED_FACE('',(#9880),#9904,.F.);
#9880 = FACE_BOUND('',#9881,.F.);
#9881 = EDGE_LOOP('',(#9882,#9890,#9891,#9898));
#9882 = ORIENTED_EDGE('',*,*,#9883,.F.);
#9883 = EDGE_CURVE('',#8772,#9884,#9886,.T.);
#9884 = VERTEX_POINT('',#9885);
#9885 = CARTESIAN_POINT('',(-1.95,2.11,1.025));
#9886 = LINE('',#9887,#9888);
#9887 = CARTESIAN_POINT('',(-1.95,2.11,0.778829828783));
#9888 = VECTOR('',#9889,1.);
#9889 = DIRECTION('',(0.,0.,1.));
#9890 = ORIENTED_EDGE('',*,*,#8771,.T.);
#9891 = ORIENTED_EDGE('',*,*,#9892,.T.);
#9892 = EDGE_CURVE('',#8765,#9893,#9895,.T.);
#9893 = VERTEX_POINT('',#9894);
#9894 = CARTESIAN_POINT('',(-1.95,2.275,1.025));
#9895 = B_SPLINE_CURVE_WITH_KNOTS('',1,(#9896,#9897),.UNSPECIFIED.,.F.,
  .F.,(2,2),(0.,1.),.PIECEWISE_BEZIER_KNOTS.);
#9896 = CARTESIAN_POINT('',(-1.95,2.275,0.825));
#9897 = CARTESIAN_POINT('',(-1.95,2.275,1.025));
#9898 = ORIENTED_EDGE('',*,*,#9899,.F.);
#9899 = EDGE_CURVE('',#9884,#9893,#9900,.T.);
#9900 = LINE('',#9901,#9902);
#9901 = CARTESIAN_POINT('',(-1.95,-2.275,1.025));
#9902 = VECTOR('',#9903,1.);
#9903 = DIRECTION('',(-2.22044604925E-16,1.,0.));
#9904 = PLANE('',#9905);
#9905 = AXIS2_PLACEMENT_3D('',#9906,#9907,#9908);
#9906 = CARTESIAN_POINT('',(-1.95,-2.275,1.025));
#9907 = DIRECTION('',(1.,2.22044604925E-16,0.));
#9908 = DIRECTION('',(-2.22044604925E-16,1.,0.));
#9909 = ADVANCED_FACE('',(#9910),#9935,.F.);
#9910 = FACE_BOUND('',#9911,.F.);
#9911 = EDGE_LOOP('',(#9912,#9920,#9921,#9929));
#9912 = ORIENTED_EDGE('',*,*,#9913,.F.);
#9913 = EDGE_CURVE('',#8828,#9914,#9916,.T.);
#9914 = VERTEX_POINT('',#9915);
#9915 = CARTESIAN_POINT('',(-2.25,-2.11,0.825));
#9916 = LINE('',#9917,#9918);
#9917 = CARTESIAN_POINT('',(-1.8,-2.11,0.825));
#9918 = VECTOR('',#9919,1.);
#9919 = DIRECTION('',(-1.,-9.95799250103E-17,0.));
#9920 = ORIENTED_EDGE('',*,*,#8827,.T.);
#9921 = ORIENTED_EDGE('',*,*,#9922,.T.);
#9922 = EDGE_CURVE('',#8820,#9923,#9925,.T.);
#9923 = VERTEX_POINT('',#9924);
#9924 = CARTESIAN_POINT('',(-2.25,-1.7,0.825));
#9925 = LINE('',#9926,#9927);
#9926 = CARTESIAN_POINT('',(-1.8,-1.7,0.825));
#9927 = VECTOR('',#9928,1.);
#9928 = DIRECTION('',(-1.,-9.95799250103E-17,0.));
#9929 = ORIENTED_EDGE('',*,*,#9930,.F.);
#9930 = EDGE_CURVE('',#9914,#9923,#9931,.T.);
#9931 = LINE('',#9932,#9933);
#9932 = CARTESIAN_POINT('',(-2.25,-2.11,0.825));
#9933 = VECTOR('',#9934,1.);
#9934 = DIRECTION('',(-9.95799250103E-17,1.,0.));
#9935 = PLANE('',#9936);
#9936 = AXIS2_PLACEMENT_3D('',#9937,#9938,#9939);
#9937 = CARTESIAN_POINT('',(-1.8,-2.11,0.825));
#9938 = DIRECTION('',(0.,0.,1.));
#9939 = DIRECTION('',(-1.,-9.95799250103E-17,0.));
#9940 = ADVANCED_FACE('',(#9941),#9966,.F.);
#9941 = FACE_BOUND('',#9942,.F.);
#9942 = EDGE_LOOP('',(#9943,#9951,#9952,#9960));
#9943 = ORIENTED_EDGE('',*,*,#9944,.F.);
#9944 = EDGE_CURVE('',#8780,#9945,#9947,.T.);
#9945 = VERTEX_POINT('',#9946);
#9946 = CARTESIAN_POINT('',(-2.25,1.7,0.825));
#9947 = LINE('',#9948,#9949);
#9948 = CARTESIAN_POINT('',(-1.8,1.7,0.825));
#9949 = VECTOR('',#9950,1.);
#9950 = DIRECTION('',(-1.,-9.95799250103E-17,0.));
#9951 = ORIENTED_EDGE('',*,*,#8779,.T.);
#9952 = ORIENTED_EDGE('',*,*,#9953,.T.);
#9953 = EDGE_CURVE('',#8772,#9954,#9956,.T.);
#9954 = VERTEX_POINT('',#9955);
#9955 = CARTESIAN_POINT('',(-2.25,2.11,0.825));
#9956 = LINE('',#9957,#9958);
#9957 = CARTESIAN_POINT('',(-1.8,2.11,0.825));
#9958 = VECTOR('',#9959,1.);
#9959 = DIRECTION('',(-1.,-9.95799250103E-17,0.));
#9960 = ORIENTED_EDGE('',*,*,#9961,.F.);
#9961 = EDGE_CURVE('',#9945,#9954,#9962,.T.);
#9962 = LINE('',#9963,#9964);
#9963 = CARTESIAN_POINT('',(-2.25,1.7,0.825));
#9964 = VECTOR('',#9965,1.);
#9965 = DIRECTION('',(-9.95799250103E-17,1.,0.));
#9966 = PLANE('',#9967);
#9967 = AXIS2_PLACEMENT_3D('',#9968,#9969,#9970);
#9968 = CARTESIAN_POINT('',(-1.8,1.7,0.825));
#9969 = DIRECTION('',(0.,0.,1.));
#9970 = DIRECTION('',(-1.,-9.95799250103E-17,0.));
#9971 = ADVANCED_FACE('',(#9972),#9997,.F.);
#9972 = FACE_BOUND('',#9973,.F.);
#9973 = EDGE_LOOP('',(#9974,#9982,#9983,#9991));
#9974 = ORIENTED_EDGE('',*,*,#9975,.F.);
#9975 = EDGE_CURVE('',#8820,#9976,#9978,.T.);
#9976 = VERTEX_POINT('',#9977);
#9977 = CARTESIAN_POINT('',(-1.95,-1.7,1.025));
#9978 = LINE('',#9979,#9980);
#9979 = CARTESIAN_POINT('',(-1.95,-1.7,0.778829828783));
#9980 = VECTOR('',#9981,1.);
#9981 = DIRECTION('',(0.,0.,1.));
#9982 = ORIENTED_EDGE('',*,*,#8819,.T.);
#9983 = ORIENTED_EDGE('',*,*,#9984,.T.);
#9984 = EDGE_CURVE('',#8812,#9985,#9987,.T.);
#9985 = VERTEX_POINT('',#9986);
#9986 = CARTESIAN_POINT('',(-1.95,-0.84,1.025));
#9987 = LINE('',#9988,#9989);
#9988 = CARTESIAN_POINT('',(-1.95,-0.84,0.778829828783));
#9989 = VECTOR('',#9990,1.);
#9990 = DIRECTION('',(0.,0.,1.));
#9991 = ORIENTED_EDGE('',*,*,#9992,.F.);
#9992 = EDGE_CURVE('',#9976,#9985,#9993,.T.);
#9993 = LINE('',#9994,#9995);
#9994 = CARTESIAN_POINT('',(-1.95,-2.275,1.025));
#9995 = VECTOR('',#9996,1.);
#9996 = DIRECTION('',(-2.22044604925E-16,1.,0.));
#9997 = PLANE('',#9998);
#9998 = AXIS2_PLACEMENT_3D('',#9999,#10000,#10001);
#9999 = CARTESIAN_POINT('',(-1.95,-2.275,1.025));
#10000 = DIRECTION('',(1.,2.22044604925E-16,0.));
#10001 = DIRECTION('',(-2.22044604925E-16,1.,0.));
#10002 = ADVANCED_FACE('',(#10003),#10028,.F.);
#10003 = FACE_BOUND('',#10004,.F.);
#10004 = EDGE_LOOP('',(#10005,#10013,#10014,#10022));
#10005 = ORIENTED_EDGE('',*,*,#10006,.F.);
#10006 = EDGE_CURVE('',#8788,#10007,#10009,.T.);
#10007 = VERTEX_POINT('',#10008);
#10008 = CARTESIAN_POINT('',(-1.95,0.84,1.025));
#10009 = LINE('',#10010,#10011);
#10010 = CARTESIAN_POINT('',(-1.95,0.84,0.778829828783));
#10011 = VECTOR('',#10012,1.);
#10012 = DIRECTION('',(0.,0.,1.));
#10013 = ORIENTED_EDGE('',*,*,#8787,.T.);
#10014 = ORIENTED_EDGE('',*,*,#10015,.T.);
#10015 = EDGE_CURVE('',#8780,#10016,#10018,.T.);
#10016 = VERTEX_POINT('',#10017);
#10017 = CARTESIAN_POINT('',(-1.95,1.7,1.025));
#10018 = LINE('',#10019,#10020);
#10019 = CARTESIAN_POINT('',(-1.95,1.7,0.778829828783));
#10020 = VECTOR('',#10021,1.);
#10021 = DIRECTION('',(0.,0.,1.));
#10022 = ORIENTED_EDGE('',*,*,#10023,.F.);
#10023 = EDGE_CURVE('',#10007,#10016,#10024,.T.);
#10024 = LINE('',#10025,#10026);
#10025 = CARTESIAN_POINT('',(-1.95,-2.275,1.025));
#10026 = VECTOR('',#10027,1.);
#10027 = DIRECTION('',(-2.22044604925E-16,1.,0.));
#10028 = PLANE('',#10029);
#10029 = AXIS2_PLACEMENT_3D('',#10030,#10031,#10032);
#10030 = CARTESIAN_POINT('',(-1.95,-2.275,1.025));
#10031 = DIRECTION('',(1.,2.22044604925E-16,0.));
#10032 = DIRECTION('',(-2.22044604925E-16,1.,0.));
#10033 = ADVANCED_FACE('',(#10034),#10059,.F.);
#10034 = FACE_BOUND('',#10035,.F.);
#10035 = EDGE_LOOP('',(#10036,#10044,#10045,#10053));
#10036 = ORIENTED_EDGE('',*,*,#10037,.F.);
#10037 = EDGE_CURVE('',#8812,#10038,#10040,.T.);
#10038 = VERTEX_POINT('',#10039);
#10039 = CARTESIAN_POINT('',(-2.25,-0.84,0.825));
#10040 = LINE('',#10041,#10042);
#10041 = CARTESIAN_POINT('',(-1.8,-0.84,0.825));
#10042 = VECTOR('',#10043,1.);
#10043 = DIRECTION('',(-1.,-9.95799250103E-17,0.));
#10044 = ORIENTED_EDGE('',*,*,#8811,.T.);
#10045 = ORIENTED_EDGE('',*,*,#10046,.T.);
#10046 = EDGE_CURVE('',#8804,#10047,#10049,.T.);
#10047 = VERTEX_POINT('',#10048);
#10048 = CARTESIAN_POINT('',(-2.25,-0.43,0.825));
#10049 = LINE('',#10050,#10051);
#10050 = CARTESIAN_POINT('',(-1.8,-0.43,0.825));
#10051 = VECTOR('',#10052,1.);
#10052 = DIRECTION('',(-1.,-9.95799250103E-17,0.));
#10053 = ORIENTED_EDGE('',*,*,#10054,.F.);
#10054 = EDGE_CURVE('',#10038,#10047,#10055,.T.);
#10055 = LINE('',#10056,#10057);
#10056 = CARTESIAN_POINT('',(-2.25,-0.84,0.825));
#10057 = VECTOR('',#10058,1.);
#10058 = DIRECTION('',(-9.95799250103E-17,1.,0.));
#10059 = PLANE('',#10060);
#10060 = AXIS2_PLACEMENT_3D('',#10061,#10062,#10063);
#10061 = CARTESIAN_POINT('',(-1.8,-0.84,0.825));
#10062 = DIRECTION('',(0.,0.,1.));
#10063 = DIRECTION('',(-1.,-9.95799250103E-17,0.));
#10064 = ADVANCED_FACE('',(#10065),#10090,.F.);
#10065 = FACE_BOUND('',#10066,.F.);
#10066 = EDGE_LOOP('',(#10067,#10075,#10076,#10084));
#10067 = ORIENTED_EDGE('',*,*,#10068,.F.);
#10068 = EDGE_CURVE('',#8796,#10069,#10071,.T.);
#10069 = VERTEX_POINT('',#10070);
#10070 = CARTESIAN_POINT('',(-2.25,0.43,0.825));
#10071 = LINE('',#10072,#10073);
#10072 = CARTESIAN_POINT('',(-1.8,0.43,0.825));
#10073 = VECTOR('',#10074,1.);
#10074 = DIRECTION('',(-1.,-9.95799250103E-17,0.));
#10075 = ORIENTED_EDGE('',*,*,#8795,.T.);
#10076 = ORIENTED_EDGE('',*,*,#10077,.T.);
#10077 = EDGE_CURVE('',#8788,#10078,#10080,.T.);
#10078 = VERTEX_POINT('',#10079);
#10079 = CARTESIAN_POINT('',(-2.25,0.84,0.825));
#10080 = LINE('',#10081,#10082);
#10081 = CARTESIAN_POINT('',(-1.8,0.84,0.825));
#10082 = VECTOR('',#10083,1.);
#10083 = DIRECTION('',(-1.,-9.95799250103E-17,0.));
#10084 = ORIENTED_EDGE('',*,*,#10085,.F.);
#10085 = EDGE_CURVE('',#10069,#10078,#10086,.T.);
#10086 = LINE('',#10087,#10088);
#10087 = CARTESIAN_POINT('',(-2.25,0.43,0.825));
#10088 = VECTOR('',#10089,1.);
#10089 = DIRECTION('',(-9.95799250103E-17,1.,0.));
#10090 = PLANE('',#10091);
#10091 = AXIS2_PLACEMENT_3D('',#10092,#10093,#10094);
#10092 = CARTESIAN_POINT('',(-1.8,0.43,0.825));
#10093 = DIRECTION('',(0.,0.,1.));
#10094 = DIRECTION('',(-1.,-9.95799250103E-17,0.));
#10095 = ADVANCED_FACE('',(#10096),#10121,.F.);
#10096 = FACE_BOUND('',#10097,.F.);
#10097 = EDGE_LOOP('',(#10098,#10106,#10107,#10115));
#10098 = ORIENTED_EDGE('',*,*,#10099,.F.);
#10099 = EDGE_CURVE('',#8804,#10100,#10102,.T.);
#10100 = VERTEX_POINT('',#10101);
#10101 = CARTESIAN_POINT('',(-1.95,-0.43,1.025));
#10102 = LINE('',#10103,#10104);
#10103 = CARTESIAN_POINT('',(-1.95,-0.43,0.778829828783));
#10104 = VECTOR('',#10105,1.);
#10105 = DIRECTION('',(0.,0.,1.));
#10106 = ORIENTED_EDGE('',*,*,#8803,.T.);
#10107 = ORIENTED_EDGE('',*,*,#10108,.T.);
#10108 = EDGE_CURVE('',#8796,#10109,#10111,.T.);
#10109 = VERTEX_POINT('',#10110);
#10110 = CARTESIAN_POINT('',(-1.95,0.43,1.025));
#10111 = LINE('',#10112,#10113);
#10112 = CARTESIAN_POINT('',(-1.95,0.43,0.778829828783));
#10113 = VECTOR('',#10114,1.);
#10114 = DIRECTION('',(0.,0.,1.));
#10115 = ORIENTED_EDGE('',*,*,#10116,.F.);
#10116 = EDGE_CURVE('',#10100,#10109,#10117,.T.);
#10117 = LINE('',#10118,#10119);
#10118 = CARTESIAN_POINT('',(-1.95,-2.275,1.025));
#10119 = VECTOR('',#10120,1.);
#10120 = DIRECTION('',(-2.22044604925E-16,1.,0.));
#10121 = PLANE('',#10122);
#10122 = AXIS2_PLACEMENT_3D('',#10123,#10124,#10125);
#10123 = CARTESIAN_POINT('',(-1.95,-2.275,1.025));
#10124 = DIRECTION('',(1.,2.22044604925E-16,0.));
#10125 = DIRECTION('',(-2.22044604925E-16,1.,0.));
#10126 = ADVANCED_FACE('',(#10127),#10138,.F.);
#10127 = FACE_BOUND('',#10128,.F.);
#10128 = EDGE_LOOP('',(#10129,#10130,#10131,#10137));
#10129 = ORIENTED_EDGE('',*,*,#8852,.T.);
#10130 = ORIENTED_EDGE('',*,*,#9499,.T.);
#10131 = ORIENTED_EDGE('',*,*,#10132,.F.);
#10132 = EDGE_CURVE('',#9893,#9492,#10133,.T.);
#10133 = LINE('',#10134,#10135);
#10134 = CARTESIAN_POINT('',(-1.95,2.275,1.025));
#10135 = VECTOR('',#10136,1.);
#10136 = DIRECTION('',(0.707106781187,0.707106781187,0.));
#10137 = ORIENTED_EDGE('',*,*,#9892,.F.);
#10138 = PLANE('',#10139);
#10139 = AXIS2_PLACEMENT_3D('',#10140,#10141,#10142);
#10140 = CARTESIAN_POINT('',(-1.95,2.275,1.025));
#10141 = DIRECTION('',(0.707106781187,-0.707106781187,0.));
#10142 = DIRECTION('',(0.707106781187,0.707106781187,0.));
#10143 = ADVANCED_FACE('',(#10144),#10154,.F.);
#10144 = FACE_BOUND('',#10145,.F.);
#10145 = EDGE_LOOP('',(#10146,#10147,#10152,#10153));
#10146 = ORIENTED_EDGE('',*,*,#8875,.T.);
#10147 = ORIENTED_EDGE('',*,*,#10148,.T.);
#10148 = EDGE_CURVE('',#8869,#9603,#10149,.T.);
#10149 = B_SPLINE_CURVE_WITH_KNOTS('',1,(#10150,#10151),.UNSPECIFIED.,
  .F.,.F.,(2,2),(0.,1.),.PIECEWISE_BEZIER_KNOTS.);
#10150 = CARTESIAN_POINT('',(1.775,-2.45,1.025));
#10151 = CARTESIAN_POINT('',(1.7375,-2.375,1.025));
#10152 = ORIENTED_EDGE('',*,*,#9602,.F.);
#10153 = ORIENTED_EDGE('',*,*,#8989,.F.);
#10154 = B_SPLINE_SURFACE_WITH_KNOTS('',1,1,(
    (#10155,#10156)
    ,(#10157,#10158
    )),.UNSPECIFIED.,.F.,.F.,.F.,(2,2),(2,2),(0.,0.247487373415),(0.,1.)
  ,.PIECEWISE_BEZIER_KNOTS.);
#10155 = CARTESIAN_POINT('',(1.95,-2.275,1.025));
#10156 = CARTESIAN_POINT('',(1.875,-2.2375,1.025));
#10157 = CARTESIAN_POINT('',(1.775,-2.45,1.025));
#10158 = CARTESIAN_POINT('',(1.7375,-2.375,1.025));
#10159 = ADVANCED_FACE('',(#10160),#10171,.T.);
#10160 = FACE_BOUND('',#10161,.T.);
#10161 = EDGE_LOOP('',(#10162,#10163,#10164,#10165));
#10162 = ORIENTED_EDGE('',*,*,#9072,.T.);
#10163 = ORIENTED_EDGE('',*,*,#9645,.T.);
#10164 = ORIENTED_EDGE('',*,*,#8959,.F.);
#10165 = ORIENTED_EDGE('',*,*,#10166,.F.);
#10166 = EDGE_CURVE('',#9065,#8952,#10167,.T.);
#10167 = LINE('',#10168,#10169);
#10168 = CARTESIAN_POINT('',(2.55,-1.7,0.725));
#10169 = VECTOR('',#10170,1.);
#10170 = DIRECTION('',(2.22044604925E-16,-1.,0.));
#10171 = CYLINDRICAL_SURFACE('',#10172,0.3);
#10172 = AXIS2_PLACEMENT_3D('',#10173,#10174,#10175);
#10173 = CARTESIAN_POINT('',(2.25,-1.7,0.725));
#10174 = DIRECTION('',(-2.22044604925E-16,1.,-0.));
#10175 = DIRECTION('',(1.,2.22044604925E-16,3.700743415417E-16));
#10176 = ADVANCED_FACE('',(#10177),#10188,.F.);
#10177 = FACE_BOUND('',#10178,.F.);
#10178 = EDGE_LOOP('',(#10179,#10185,#10186,#10187));
#10179 = ORIENTED_EDGE('',*,*,#10180,.T.);
#10180 = EDGE_CURVE('',#9056,#8943,#10181,.T.);
#10181 = LINE('',#10182,#10183);
#10182 = CARTESIAN_POINT('',(2.55,-1.7,0.3));
#10183 = VECTOR('',#10184,1.);
#10184 = DIRECTION('',(2.22044604925E-16,-1.,0.));
#10185 = ORIENTED_EDGE('',*,*,#8951,.T.);
#10186 = ORIENTED_EDGE('',*,*,#10166,.F.);
#10187 = ORIENTED_EDGE('',*,*,#9064,.F.);
#10188 = PLANE('',#10189);
#10189 = AXIS2_PLACEMENT_3D('',#10190,#10191,#10192);
#10190 = CARTESIAN_POINT('',(2.55,-1.7,0.3));
#10191 = DIRECTION('',(-1.,-2.22044604925E-16,0.));
#10192 = DIRECTION('',(0.,0.,1.));
#10193 = ADVANCED_FACE('',(#10194),#10205,.F.);
#10194 = FACE_BOUND('',#10195,.F.);
#10195 = EDGE_LOOP('',(#10196,#10202,#10203,#10204));
#10196 = ORIENTED_EDGE('',*,*,#10197,.T.);
#10197 = EDGE_CURVE('',#9048,#8935,#10198,.T.);
#10198 = LINE('',#10199,#10200);
#10199 = CARTESIAN_POINT('',(2.65,-1.7,0.2));
#10200 = VECTOR('',#10201,1.);
#10201 = DIRECTION('',(2.22044604925E-16,-1.,0.));
#10202 = ORIENTED_EDGE('',*,*,#8942,.T.);
#10203 = ORIENTED_EDGE('',*,*,#10180,.F.);
#10204 = ORIENTED_EDGE('',*,*,#9055,.F.);
#10205 = CYLINDRICAL_SURFACE('',#10206,0.1);
#10206 = AXIS2_PLACEMENT_3D('',#10207,#10208,#10209);
#10207 = CARTESIAN_POINT('',(2.65,-1.7,0.3));
#10208 = DIRECTION('',(-2.22044604925E-16,1.,0.));
#10209 = DIRECTION('',(0.,0.,-1.));
#10210 = ADVANCED_FACE('',(#10211),#10222,.F.);
#10211 = FACE_BOUND('',#10212,.F.);
#10212 = EDGE_LOOP('',(#10213,#10219,#10220,#10221));
#10213 = ORIENTED_EDGE('',*,*,#10214,.T.);
#10214 = EDGE_CURVE('',#9040,#8927,#10215,.T.);
#10215 = LINE('',#10216,#10217);
#10216 = CARTESIAN_POINT('',(3.,-1.7,0.2));
#10217 = VECTOR('',#10218,1.);
#10218 = DIRECTION('',(2.22044604925E-16,-1.,0.));
#10219 = ORIENTED_EDGE('',*,*,#8934,.T.);
#10220 = ORIENTED_EDGE('',*,*,#10197,.F.);
#10221 = ORIENTED_EDGE('',*,*,#9047,.F.);
#10222 = PLANE('',#10223);
#10223 = AXIS2_PLACEMENT_3D('',#10224,#10225,#10226);
#10224 = CARTESIAN_POINT('',(3.,-1.7,0.2));
#10225 = DIRECTION('',(0.,0.,-1.));
#10226 = DIRECTION('',(-1.,-2.22044604925E-16,-0.));
#10227 = ADVANCED_FACE('',(#10228),#10239,.F.);
#10228 = FACE_BOUND('',#10229,.F.);
#10229 = EDGE_LOOP('',(#10230,#10236,#10237,#10238));
#10230 = ORIENTED_EDGE('',*,*,#10231,.T.);
#10231 = EDGE_CURVE('',#9032,#8919,#10232,.T.);
#10232 = LINE('',#10233,#10234);
#10233 = CARTESIAN_POINT('',(3.,-1.7,5.551115123126E-17));
#10234 = VECTOR('',#10235,1.);
#10235 = DIRECTION('',(2.22044604925E-16,-1.,0.));
#10236 = ORIENTED_EDGE('',*,*,#8926,.T.);
#10237 = ORIENTED_EDGE('',*,*,#10214,.F.);
#10238 = ORIENTED_EDGE('',*,*,#9039,.F.);
#10239 = PLANE('',#10240);
#10240 = AXIS2_PLACEMENT_3D('',#10241,#10242,#10243);
#10241 = CARTESIAN_POINT('',(3.,-1.7,5.551115123126E-17));
#10242 = DIRECTION('',(-1.,-2.22044604925E-16,0.));
#10243 = DIRECTION('',(0.,0.,1.));
#10244 = ADVANCED_FACE('',(#10245),#10256,.F.);
#10245 = FACE_BOUND('',#10246,.F.);
#10246 = EDGE_LOOP('',(#10247,#10253,#10254,#10255));
#10247 = ORIENTED_EDGE('',*,*,#10248,.T.);
#10248 = EDGE_CURVE('',#9023,#8910,#10249,.T.);
#10249 = LINE('',#10250,#10251);
#10250 = CARTESIAN_POINT('',(2.65,-1.7,5.551115123126E-17));
#10251 = VECTOR('',#10252,1.);
#10252 = DIRECTION('',(2.22044604925E-16,-1.,0.));
#10253 = ORIENTED_EDGE('',*,*,#8918,.T.);
#10254 = ORIENTED_EDGE('',*,*,#10231,.F.);
#10255 = ORIENTED_EDGE('',*,*,#9031,.F.);
#10256 = PLANE('',#10257);
#10257 = AXIS2_PLACEMENT_3D('',#10258,#10259,#10260);
#10258 = CARTESIAN_POINT('',(2.65,-1.7,5.551115123126E-17));
#10259 = DIRECTION('',(0.,0.,1.));
#10260 = DIRECTION('',(1.,2.22044604925E-16,-0.));
#10261 = ADVANCED_FACE('',(#10262),#10273,.T.);
#10262 = FACE_BOUND('',#10263,.T.);
#10263 = EDGE_LOOP('',(#10264,#10265,#10266,#10267));
#10264 = ORIENTED_EDGE('',*,*,#9022,.T.);
#10265 = ORIENTED_EDGE('',*,*,#10248,.T.);
#10266 = ORIENTED_EDGE('',*,*,#8909,.F.);
#10267 = ORIENTED_EDGE('',*,*,#10268,.F.);
#10268 = EDGE_CURVE('',#9015,#8902,#10269,.T.);
#10269 = LINE('',#10270,#10271);
#10270 = CARTESIAN_POINT('',(2.35,-1.7,0.3));
#10271 = VECTOR('',#10272,1.);
#10272 = DIRECTION('',(2.22044604925E-16,-1.,0.));
#10273 = CYLINDRICAL_SURFACE('',#10274,0.3);
#10274 = AXIS2_PLACEMENT_3D('',#10275,#10276,#10277);
#10275 = CARTESIAN_POINT('',(2.65,-1.7,0.3));
#10276 = DIRECTION('',(-2.22044604925E-16,1.,-0.));
#10277 = DIRECTION('',(-1.,-2.22044604925E-16,3.515706244646E-15));
#10278 = ADVANCED_FACE('',(#10279),#10285,.F.);
#10279 = FACE_BOUND('',#10280,.F.);
#10280 = EDGE_LOOP('',(#10281,#10282,#10283,#10284));
#10281 = ORIENTED_EDGE('',*,*,#9097,.T.);
#10282 = ORIENTED_EDGE('',*,*,#8901,.T.);
#10283 = ORIENTED_EDGE('',*,*,#10268,.F.);
#10284 = ORIENTED_EDGE('',*,*,#9014,.F.);
#10285 = PLANE('',#10286);
#10286 = AXIS2_PLACEMENT_3D('',#10287,#10288,#10289);
#10287 = CARTESIAN_POINT('',(2.35,-1.7,0.725));
#10288 = DIRECTION('',(1.,2.22044604925E-16,1.044915787883E-15));
#10289 = DIRECTION('',(1.044915787883E-15,2.320179133003E-31,-1.));
#10290 = ADVANCED_FACE('',(#10291),#10302,.T.);
#10291 = FACE_BOUND('',#10292,.T.);
#10292 = EDGE_LOOP('',(#10293,#10294,#10295,#10296));
#10293 = ORIENTED_EDGE('',*,*,#9404,.T.);
#10294 = ORIENTED_EDGE('',*,*,#9664,.T.);
#10295 = ORIENTED_EDGE('',*,*,#9181,.F.);
#10296 = ORIENTED_EDGE('',*,*,#10297,.F.);
#10297 = EDGE_CURVE('',#9397,#9174,#10298,.T.);
#10298 = LINE('',#10299,#10300);
#10299 = CARTESIAN_POINT('',(2.55,-0.43,0.725));
#10300 = VECTOR('',#10301,1.);
#10301 = DIRECTION('',(2.22044604925E-16,-1.,0.));
#10302 = CYLINDRICAL_SURFACE('',#10303,0.3);
#10303 = AXIS2_PLACEMENT_3D('',#10304,#10305,#10306);
#10304 = CARTESIAN_POINT('',(2.25,-0.43,0.725));
#10305 = DIRECTION('',(-2.22044604925E-16,1.,-0.));
#10306 = DIRECTION('',(1.,2.22044604925E-16,3.700743415417E-16));
#10307 = ADVANCED_FACE('',(#10308),#10319,.F.);
#10308 = FACE_BOUND('',#10309,.F.);
#10309 = EDGE_LOOP('',(#10310,#10316,#10317,#10318));
#10310 = ORIENTED_EDGE('',*,*,#10311,.T.);
#10311 = EDGE_CURVE('',#9388,#9165,#10312,.T.);
#10312 = LINE('',#10313,#10314);
#10313 = CARTESIAN_POINT('',(2.55,-0.43,0.3));
#10314 = VECTOR('',#10315,1.);
#10315 = DIRECTION('',(2.22044604925E-16,-1.,0.));
#10316 = ORIENTED_EDGE('',*,*,#9173,.T.);
#10317 = ORIENTED_EDGE('',*,*,#10297,.F.);
#10318 = ORIENTED_EDGE('',*,*,#9396,.F.);
#10319 = PLANE('',#10320);
#10320 = AXIS2_PLACEMENT_3D('',#10321,#10322,#10323);
#10321 = CARTESIAN_POINT('',(2.55,-0.43,0.3));
#10322 = DIRECTION('',(-1.,-2.22044604925E-16,0.));
#10323 = DIRECTION('',(0.,0.,1.));
#10324 = ADVANCED_FACE('',(#10325),#10336,.F.);
#10325 = FACE_BOUND('',#10326,.F.);
#10326 = EDGE_LOOP('',(#10327,#10333,#10334,#10335));
#10327 = ORIENTED_EDGE('',*,*,#10328,.T.);
#10328 = EDGE_CURVE('',#9380,#9157,#10329,.T.);
#10329 = LINE('',#10330,#10331);
#10330 = CARTESIAN_POINT('',(2.65,-0.43,0.2));
#10331 = VECTOR('',#10332,1.);
#10332 = DIRECTION('',(2.22044604925E-16,-1.,0.));
#10333 = ORIENTED_EDGE('',*,*,#9164,.T.);
#10334 = ORIENTED_EDGE('',*,*,#10311,.F.);
#10335 = ORIENTED_EDGE('',*,*,#9387,.F.);
#10336 = CYLINDRICAL_SURFACE('',#10337,0.1);
#10337 = AXIS2_PLACEMENT_3D('',#10338,#10339,#10340);
#10338 = CARTESIAN_POINT('',(2.65,-0.43,0.3));
#10339 = DIRECTION('',(-2.22044604925E-16,1.,0.));
#10340 = DIRECTION('',(0.,0.,-1.));
#10341 = ADVANCED_FACE('',(#10342),#10353,.F.);
#10342 = FACE_BOUND('',#10343,.F.);
#10343 = EDGE_LOOP('',(#10344,#10350,#10351,#10352));
#10344 = ORIENTED_EDGE('',*,*,#10345,.T.);
#10345 = EDGE_CURVE('',#9372,#9149,#10346,.T.);
#10346 = LINE('',#10347,#10348);
#10347 = CARTESIAN_POINT('',(3.,-0.43,0.2));
#10348 = VECTOR('',#10349,1.);
#10349 = DIRECTION('',(2.22044604925E-16,-1.,0.));
#10350 = ORIENTED_EDGE('',*,*,#9156,.T.);
#10351 = ORIENTED_EDGE('',*,*,#10328,.F.);
#10352 = ORIENTED_EDGE('',*,*,#9379,.F.);
#10353 = PLANE('',#10354);
#10354 = AXIS2_PLACEMENT_3D('',#10355,#10356,#10357);
#10355 = CARTESIAN_POINT('',(3.,-0.43,0.2));
#10356 = DIRECTION('',(0.,0.,-1.));
#10357 = DIRECTION('',(-1.,-2.22044604925E-16,-0.));
#10358 = ADVANCED_FACE('',(#10359),#10370,.F.);
#10359 = FACE_BOUND('',#10360,.F.);
#10360 = EDGE_LOOP('',(#10361,#10367,#10368,#10369));
#10361 = ORIENTED_EDGE('',*,*,#10362,.T.);
#10362 = EDGE_CURVE('',#9364,#9141,#10363,.T.);
#10363 = LINE('',#10364,#10365);
#10364 = CARTESIAN_POINT('',(3.,-0.43,5.551115123126E-17));
#10365 = VECTOR('',#10366,1.);
#10366 = DIRECTION('',(2.22044604925E-16,-1.,0.));
#10367 = ORIENTED_EDGE('',*,*,#9148,.T.);
#10368 = ORIENTED_EDGE('',*,*,#10345,.F.);
#10369 = ORIENTED_EDGE('',*,*,#9371,.F.);
#10370 = PLANE('',#10371);
#10371 = AXIS2_PLACEMENT_3D('',#10372,#10373,#10374);
#10372 = CARTESIAN_POINT('',(3.,-0.43,5.551115123126E-17));
#10373 = DIRECTION('',(-1.,-2.22044604925E-16,0.));
#10374 = DIRECTION('',(0.,0.,1.));
#10375 = ADVANCED_FACE('',(#10376),#10387,.F.);
#10376 = FACE_BOUND('',#10377,.F.);
#10377 = EDGE_LOOP('',(#10378,#10384,#10385,#10386));
#10378 = ORIENTED_EDGE('',*,*,#10379,.T.);
#10379 = EDGE_CURVE('',#9355,#9132,#10380,.T.);
#10380 = LINE('',#10381,#10382);
#10381 = CARTESIAN_POINT('',(2.65,-0.43,5.551115123126E-17));
#10382 = VECTOR('',#10383,1.);
#10383 = DIRECTION('',(2.22044604925E-16,-1.,0.));
#10384 = ORIENTED_EDGE('',*,*,#9140,.T.);
#10385 = ORIENTED_EDGE('',*,*,#10362,.F.);
#10386 = ORIENTED_EDGE('',*,*,#9363,.F.);
#10387 = PLANE('',#10388);
#10388 = AXIS2_PLACEMENT_3D('',#10389,#10390,#10391);
#10389 = CARTESIAN_POINT('',(2.65,-0.43,5.551115123126E-17));
#10390 = DIRECTION('',(0.,0.,1.));
#10391 = DIRECTION('',(1.,2.22044604925E-16,-0.));
#10392 = ADVANCED_FACE('',(#10393),#10404,.T.);
#10393 = FACE_BOUND('',#10394,.T.);
#10394 = EDGE_LOOP('',(#10395,#10396,#10397,#10398));
#10395 = ORIENTED_EDGE('',*,*,#9354,.T.);
#10396 = ORIENTED_EDGE('',*,*,#10379,.T.);
#10397 = ORIENTED_EDGE('',*,*,#9131,.F.);
#10398 = ORIENTED_EDGE('',*,*,#10399,.F.);
#10399 = EDGE_CURVE('',#9347,#9124,#10400,.T.);
#10400 = LINE('',#10401,#10402);
#10401 = CARTESIAN_POINT('',(2.35,-0.43,0.3));
#10402 = VECTOR('',#10403,1.);
#10403 = DIRECTION('',(2.22044604925E-16,-1.,0.));
#10404 = CYLINDRICAL_SURFACE('',#10405,0.3);
#10405 = AXIS2_PLACEMENT_3D('',#10406,#10407,#10408);
#10406 = CARTESIAN_POINT('',(2.65,-0.43,0.3));
#10407 = DIRECTION('',(-2.22044604925E-16,1.,-0.));
#10408 = DIRECTION('',(-1.,-2.22044604925E-16,3.515706244646E-15));
#10409 = ADVANCED_FACE('',(#10410),#10416,.F.);
#10410 = FACE_BOUND('',#10411,.F.);
#10411 = EDGE_LOOP('',(#10412,#10413,#10414,#10415));
#10412 = ORIENTED_EDGE('',*,*,#9429,.T.);
#10413 = ORIENTED_EDGE('',*,*,#9123,.T.);
#10414 = ORIENTED_EDGE('',*,*,#10399,.F.);
#10415 = ORIENTED_EDGE('',*,*,#9346,.F.);
#10416 = PLANE('',#10417);
#10417 = AXIS2_PLACEMENT_3D('',#10418,#10419,#10420);
#10418 = CARTESIAN_POINT('',(2.35,-0.43,0.725));
#10419 = DIRECTION('',(1.,2.22044604925E-16,1.044915787883E-15));
#10420 = DIRECTION('',(1.044915787883E-15,2.320179133003E-31,-1.));
#10421 = ADVANCED_FACE('',(#10422),#10439,.F.);
#10422 = FACE_BOUND('',#10423,.F.);
#10423 = EDGE_LOOP('',(#10424,#10425,#10426,#10434));
#10424 = ORIENTED_EDGE('',*,*,#9491,.T.);
#10425 = ORIENTED_EDGE('',*,*,#9476,.T.);
#10426 = ORIENTED_EDGE('',*,*,#10427,.F.);
#10427 = EDGE_CURVE('',#10428,#9469,#10430,.T.);
#10428 = VERTEX_POINT('',#10429);
#10429 = CARTESIAN_POINT('',(-1.7375,2.375,1.025));
#10430 = LINE('',#10431,#10432);
#10431 = CARTESIAN_POINT('',(-1.7375,2.375,1.025));
#10432 = VECTOR('',#10433,1.);
#10433 = DIRECTION('',(1.,2.22044604925E-16,0.));
#10434 = ORIENTED_EDGE('',*,*,#10435,.F.);
#10435 = EDGE_CURVE('',#9492,#10428,#10436,.T.);
#10436 = B_SPLINE_CURVE_WITH_KNOTS('',1,(#10437,#10438),.UNSPECIFIED.,
  .F.,.F.,(2,2),(0.,1.),.PIECEWISE_BEZIER_KNOTS.);
#10437 = CARTESIAN_POINT('',(-1.775,2.45,1.025));
#10438 = CARTESIAN_POINT('',(-1.7375,2.375,1.025));
#10439 = B_SPLINE_SURFACE_WITH_KNOTS('',1,1,(
    (#10440,#10441)
    ,(#10442,#10443
    )),.UNSPECIFIED.,.F.,.F.,.F.,(2,2),(2,2),(0.,3.55),(0.,1.),
  .PIECEWISE_BEZIER_KNOTS.);
#10440 = CARTESIAN_POINT('',(-1.775,2.45,1.025));
#10441 = CARTESIAN_POINT('',(-1.7375,2.375,1.025));
#10442 = CARTESIAN_POINT('',(1.775,2.45,1.025));
#10443 = CARTESIAN_POINT('',(1.7375,2.375,1.025));
#10444 = ADVANCED_FACE('',(#10445),#10455,.F.);
#10445 = FACE_BOUND('',#10446,.F.);
#10446 = EDGE_LOOP('',(#10447,#10448,#10449,#10450));
#10447 = ORIENTED_EDGE('',*,*,#10427,.T.);
#10448 = ORIENTED_EDGE('',*,*,#9522,.T.);
#10449 = ORIENTED_EDGE('',*,*,#9535,.F.);
#10450 = ORIENTED_EDGE('',*,*,#10451,.F.);
#10451 = EDGE_CURVE('',#10428,#9536,#10452,.T.);
#10452 = B_SPLINE_CURVE_WITH_KNOTS('',1,(#10453,#10454),.UNSPECIFIED.,
  .F.,.F.,(2,2),(0.,1.),.PIECEWISE_BEZIER_KNOTS.);
#10453 = CARTESIAN_POINT('',(-1.7375,2.375,1.025));
#10454 = CARTESIAN_POINT('',(-1.680085640382,2.260171280765,1.75));
#10455 = B_SPLINE_SURFACE_WITH_KNOTS('',1,1,(
    (#10456,#10457)
    ,(#10458,#10459
    )),.UNSPECIFIED.,.F.,.F.,.F.,(2,2),(2,2),(0.,3.475),(0.,1.),
  .PIECEWISE_BEZIER_KNOTS.);
#10456 = CARTESIAN_POINT('',(-1.7375,2.375,1.025));
#10457 = CARTESIAN_POINT('',(-1.680085640382,2.260171280765,1.75));
#10458 = CARTESIAN_POINT('',(1.7375,2.375,1.025));
#10459 = CARTESIAN_POINT('',(1.680085640382,2.260171280765,1.75));
#10460 = ADVANCED_FACE('',(#10461),#10478,.F.);
#10461 = FACE_BOUND('',#10462,.F.);
#10462 = EDGE_LOOP('',(#10463,#10471,#10472,#10473));
#10463 = ORIENTED_EDGE('',*,*,#10464,.T.);
#10464 = EDGE_CURVE('',#10465,#10428,#10467,.T.);
#10465 = VERTEX_POINT('',#10466);
#10466 = CARTESIAN_POINT('',(-1.875,2.2375,1.025));
#10467 = LINE('',#10468,#10469);
#10468 = CARTESIAN_POINT('',(-1.875,2.2375,1.025));
#10469 = VECTOR('',#10470,1.);
#10470 = DIRECTION('',(0.707106781187,0.707106781187,0.));
#10471 = ORIENTED_EDGE('',*,*,#10451,.T.);
#10472 = ORIENTED_EDGE('',*,*,#9577,.F.);
#10473 = ORIENTED_EDGE('',*,*,#10474,.F.);
#10474 = EDGE_CURVE('',#10465,#9570,#10475,.T.);
#10475 = B_SPLINE_CURVE_WITH_KNOTS('',1,(#10476,#10477),.UNSPECIFIED.,
  .F.,.F.,(2,2),(0.,1.),.PIECEWISE_BEZIER_KNOTS.);
#10476 = CARTESIAN_POINT('',(-1.875,2.2375,1.025));
#10477 = CARTESIAN_POINT('',(-1.760171280765,2.180085640382,1.75));
#10478 = B_SPLINE_SURFACE_WITH_KNOTS('',1,1,(
    (#10479,#10480)
    ,(#10481,#10482
    )),.UNSPECIFIED.,.F.,.F.,.F.,(2,2),(2,2),(0.,0.194454364826),(0.,1.)
  ,.PIECEWISE_BEZIER_KNOTS.);
#10479 = CARTESIAN_POINT('',(-1.875,2.2375,1.025));
#10480 = CARTESIAN_POINT('',(-1.760171280765,2.180085640382,1.75));
#10481 = CARTESIAN_POINT('',(-1.7375,2.375,1.025));
#10482 = CARTESIAN_POINT('',(-1.680085640382,2.260171280765,1.75));
#10483 = ADVANCED_FACE('',(#10484),#10565,.F.);
#10484 = FACE_BOUND('',#10485,.F.);
#10485 = EDGE_LOOP('',(#10486,#10496,#10504,#10512,#10520,#10528,#10536,
    #10544,#10552,#10558,#10559,#10560));
#10486 = ORIENTED_EDGE('',*,*,#10487,.T.);
#10487 = EDGE_CURVE('',#10488,#10490,#10492,.T.);
#10488 = VERTEX_POINT('',#10489);
#10489 = CARTESIAN_POINT('',(-1.875,-2.2375,1.025));
#10490 = VERTEX_POINT('',#10491);
#10491 = CARTESIAN_POINT('',(-1.875,-2.11,1.025));
#10492 = LINE('',#10493,#10494);
#10493 = CARTESIAN_POINT('',(-1.875,-2.2375,1.025));
#10494 = VECTOR('',#10495,1.);
#10495 = DIRECTION('',(-2.22044604925E-16,1.,0.));
#10496 = ORIENTED_EDGE('',*,*,#10497,.T.);
#10497 = EDGE_CURVE('',#10490,#10498,#10500,.T.);
#10498 = VERTEX_POINT('',#10499);
#10499 = CARTESIAN_POINT('',(-1.875,-1.7,1.025));
#10500 = LINE('',#10501,#10502);
#10501 = CARTESIAN_POINT('',(-1.875,-2.2375,1.025));
#10502 = VECTOR('',#10503,1.);
#10503 = DIRECTION('',(-2.22044604925E-16,1.,0.));
#10504 = ORIENTED_EDGE('',*,*,#10505,.T.);
#10505 = EDGE_CURVE('',#10498,#10506,#10508,.T.);
#10506 = VERTEX_POINT('',#10507);
#10507 = CARTESIAN_POINT('',(-1.875,-0.84,1.025));
#10508 = LINE('',#10509,#10510);
#10509 = CARTESIAN_POINT('',(-1.875,-2.2375,1.025));
#10510 = VECTOR('',#10511,1.);
#10511 = DIRECTION('',(-2.22044604925E-16,1.,0.));
#10512 = ORIENTED_EDGE('',*,*,#10513,.T.);
#10513 = EDGE_CURVE('',#10506,#10514,#10516,.T.);
#10514 = VERTEX_POINT('',#10515);
#10515 = CARTESIAN_POINT('',(-1.875,-0.43,1.025));
#10516 = LINE('',#10517,#10518);
#10517 = CARTESIAN_POINT('',(-1.875,-2.2375,1.025));
#10518 = VECTOR('',#10519,1.);
#10519 = DIRECTION('',(-2.22044604925E-16,1.,0.));
#10520 = ORIENTED_EDGE('',*,*,#10521,.T.);
#10521 = EDGE_CURVE('',#10514,#10522,#10524,.T.);
#10522 = VERTEX_POINT('',#10523);
#10523 = CARTESIAN_POINT('',(-1.875,0.43,1.025));
#10524 = LINE('',#10525,#10526);
#10525 = CARTESIAN_POINT('',(-1.875,-2.2375,1.025));
#10526 = VECTOR('',#10527,1.);
#10527 = DIRECTION('',(-2.22044604925E-16,1.,0.));
#10528 = ORIENTED_EDGE('',*,*,#10529,.T.);
#10529 = EDGE_CURVE('',#10522,#10530,#10532,.T.);
#10530 = VERTEX_POINT('',#10531);
#10531 = CARTESIAN_POINT('',(-1.875,0.84,1.025));
#10532 = LINE('',#10533,#10534);
#10533 = CARTESIAN_POINT('',(-1.875,-2.2375,1.025));
#10534 = VECTOR('',#10535,1.);
#10535 = DIRECTION('',(-2.22044604925E-16,1.,0.));
#10536 = ORIENTED_EDGE('',*,*,#10537,.T.);
#10537 = EDGE_CURVE('',#10530,#10538,#10540,.T.);
#10538 = VERTEX_POINT('',#10539);
#10539 = CARTESIAN_POINT('',(-1.875,1.7,1.025));
#10540 = LINE('',#10541,#10542);
#10541 = CARTESIAN_POINT('',(-1.875,-2.2375,1.025));
#10542 = VECTOR('',#10543,1.);
#10543 = DIRECTION('',(-2.22044604925E-16,1.,0.));
#10544 = ORIENTED_EDGE('',*,*,#10545,.T.);
#10545 = EDGE_CURVE('',#10538,#10546,#10548,.T.);
#10546 = VERTEX_POINT('',#10547);
#10547 = CARTESIAN_POINT('',(-1.875,2.11,1.025));
#10548 = LINE('',#10549,#10550);
#10549 = CARTESIAN_POINT('',(-1.875,-2.2375,1.025));
#10550 = VECTOR('',#10551,1.);
#10551 = DIRECTION('',(-2.22044604925E-16,1.,0.));
#10552 = ORIENTED_EDGE('',*,*,#10553,.T.);
#10553 = EDGE_CURVE('',#10546,#10465,#10554,.T.);
#10554 = LINE('',#10555,#10556);
#10555 = CARTESIAN_POINT('',(-1.875,-2.2375,1.025));
#10556 = VECTOR('',#10557,1.);
#10557 = DIRECTION('',(-2.22044604925E-16,1.,0.));
#10558 = ORIENTED_EDGE('',*,*,#10474,.T.);
#10559 = ORIENTED_EDGE('',*,*,#9569,.F.);
#10560 = ORIENTED_EDGE('',*,*,#10561,.F.);
#10561 = EDGE_CURVE('',#10488,#9562,#10562,.T.);
#10562 = B_SPLINE_CURVE_WITH_KNOTS('',1,(#10563,#10564),.UNSPECIFIED.,
  .F.,.F.,(2,2),(0.,1.),.PIECEWISE_BEZIER_KNOTS.);
#10563 = CARTESIAN_POINT('',(-1.875,-2.2375,1.025));
#10564 = CARTESIAN_POINT('',(-1.760171280765,-2.180085640382,1.75));
#10565 = B_SPLINE_SURFACE_WITH_KNOTS('',1,1,(
    (#10566,#10567)
    ,(#10568,#10569
    )),.UNSPECIFIED.,.F.,.F.,.F.,(2,2),(2,2),(0.,4.475),(0.,1.),
  .PIECEWISE_BEZIER_KNOTS.);
#10566 = CARTESIAN_POINT('',(-1.875,-2.2375,1.025));
#10567 = CARTESIAN_POINT('',(-1.760171280765,-2.180085640382,1.75));
#10568 = CARTESIAN_POINT('',(-1.875,2.2375,1.025));
#10569 = CARTESIAN_POINT('',(-1.760171280765,2.180085640382,1.75));
#10570 = ADVANCED_FACE('',(#10571),#10588,.F.);
#10571 = FACE_BOUND('',#10572,.F.);
#10572 = EDGE_LOOP('',(#10573,#10581,#10582,#10583));
#10573 = ORIENTED_EDGE('',*,*,#10574,.T.);
#10574 = EDGE_CURVE('',#10575,#10488,#10577,.T.);
#10575 = VERTEX_POINT('',#10576);
#10576 = CARTESIAN_POINT('',(-1.7375,-2.375,1.025));
#10577 = LINE('',#10578,#10579);
#10578 = CARTESIAN_POINT('',(-1.7375,-2.375,1.025));
#10579 = VECTOR('',#10580,1.);
#10580 = DIRECTION('',(-0.707106781187,0.707106781187,0.));
#10581 = ORIENTED_EDGE('',*,*,#10561,.T.);
#10582 = ORIENTED_EDGE('',*,*,#9561,.F.);
#10583 = ORIENTED_EDGE('',*,*,#10584,.F.);
#10584 = EDGE_CURVE('',#10575,#9554,#10585,.T.);
#10585 = B_SPLINE_CURVE_WITH_KNOTS('',1,(#10586,#10587),.UNSPECIFIED.,
  .F.,.F.,(2,2),(0.,1.),.PIECEWISE_BEZIER_KNOTS.);
#10586 = CARTESIAN_POINT('',(-1.7375,-2.375,1.025));
#10587 = CARTESIAN_POINT('',(-1.680085640382,-2.260171280765,1.75));
#10588 = B_SPLINE_SURFACE_WITH_KNOTS('',1,1,(
    (#10589,#10590)
    ,(#10591,#10592
    )),.UNSPECIFIED.,.F.,.F.,.F.,(2,2),(2,2),(0.,0.194454364826),(0.,1.)
  ,.PIECEWISE_BEZIER_KNOTS.);
#10589 = CARTESIAN_POINT('',(-1.7375,-2.375,1.025));
#10590 = CARTESIAN_POINT('',(-1.680085640382,-2.260171280765,1.75));
#10591 = CARTESIAN_POINT('',(-1.875,-2.2375,1.025));
#10592 = CARTESIAN_POINT('',(-1.760171280765,-2.180085640382,1.75));
#10593 = ADVANCED_FACE('',(#10594),#10605,.F.);
#10594 = FACE_BOUND('',#10595,.F.);
#10595 = EDGE_LOOP('',(#10596,#10602,#10603,#10604));
#10596 = ORIENTED_EDGE('',*,*,#10597,.T.);
#10597 = EDGE_CURVE('',#9603,#10575,#10598,.T.);
#10598 = LINE('',#10599,#10600);
#10599 = CARTESIAN_POINT('',(1.7375,-2.375,1.025));
#10600 = VECTOR('',#10601,1.);
#10601 = DIRECTION('',(-1.,-2.22044604925E-16,0.));
#10602 = ORIENTED_EDGE('',*,*,#10584,.T.);
#10603 = ORIENTED_EDGE('',*,*,#9553,.F.);
#10604 = ORIENTED_EDGE('',*,*,#9610,.F.);
#10605 = B_SPLINE_SURFACE_WITH_KNOTS('',1,1,(
    (#10606,#10607)
    ,(#10608,#10609
    )),.UNSPECIFIED.,.F.,.F.,.F.,(2,2),(2,2),(0.,3.475),(0.,1.),
  .PIECEWISE_BEZIER_KNOTS.);
#10606 = CARTESIAN_POINT('',(1.7375,-2.375,1.025));
#10607 = CARTESIAN_POINT('',(1.680085640382,-2.260171280765,1.75));
#10608 = CARTESIAN_POINT('',(-1.7375,-2.375,1.025));
#10609 = CARTESIAN_POINT('',(-1.680085640382,-2.260171280765,1.75));
#10610 = ADVANCED_FACE('',(#10611),#10630,.F.);
#10611 = FACE_BOUND('',#10612,.F.);
#10612 = EDGE_LOOP('',(#10613,#10622,#10628,#10629));
#10613 = ORIENTED_EDGE('',*,*,#10614,.T.);
#10614 = EDGE_CURVE('',#10615,#10615,#10617,.T.);
#10615 = VERTEX_POINT('',#10616);
#10616 = CARTESIAN_POINT('',(-1.110171280765,1.310171280765,1.7));
#10617 = CIRCLE('',#10618,0.3);
#10618 = AXIS2_PLACEMENT_3D('',#10619,#10620,#10621);
#10619 = CARTESIAN_POINT('',(-1.110171280765,1.610171280765,1.7));
#10620 = DIRECTION('',(-0.,0.,1.));
#10621 = DIRECTION('',(2.22044604925E-16,-1.,0.));
#10622 = ORIENTED_EDGE('',*,*,#10623,.F.);
#10623 = EDGE_CURVE('',#9586,#10615,#10624,.T.);
#10624 = LINE('',#10625,#10626);
#10625 = CARTESIAN_POINT('',(-1.110171280765,1.310171280765,1.75));
#10626 = VECTOR('',#10627,1.);
#10627 = DIRECTION('',(0.,-0.,-1.));
#10628 = ORIENTED_EDGE('',*,*,#9585,.F.);
#10629 = ORIENTED_EDGE('',*,*,#10623,.T.);
#10630 = CYLINDRICAL_SURFACE('',#10631,0.3);
#10631 = AXIS2_PLACEMENT_3D('',#10632,#10633,#10634);
#10632 = CARTESIAN_POINT('',(-1.110171280765,1.610171280765,1.75));
#10633 = DIRECTION('',(-0.,0.,-1.));
#10634 = DIRECTION('',(2.22044604925E-16,-1.,-0.));
#10635 = ADVANCED_FACE('',(#10636),#10646,.F.);
#10636 = FACE_BOUND('',#10637,.F.);
#10637 = EDGE_LOOP('',(#10638,#10639,#10644,#10645));
#10638 = ORIENTED_EDGE('',*,*,#9821,.T.);
#10639 = ORIENTED_EDGE('',*,*,#10640,.T.);
#10640 = EDGE_CURVE('',#9815,#10575,#10641,.T.);
#10641 = B_SPLINE_CURVE_WITH_KNOTS('',1,(#10642,#10643),.UNSPECIFIED.,
  .F.,.F.,(2,2),(0.,1.),.PIECEWISE_BEZIER_KNOTS.);
#10642 = CARTESIAN_POINT('',(-1.775,-2.45,1.025));
#10643 = CARTESIAN_POINT('',(-1.7375,-2.375,1.025));
#10644 = ORIENTED_EDGE('',*,*,#10597,.F.);
#10645 = ORIENTED_EDGE('',*,*,#10148,.F.);
#10646 = B_SPLINE_SURFACE_WITH_KNOTS('',1,1,(
    (#10647,#10648)
    ,(#10649,#10650
    )),.UNSPECIFIED.,.F.,.F.,.F.,(2,2),(2,2),(0.,3.55),(0.,1.),
  .PIECEWISE_BEZIER_KNOTS.);
#10647 = CARTESIAN_POINT('',(1.775,-2.45,1.025));
#10648 = CARTESIAN_POINT('',(1.7375,-2.375,1.025));
#10649 = CARTESIAN_POINT('',(-1.775,-2.45,1.025));
#10650 = CARTESIAN_POINT('',(-1.7375,-2.375,1.025));
#10651 = ADVANCED_FACE('',(#10652),#10662,.F.);
#10652 = FACE_BOUND('',#10653,.F.);
#10653 = EDGE_LOOP('',(#10654,#10655,#10660,#10661));
#10654 = ORIENTED_EDGE('',*,*,#9844,.T.);
#10655 = ORIENTED_EDGE('',*,*,#10656,.T.);
#10656 = EDGE_CURVE('',#9838,#10488,#10657,.T.);
#10657 = B_SPLINE_CURVE_WITH_KNOTS('',1,(#10658,#10659),.UNSPECIFIED.,
  .F.,.F.,(2,2),(0.,1.),.PIECEWISE_BEZIER_KNOTS.);
#10658 = CARTESIAN_POINT('',(-1.95,-2.275,1.025));
#10659 = CARTESIAN_POINT('',(-1.875,-2.2375,1.025));
#10660 = ORIENTED_EDGE('',*,*,#10574,.F.);
#10661 = ORIENTED_EDGE('',*,*,#10640,.F.);
#10662 = B_SPLINE_SURFACE_WITH_KNOTS('',1,1,(
    (#10663,#10664)
    ,(#10665,#10666
    )),.UNSPECIFIED.,.F.,.F.,.F.,(2,2),(2,2),(0.,0.247487373415),(0.,1.)
  ,.PIECEWISE_BEZIER_KNOTS.);
#10663 = CARTESIAN_POINT('',(-1.775,-2.45,1.025));
#10664 = CARTESIAN_POINT('',(-1.7375,-2.375,1.025));
#10665 = CARTESIAN_POINT('',(-1.95,-2.275,1.025));
#10666 = CARTESIAN_POINT('',(-1.875,-2.2375,1.025));
#10667 = ADVANCED_FACE('',(#10668),#10679,.F.);
#10668 = FACE_BOUND('',#10669,.F.);
#10669 = EDGE_LOOP('',(#10670,#10671,#10672,#10678));
#10670 = ORIENTED_EDGE('',*,*,#10656,.F.);
#10671 = ORIENTED_EDGE('',*,*,#9869,.T.);
#10672 = ORIENTED_EDGE('',*,*,#10673,.T.);
#10673 = EDGE_CURVE('',#9862,#10490,#10674,.T.);
#10674 = LINE('',#10675,#10676);
#10675 = CARTESIAN_POINT('',(-2.25,-2.11,1.025));
#10676 = VECTOR('',#10677,1.);
#10677 = DIRECTION('',(1.,9.95799250103E-17,0.));
#10678 = ORIENTED_EDGE('',*,*,#10487,.F.);
#10679 = B_SPLINE_SURFACE_WITH_KNOTS('',1,1,(
    (#10680,#10681)
    ,(#10682,#10683
    )),.UNSPECIFIED.,.F.,.F.,.F.,(2,2),(2,2),(0.,4.55),(0.,1.),
  .PIECEWISE_BEZIER_KNOTS.);
#10680 = CARTESIAN_POINT('',(-1.95,-2.275,1.025));
#10681 = CARTESIAN_POINT('',(-1.875,-2.2375,1.025));
#10682 = CARTESIAN_POINT('',(-1.95,2.275,1.025));
#10683 = CARTESIAN_POINT('',(-1.875,2.2375,1.025));
#10684 = ADVANCED_FACE('',(#10685),#10771,.F.);
#10685 = FACE_BOUND('',#10686,.F.);
#10686 = EDGE_LOOP('',(#10687,#10688,#10689,#10698,#10706,#10715,#10723,
    #10731,#10739,#10748,#10756,#10765));
#10687 = ORIENTED_EDGE('',*,*,#9861,.F.);
#10688 = ORIENTED_EDGE('',*,*,#9913,.T.);
#10689 = ORIENTED_EDGE('',*,*,#10690,.T.);
#10690 = EDGE_CURVE('',#9914,#10691,#10693,.T.);
#10691 = VERTEX_POINT('',#10692);
#10692 = CARTESIAN_POINT('',(-2.35,-2.11,0.725));
#10693 = CIRCLE('',#10694,0.1);
#10694 = AXIS2_PLACEMENT_3D('',#10695,#10696,#10697);
#10695 = CARTESIAN_POINT('',(-2.25,-2.11,0.725));
#10696 = DIRECTION('',(9.95799250103E-17,-1.,0.));
#10697 = DIRECTION('',(-4.440892098501E-15,-4.422237021476E-31,1.));
#10698 = ORIENTED_EDGE('',*,*,#10699,.T.);
#10699 = EDGE_CURVE('',#10691,#10700,#10702,.T.);
#10700 = VERTEX_POINT('',#10701);
#10701 = CARTESIAN_POINT('',(-2.35,-2.11,0.3));
#10702 = LINE('',#10703,#10704);
#10703 = CARTESIAN_POINT('',(-2.35,-2.11,0.725));
#10704 = VECTOR('',#10705,1.);
#10705 = DIRECTION('',(-1.044915787883E-15,-1.040526357994E-31,-1.));
#10706 = ORIENTED_EDGE('',*,*,#10707,.T.);
#10707 = EDGE_CURVE('',#10700,#10708,#10710,.T.);
#10708 = VERTEX_POINT('',#10709);
#10709 = CARTESIAN_POINT('',(-2.65,-2.11,5.551115123126E-17));
#10710 = CIRCLE('',#10711,0.3);
#10711 = AXIS2_PLACEMENT_3D('',#10712,#10713,#10714);
#10712 = CARTESIAN_POINT('',(-2.65,-2.11,0.3));
#10713 = DIRECTION('',(-9.95799250103E-17,1.,0.));
#10714 = DIRECTION('',(1.,9.95799250103E-17,3.515706244646E-15));
#10715 = ORIENTED_EDGE('',*,*,#10716,.T.);
#10716 = EDGE_CURVE('',#10708,#10717,#10719,.T.);
#10717 = VERTEX_POINT('',#10718);
#10718 = CARTESIAN_POINT('',(-3.,-2.11,5.551115123126E-17));
#10719 = LINE('',#10720,#10721);
#10720 = CARTESIAN_POINT('',(-2.65,-2.11,5.551115123126E-17));
#10721 = VECTOR('',#10722,1.);
#10722 = DIRECTION('',(-1.,-9.95799250103E-17,0.));
#10723 = ORIENTED_EDGE('',*,*,#10724,.T.);
#10724 = EDGE_CURVE('',#10717,#10725,#10727,.T.);
#10725 = VERTEX_POINT('',#10726);
#10726 = CARTESIAN_POINT('',(-3.,-2.11,0.2));
#10727 = LINE('',#10728,#10729);
#10728 = CARTESIAN_POINT('',(-3.,-2.11,5.551115123126E-17));
#10729 = VECTOR('',#10730,1.);
#10730 = DIRECTION('',(0.,0.,1.));
#10731 = ORIENTED_EDGE('',*,*,#10732,.T.);
#10732 = EDGE_CURVE('',#10725,#10733,#10735,.T.);
#10733 = VERTEX_POINT('',#10734);
#10734 = CARTESIAN_POINT('',(-2.65,-2.11,0.2));
#10735 = LINE('',#10736,#10737);
#10736 = CARTESIAN_POINT('',(-3.,-2.11,0.2));
#10737 = VECTOR('',#10738,1.);
#10738 = DIRECTION('',(1.,9.95799250103E-17,0.));
#10739 = ORIENTED_EDGE('',*,*,#10740,.T.);
#10740 = EDGE_CURVE('',#10733,#10741,#10743,.T.);
#10741 = VERTEX_POINT('',#10742);
#10742 = CARTESIAN_POINT('',(-2.55,-2.11,0.3));
#10743 = CIRCLE('',#10744,0.1);
#10744 = AXIS2_PLACEMENT_3D('',#10745,#10746,#10747);
#10745 = CARTESIAN_POINT('',(-2.65,-2.11,0.3));
#10746 = DIRECTION('',(9.95799250103E-17,-1.,-0.));
#10747 = DIRECTION('',(-0.,0.,-1.));
#10748 = ORIENTED_EDGE('',*,*,#10749,.T.);
#10749 = EDGE_CURVE('',#10741,#10750,#10752,.T.);
#10750 = VERTEX_POINT('',#10751);
#10751 = CARTESIAN_POINT('',(-2.55,-2.11,0.725));
#10752 = LINE('',#10753,#10754);
#10753 = CARTESIAN_POINT('',(-2.55,-2.11,0.3));
#10754 = VECTOR('',#10755,1.);
#10755 = DIRECTION('',(0.,0.,1.));
#10756 = ORIENTED_EDGE('',*,*,#10757,.T.);
#10757 = EDGE_CURVE('',#10750,#10758,#10760,.T.);
#10758 = VERTEX_POINT('',#10759);
#10759 = CARTESIAN_POINT('',(-2.25,-2.11,1.025));
#10760 = CIRCLE('',#10761,0.3);
#10761 = AXIS2_PLACEMENT_3D('',#10762,#10763,#10764);
#10762 = CARTESIAN_POINT('',(-2.25,-2.11,0.725));
#10763 = DIRECTION('',(-9.95799250103E-17,1.,0.));
#10764 = DIRECTION('',(-1.,-9.95799250103E-17,3.700743415417E-16));
#10765 = ORIENTED_EDGE('',*,*,#10766,.T.);
#10766 = EDGE_CURVE('',#10758,#9862,#10767,.T.);
#10767 = LINE('',#10768,#10769);
#10768 = CARTESIAN_POINT('',(-2.25,-2.11,1.025));
#10769 = VECTOR('',#10770,1.);
#10770 = DIRECTION('',(1.,9.95799250103E-17,0.));
#10771 = PLANE('',#10772);
#10772 = AXIS2_PLACEMENT_3D('',#10773,#10774,#10775);
#10773 = CARTESIAN_POINT('',(-2.41578967201,-2.11,0.532659657565));
#10774 = DIRECTION('',(-9.95799250103E-17,1.,0.));
#10775 = DIRECTION('',(0.,0.,1.));
#10776 = ADVANCED_FACE('',(#10777),#10863,.T.);
#10777 = FACE_BOUND('',#10778,.T.);
#10778 = EDGE_LOOP('',(#10779,#10780,#10781,#10790,#10798,#10807,#10815,
    #10823,#10831,#10840,#10848,#10857));
#10779 = ORIENTED_EDGE('',*,*,#9883,.F.);
#10780 = ORIENTED_EDGE('',*,*,#9953,.T.);
#10781 = ORIENTED_EDGE('',*,*,#10782,.T.);
#10782 = EDGE_CURVE('',#9954,#10783,#10785,.T.);
#10783 = VERTEX_POINT('',#10784);
#10784 = CARTESIAN_POINT('',(-2.35,2.11,0.725));
#10785 = CIRCLE('',#10786,0.1);
#10786 = AXIS2_PLACEMENT_3D('',#10787,#10788,#10789);
#10787 = CARTESIAN_POINT('',(-2.25,2.11,0.725));
#10788 = DIRECTION('',(9.95799250103E-17,-1.,0.));
#10789 = DIRECTION('',(-4.440892098501E-15,-4.422237021476E-31,1.));
#10790 = ORIENTED_EDGE('',*,*,#10791,.T.);
#10791 = EDGE_CURVE('',#10783,#10792,#10794,.T.);
#10792 = VERTEX_POINT('',#10793);
#10793 = CARTESIAN_POINT('',(-2.35,2.11,0.3));
#10794 = LINE('',#10795,#10796);
#10795 = CARTESIAN_POINT('',(-2.35,2.11,0.725));
#10796 = VECTOR('',#10797,1.);
#10797 = DIRECTION('',(-1.044915787883E-15,-1.040526357994E-31,-1.));
#10798 = ORIENTED_EDGE('',*,*,#10799,.T.);
#10799 = EDGE_CURVE('',#10792,#10800,#10802,.T.);
#10800 = VERTEX_POINT('',#10801);
#10801 = CARTESIAN_POINT('',(-2.65,2.11,5.551115123126E-17));
#10802 = CIRCLE('',#10803,0.3);
#10803 = AXIS2_PLACEMENT_3D('',#10804,#10805,#10806);
#10804 = CARTESIAN_POINT('',(-2.65,2.11,0.3));
#10805 = DIRECTION('',(-9.95799250103E-17,1.,0.));
#10806 = DIRECTION('',(1.,9.95799250103E-17,3.515706244646E-15));
#10807 = ORIENTED_EDGE('',*,*,#10808,.T.);
#10808 = EDGE_CURVE('',#10800,#10809,#10811,.T.);
#10809 = VERTEX_POINT('',#10810);
#10810 = CARTESIAN_POINT('',(-3.,2.11,5.551115123126E-17));
#10811 = LINE('',#10812,#10813);
#10812 = CARTESIAN_POINT('',(-2.65,2.11,5.551115123126E-17));
#10813 = VECTOR('',#10814,1.);
#10814 = DIRECTION('',(-1.,-9.95799250103E-17,0.));
#10815 = ORIENTED_EDGE('',*,*,#10816,.T.);
#10816 = EDGE_CURVE('',#10809,#10817,#10819,.T.);
#10817 = VERTEX_POINT('',#10818);
#10818 = CARTESIAN_POINT('',(-3.,2.11,0.2));
#10819 = LINE('',#10820,#10821);
#10820 = CARTESIAN_POINT('',(-3.,2.11,5.551115123126E-17));
#10821 = VECTOR('',#10822,1.);
#10822 = DIRECTION('',(0.,0.,1.));
#10823 = ORIENTED_EDGE('',*,*,#10824,.T.);
#10824 = EDGE_CURVE('',#10817,#10825,#10827,.T.);
#10825 = VERTEX_POINT('',#10826);
#10826 = CARTESIAN_POINT('',(-2.65,2.11,0.2));
#10827 = LINE('',#10828,#10829);
#10828 = CARTESIAN_POINT('',(-3.,2.11,0.2));
#10829 = VECTOR('',#10830,1.);
#10830 = DIRECTION('',(1.,9.95799250103E-17,0.));
#10831 = ORIENTED_EDGE('',*,*,#10832,.T.);
#10832 = EDGE_CURVE('',#10825,#10833,#10835,.T.);
#10833 = VERTEX_POINT('',#10834);
#10834 = CARTESIAN_POINT('',(-2.55,2.11,0.3));
#10835 = CIRCLE('',#10836,0.1);
#10836 = AXIS2_PLACEMENT_3D('',#10837,#10838,#10839);
#10837 = CARTESIAN_POINT('',(-2.65,2.11,0.3));
#10838 = DIRECTION('',(9.95799250103E-17,-1.,-0.));
#10839 = DIRECTION('',(-0.,0.,-1.));
#10840 = ORIENTED_EDGE('',*,*,#10841,.T.);
#10841 = EDGE_CURVE('',#10833,#10842,#10844,.T.);
#10842 = VERTEX_POINT('',#10843);
#10843 = CARTESIAN_POINT('',(-2.55,2.11,0.725));
#10844 = LINE('',#10845,#10846);
#10845 = CARTESIAN_POINT('',(-2.55,2.11,0.3));
#10846 = VECTOR('',#10847,1.);
#10847 = DIRECTION('',(0.,0.,1.));
#10848 = ORIENTED_EDGE('',*,*,#10849,.T.);
#10849 = EDGE_CURVE('',#10842,#10850,#10852,.T.);
#10850 = VERTEX_POINT('',#10851);
#10851 = CARTESIAN_POINT('',(-2.25,2.11,1.025));
#10852 = CIRCLE('',#10853,0.3);
#10853 = AXIS2_PLACEMENT_3D('',#10854,#10855,#10856);
#10854 = CARTESIAN_POINT('',(-2.25,2.11,0.725));
#10855 = DIRECTION('',(-9.95799250103E-17,1.,0.));
#10856 = DIRECTION('',(-1.,-9.95799250103E-17,3.700743415417E-16));
#10857 = ORIENTED_EDGE('',*,*,#10858,.T.);
#10858 = EDGE_CURVE('',#10850,#9884,#10859,.T.);
#10859 = LINE('',#10860,#10861);
#10860 = CARTESIAN_POINT('',(-2.25,2.11,1.025));
#10861 = VECTOR('',#10862,1.);
#10862 = DIRECTION('',(1.,9.95799250103E-17,0.));
#10863 = PLANE('',#10864);
#10864 = AXIS2_PLACEMENT_3D('',#10865,#10866,#10867);
#10865 = CARTESIAN_POINT('',(-2.41578967201,2.11,0.532659657565));
#10866 = DIRECTION('',(-9.95799250103E-17,1.,0.));
#10867 = DIRECTION('',(0.,0.,1.));
#10868 = ADVANCED_FACE('',(#10869),#10884,.F.);
#10869 = FACE_BOUND('',#10870,.F.);
#10870 = EDGE_LOOP('',(#10871,#10877,#10878,#10883));
#10871 = ORIENTED_EDGE('',*,*,#10872,.F.);
#10872 = EDGE_CURVE('',#9884,#10546,#10873,.T.);
#10873 = LINE('',#10874,#10875);
#10874 = CARTESIAN_POINT('',(-2.25,2.11,1.025));
#10875 = VECTOR('',#10876,1.);
#10876 = DIRECTION('',(1.,9.95799250103E-17,0.));
#10877 = ORIENTED_EDGE('',*,*,#9899,.T.);
#10878 = ORIENTED_EDGE('',*,*,#10879,.T.);
#10879 = EDGE_CURVE('',#9893,#10465,#10880,.T.);
#10880 = B_SPLINE_CURVE_WITH_KNOTS('',1,(#10881,#10882),.UNSPECIFIED.,
  .F.,.F.,(2,2),(0.,1.),.PIECEWISE_BEZIER_KNOTS.);
#10881 = CARTESIAN_POINT('',(-1.95,2.275,1.025));
#10882 = CARTESIAN_POINT('',(-1.875,2.2375,1.025));
#10883 = ORIENTED_EDGE('',*,*,#10553,.F.);
#10884 = B_SPLINE_SURFACE_WITH_KNOTS('',1,1,(
    (#10885,#10886)
    ,(#10887,#10888
    )),.UNSPECIFIED.,.F.,.F.,.F.,(2,2),(2,2),(0.,4.55),(0.,1.),
  .PIECEWISE_BEZIER_KNOTS.);
#10885 = CARTESIAN_POINT('',(-1.95,-2.275,1.025));
#10886 = CARTESIAN_POINT('',(-1.875,-2.2375,1.025));
#10887 = CARTESIAN_POINT('',(-1.95,2.275,1.025));
#10888 = CARTESIAN_POINT('',(-1.875,2.2375,1.025));
#10889 = ADVANCED_FACE('',(#10890),#10909,.F.);
#10890 = FACE_BOUND('',#10891,.F.);
#10891 = EDGE_LOOP('',(#10892,#10893,#10902,#10908));
#10892 = ORIENTED_EDGE('',*,*,#9930,.T.);
#10893 = ORIENTED_EDGE('',*,*,#10894,.T.);
#10894 = EDGE_CURVE('',#9923,#10895,#10897,.T.);
#10895 = VERTEX_POINT('',#10896);
#10896 = CARTESIAN_POINT('',(-2.35,-1.7,0.725));
#10897 = CIRCLE('',#10898,0.1);
#10898 = AXIS2_PLACEMENT_3D('',#10899,#10900,#10901);
#10899 = CARTESIAN_POINT('',(-2.25,-1.7,0.725));
#10900 = DIRECTION('',(9.95799250103E-17,-1.,0.));
#10901 = DIRECTION('',(-4.440892098501E-15,-4.422237021476E-31,1.));
#10902 = ORIENTED_EDGE('',*,*,#10903,.F.);
#10903 = EDGE_CURVE('',#10691,#10895,#10904,.T.);
#10904 = LINE('',#10905,#10906);
#10905 = CARTESIAN_POINT('',(-2.35,-2.11,0.725));
#10906 = VECTOR('',#10907,1.);
#10907 = DIRECTION('',(-9.95799250103E-17,1.,0.));
#10908 = ORIENTED_EDGE('',*,*,#10690,.F.);
#10909 = CYLINDRICAL_SURFACE('',#10910,0.1);
#10910 = AXIS2_PLACEMENT_3D('',#10911,#10912,#10913);
#10911 = CARTESIAN_POINT('',(-2.25,-2.11,0.725));
#10912 = DIRECTION('',(9.95799250103E-17,-1.,0.));
#10913 = DIRECTION('',(-4.440892098501E-15,-4.422237021476E-31,1.));
#10914 = ADVANCED_FACE('',(#10915),#10993,.T.);
#10915 = FACE_BOUND('',#10916,.T.);
#10916 = EDGE_LOOP('',(#10917,#10918,#10919,#10920,#10928,#10937,#10945,
    #10953,#10961,#10970,#10978,#10987));
#10917 = ORIENTED_EDGE('',*,*,#9975,.F.);
#10918 = ORIENTED_EDGE('',*,*,#9922,.T.);
#10919 = ORIENTED_EDGE('',*,*,#10894,.T.);
#10920 = ORIENTED_EDGE('',*,*,#10921,.T.);
#10921 = EDGE_CURVE('',#10895,#10922,#10924,.T.);
#10922 = VERTEX_POINT('',#10923);
#10923 = CARTESIAN_POINT('',(-2.35,-1.7,0.3));
#10924 = LINE('',#10925,#10926);
#10925 = CARTESIAN_POINT('',(-2.35,-1.7,0.725));
#10926 = VECTOR('',#10927,1.);
#10927 = DIRECTION('',(-1.044915787883E-15,-1.040526357994E-31,-1.));
#10928 = ORIENTED_EDGE('',*,*,#10929,.T.);
#10929 = EDGE_CURVE('',#10922,#10930,#10932,.T.);
#10930 = VERTEX_POINT('',#10931);
#10931 = CARTESIAN_POINT('',(-2.65,-1.7,5.551115123126E-17));
#10932 = CIRCLE('',#10933,0.3);
#10933 = AXIS2_PLACEMENT_3D('',#10934,#10935,#10936);
#10934 = CARTESIAN_POINT('',(-2.65,-1.7,0.3));
#10935 = DIRECTION('',(-9.95799250103E-17,1.,0.));
#10936 = DIRECTION('',(1.,9.95799250103E-17,3.515706244646E-15));
#10937 = ORIENTED_EDGE('',*,*,#10938,.T.);
#10938 = EDGE_CURVE('',#10930,#10939,#10941,.T.);
#10939 = VERTEX_POINT('',#10940);
#10940 = CARTESIAN_POINT('',(-3.,-1.7,5.551115123126E-17));
#10941 = LINE('',#10942,#10943);
#10942 = CARTESIAN_POINT('',(-2.65,-1.7,5.551115123126E-17));
#10943 = VECTOR('',#10944,1.);
#10944 = DIRECTION('',(-1.,-9.95799250103E-17,0.));
#10945 = ORIENTED_EDGE('',*,*,#10946,.T.);
#10946 = EDGE_CURVE('',#10939,#10947,#10949,.T.);
#10947 = VERTEX_POINT('',#10948);
#10948 = CARTESIAN_POINT('',(-3.,-1.7,0.2));
#10949 = LINE('',#10950,#10951);
#10950 = CARTESIAN_POINT('',(-3.,-1.7,5.551115123126E-17));
#10951 = VECTOR('',#10952,1.);
#10952 = DIRECTION('',(0.,0.,1.));
#10953 = ORIENTED_EDGE('',*,*,#10954,.T.);
#10954 = EDGE_CURVE('',#10947,#10955,#10957,.T.);
#10955 = VERTEX_POINT('',#10956);
#10956 = CARTESIAN_POINT('',(-2.65,-1.7,0.2));
#10957 = LINE('',#10958,#10959);
#10958 = CARTESIAN_POINT('',(-3.,-1.7,0.2));
#10959 = VECTOR('',#10960,1.);
#10960 = DIRECTION('',(1.,9.95799250103E-17,0.));
#10961 = ORIENTED_EDGE('',*,*,#10962,.T.);
#10962 = EDGE_CURVE('',#10955,#10963,#10965,.T.);
#10963 = VERTEX_POINT('',#10964);
#10964 = CARTESIAN_POINT('',(-2.55,-1.7,0.3));
#10965 = CIRCLE('',#10966,0.1);
#10966 = AXIS2_PLACEMENT_3D('',#10967,#10968,#10969);
#10967 = CARTESIAN_POINT('',(-2.65,-1.7,0.3));
#10968 = DIRECTION('',(9.95799250103E-17,-1.,-0.));
#10969 = DIRECTION('',(-0.,0.,-1.));
#10970 = ORIENTED_EDGE('',*,*,#10971,.T.);
#10971 = EDGE_CURVE('',#10963,#10972,#10974,.T.);
#10972 = VERTEX_POINT('',#10973);
#10973 = CARTESIAN_POINT('',(-2.55,-1.7,0.725));
#10974 = LINE('',#10975,#10976);
#10975 = CARTESIAN_POINT('',(-2.55,-1.7,0.3));
#10976 = VECTOR('',#10977,1.);
#10977 = DIRECTION('',(0.,0.,1.));
#10978 = ORIENTED_EDGE('',*,*,#10979,.T.);
#10979 = EDGE_CURVE('',#10972,#10980,#10982,.T.);
#10980 = VERTEX_POINT('',#10981);
#10981 = CARTESIAN_POINT('',(-2.25,-1.7,1.025));
#10982 = CIRCLE('',#10983,0.3);
#10983 = AXIS2_PLACEMENT_3D('',#10984,#10985,#10986);
#10984 = CARTESIAN_POINT('',(-2.25,-1.7,0.725));
#10985 = DIRECTION('',(-9.95799250103E-17,1.,0.));
#10986 = DIRECTION('',(-1.,-9.95799250103E-17,3.700743415417E-16));
#10987 = ORIENTED_EDGE('',*,*,#10988,.T.);
#10988 = EDGE_CURVE('',#10980,#9976,#10989,.T.);
#10989 = LINE('',#10990,#10991);
#10990 = CARTESIAN_POINT('',(-2.25,-1.7,1.025));
#10991 = VECTOR('',#10992,1.);
#10992 = DIRECTION('',(1.,9.95799250103E-17,0.));
#10993 = PLANE('',#10994);
#10994 = AXIS2_PLACEMENT_3D('',#10995,#10996,#10997);
#10995 = CARTESIAN_POINT('',(-2.41578967201,-1.7,0.532659657565));
#10996 = DIRECTION('',(-9.95799250103E-17,1.,0.));
#10997 = DIRECTION('',(0.,0.,1.));
#10998 = ADVANCED_FACE('',(#10999),#11085,.F.);
#10999 = FACE_BOUND('',#11000,.F.);
#11000 = EDGE_LOOP('',(#11001,#11002,#11003,#11012,#11020,#11029,#11037,
    #11045,#11053,#11062,#11070,#11079));
#11001 = ORIENTED_EDGE('',*,*,#10015,.F.);
#11002 = ORIENTED_EDGE('',*,*,#9944,.T.);
#11003 = ORIENTED_EDGE('',*,*,#11004,.T.);
#11004 = EDGE_CURVE('',#9945,#11005,#11007,.T.);
#11005 = VERTEX_POINT('',#11006);
#11006 = CARTESIAN_POINT('',(-2.35,1.7,0.725));
#11007 = CIRCLE('',#11008,0.1);
#11008 = AXIS2_PLACEMENT_3D('',#11009,#11010,#11011);
#11009 = CARTESIAN_POINT('',(-2.25,1.7,0.725));
#11010 = DIRECTION('',(9.95799250103E-17,-1.,0.));
#11011 = DIRECTION('',(-4.440892098501E-15,-4.422237021476E-31,1.));
#11012 = ORIENTED_EDGE('',*,*,#11013,.T.);
#11013 = EDGE_CURVE('',#11005,#11014,#11016,.T.);
#11014 = VERTEX_POINT('',#11015);
#11015 = CARTESIAN_POINT('',(-2.35,1.7,0.3));
#11016 = LINE('',#11017,#11018);
#11017 = CARTESIAN_POINT('',(-2.35,1.7,0.725));
#11018 = VECTOR('',#11019,1.);
#11019 = DIRECTION('',(-1.044915787883E-15,-1.040526357994E-31,-1.));
#11020 = ORIENTED_EDGE('',*,*,#11021,.T.);
#11021 = EDGE_CURVE('',#11014,#11022,#11024,.T.);
#11022 = VERTEX_POINT('',#11023);
#11023 = CARTESIAN_POINT('',(-2.65,1.7,5.551115123126E-17));
#11024 = CIRCLE('',#11025,0.3);
#11025 = AXIS2_PLACEMENT_3D('',#11026,#11027,#11028);
#11026 = CARTESIAN_POINT('',(-2.65,1.7,0.3));
#11027 = DIRECTION('',(-9.95799250103E-17,1.,0.));
#11028 = DIRECTION('',(1.,9.95799250103E-17,3.515706244646E-15));
#11029 = ORIENTED_EDGE('',*,*,#11030,.T.);
#11030 = EDGE_CURVE('',#11022,#11031,#11033,.T.);
#11031 = VERTEX_POINT('',#11032);
#11032 = CARTESIAN_POINT('',(-3.,1.7,5.551115123126E-17));
#11033 = LINE('',#11034,#11035);
#11034 = CARTESIAN_POINT('',(-2.65,1.7,5.551115123126E-17));
#11035 = VECTOR('',#11036,1.);
#11036 = DIRECTION('',(-1.,-9.95799250103E-17,0.));
#11037 = ORIENTED_EDGE('',*,*,#11038,.T.);
#11038 = EDGE_CURVE('',#11031,#11039,#11041,.T.);
#11039 = VERTEX_POINT('',#11040);
#11040 = CARTESIAN_POINT('',(-3.,1.7,0.2));
#11041 = LINE('',#11042,#11043);
#11042 = CARTESIAN_POINT('',(-3.,1.7,5.551115123126E-17));
#11043 = VECTOR('',#11044,1.);
#11044 = DIRECTION('',(0.,0.,1.));
#11045 = ORIENTED_EDGE('',*,*,#11046,.T.);
#11046 = EDGE_CURVE('',#11039,#11047,#11049,.T.);
#11047 = VERTEX_POINT('',#11048);
#11048 = CARTESIAN_POINT('',(-2.65,1.7,0.2));
#11049 = LINE('',#11050,#11051);
#11050 = CARTESIAN_POINT('',(-3.,1.7,0.2));
#11051 = VECTOR('',#11052,1.);
#11052 = DIRECTION('',(1.,9.95799250103E-17,0.));
#11053 = ORIENTED_EDGE('',*,*,#11054,.T.);
#11054 = EDGE_CURVE('',#11047,#11055,#11057,.T.);
#11055 = VERTEX_POINT('',#11056);
#11056 = CARTESIAN_POINT('',(-2.55,1.7,0.3));
#11057 = CIRCLE('',#11058,0.1);
#11058 = AXIS2_PLACEMENT_3D('',#11059,#11060,#11061);
#11059 = CARTESIAN_POINT('',(-2.65,1.7,0.3));
#11060 = DIRECTION('',(9.95799250103E-17,-1.,-0.));
#11061 = DIRECTION('',(-0.,0.,-1.));
#11062 = ORIENTED_EDGE('',*,*,#11063,.T.);
#11063 = EDGE_CURVE('',#11055,#11064,#11066,.T.);
#11064 = VERTEX_POINT('',#11065);
#11065 = CARTESIAN_POINT('',(-2.55,1.7,0.725));
#11066 = LINE('',#11067,#11068);
#11067 = CARTESIAN_POINT('',(-2.55,1.7,0.3));
#11068 = VECTOR('',#11069,1.);
#11069 = DIRECTION('',(0.,0.,1.));
#11070 = ORIENTED_EDGE('',*,*,#11071,.T.);
#11071 = EDGE_CURVE('',#11064,#11072,#11074,.T.);
#11072 = VERTEX_POINT('',#11073);
#11073 = CARTESIAN_POINT('',(-2.25,1.7,1.025));
#11074 = CIRCLE('',#11075,0.3);
#11075 = AXIS2_PLACEMENT_3D('',#11076,#11077,#11078);
#11076 = CARTESIAN_POINT('',(-2.25,1.7,0.725));
#11077 = DIRECTION('',(-9.95799250103E-17,1.,0.));
#11078 = DIRECTION('',(-1.,-9.95799250103E-17,3.700743415417E-16));
#11079 = ORIENTED_EDGE('',*,*,#11080,.T.);
#11080 = EDGE_CURVE('',#11072,#10016,#11081,.T.);
#11081 = LINE('',#11082,#11083);
#11082 = CARTESIAN_POINT('',(-2.25,1.7,1.025));
#11083 = VECTOR('',#11084,1.);
#11084 = DIRECTION('',(1.,9.95799250103E-17,0.));
#11085 = PLANE('',#11086);
#11086 = AXIS2_PLACEMENT_3D('',#11087,#11088,#11089);
#11087 = CARTESIAN_POINT('',(-2.41578967201,1.7,0.532659657565));
#11088 = DIRECTION('',(-9.95799250103E-17,1.,0.));
#11089 = DIRECTION('',(0.,0.,1.));
#11090 = ADVANCED_FACE('',(#11091),#11102,.F.);
#11091 = FACE_BOUND('',#11092,.F.);
#11092 = EDGE_LOOP('',(#11093,#11094,#11095,#11101));
#11093 = ORIENTED_EDGE('',*,*,#9961,.T.);
#11094 = ORIENTED_EDGE('',*,*,#10782,.T.);
#11095 = ORIENTED_EDGE('',*,*,#11096,.F.);
#11096 = EDGE_CURVE('',#11005,#10783,#11097,.T.);
#11097 = LINE('',#11098,#11099);
#11098 = CARTESIAN_POINT('',(-2.35,1.7,0.725));
#11099 = VECTOR('',#11100,1.);
#11100 = DIRECTION('',(-9.95799250103E-17,1.,0.));
#11101 = ORIENTED_EDGE('',*,*,#11004,.F.);
#11102 = CYLINDRICAL_SURFACE('',#11103,0.1);
#11103 = AXIS2_PLACEMENT_3D('',#11104,#11105,#11106);
#11104 = CARTESIAN_POINT('',(-2.25,1.7,0.725));
#11105 = DIRECTION('',(9.95799250103E-17,-1.,0.));
#11106 = DIRECTION('',(-4.440892098501E-15,-4.422237021476E-31,1.));
#11107 = ADVANCED_FACE('',(#11108),#11124,.F.);
#11108 = FACE_BOUND('',#11109,.F.);
#11109 = EDGE_LOOP('',(#11110,#11116,#11117,#11123));
#11110 = ORIENTED_EDGE('',*,*,#11111,.F.);
#11111 = EDGE_CURVE('',#9976,#10498,#11112,.T.);
#11112 = LINE('',#11113,#11114);
#11113 = CARTESIAN_POINT('',(-2.25,-1.7,1.025));
#11114 = VECTOR('',#11115,1.);
#11115 = DIRECTION('',(1.,9.95799250103E-17,0.));
#11116 = ORIENTED_EDGE('',*,*,#9992,.T.);
#11117 = ORIENTED_EDGE('',*,*,#11118,.T.);
#11118 = EDGE_CURVE('',#9985,#10506,#11119,.T.);
#11119 = LINE('',#11120,#11121);
#11120 = CARTESIAN_POINT('',(-2.25,-0.84,1.025));
#11121 = VECTOR('',#11122,1.);
#11122 = DIRECTION('',(1.,9.95799250103E-17,0.));
#11123 = ORIENTED_EDGE('',*,*,#10505,.F.);
#11124 = B_SPLINE_SURFACE_WITH_KNOTS('',1,1,(
    (#11125,#11126)
    ,(#11127,#11128
    )),.UNSPECIFIED.,.F.,.F.,.F.,(2,2),(2,2),(0.,4.55),(0.,1.),
  .PIECEWISE_BEZIER_KNOTS.);
#11125 = CARTESIAN_POINT('',(-1.95,-2.275,1.025));
#11126 = CARTESIAN_POINT('',(-1.875,-2.2375,1.025));
#11127 = CARTESIAN_POINT('',(-1.95,2.275,1.025));
#11128 = CARTESIAN_POINT('',(-1.875,2.2375,1.025));
#11129 = ADVANCED_FACE('',(#11130),#11216,.F.);
#11130 = FACE_BOUND('',#11131,.F.);
#11131 = EDGE_LOOP('',(#11132,#11133,#11134,#11143,#11151,#11160,#11168,
    #11176,#11184,#11193,#11201,#11210));
#11132 = ORIENTED_EDGE('',*,*,#9984,.F.);
#11133 = ORIENTED_EDGE('',*,*,#10037,.T.);
#11134 = ORIENTED_EDGE('',*,*,#11135,.T.);
#11135 = EDGE_CURVE('',#10038,#11136,#11138,.T.);
#11136 = VERTEX_POINT('',#11137);
#11137 = CARTESIAN_POINT('',(-2.35,-0.84,0.725));
#11138 = CIRCLE('',#11139,0.1);
#11139 = AXIS2_PLACEMENT_3D('',#11140,#11141,#11142);
#11140 = CARTESIAN_POINT('',(-2.25,-0.84,0.725));
#11141 = DIRECTION('',(9.95799250103E-17,-1.,0.));
#11142 = DIRECTION('',(-4.440892098501E-15,-4.422237021476E-31,1.));
#11143 = ORIENTED_EDGE('',*,*,#11144,.T.);
#11144 = EDGE_CURVE('',#11136,#11145,#11147,.T.);
#11145 = VERTEX_POINT('',#11146);
#11146 = CARTESIAN_POINT('',(-2.35,-0.84,0.3));
#11147 = LINE('',#11148,#11149);
#11148 = CARTESIAN_POINT('',(-2.35,-0.84,0.725));
#11149 = VECTOR('',#11150,1.);
#11150 = DIRECTION('',(-1.044915787883E-15,-1.040526357994E-31,-1.));
#11151 = ORIENTED_EDGE('',*,*,#11152,.T.);
#11152 = EDGE_CURVE('',#11145,#11153,#11155,.T.);
#11153 = VERTEX_POINT('',#11154);
#11154 = CARTESIAN_POINT('',(-2.65,-0.84,5.551115123126E-17));
#11155 = CIRCLE('',#11156,0.3);
#11156 = AXIS2_PLACEMENT_3D('',#11157,#11158,#11159);
#11157 = CARTESIAN_POINT('',(-2.65,-0.84,0.3));
#11158 = DIRECTION('',(-9.95799250103E-17,1.,0.));
#11159 = DIRECTION('',(1.,9.95799250103E-17,3.515706244646E-15));
#11160 = ORIENTED_EDGE('',*,*,#11161,.T.);
#11161 = EDGE_CURVE('',#11153,#11162,#11164,.T.);
#11162 = VERTEX_POINT('',#11163);
#11163 = CARTESIAN_POINT('',(-3.,-0.84,5.551115123126E-17));
#11164 = LINE('',#11165,#11166);
#11165 = CARTESIAN_POINT('',(-2.65,-0.84,5.551115123126E-17));
#11166 = VECTOR('',#11167,1.);
#11167 = DIRECTION('',(-1.,-9.95799250103E-17,0.));
#11168 = ORIENTED_EDGE('',*,*,#11169,.T.);
#11169 = EDGE_CURVE('',#11162,#11170,#11172,.T.);
#11170 = VERTEX_POINT('',#11171);
#11171 = CARTESIAN_POINT('',(-3.,-0.84,0.2));
#11172 = LINE('',#11173,#11174);
#11173 = CARTESIAN_POINT('',(-3.,-0.84,5.551115123126E-17));
#11174 = VECTOR('',#11175,1.);
#11175 = DIRECTION('',(0.,0.,1.));
#11176 = ORIENTED_EDGE('',*,*,#11177,.T.);
#11177 = EDGE_CURVE('',#11170,#11178,#11180,.T.);
#11178 = VERTEX_POINT('',#11179);
#11179 = CARTESIAN_POINT('',(-2.65,-0.84,0.2));
#11180 = LINE('',#11181,#11182);
#11181 = CARTESIAN_POINT('',(-3.,-0.84,0.2));
#11182 = VECTOR('',#11183,1.);
#11183 = DIRECTION('',(1.,9.95799250103E-17,0.));
#11184 = ORIENTED_EDGE('',*,*,#11185,.T.);
#11185 = EDGE_CURVE('',#11178,#11186,#11188,.T.);
#11186 = VERTEX_POINT('',#11187);
#11187 = CARTESIAN_POINT('',(-2.55,-0.84,0.3));
#11188 = CIRCLE('',#11189,0.1);
#11189 = AXIS2_PLACEMENT_3D('',#11190,#11191,#11192);
#11190 = CARTESIAN_POINT('',(-2.65,-0.84,0.3));
#11191 = DIRECTION('',(9.95799250103E-17,-1.,-0.));
#11192 = DIRECTION('',(-0.,0.,-1.));
#11193 = ORIENTED_EDGE('',*,*,#11194,.T.);
#11194 = EDGE_CURVE('',#11186,#11195,#11197,.T.);
#11195 = VERTEX_POINT('',#11196);
#11196 = CARTESIAN_POINT('',(-2.55,-0.84,0.725));
#11197 = LINE('',#11198,#11199);
#11198 = CARTESIAN_POINT('',(-2.55,-0.84,0.3));
#11199 = VECTOR('',#11200,1.);
#11200 = DIRECTION('',(0.,0.,1.));
#11201 = ORIENTED_EDGE('',*,*,#11202,.T.);
#11202 = EDGE_CURVE('',#11195,#11203,#11205,.T.);
#11203 = VERTEX_POINT('',#11204);
#11204 = CARTESIAN_POINT('',(-2.25,-0.84,1.025));
#11205 = CIRCLE('',#11206,0.3);
#11206 = AXIS2_PLACEMENT_3D('',#11207,#11208,#11209);
#11207 = CARTESIAN_POINT('',(-2.25,-0.84,0.725));
#11208 = DIRECTION('',(-9.95799250103E-17,1.,0.));
#11209 = DIRECTION('',(-1.,-9.95799250103E-17,3.700743415417E-16));
#11210 = ORIENTED_EDGE('',*,*,#11211,.T.);
#11211 = EDGE_CURVE('',#11203,#9985,#11212,.T.);
#11212 = LINE('',#11213,#11214);
#11213 = CARTESIAN_POINT('',(-2.25,-0.84,1.025));
#11214 = VECTOR('',#11215,1.);
#11215 = DIRECTION('',(1.,9.95799250103E-17,0.));
#11216 = PLANE('',#11217);
#11217 = AXIS2_PLACEMENT_3D('',#11218,#11219,#11220);
#11218 = CARTESIAN_POINT('',(-2.41578967201,-0.84,0.532659657565));
#11219 = DIRECTION('',(-9.95799250103E-17,1.,0.));
#11220 = DIRECTION('',(0.,0.,1.));
#11221 = ADVANCED_FACE('',(#11222),#11308,.T.);
#11222 = FACE_BOUND('',#11223,.T.);
#11223 = EDGE_LOOP('',(#11224,#11225,#11226,#11235,#11243,#11252,#11260,
    #11268,#11276,#11285,#11293,#11302));
#11224 = ORIENTED_EDGE('',*,*,#10006,.F.);
#11225 = ORIENTED_EDGE('',*,*,#10077,.T.);
#11226 = ORIENTED_EDGE('',*,*,#11227,.T.);
#11227 = EDGE_CURVE('',#10078,#11228,#11230,.T.);
#11228 = VERTEX_POINT('',#11229);
#11229 = CARTESIAN_POINT('',(-2.35,0.84,0.725));
#11230 = CIRCLE('',#11231,0.1);
#11231 = AXIS2_PLACEMENT_3D('',#11232,#11233,#11234);
#11232 = CARTESIAN_POINT('',(-2.25,0.84,0.725));
#11233 = DIRECTION('',(9.95799250103E-17,-1.,0.));
#11234 = DIRECTION('',(-4.440892098501E-15,-4.422237021476E-31,1.));
#11235 = ORIENTED_EDGE('',*,*,#11236,.T.);
#11236 = EDGE_CURVE('',#11228,#11237,#11239,.T.);
#11237 = VERTEX_POINT('',#11238);
#11238 = CARTESIAN_POINT('',(-2.35,0.84,0.3));
#11239 = LINE('',#11240,#11241);
#11240 = CARTESIAN_POINT('',(-2.35,0.84,0.725));
#11241 = VECTOR('',#11242,1.);
#11242 = DIRECTION('',(-1.044915787883E-15,-1.040526357994E-31,-1.));
#11243 = ORIENTED_EDGE('',*,*,#11244,.T.);
#11244 = EDGE_CURVE('',#11237,#11245,#11247,.T.);
#11245 = VERTEX_POINT('',#11246);
#11246 = CARTESIAN_POINT('',(-2.65,0.84,5.551115123126E-17));
#11247 = CIRCLE('',#11248,0.3);
#11248 = AXIS2_PLACEMENT_3D('',#11249,#11250,#11251);
#11249 = CARTESIAN_POINT('',(-2.65,0.84,0.3));
#11250 = DIRECTION('',(-9.95799250103E-17,1.,0.));
#11251 = DIRECTION('',(1.,9.95799250103E-17,3.515706244646E-15));
#11252 = ORIENTED_EDGE('',*,*,#11253,.T.);
#11253 = EDGE_CURVE('',#11245,#11254,#11256,.T.);
#11254 = VERTEX_POINT('',#11255);
#11255 = CARTESIAN_POINT('',(-3.,0.84,5.551115123126E-17));
#11256 = LINE('',#11257,#11258);
#11257 = CARTESIAN_POINT('',(-2.65,0.84,5.551115123126E-17));
#11258 = VECTOR('',#11259,1.);
#11259 = DIRECTION('',(-1.,-9.95799250103E-17,0.));
#11260 = ORIENTED_EDGE('',*,*,#11261,.T.);
#11261 = EDGE_CURVE('',#11254,#11262,#11264,.T.);
#11262 = VERTEX_POINT('',#11263);
#11263 = CARTESIAN_POINT('',(-3.,0.84,0.2));
#11264 = LINE('',#11265,#11266);
#11265 = CARTESIAN_POINT('',(-3.,0.84,5.551115123126E-17));
#11266 = VECTOR('',#11267,1.);
#11267 = DIRECTION('',(0.,0.,1.));
#11268 = ORIENTED_EDGE('',*,*,#11269,.T.);
#11269 = EDGE_CURVE('',#11262,#11270,#11272,.T.);
#11270 = VERTEX_POINT('',#11271);
#11271 = CARTESIAN_POINT('',(-2.65,0.84,0.2));
#11272 = LINE('',#11273,#11274);
#11273 = CARTESIAN_POINT('',(-3.,0.84,0.2));
#11274 = VECTOR('',#11275,1.);
#11275 = DIRECTION('',(1.,9.95799250103E-17,0.));
#11276 = ORIENTED_EDGE('',*,*,#11277,.T.);
#11277 = EDGE_CURVE('',#11270,#11278,#11280,.T.);
#11278 = VERTEX_POINT('',#11279);
#11279 = CARTESIAN_POINT('',(-2.55,0.84,0.3));
#11280 = CIRCLE('',#11281,0.1);
#11281 = AXIS2_PLACEMENT_3D('',#11282,#11283,#11284);
#11282 = CARTESIAN_POINT('',(-2.65,0.84,0.3));
#11283 = DIRECTION('',(9.95799250103E-17,-1.,-0.));
#11284 = DIRECTION('',(-0.,0.,-1.));
#11285 = ORIENTED_EDGE('',*,*,#11286,.T.);
#11286 = EDGE_CURVE('',#11278,#11287,#11289,.T.);
#11287 = VERTEX_POINT('',#11288);
#11288 = CARTESIAN_POINT('',(-2.55,0.84,0.725));
#11289 = LINE('',#11290,#11291);
#11290 = CARTESIAN_POINT('',(-2.55,0.84,0.3));
#11291 = VECTOR('',#11292,1.);
#11292 = DIRECTION('',(0.,0.,1.));
#11293 = ORIENTED_EDGE('',*,*,#11294,.T.);
#11294 = EDGE_CURVE('',#11287,#11295,#11297,.T.);
#11295 = VERTEX_POINT('',#11296);
#11296 = CARTESIAN_POINT('',(-2.25,0.84,1.025));
#11297 = CIRCLE('',#11298,0.3);
#11298 = AXIS2_PLACEMENT_3D('',#11299,#11300,#11301);
#11299 = CARTESIAN_POINT('',(-2.25,0.84,0.725));
#11300 = DIRECTION('',(-9.95799250103E-17,1.,0.));
#11301 = DIRECTION('',(-1.,-9.95799250103E-17,3.700743415417E-16));
#11302 = ORIENTED_EDGE('',*,*,#11303,.T.);
#11303 = EDGE_CURVE('',#11295,#10007,#11304,.T.);
#11304 = LINE('',#11305,#11306);
#11305 = CARTESIAN_POINT('',(-2.25,0.84,1.025));
#11306 = VECTOR('',#11307,1.);
#11307 = DIRECTION('',(1.,9.95799250103E-17,0.));
#11308 = PLANE('',#11309);
#11309 = AXIS2_PLACEMENT_3D('',#11310,#11311,#11312);
#11310 = CARTESIAN_POINT('',(-2.41578967201,0.84,0.532659657565));
#11311 = DIRECTION('',(-9.95799250103E-17,1.,0.));
#11312 = DIRECTION('',(0.,0.,1.));
#11313 = ADVANCED_FACE('',(#11314),#11330,.F.);
#11314 = FACE_BOUND('',#11315,.F.);
#11315 = EDGE_LOOP('',(#11316,#11322,#11323,#11329));
#11316 = ORIENTED_EDGE('',*,*,#11317,.F.);
#11317 = EDGE_CURVE('',#10007,#10530,#11318,.T.);
#11318 = LINE('',#11319,#11320);
#11319 = CARTESIAN_POINT('',(-2.25,0.84,1.025));
#11320 = VECTOR('',#11321,1.);
#11321 = DIRECTION('',(1.,9.95799250103E-17,0.));
#11322 = ORIENTED_EDGE('',*,*,#10023,.T.);
#11323 = ORIENTED_EDGE('',*,*,#11324,.T.);
#11324 = EDGE_CURVE('',#10016,#10538,#11325,.T.);
#11325 = LINE('',#11326,#11327);
#11326 = CARTESIAN_POINT('',(-2.25,1.7,1.025));
#11327 = VECTOR('',#11328,1.);
#11328 = DIRECTION('',(1.,9.95799250103E-17,0.));
#11329 = ORIENTED_EDGE('',*,*,#10537,.F.);
#11330 = B_SPLINE_SURFACE_WITH_KNOTS('',1,1,(
    (#11331,#11332)
    ,(#11333,#11334
    )),.UNSPECIFIED.,.F.,.F.,.F.,(2,2),(2,2),(0.,4.55),(0.,1.),
  .PIECEWISE_BEZIER_KNOTS.);
#11331 = CARTESIAN_POINT('',(-1.95,-2.275,1.025));
#11332 = CARTESIAN_POINT('',(-1.875,-2.2375,1.025));
#11333 = CARTESIAN_POINT('',(-1.95,2.275,1.025));
#11334 = CARTESIAN_POINT('',(-1.875,2.2375,1.025));
#11335 = ADVANCED_FACE('',(#11336),#11355,.F.);
#11336 = FACE_BOUND('',#11337,.F.);
#11337 = EDGE_LOOP('',(#11338,#11339,#11348,#11354));
#11338 = ORIENTED_EDGE('',*,*,#10054,.T.);
#11339 = ORIENTED_EDGE('',*,*,#11340,.T.);
#11340 = EDGE_CURVE('',#10047,#11341,#11343,.T.);
#11341 = VERTEX_POINT('',#11342);
#11342 = CARTESIAN_POINT('',(-2.35,-0.43,0.725));
#11343 = CIRCLE('',#11344,0.1);
#11344 = AXIS2_PLACEMENT_3D('',#11345,#11346,#11347);
#11345 = CARTESIAN_POINT('',(-2.25,-0.43,0.725));
#11346 = DIRECTION('',(9.95799250103E-17,-1.,0.));
#11347 = DIRECTION('',(-4.440892098501E-15,-4.422237021476E-31,1.));
#11348 = ORIENTED_EDGE('',*,*,#11349,.F.);
#11349 = EDGE_CURVE('',#11136,#11341,#11350,.T.);
#11350 = LINE('',#11351,#11352);
#11351 = CARTESIAN_POINT('',(-2.35,-0.84,0.725));
#11352 = VECTOR('',#11353,1.);
#11353 = DIRECTION('',(-9.95799250103E-17,1.,0.));
#11354 = ORIENTED_EDGE('',*,*,#11135,.F.);
#11355 = CYLINDRICAL_SURFACE('',#11356,0.1);
#11356 = AXIS2_PLACEMENT_3D('',#11357,#11358,#11359);
#11357 = CARTESIAN_POINT('',(-2.25,-0.84,0.725));
#11358 = DIRECTION('',(9.95799250103E-17,-1.,0.));
#11359 = DIRECTION('',(-4.440892098501E-15,-4.422237021476E-31,1.));
#11360 = ADVANCED_FACE('',(#11361),#11439,.T.);
#11361 = FACE_BOUND('',#11362,.T.);
#11362 = EDGE_LOOP('',(#11363,#11364,#11365,#11366,#11374,#11383,#11391,
    #11399,#11407,#11416,#11424,#11433));
#11363 = ORIENTED_EDGE('',*,*,#10099,.F.);
#11364 = ORIENTED_EDGE('',*,*,#10046,.T.);
#11365 = ORIENTED_EDGE('',*,*,#11340,.T.);
#11366 = ORIENTED_EDGE('',*,*,#11367,.T.);
#11367 = EDGE_CURVE('',#11341,#11368,#11370,.T.);
#11368 = VERTEX_POINT('',#11369);
#11369 = CARTESIAN_POINT('',(-2.35,-0.43,0.3));
#11370 = LINE('',#11371,#11372);
#11371 = CARTESIAN_POINT('',(-2.35,-0.43,0.725));
#11372 = VECTOR('',#11373,1.);
#11373 = DIRECTION('',(-1.044915787883E-15,-1.040526357994E-31,-1.));
#11374 = ORIENTED_EDGE('',*,*,#11375,.T.);
#11375 = EDGE_CURVE('',#11368,#11376,#11378,.T.);
#11376 = VERTEX_POINT('',#11377);
#11377 = CARTESIAN_POINT('',(-2.65,-0.43,5.551115123126E-17));
#11378 = CIRCLE('',#11379,0.3);
#11379 = AXIS2_PLACEMENT_3D('',#11380,#11381,#11382);
#11380 = CARTESIAN_POINT('',(-2.65,-0.43,0.3));
#11381 = DIRECTION('',(-9.95799250103E-17,1.,0.));
#11382 = DIRECTION('',(1.,9.95799250103E-17,3.515706244646E-15));
#11383 = ORIENTED_EDGE('',*,*,#11384,.T.);
#11384 = EDGE_CURVE('',#11376,#11385,#11387,.T.);
#11385 = VERTEX_POINT('',#11386);
#11386 = CARTESIAN_POINT('',(-3.,-0.43,5.551115123126E-17));
#11387 = LINE('',#11388,#11389);
#11388 = CARTESIAN_POINT('',(-2.65,-0.43,5.551115123126E-17));
#11389 = VECTOR('',#11390,1.);
#11390 = DIRECTION('',(-1.,-9.95799250103E-17,0.));
#11391 = ORIENTED_EDGE('',*,*,#11392,.T.);
#11392 = EDGE_CURVE('',#11385,#11393,#11395,.T.);
#11393 = VERTEX_POINT('',#11394);
#11394 = CARTESIAN_POINT('',(-3.,-0.43,0.2));
#11395 = LINE('',#11396,#11397);
#11396 = CARTESIAN_POINT('',(-3.,-0.43,5.551115123126E-17));
#11397 = VECTOR('',#11398,1.);
#11398 = DIRECTION('',(0.,0.,1.));
#11399 = ORIENTED_EDGE('',*,*,#11400,.T.);
#11400 = EDGE_CURVE('',#11393,#11401,#11403,.T.);
#11401 = VERTEX_POINT('',#11402);
#11402 = CARTESIAN_POINT('',(-2.65,-0.43,0.2));
#11403 = LINE('',#11404,#11405);
#11404 = CARTESIAN_POINT('',(-3.,-0.43,0.2));
#11405 = VECTOR('',#11406,1.);
#11406 = DIRECTION('',(1.,9.95799250103E-17,0.));
#11407 = ORIENTED_EDGE('',*,*,#11408,.T.);
#11408 = EDGE_CURVE('',#11401,#11409,#11411,.T.);
#11409 = VERTEX_POINT('',#11410);
#11410 = CARTESIAN_POINT('',(-2.55,-0.43,0.3));
#11411 = CIRCLE('',#11412,0.1);
#11412 = AXIS2_PLACEMENT_3D('',#11413,#11414,#11415);
#11413 = CARTESIAN_POINT('',(-2.65,-0.43,0.3));
#11414 = DIRECTION('',(9.95799250103E-17,-1.,-0.));
#11415 = DIRECTION('',(-0.,0.,-1.));
#11416 = ORIENTED_EDGE('',*,*,#11417,.T.);
#11417 = EDGE_CURVE('',#11409,#11418,#11420,.T.);
#11418 = VERTEX_POINT('',#11419);
#11419 = CARTESIAN_POINT('',(-2.55,-0.43,0.725));
#11420 = LINE('',#11421,#11422);
#11421 = CARTESIAN_POINT('',(-2.55,-0.43,0.3));
#11422 = VECTOR('',#11423,1.);
#11423 = DIRECTION('',(0.,0.,1.));
#11424 = ORIENTED_EDGE('',*,*,#11425,.T.);
#11425 = EDGE_CURVE('',#11418,#11426,#11428,.T.);
#11426 = VERTEX_POINT('',#11427);
#11427 = CARTESIAN_POINT('',(-2.25,-0.43,1.025));
#11428 = CIRCLE('',#11429,0.3);
#11429 = AXIS2_PLACEMENT_3D('',#11430,#11431,#11432);
#11430 = CARTESIAN_POINT('',(-2.25,-0.43,0.725));
#11431 = DIRECTION('',(-9.95799250103E-17,1.,0.));
#11432 = DIRECTION('',(-1.,-9.95799250103E-17,3.700743415417E-16));
#11433 = ORIENTED_EDGE('',*,*,#11434,.T.);
#11434 = EDGE_CURVE('',#11426,#10100,#11435,.T.);
#11435 = LINE('',#11436,#11437);
#11436 = CARTESIAN_POINT('',(-2.25,-0.43,1.025));
#11437 = VECTOR('',#11438,1.);
#11438 = DIRECTION('',(1.,9.95799250103E-17,0.));
#11439 = PLANE('',#11440);
#11440 = AXIS2_PLACEMENT_3D('',#11441,#11442,#11443);
#11441 = CARTESIAN_POINT('',(-2.41578967201,-0.43,0.532659657565));
#11442 = DIRECTION('',(-9.95799250103E-17,1.,0.));
#11443 = DIRECTION('',(0.,0.,1.));
#11444 = ADVANCED_FACE('',(#11445),#11531,.F.);
#11445 = FACE_BOUND('',#11446,.F.);
#11446 = EDGE_LOOP('',(#11447,#11448,#11449,#11458,#11466,#11475,#11483,
    #11491,#11499,#11508,#11516,#11525));
#11447 = ORIENTED_EDGE('',*,*,#10108,.F.);
#11448 = ORIENTED_EDGE('',*,*,#10068,.T.);
#11449 = ORIENTED_EDGE('',*,*,#11450,.T.);
#11450 = EDGE_CURVE('',#10069,#11451,#11453,.T.);
#11451 = VERTEX_POINT('',#11452);
#11452 = CARTESIAN_POINT('',(-2.35,0.43,0.725));
#11453 = CIRCLE('',#11454,0.1);
#11454 = AXIS2_PLACEMENT_3D('',#11455,#11456,#11457);
#11455 = CARTESIAN_POINT('',(-2.25,0.43,0.725));
#11456 = DIRECTION('',(9.95799250103E-17,-1.,0.));
#11457 = DIRECTION('',(-4.440892098501E-15,-4.422237021476E-31,1.));
#11458 = ORIENTED_EDGE('',*,*,#11459,.T.);
#11459 = EDGE_CURVE('',#11451,#11460,#11462,.T.);
#11460 = VERTEX_POINT('',#11461);
#11461 = CARTESIAN_POINT('',(-2.35,0.43,0.3));
#11462 = LINE('',#11463,#11464);
#11463 = CARTESIAN_POINT('',(-2.35,0.43,0.725));
#11464 = VECTOR('',#11465,1.);
#11465 = DIRECTION('',(-1.044915787883E-15,-1.040526357994E-31,-1.));
#11466 = ORIENTED_EDGE('',*,*,#11467,.T.);
#11467 = EDGE_CURVE('',#11460,#11468,#11470,.T.);
#11468 = VERTEX_POINT('',#11469);
#11469 = CARTESIAN_POINT('',(-2.65,0.43,5.551115123126E-17));
#11470 = CIRCLE('',#11471,0.3);
#11471 = AXIS2_PLACEMENT_3D('',#11472,#11473,#11474);
#11472 = CARTESIAN_POINT('',(-2.65,0.43,0.3));
#11473 = DIRECTION('',(-9.95799250103E-17,1.,0.));
#11474 = DIRECTION('',(1.,9.95799250103E-17,3.515706244646E-15));
#11475 = ORIENTED_EDGE('',*,*,#11476,.T.);
#11476 = EDGE_CURVE('',#11468,#11477,#11479,.T.);
#11477 = VERTEX_POINT('',#11478);
#11478 = CARTESIAN_POINT('',(-3.,0.43,5.551115123126E-17));
#11479 = LINE('',#11480,#11481);
#11480 = CARTESIAN_POINT('',(-2.65,0.43,5.551115123126E-17));
#11481 = VECTOR('',#11482,1.);
#11482 = DIRECTION('',(-1.,-9.95799250103E-17,0.));
#11483 = ORIENTED_EDGE('',*,*,#11484,.T.);
#11484 = EDGE_CURVE('',#11477,#11485,#11487,.T.);
#11485 = VERTEX_POINT('',#11486);
#11486 = CARTESIAN_POINT('',(-3.,0.43,0.2));
#11487 = LINE('',#11488,#11489);
#11488 = CARTESIAN_POINT('',(-3.,0.43,5.551115123126E-17));
#11489 = VECTOR('',#11490,1.);
#11490 = DIRECTION('',(0.,0.,1.));
#11491 = ORIENTED_EDGE('',*,*,#11492,.T.);
#11492 = EDGE_CURVE('',#11485,#11493,#11495,.T.);
#11493 = VERTEX_POINT('',#11494);
#11494 = CARTESIAN_POINT('',(-2.65,0.43,0.2));
#11495 = LINE('',#11496,#11497);
#11496 = CARTESIAN_POINT('',(-3.,0.43,0.2));
#11497 = VECTOR('',#11498,1.);
#11498 = DIRECTION('',(1.,9.95799250103E-17,0.));
#11499 = ORIENTED_EDGE('',*,*,#11500,.T.);
#11500 = EDGE_CURVE('',#11493,#11501,#11503,.T.);
#11501 = VERTEX_POINT('',#11502);
#11502 = CARTESIAN_POINT('',(-2.55,0.43,0.3));
#11503 = CIRCLE('',#11504,0.1);
#11504 = AXIS2_PLACEMENT_3D('',#11505,#11506,#11507);
#11505 = CARTESIAN_POINT('',(-2.65,0.43,0.3));
#11506 = DIRECTION('',(9.95799250103E-17,-1.,-0.));
#11507 = DIRECTION('',(-0.,0.,-1.));
#11508 = ORIENTED_EDGE('',*,*,#11509,.T.);
#11509 = EDGE_CURVE('',#11501,#11510,#11512,.T.);
#11510 = VERTEX_POINT('',#11511);
#11511 = CARTESIAN_POINT('',(-2.55,0.43,0.725));
#11512 = LINE('',#11513,#11514);
#11513 = CARTESIAN_POINT('',(-2.55,0.43,0.3));
#11514 = VECTOR('',#11515,1.);
#11515 = DIRECTION('',(0.,0.,1.));
#11516 = ORIENTED_EDGE('',*,*,#11517,.T.);
#11517 = EDGE_CURVE('',#11510,#11518,#11520,.T.);
#11518 = VERTEX_POINT('',#11519);
#11519 = CARTESIAN_POINT('',(-2.25,0.43,1.025));
#11520 = CIRCLE('',#11521,0.3);
#11521 = AXIS2_PLACEMENT_3D('',#11522,#11523,#11524);
#11522 = CARTESIAN_POINT('',(-2.25,0.43,0.725));
#11523 = DIRECTION('',(-9.95799250103E-17,1.,0.));
#11524 = DIRECTION('',(-1.,-9.95799250103E-17,3.700743415417E-16));
#11525 = ORIENTED_EDGE('',*,*,#11526,.T.);
#11526 = EDGE_CURVE('',#11518,#10109,#11527,.T.);
#11527 = LINE('',#11528,#11529);
#11528 = CARTESIAN_POINT('',(-2.25,0.43,1.025));
#11529 = VECTOR('',#11530,1.);
#11530 = DIRECTION('',(1.,9.95799250103E-17,0.));
#11531 = PLANE('',#11532);
#11532 = AXIS2_PLACEMENT_3D('',#11533,#11534,#11535);
#11533 = CARTESIAN_POINT('',(-2.41578967201,0.43,0.532659657565));
#11534 = DIRECTION('',(-9.95799250103E-17,1.,0.));
#11535 = DIRECTION('',(0.,0.,1.));
#11536 = ADVANCED_FACE('',(#11537),#11548,.F.);
#11537 = FACE_BOUND('',#11538,.F.);
#11538 = EDGE_LOOP('',(#11539,#11540,#11541,#11547));
#11539 = ORIENTED_EDGE('',*,*,#10085,.T.);
#11540 = ORIENTED_EDGE('',*,*,#11227,.T.);
#11541 = ORIENTED_EDGE('',*,*,#11542,.F.);
#11542 = EDGE_CURVE('',#11451,#11228,#11543,.T.);
#11543 = LINE('',#11544,#11545);
#11544 = CARTESIAN_POINT('',(-2.35,0.43,0.725));
#11545 = VECTOR('',#11546,1.);
#11546 = DIRECTION('',(-9.95799250103E-17,1.,0.));
#11547 = ORIENTED_EDGE('',*,*,#11450,.F.);
#11548 = CYLINDRICAL_SURFACE('',#11549,0.1);
#11549 = AXIS2_PLACEMENT_3D('',#11550,#11551,#11552);
#11550 = CARTESIAN_POINT('',(-2.25,0.43,0.725));
#11551 = DIRECTION('',(9.95799250103E-17,-1.,0.));
#11552 = DIRECTION('',(-4.440892098501E-15,-4.422237021476E-31,1.));
#11553 = ADVANCED_FACE('',(#11554),#11570,.F.);
#11554 = FACE_BOUND('',#11555,.F.);
#11555 = EDGE_LOOP('',(#11556,#11562,#11563,#11569));
#11556 = ORIENTED_EDGE('',*,*,#11557,.F.);
#11557 = EDGE_CURVE('',#10100,#10514,#11558,.T.);
#11558 = LINE('',#11559,#11560);
#11559 = CARTESIAN_POINT('',(-2.25,-0.43,1.025));
#11560 = VECTOR('',#11561,1.);
#11561 = DIRECTION('',(1.,9.95799250103E-17,0.));
#11562 = ORIENTED_EDGE('',*,*,#10116,.T.);
#11563 = ORIENTED_EDGE('',*,*,#11564,.T.);
#11564 = EDGE_CURVE('',#10109,#10522,#11565,.T.);
#11565 = LINE('',#11566,#11567);
#11566 = CARTESIAN_POINT('',(-2.25,0.43,1.025));
#11567 = VECTOR('',#11568,1.);
#11568 = DIRECTION('',(1.,9.95799250103E-17,0.));
#11569 = ORIENTED_EDGE('',*,*,#10521,.F.);
#11570 = B_SPLINE_SURFACE_WITH_KNOTS('',1,1,(
    (#11571,#11572)
    ,(#11573,#11574
    )),.UNSPECIFIED.,.F.,.F.,.F.,(2,2),(2,2),(0.,4.55),(0.,1.),
  .PIECEWISE_BEZIER_KNOTS.);
#11571 = CARTESIAN_POINT('',(-1.95,-2.275,1.025));
#11572 = CARTESIAN_POINT('',(-1.875,-2.2375,1.025));
#11573 = CARTESIAN_POINT('',(-1.95,2.275,1.025));
#11574 = CARTESIAN_POINT('',(-1.875,2.2375,1.025));
#11575 = ADVANCED_FACE('',(#11576),#11582,.F.);
#11576 = FACE_BOUND('',#11577,.F.);
#11577 = EDGE_LOOP('',(#11578,#11579,#11580,#11581));
#11578 = ORIENTED_EDGE('',*,*,#10132,.T.);
#11579 = ORIENTED_EDGE('',*,*,#10435,.T.);
#11580 = ORIENTED_EDGE('',*,*,#10464,.F.);
#11581 = ORIENTED_EDGE('',*,*,#10879,.F.);
#11582 = B_SPLINE_SURFACE_WITH_KNOTS('',1,1,(
    (#11583,#11584)
    ,(#11585,#11586
    )),.UNSPECIFIED.,.F.,.F.,.F.,(2,2),(2,2),(0.,0.247487373415),(0.,1.)
  ,.PIECEWISE_BEZIER_KNOTS.);
#11583 = CARTESIAN_POINT('',(-1.95,2.275,1.025));
#11584 = CARTESIAN_POINT('',(-1.875,2.2375,1.025));
#11585 = CARTESIAN_POINT('',(-1.775,2.45,1.025));
#11586 = CARTESIAN_POINT('',(-1.7375,2.375,1.025));
#11587 = ADVANCED_FACE('',(#11588),#11601,.F.);
#11588 = FACE_BOUND('',#11589,.F.);
#11589 = EDGE_LOOP('',(#11590,#11591,#11597,#11598,#11599,#11600));
#11590 = ORIENTED_EDGE('',*,*,#10766,.F.);
#11591 = ORIENTED_EDGE('',*,*,#11592,.T.);
#11592 = EDGE_CURVE('',#10758,#10980,#11593,.T.);
#11593 = LINE('',#11594,#11595);
#11594 = CARTESIAN_POINT('',(-2.25,-2.11,1.025));
#11595 = VECTOR('',#11596,1.);
#11596 = DIRECTION('',(-9.95799250103E-17,1.,0.));
#11597 = ORIENTED_EDGE('',*,*,#10988,.T.);
#11598 = ORIENTED_EDGE('',*,*,#11111,.T.);
#11599 = ORIENTED_EDGE('',*,*,#10497,.F.);
#11600 = ORIENTED_EDGE('',*,*,#10673,.F.);
#11601 = PLANE('',#11602);
#11602 = AXIS2_PLACEMENT_3D('',#11603,#11604,#11605);
#11603 = CARTESIAN_POINT('',(-2.25,-2.11,1.025));
#11604 = DIRECTION('',(-0.,0.,-1.));
#11605 = DIRECTION('',(1.,9.95799250103E-17,0.));
#11606 = ADVANCED_FACE('',(#11607),#11620,.F.);
#11607 = FACE_BOUND('',#11608,.F.);
#11608 = EDGE_LOOP('',(#11609,#11610,#11616,#11617,#11618,#11619));
#11609 = ORIENTED_EDGE('',*,*,#11211,.F.);
#11610 = ORIENTED_EDGE('',*,*,#11611,.T.);
#11611 = EDGE_CURVE('',#11203,#11426,#11612,.T.);
#11612 = LINE('',#11613,#11614);
#11613 = CARTESIAN_POINT('',(-2.25,-0.84,1.025));
#11614 = VECTOR('',#11615,1.);
#11615 = DIRECTION('',(-9.95799250103E-17,1.,0.));
#11616 = ORIENTED_EDGE('',*,*,#11434,.T.);
#11617 = ORIENTED_EDGE('',*,*,#11557,.T.);
#11618 = ORIENTED_EDGE('',*,*,#10513,.F.);
#11619 = ORIENTED_EDGE('',*,*,#11118,.F.);
#11620 = PLANE('',#11621);
#11621 = AXIS2_PLACEMENT_3D('',#11622,#11623,#11624);
#11622 = CARTESIAN_POINT('',(-2.25,-0.84,1.025));
#11623 = DIRECTION('',(-0.,0.,-1.));
#11624 = DIRECTION('',(1.,9.95799250103E-17,0.));
#11625 = ADVANCED_FACE('',(#11626),#11639,.F.);
#11626 = FACE_BOUND('',#11627,.F.);
#11627 = EDGE_LOOP('',(#11628,#11629,#11635,#11636,#11637,#11638));
#11628 = ORIENTED_EDGE('',*,*,#11080,.F.);
#11629 = ORIENTED_EDGE('',*,*,#11630,.T.);
#11630 = EDGE_CURVE('',#11072,#10850,#11631,.T.);
#11631 = LINE('',#11632,#11633);
#11632 = CARTESIAN_POINT('',(-2.25,1.7,1.025));
#11633 = VECTOR('',#11634,1.);
#11634 = DIRECTION('',(-9.95799250103E-17,1.,0.));
#11635 = ORIENTED_EDGE('',*,*,#10858,.T.);
#11636 = ORIENTED_EDGE('',*,*,#10872,.T.);
#11637 = ORIENTED_EDGE('',*,*,#10545,.F.);
#11638 = ORIENTED_EDGE('',*,*,#11324,.F.);
#11639 = PLANE('',#11640);
#11640 = AXIS2_PLACEMENT_3D('',#11641,#11642,#11643);
#11641 = CARTESIAN_POINT('',(-2.25,1.7,1.025));
#11642 = DIRECTION('',(-0.,0.,-1.));
#11643 = DIRECTION('',(1.,9.95799250103E-17,0.));
#11644 = ADVANCED_FACE('',(#11645),#11658,.F.);
#11645 = FACE_BOUND('',#11646,.F.);
#11646 = EDGE_LOOP('',(#11647,#11648,#11654,#11655,#11656,#11657));
#11647 = ORIENTED_EDGE('',*,*,#11526,.F.);
#11648 = ORIENTED_EDGE('',*,*,#11649,.T.);
#11649 = EDGE_CURVE('',#11518,#11295,#11650,.T.);
#11650 = LINE('',#11651,#11652);
#11651 = CARTESIAN_POINT('',(-2.25,0.43,1.025));
#11652 = VECTOR('',#11653,1.);
#11653 = DIRECTION('',(-9.95799250103E-17,1.,0.));
#11654 = ORIENTED_EDGE('',*,*,#11303,.T.);
#11655 = ORIENTED_EDGE('',*,*,#11317,.T.);
#11656 = ORIENTED_EDGE('',*,*,#10529,.F.);
#11657 = ORIENTED_EDGE('',*,*,#11564,.F.);
#11658 = PLANE('',#11659);
#11659 = AXIS2_PLACEMENT_3D('',#11660,#11661,#11662);
#11660 = CARTESIAN_POINT('',(-2.25,0.43,1.025));
#11661 = DIRECTION('',(-0.,0.,-1.));
#11662 = DIRECTION('',(1.,9.95799250103E-17,0.));
#11663 = ADVANCED_FACE('',(#11664),#11667,.T.);
#11664 = FACE_BOUND('',#11665,.T.);
#11665 = EDGE_LOOP('',(#11666));
#11666 = ORIENTED_EDGE('',*,*,#10614,.T.);
#11667 = PLANE('',#11668);
#11668 = AXIS2_PLACEMENT_3D('',#11669,#11670,#11671);
#11669 = CARTESIAN_POINT('',(-1.110171280765,1.610171280765,1.7));
#11670 = DIRECTION('',(0.,0.,1.));
#11671 = DIRECTION('',(2.22044604925E-16,-1.,0.));
#11672 = ADVANCED_FACE('',(#11673),#11684,.T.);
#11673 = FACE_BOUND('',#11674,.T.);
#11674 = EDGE_LOOP('',(#11675,#11676,#11677,#11678));
#11675 = ORIENTED_EDGE('',*,*,#10757,.T.);
#11676 = ORIENTED_EDGE('',*,*,#11592,.T.);
#11677 = ORIENTED_EDGE('',*,*,#10979,.F.);
#11678 = ORIENTED_EDGE('',*,*,#11679,.F.);
#11679 = EDGE_CURVE('',#10750,#10972,#11680,.T.);
#11680 = LINE('',#11681,#11682);
#11681 = CARTESIAN_POINT('',(-2.55,-2.11,0.725));
#11682 = VECTOR('',#11683,1.);
#11683 = DIRECTION('',(-9.95799250103E-17,1.,0.));
#11684 = CYLINDRICAL_SURFACE('',#11685,0.3);
#11685 = AXIS2_PLACEMENT_3D('',#11686,#11687,#11688);
#11686 = CARTESIAN_POINT('',(-2.25,-2.11,0.725));
#11687 = DIRECTION('',(9.95799250103E-17,-1.,-0.));
#11688 = DIRECTION('',(-1.,-9.95799250103E-17,3.700743415417E-16));
#11689 = ADVANCED_FACE('',(#11690),#11701,.F.);
#11690 = FACE_BOUND('',#11691,.F.);
#11691 = EDGE_LOOP('',(#11692,#11698,#11699,#11700));
#11692 = ORIENTED_EDGE('',*,*,#11693,.T.);
#11693 = EDGE_CURVE('',#10741,#10963,#11694,.T.);
#11694 = LINE('',#11695,#11696);
#11695 = CARTESIAN_POINT('',(-2.55,-2.11,0.3));
#11696 = VECTOR('',#11697,1.);
#11697 = DIRECTION('',(-9.95799250103E-17,1.,0.));
#11698 = ORIENTED_EDGE('',*,*,#10971,.T.);
#11699 = ORIENTED_EDGE('',*,*,#11679,.F.);
#11700 = ORIENTED_EDGE('',*,*,#10749,.F.);
#11701 = PLANE('',#11702);
#11702 = AXIS2_PLACEMENT_3D('',#11703,#11704,#11705);
#11703 = CARTESIAN_POINT('',(-2.55,-2.11,0.3));
#11704 = DIRECTION('',(1.,9.95799250103E-17,0.));
#11705 = DIRECTION('',(0.,-0.,1.));
#11706 = ADVANCED_FACE('',(#11707),#11718,.F.);
#11707 = FACE_BOUND('',#11708,.F.);
#11708 = EDGE_LOOP('',(#11709,#11715,#11716,#11717));
#11709 = ORIENTED_EDGE('',*,*,#11710,.T.);
#11710 = EDGE_CURVE('',#10733,#10955,#11711,.T.);
#11711 = LINE('',#11712,#11713);
#11712 = CARTESIAN_POINT('',(-2.65,-2.11,0.2));
#11713 = VECTOR('',#11714,1.);
#11714 = DIRECTION('',(-9.95799250103E-17,1.,0.));
#11715 = ORIENTED_EDGE('',*,*,#10962,.T.);
#11716 = ORIENTED_EDGE('',*,*,#11693,.F.);
#11717 = ORIENTED_EDGE('',*,*,#10740,.F.);
#11718 = CYLINDRICAL_SURFACE('',#11719,0.1);
#11719 = AXIS2_PLACEMENT_3D('',#11720,#11721,#11722);
#11720 = CARTESIAN_POINT('',(-2.65,-2.11,0.3));
#11721 = DIRECTION('',(9.95799250103E-17,-1.,0.));
#11722 = DIRECTION('',(0.,-0.,-1.));
#11723 = ADVANCED_FACE('',(#11724),#11735,.F.);
#11724 = FACE_BOUND('',#11725,.F.);
#11725 = EDGE_LOOP('',(#11726,#11732,#11733,#11734));
#11726 = ORIENTED_EDGE('',*,*,#11727,.T.);
#11727 = EDGE_CURVE('',#10725,#10947,#11728,.T.);
#11728 = LINE('',#11729,#11730);
#11729 = CARTESIAN_POINT('',(-3.,-2.11,0.2));
#11730 = VECTOR('',#11731,1.);
#11731 = DIRECTION('',(-9.95799250103E-17,1.,0.));
#11732 = ORIENTED_EDGE('',*,*,#10954,.T.);
#11733 = ORIENTED_EDGE('',*,*,#11710,.F.);
#11734 = ORIENTED_EDGE('',*,*,#10732,.F.);
#11735 = PLANE('',#11736);
#11736 = AXIS2_PLACEMENT_3D('',#11737,#11738,#11739);
#11737 = CARTESIAN_POINT('',(-3.,-2.11,0.2));
#11738 = DIRECTION('',(-0.,0.,-1.));
#11739 = DIRECTION('',(1.,9.95799250103E-17,0.));
#11740 = ADVANCED_FACE('',(#11741),#11752,.F.);
#11741 = FACE_BOUND('',#11742,.F.);
#11742 = EDGE_LOOP('',(#11743,#11749,#11750,#11751));
#11743 = ORIENTED_EDGE('',*,*,#11744,.T.);
#11744 = EDGE_CURVE('',#10717,#10939,#11745,.T.);
#11745 = LINE('',#11746,#11747);
#11746 = CARTESIAN_POINT('',(-3.,-2.11,5.551115123126E-17));
#11747 = VECTOR('',#11748,1.);
#11748 = DIRECTION('',(-9.95799250103E-17,1.,0.));
#11749 = ORIENTED_EDGE('',*,*,#10946,.T.);
#11750 = ORIENTED_EDGE('',*,*,#11727,.F.);
#11751 = ORIENTED_EDGE('',*,*,#10724,.F.);
#11752 = PLANE('',#11753);
#11753 = AXIS2_PLACEMENT_3D('',#11754,#11755,#11756);
#11754 = CARTESIAN_POINT('',(-3.,-2.11,5.551115123126E-17));
#11755 = DIRECTION('',(1.,9.95799250103E-17,0.));
#11756 = DIRECTION('',(0.,-0.,1.));
#11757 = ADVANCED_FACE('',(#11758),#11769,.F.);
#11758 = FACE_BOUND('',#11759,.F.);
#11759 = EDGE_LOOP('',(#11760,#11766,#11767,#11768));
#11760 = ORIENTED_EDGE('',*,*,#11761,.T.);
#11761 = EDGE_CURVE('',#10708,#10930,#11762,.T.);
#11762 = LINE('',#11763,#11764);
#11763 = CARTESIAN_POINT('',(-2.65,-2.11,5.551115123126E-17));
#11764 = VECTOR('',#11765,1.);
#11765 = DIRECTION('',(-9.95799250103E-17,1.,0.));
#11766 = ORIENTED_EDGE('',*,*,#10938,.T.);
#11767 = ORIENTED_EDGE('',*,*,#11744,.F.);
#11768 = ORIENTED_EDGE('',*,*,#10716,.F.);
#11769 = PLANE('',#11770);
#11770 = AXIS2_PLACEMENT_3D('',#11771,#11772,#11773);
#11771 = CARTESIAN_POINT('',(-2.65,-2.11,5.551115123126E-17));
#11772 = DIRECTION('',(0.,0.,1.));
#11773 = DIRECTION('',(-1.,-9.95799250103E-17,0.));
#11774 = ADVANCED_FACE('',(#11775),#11786,.T.);
#11775 = FACE_BOUND('',#11776,.T.);
#11776 = EDGE_LOOP('',(#11777,#11778,#11779,#11780));
#11777 = ORIENTED_EDGE('',*,*,#10707,.T.);
#11778 = ORIENTED_EDGE('',*,*,#11761,.T.);
#11779 = ORIENTED_EDGE('',*,*,#10929,.F.);
#11780 = ORIENTED_EDGE('',*,*,#11781,.F.);
#11781 = EDGE_CURVE('',#10700,#10922,#11782,.T.);
#11782 = LINE('',#11783,#11784);
#11783 = CARTESIAN_POINT('',(-2.35,-2.11,0.3));
#11784 = VECTOR('',#11785,1.);
#11785 = DIRECTION('',(-9.95799250103E-17,1.,0.));
#11786 = CYLINDRICAL_SURFACE('',#11787,0.3);
#11787 = AXIS2_PLACEMENT_3D('',#11788,#11789,#11790);
#11788 = CARTESIAN_POINT('',(-2.65,-2.11,0.3));
#11789 = DIRECTION('',(9.95799250103E-17,-1.,-0.));
#11790 = DIRECTION('',(1.,9.95799250103E-17,3.515706244646E-15));
#11791 = ADVANCED_FACE('',(#11792),#11798,.F.);
#11792 = FACE_BOUND('',#11793,.F.);
#11793 = EDGE_LOOP('',(#11794,#11795,#11796,#11797));
#11794 = ORIENTED_EDGE('',*,*,#10903,.T.);
#11795 = ORIENTED_EDGE('',*,*,#10921,.T.);
#11796 = ORIENTED_EDGE('',*,*,#11781,.F.);
#11797 = ORIENTED_EDGE('',*,*,#10699,.F.);
#11798 = PLANE('',#11799);
#11799 = AXIS2_PLACEMENT_3D('',#11800,#11801,#11802);
#11800 = CARTESIAN_POINT('',(-2.35,-2.11,0.725));
#11801 = DIRECTION('',(-1.,-9.95799250103E-17,1.044915787883E-15));
#11802 = DIRECTION('',(-1.044915787883E-15,-1.040526357994E-31,-1.));
#11803 = ADVANCED_FACE('',(#11804),#11815,.T.);
#11804 = FACE_BOUND('',#11805,.T.);
#11805 = EDGE_LOOP('',(#11806,#11807,#11808,#11809));
#11806 = ORIENTED_EDGE('',*,*,#11071,.T.);
#11807 = ORIENTED_EDGE('',*,*,#11630,.T.);
#11808 = ORIENTED_EDGE('',*,*,#10849,.F.);
#11809 = ORIENTED_EDGE('',*,*,#11810,.F.);
#11810 = EDGE_CURVE('',#11064,#10842,#11811,.T.);
#11811 = LINE('',#11812,#11813);
#11812 = CARTESIAN_POINT('',(-2.55,1.7,0.725));
#11813 = VECTOR('',#11814,1.);
#11814 = DIRECTION('',(-9.95799250103E-17,1.,0.));
#11815 = CYLINDRICAL_SURFACE('',#11816,0.3);
#11816 = AXIS2_PLACEMENT_3D('',#11817,#11818,#11819);
#11817 = CARTESIAN_POINT('',(-2.25,1.7,0.725));
#11818 = DIRECTION('',(9.95799250103E-17,-1.,-0.));
#11819 = DIRECTION('',(-1.,-9.95799250103E-17,3.700743415417E-16));
#11820 = ADVANCED_FACE('',(#11821),#11832,.F.);
#11821 = FACE_BOUND('',#11822,.F.);
#11822 = EDGE_LOOP('',(#11823,#11829,#11830,#11831));
#11823 = ORIENTED_EDGE('',*,*,#11824,.T.);
#11824 = EDGE_CURVE('',#11055,#10833,#11825,.T.);
#11825 = LINE('',#11826,#11827);
#11826 = CARTESIAN_POINT('',(-2.55,1.7,0.3));
#11827 = VECTOR('',#11828,1.);
#11828 = DIRECTION('',(-9.95799250103E-17,1.,0.));
#11829 = ORIENTED_EDGE('',*,*,#10841,.T.);
#11830 = ORIENTED_EDGE('',*,*,#11810,.F.);
#11831 = ORIENTED_EDGE('',*,*,#11063,.F.);
#11832 = PLANE('',#11833);
#11833 = AXIS2_PLACEMENT_3D('',#11834,#11835,#11836);
#11834 = CARTESIAN_POINT('',(-2.55,1.7,0.3));
#11835 = DIRECTION('',(1.,9.95799250103E-17,0.));
#11836 = DIRECTION('',(0.,-0.,1.));
#11837 = ADVANCED_FACE('',(#11838),#11849,.F.);
#11838 = FACE_BOUND('',#11839,.F.);
#11839 = EDGE_LOOP('',(#11840,#11846,#11847,#11848));
#11840 = ORIENTED_EDGE('',*,*,#11841,.T.);
#11841 = EDGE_CURVE('',#11047,#10825,#11842,.T.);
#11842 = LINE('',#11843,#11844);
#11843 = CARTESIAN_POINT('',(-2.65,1.7,0.2));
#11844 = VECTOR('',#11845,1.);
#11845 = DIRECTION('',(-9.95799250103E-17,1.,0.));
#11846 = ORIENTED_EDGE('',*,*,#10832,.T.);
#11847 = ORIENTED_EDGE('',*,*,#11824,.F.);
#11848 = ORIENTED_EDGE('',*,*,#11054,.F.);
#11849 = CYLINDRICAL_SURFACE('',#11850,0.1);
#11850 = AXIS2_PLACEMENT_3D('',#11851,#11852,#11853);
#11851 = CARTESIAN_POINT('',(-2.65,1.7,0.3));
#11852 = DIRECTION('',(9.95799250103E-17,-1.,0.));
#11853 = DIRECTION('',(0.,-0.,-1.));
#11854 = ADVANCED_FACE('',(#11855),#11866,.F.);
#11855 = FACE_BOUND('',#11856,.F.);
#11856 = EDGE_LOOP('',(#11857,#11863,#11864,#11865));
#11857 = ORIENTED_EDGE('',*,*,#11858,.T.);
#11858 = EDGE_CURVE('',#11039,#10817,#11859,.T.);
#11859 = LINE('',#11860,#11861);
#11860 = CARTESIAN_POINT('',(-3.,1.7,0.2));
#11861 = VECTOR('',#11862,1.);
#11862 = DIRECTION('',(-9.95799250103E-17,1.,0.));
#11863 = ORIENTED_EDGE('',*,*,#10824,.T.);
#11864 = ORIENTED_EDGE('',*,*,#11841,.F.);
#11865 = ORIENTED_EDGE('',*,*,#11046,.F.);
#11866 = PLANE('',#11867);
#11867 = AXIS2_PLACEMENT_3D('',#11868,#11869,#11870);
#11868 = CARTESIAN_POINT('',(-3.,1.7,0.2));
#11869 = DIRECTION('',(-0.,0.,-1.));
#11870 = DIRECTION('',(1.,9.95799250103E-17,0.));
#11871 = ADVANCED_FACE('',(#11872),#11883,.F.);
#11872 = FACE_BOUND('',#11873,.F.);
#11873 = EDGE_LOOP('',(#11874,#11880,#11881,#11882));
#11874 = ORIENTED_EDGE('',*,*,#11875,.T.);
#11875 = EDGE_CURVE('',#11031,#10809,#11876,.T.);
#11876 = LINE('',#11877,#11878);
#11877 = CARTESIAN_POINT('',(-3.,1.7,5.551115123126E-17));
#11878 = VECTOR('',#11879,1.);
#11879 = DIRECTION('',(-9.95799250103E-17,1.,0.));
#11880 = ORIENTED_EDGE('',*,*,#10816,.T.);
#11881 = ORIENTED_EDGE('',*,*,#11858,.F.);
#11882 = ORIENTED_EDGE('',*,*,#11038,.F.);
#11883 = PLANE('',#11884);
#11884 = AXIS2_PLACEMENT_3D('',#11885,#11886,#11887);
#11885 = CARTESIAN_POINT('',(-3.,1.7,5.551115123126E-17));
#11886 = DIRECTION('',(1.,9.95799250103E-17,0.));
#11887 = DIRECTION('',(0.,-0.,1.));
#11888 = ADVANCED_FACE('',(#11889),#11900,.F.);
#11889 = FACE_BOUND('',#11890,.F.);
#11890 = EDGE_LOOP('',(#11891,#11897,#11898,#11899));
#11891 = ORIENTED_EDGE('',*,*,#11892,.T.);
#11892 = EDGE_CURVE('',#11022,#10800,#11893,.T.);
#11893 = LINE('',#11894,#11895);
#11894 = CARTESIAN_POINT('',(-2.65,1.7,5.551115123126E-17));
#11895 = VECTOR('',#11896,1.);
#11896 = DIRECTION('',(-9.95799250103E-17,1.,0.));
#11897 = ORIENTED_EDGE('',*,*,#10808,.T.);
#11898 = ORIENTED_EDGE('',*,*,#11875,.F.);
#11899 = ORIENTED_EDGE('',*,*,#11030,.F.);
#11900 = PLANE('',#11901);
#11901 = AXIS2_PLACEMENT_3D('',#11902,#11903,#11904);
#11902 = CARTESIAN_POINT('',(-2.65,1.7,5.551115123126E-17));
#11903 = DIRECTION('',(0.,0.,1.));
#11904 = DIRECTION('',(-1.,-9.95799250103E-17,0.));
#11905 = ADVANCED_FACE('',(#11906),#11917,.T.);
#11906 = FACE_BOUND('',#11907,.T.);
#11907 = EDGE_LOOP('',(#11908,#11909,#11910,#11911));
#11908 = ORIENTED_EDGE('',*,*,#11021,.T.);
#11909 = ORIENTED_EDGE('',*,*,#11892,.T.);
#11910 = ORIENTED_EDGE('',*,*,#10799,.F.);
#11911 = ORIENTED_EDGE('',*,*,#11912,.F.);
#11912 = EDGE_CURVE('',#11014,#10792,#11913,.T.);
#11913 = LINE('',#11914,#11915);
#11914 = CARTESIAN_POINT('',(-2.35,1.7,0.3));
#11915 = VECTOR('',#11916,1.);
#11916 = DIRECTION('',(-9.95799250103E-17,1.,0.));
#11917 = CYLINDRICAL_SURFACE('',#11918,0.3);
#11918 = AXIS2_PLACEMENT_3D('',#11919,#11920,#11921);
#11919 = CARTESIAN_POINT('',(-2.65,1.7,0.3));
#11920 = DIRECTION('',(9.95799250103E-17,-1.,-0.));
#11921 = DIRECTION('',(1.,9.95799250103E-17,3.515706244646E-15));
#11922 = ADVANCED_FACE('',(#11923),#11929,.F.);
#11923 = FACE_BOUND('',#11924,.F.);
#11924 = EDGE_LOOP('',(#11925,#11926,#11927,#11928));
#11925 = ORIENTED_EDGE('',*,*,#11096,.T.);
#11926 = ORIENTED_EDGE('',*,*,#10791,.T.);
#11927 = ORIENTED_EDGE('',*,*,#11912,.F.);
#11928 = ORIENTED_EDGE('',*,*,#11013,.F.);
#11929 = PLANE('',#11930);
#11930 = AXIS2_PLACEMENT_3D('',#11931,#11932,#11933);
#11931 = CARTESIAN_POINT('',(-2.35,1.7,0.725));
#11932 = DIRECTION('',(-1.,-9.95799250103E-17,1.044915787883E-15));
#11933 = DIRECTION('',(-1.044915787883E-15,-1.040526357994E-31,-1.));
#11934 = ADVANCED_FACE('',(#11935),#11946,.T.);
#11935 = FACE_BOUND('',#11936,.T.);
#11936 = EDGE_LOOP('',(#11937,#11938,#11939,#11940));
#11937 = ORIENTED_EDGE('',*,*,#11202,.T.);
#11938 = ORIENTED_EDGE('',*,*,#11611,.T.);
#11939 = ORIENTED_EDGE('',*,*,#11425,.F.);
#11940 = ORIENTED_EDGE('',*,*,#11941,.F.);
#11941 = EDGE_CURVE('',#11195,#11418,#11942,.T.);
#11942 = LINE('',#11943,#11944);
#11943 = CARTESIAN_POINT('',(-2.55,-0.84,0.725));
#11944 = VECTOR('',#11945,1.);
#11945 = DIRECTION('',(-9.95799250103E-17,1.,0.));
#11946 = CYLINDRICAL_SURFACE('',#11947,0.3);
#11947 = AXIS2_PLACEMENT_3D('',#11948,#11949,#11950);
#11948 = CARTESIAN_POINT('',(-2.25,-0.84,0.725));
#11949 = DIRECTION('',(9.95799250103E-17,-1.,-0.));
#11950 = DIRECTION('',(-1.,-9.95799250103E-17,3.700743415417E-16));
#11951 = ADVANCED_FACE('',(#11952),#11963,.F.);
#11952 = FACE_BOUND('',#11953,.F.);
#11953 = EDGE_LOOP('',(#11954,#11960,#11961,#11962));
#11954 = ORIENTED_EDGE('',*,*,#11955,.T.);
#11955 = EDGE_CURVE('',#11186,#11409,#11956,.T.);
#11956 = LINE('',#11957,#11958);
#11957 = CARTESIAN_POINT('',(-2.55,-0.84,0.3));
#11958 = VECTOR('',#11959,1.);
#11959 = DIRECTION('',(-9.95799250103E-17,1.,0.));
#11960 = ORIENTED_EDGE('',*,*,#11417,.T.);
#11961 = ORIENTED_EDGE('',*,*,#11941,.F.);
#11962 = ORIENTED_EDGE('',*,*,#11194,.F.);
#11963 = PLANE('',#11964);
#11964 = AXIS2_PLACEMENT_3D('',#11965,#11966,#11967);
#11965 = CARTESIAN_POINT('',(-2.55,-0.84,0.3));
#11966 = DIRECTION('',(1.,9.95799250103E-17,0.));
#11967 = DIRECTION('',(0.,-0.,1.));
#11968 = ADVANCED_FACE('',(#11969),#11980,.F.);
#11969 = FACE_BOUND('',#11970,.F.);
#11970 = EDGE_LOOP('',(#11971,#11977,#11978,#11979));
#11971 = ORIENTED_EDGE('',*,*,#11972,.T.);
#11972 = EDGE_CURVE('',#11178,#11401,#11973,.T.);
#11973 = LINE('',#11974,#11975);
#11974 = CARTESIAN_POINT('',(-2.65,-0.84,0.2));
#11975 = VECTOR('',#11976,1.);
#11976 = DIRECTION('',(-9.95799250103E-17,1.,0.));
#11977 = ORIENTED_EDGE('',*,*,#11408,.T.);
#11978 = ORIENTED_EDGE('',*,*,#11955,.F.);
#11979 = ORIENTED_EDGE('',*,*,#11185,.F.);
#11980 = CYLINDRICAL_SURFACE('',#11981,0.1);
#11981 = AXIS2_PLACEMENT_3D('',#11982,#11983,#11984);
#11982 = CARTESIAN_POINT('',(-2.65,-0.84,0.3));
#11983 = DIRECTION('',(9.95799250103E-17,-1.,0.));
#11984 = DIRECTION('',(0.,-0.,-1.));
#11985 = ADVANCED_FACE('',(#11986),#11997,.F.);
#11986 = FACE_BOUND('',#11987,.F.);
#11987 = EDGE_LOOP('',(#11988,#11994,#11995,#11996));
#11988 = ORIENTED_EDGE('',*,*,#11989,.T.);
#11989 = EDGE_CURVE('',#11170,#11393,#11990,.T.);
#11990 = LINE('',#11991,#11992);
#11991 = CARTESIAN_POINT('',(-3.,-0.84,0.2));
#11992 = VECTOR('',#11993,1.);
#11993 = DIRECTION('',(-9.95799250103E-17,1.,0.));
#11994 = ORIENTED_EDGE('',*,*,#11400,.T.);
#11995 = ORIENTED_EDGE('',*,*,#11972,.F.);
#11996 = ORIENTED_EDGE('',*,*,#11177,.F.);
#11997 = PLANE('',#11998);
#11998 = AXIS2_PLACEMENT_3D('',#11999,#12000,#12001);
#11999 = CARTESIAN_POINT('',(-3.,-0.84,0.2));
#12000 = DIRECTION('',(-0.,0.,-1.));
#12001 = DIRECTION('',(1.,9.95799250103E-17,0.));
#12002 = ADVANCED_FACE('',(#12003),#12014,.F.);
#12003 = FACE_BOUND('',#12004,.F.);
#12004 = EDGE_LOOP('',(#12005,#12011,#12012,#12013));
#12005 = ORIENTED_EDGE('',*,*,#12006,.T.);
#12006 = EDGE_CURVE('',#11162,#11385,#12007,.T.);
#12007 = LINE('',#12008,#12009);
#12008 = CARTESIAN_POINT('',(-3.,-0.84,5.551115123126E-17));
#12009 = VECTOR('',#12010,1.);
#12010 = DIRECTION('',(-9.95799250103E-17,1.,0.));
#12011 = ORIENTED_EDGE('',*,*,#11392,.T.);
#12012 = ORIENTED_EDGE('',*,*,#11989,.F.);
#12013 = ORIENTED_EDGE('',*,*,#11169,.F.);
#12014 = PLANE('',#12015);
#12015 = AXIS2_PLACEMENT_3D('',#12016,#12017,#12018);
#12016 = CARTESIAN_POINT('',(-3.,-0.84,5.551115123126E-17));
#12017 = DIRECTION('',(1.,9.95799250103E-17,0.));
#12018 = DIRECTION('',(0.,-0.,1.));
#12019 = ADVANCED_FACE('',(#12020),#12031,.F.);
#12020 = FACE_BOUND('',#12021,.F.);
#12021 = EDGE_LOOP('',(#12022,#12028,#12029,#12030));
#12022 = ORIENTED_EDGE('',*,*,#12023,.T.);
#12023 = EDGE_CURVE('',#11153,#11376,#12024,.T.);
#12024 = LINE('',#12025,#12026);
#12025 = CARTESIAN_POINT('',(-2.65,-0.84,5.551115123126E-17));
#12026 = VECTOR('',#12027,1.);
#12027 = DIRECTION('',(-9.95799250103E-17,1.,0.));
#12028 = ORIENTED_EDGE('',*,*,#11384,.T.);
#12029 = ORIENTED_EDGE('',*,*,#12006,.F.);
#12030 = ORIENTED_EDGE('',*,*,#11161,.F.);
#12031 = PLANE('',#12032);
#12032 = AXIS2_PLACEMENT_3D('',#12033,#12034,#12035);
#12033 = CARTESIAN_POINT('',(-2.65,-0.84,5.551115123126E-17));
#12034 = DIRECTION('',(0.,0.,1.));
#12035 = DIRECTION('',(-1.,-9.95799250103E-17,0.));
#12036 = ADVANCED_FACE('',(#12037),#12048,.T.);
#12037 = FACE_BOUND('',#12038,.T.);
#12038 = EDGE_LOOP('',(#12039,#12040,#12041,#12042));
#12039 = ORIENTED_EDGE('',*,*,#11152,.T.);
#12040 = ORIENTED_EDGE('',*,*,#12023,.T.);
#12041 = ORIENTED_EDGE('',*,*,#11375,.F.);
#12042 = ORIENTED_EDGE('',*,*,#12043,.F.);
#12043 = EDGE_CURVE('',#11145,#11368,#12044,.T.);
#12044 = LINE('',#12045,#12046);
#12045 = CARTESIAN_POINT('',(-2.35,-0.84,0.3));
#12046 = VECTOR('',#12047,1.);
#12047 = DIRECTION('',(-9.95799250103E-17,1.,0.));
#12048 = CYLINDRICAL_SURFACE('',#12049,0.3);
#12049 = AXIS2_PLACEMENT_3D('',#12050,#12051,#12052);
#12050 = CARTESIAN_POINT('',(-2.65,-0.84,0.3));
#12051 = DIRECTION('',(9.95799250103E-17,-1.,-0.));
#12052 = DIRECTION('',(1.,9.95799250103E-17,3.515706244646E-15));
#12053 = ADVANCED_FACE('',(#12054),#12060,.F.);
#12054 = FACE_BOUND('',#12055,.F.);
#12055 = EDGE_LOOP('',(#12056,#12057,#12058,#12059));
#12056 = ORIENTED_EDGE('',*,*,#11349,.T.);
#12057 = ORIENTED_EDGE('',*,*,#11367,.T.);
#12058 = ORIENTED_EDGE('',*,*,#12043,.F.);
#12059 = ORIENTED_EDGE('',*,*,#11144,.F.);
#12060 = PLANE('',#12061);
#12061 = AXIS2_PLACEMENT_3D('',#12062,#12063,#12064);
#12062 = CARTESIAN_POINT('',(-2.35,-0.84,0.725));
#12063 = DIRECTION('',(-1.,-9.95799250103E-17,1.044915787883E-15));
#12064 = DIRECTION('',(-1.044915787883E-15,-1.040526357994E-31,-1.));
#12065 = ADVANCED_FACE('',(#12066),#12077,.T.);
#12066 = FACE_BOUND('',#12067,.T.);
#12067 = EDGE_LOOP('',(#12068,#12069,#12070,#12071));
#12068 = ORIENTED_EDGE('',*,*,#11517,.T.);
#12069 = ORIENTED_EDGE('',*,*,#11649,.T.);
#12070 = ORIENTED_EDGE('',*,*,#11294,.F.);
#12071 = ORIENTED_EDGE('',*,*,#12072,.F.);
#12072 = EDGE_CURVE('',#11510,#11287,#12073,.T.);
#12073 = LINE('',#12074,#12075);
#12074 = CARTESIAN_POINT('',(-2.55,0.43,0.725));
#12075 = VECTOR('',#12076,1.);
#12076 = DIRECTION('',(-9.95799250103E-17,1.,0.));
#12077 = CYLINDRICAL_SURFACE('',#12078,0.3);
#12078 = AXIS2_PLACEMENT_3D('',#12079,#12080,#12081);
#12079 = CARTESIAN_POINT('',(-2.25,0.43,0.725));
#12080 = DIRECTION('',(9.95799250103E-17,-1.,-0.));
#12081 = DIRECTION('',(-1.,-9.95799250103E-17,3.700743415417E-16));
#12082 = ADVANCED_FACE('',(#12083),#12094,.F.);
#12083 = FACE_BOUND('',#12084,.F.);
#12084 = EDGE_LOOP('',(#12085,#12091,#12092,#12093));
#12085 = ORIENTED_EDGE('',*,*,#12086,.T.);
#12086 = EDGE_CURVE('',#11501,#11278,#12087,.T.);
#12087 = LINE('',#12088,#12089);
#12088 = CARTESIAN_POINT('',(-2.55,0.43,0.3));
#12089 = VECTOR('',#12090,1.);
#12090 = DIRECTION('',(-9.95799250103E-17,1.,0.));
#12091 = ORIENTED_EDGE('',*,*,#11286,.T.);
#12092 = ORIENTED_EDGE('',*,*,#12072,.F.);
#12093 = ORIENTED_EDGE('',*,*,#11509,.F.);
#12094 = PLANE('',#12095);
#12095 = AXIS2_PLACEMENT_3D('',#12096,#12097,#12098);
#12096 = CARTESIAN_POINT('',(-2.55,0.43,0.3));
#12097 = DIRECTION('',(1.,9.95799250103E-17,0.));
#12098 = DIRECTION('',(0.,-0.,1.));
#12099 = ADVANCED_FACE('',(#12100),#12111,.F.);
#12100 = FACE_BOUND('',#12101,.F.);
#12101 = EDGE_LOOP('',(#12102,#12108,#12109,#12110));
#12102 = ORIENTED_EDGE('',*,*,#12103,.T.);
#12103 = EDGE_CURVE('',#11493,#11270,#12104,.T.);
#12104 = LINE('',#12105,#12106);
#12105 = CARTESIAN_POINT('',(-2.65,0.43,0.2));
#12106 = VECTOR('',#12107,1.);
#12107 = DIRECTION('',(-9.95799250103E-17,1.,0.));
#12108 = ORIENTED_EDGE('',*,*,#11277,.T.);
#12109 = ORIENTED_EDGE('',*,*,#12086,.F.);
#12110 = ORIENTED_EDGE('',*,*,#11500,.F.);
#12111 = CYLINDRICAL_SURFACE('',#12112,0.1);
#12112 = AXIS2_PLACEMENT_3D('',#12113,#12114,#12115);
#12113 = CARTESIAN_POINT('',(-2.65,0.43,0.3));
#12114 = DIRECTION('',(9.95799250103E-17,-1.,0.));
#12115 = DIRECTION('',(0.,-0.,-1.));
#12116 = ADVANCED_FACE('',(#12117),#12128,.F.);
#12117 = FACE_BOUND('',#12118,.F.);
#12118 = EDGE_LOOP('',(#12119,#12125,#12126,#12127));
#12119 = ORIENTED_EDGE('',*,*,#12120,.T.);
#12120 = EDGE_CURVE('',#11485,#11262,#12121,.T.);
#12121 = LINE('',#12122,#12123);
#12122 = CARTESIAN_POINT('',(-3.,0.43,0.2));
#12123 = VECTOR('',#12124,1.);
#12124 = DIRECTION('',(-9.95799250103E-17,1.,0.));
#12125 = ORIENTED_EDGE('',*,*,#11269,.T.);
#12126 = ORIENTED_EDGE('',*,*,#12103,.F.);
#12127 = ORIENTED_EDGE('',*,*,#11492,.F.);
#12128 = PLANE('',#12129);
#12129 = AXIS2_PLACEMENT_3D('',#12130,#12131,#12132);
#12130 = CARTESIAN_POINT('',(-3.,0.43,0.2));
#12131 = DIRECTION('',(-0.,0.,-1.));
#12132 = DIRECTION('',(1.,9.95799250103E-17,0.));
#12133 = ADVANCED_FACE('',(#12134),#12145,.F.);
#12134 = FACE_BOUND('',#12135,.F.);
#12135 = EDGE_LOOP('',(#12136,#12142,#12143,#12144));
#12136 = ORIENTED_EDGE('',*,*,#12137,.T.);
#12137 = EDGE_CURVE('',#11477,#11254,#12138,.T.);
#12138 = LINE('',#12139,#12140);
#12139 = CARTESIAN_POINT('',(-3.,0.43,5.551115123126E-17));
#12140 = VECTOR('',#12141,1.);
#12141 = DIRECTION('',(-9.95799250103E-17,1.,0.));
#12142 = ORIENTED_EDGE('',*,*,#11261,.T.);
#12143 = ORIENTED_EDGE('',*,*,#12120,.F.);
#12144 = ORIENTED_EDGE('',*,*,#11484,.F.);
#12145 = PLANE('',#12146);
#12146 = AXIS2_PLACEMENT_3D('',#12147,#12148,#12149);
#12147 = CARTESIAN_POINT('',(-3.,0.43,5.551115123126E-17));
#12148 = DIRECTION('',(1.,9.95799250103E-17,0.));
#12149 = DIRECTION('',(0.,-0.,1.));
#12150 = ADVANCED_FACE('',(#12151),#12162,.F.);
#12151 = FACE_BOUND('',#12152,.F.);
#12152 = EDGE_LOOP('',(#12153,#12159,#12160,#12161));
#12153 = ORIENTED_EDGE('',*,*,#12154,.T.);
#12154 = EDGE_CURVE('',#11468,#11245,#12155,.T.);
#12155 = LINE('',#12156,#12157);
#12156 = CARTESIAN_POINT('',(-2.65,0.43,5.551115123126E-17));
#12157 = VECTOR('',#12158,1.);
#12158 = DIRECTION('',(-9.95799250103E-17,1.,0.));
#12159 = ORIENTED_EDGE('',*,*,#11253,.T.);
#12160 = ORIENTED_EDGE('',*,*,#12137,.F.);
#12161 = ORIENTED_EDGE('',*,*,#11476,.F.);
#12162 = PLANE('',#12163);
#12163 = AXIS2_PLACEMENT_3D('',#12164,#12165,#12166);
#12164 = CARTESIAN_POINT('',(-2.65,0.43,5.551115123126E-17));
#12165 = DIRECTION('',(0.,0.,1.));
#12166 = DIRECTION('',(-1.,-9.95799250103E-17,0.));
#12167 = ADVANCED_FACE('',(#12168),#12179,.T.);
#12168 = FACE_BOUND('',#12169,.T.);
#12169 = EDGE_LOOP('',(#12170,#12171,#12172,#12173));
#12170 = ORIENTED_EDGE('',*,*,#11467,.T.);
#12171 = ORIENTED_EDGE('',*,*,#12154,.T.);
#12172 = ORIENTED_EDGE('',*,*,#11244,.F.);
#12173 = ORIENTED_EDGE('',*,*,#12174,.F.);
#12174 = EDGE_CURVE('',#11460,#11237,#12175,.T.);
#12175 = LINE('',#12176,#12177);
#12176 = CARTESIAN_POINT('',(-2.35,0.43,0.3));
#12177 = VECTOR('',#12178,1.);
#12178 = DIRECTION('',(-9.95799250103E-17,1.,0.));
#12179 = CYLINDRICAL_SURFACE('',#12180,0.3);
#12180 = AXIS2_PLACEMENT_3D('',#12181,#12182,#12183);
#12181 = CARTESIAN_POINT('',(-2.65,0.43,0.3));
#12182 = DIRECTION('',(9.95799250103E-17,-1.,-0.));
#12183 = DIRECTION('',(1.,9.95799250103E-17,3.515706244646E-15));
#12184 = ADVANCED_FACE('',(#12185),#12191,.F.);
#12185 = FACE_BOUND('',#12186,.F.);
#12186 = EDGE_LOOP('',(#12187,#12188,#12189,#12190));
#12187 = ORIENTED_EDGE('',*,*,#11542,.T.);
#12188 = ORIENTED_EDGE('',*,*,#11236,.T.);
#12189 = ORIENTED_EDGE('',*,*,#12174,.F.);
#12190 = ORIENTED_EDGE('',*,*,#11459,.F.);
#12191 = PLANE('',#12192);
#12192 = AXIS2_PLACEMENT_3D('',#12193,#12194,#12195);
#12193 = CARTESIAN_POINT('',(-2.35,0.43,0.725));
#12194 = DIRECTION('',(-1.,-9.95799250103E-17,1.044915787883E-15));
#12195 = DIRECTION('',(-1.044915787883E-15,-1.040526357994E-31,-1.));
#12196 = ( GEOMETRIC_REPRESENTATION_CONTEXT(3) 
GLOBAL_UNCERTAINTY_ASSIGNED_CONTEXT((#12200)) 
GLOBAL_UNIT_ASSIGNED_CONTEXT((#12197,#12198,#12199)) 
REPRESENTATION_CONTEXT('Context #1',
  '3D Context with UNIT and UNCERTAINTY') );
#12197 = ( LENGTH_UNIT() NAMED_UNIT(*) SI_UNIT(.MILLI.,.METRE.) );
#12198 = ( NAMED_UNIT(*) PLANE_ANGLE_UNIT() SI_UNIT($,.RADIAN.) );
#12199 = ( NAMED_UNIT(*) SI_UNIT($,.STERADIAN.) SOLID_ANGLE_UNIT() );
#12200 = UNCERTAINTY_MEASURE_WITH_UNIT(LENGTH_MEASURE(2.E-06),#12197,
  'distance_accuracy_value','confusion accuracy');
#12201 = CONTEXT_DEPENDENT_SHAPE_REPRESENTATION(#12202,#12204);
#12202 = ( REPRESENTATION_RELATIONSHIP('','',#7588,#7565) 
REPRESENTATION_RELATIONSHIP_WITH_TRANSFORMATION(#12203) 
SHAPE_REPRESENTATION_RELATIONSHIP() );
#12203 = ITEM_DEFINED_TRANSFORMATION('','',#11,#7566);
#12204 = PRODUCT_DEFINITION_SHAPE('Placement','Placement of an item',
  #12205);
#12205 = NEXT_ASSEMBLY_USAGE_OCCURRENCE('20','=>[0:1:1:13]','',#7560,
  #7583,$);
#12206 = PRODUCT_RELATED_PRODUCT_CATEGORY('part',$,(#7585));
#12207 = CONTEXT_DEPENDENT_SHAPE_REPRESENTATION(#12208,#12210);
#12208 = ( REPRESENTATION_RELATIONSHIP('','',#204,#10) 
REPRESENTATION_RELATIONSHIP_WITH_TRANSFORMATION(#12209) 
SHAPE_REPRESENTATION_RELATIONSHIP() );
#12209 = ITEM_DEFINED_TRANSFORMATION('','',#11,#75);
#12210 = PRODUCT_DEFINITION_SHAPE('Placement','Placement of an item',
  #12211);
#12211 = NEXT_ASSEMBLY_USAGE_OCCURRENCE('22','R16','',#5,#199,$);
#12212 = CONTEXT_DEPENDENT_SHAPE_REPRESENTATION(#12213,#12215);
#12213 = ( REPRESENTATION_RELATIONSHIP('','',#204,#10) 
REPRESENTATION_RELATIONSHIP_WITH_TRANSFORMATION(#12214) 
SHAPE_REPRESENTATION_RELATIONSHIP() );
#12214 = ITEM_DEFINED_TRANSFORMATION('','',#11,#79);
#12215 = PRODUCT_DEFINITION_SHAPE('Placement','Placement of an item',
  #12216);
#12216 = NEXT_ASSEMBLY_USAGE_OCCURRENCE('23','R5','',#5,#199,$);
#12217 = CONTEXT_DEPENDENT_SHAPE_REPRESENTATION(#12218,#12220);
#12218 = ( REPRESENTATION_RELATIONSHIP('','',#7565,#10) 
REPRESENTATION_RELATIONSHIP_WITH_TRANSFORMATION(#12219) 
SHAPE_REPRESENTATION_RELATIONSHIP() );
#12219 = ITEM_DEFINED_TRANSFORMATION('','',#11,#83);
#12220 = PRODUCT_DEFINITION_SHAPE('Placement','Placement of an item',
  #12221);
#12221 = NEXT_ASSEMBLY_USAGE_OCCURRENCE('24','U1','',#5,#7560,$);
#12222 = CONTEXT_DEPENDENT_SHAPE_REPRESENTATION(#12223,#12225);
#12223 = ( REPRESENTATION_RELATIONSHIP('','',#7565,#10) 
REPRESENTATION_RELATIONSHIP_WITH_TRANSFORMATION(#12224) 
SHAPE_REPRESENTATION_RELATIONSHIP() );
#12224 = ITEM_DEFINED_TRANSFORMATION('','',#11,#87);
#12225 = PRODUCT_DEFINITION_SHAPE('Placement','Placement of an item',
  #12226);
#12226 = NEXT_ASSEMBLY_USAGE_OCCURRENCE('25','U3','',#5,#7560,$);
#12227 = CONTEXT_DEPENDENT_SHAPE_REPRESENTATION(#12228,#12230);
#12228 = ( REPRESENTATION_RELATIONSHIP('','',#204,#10) 
REPRESENTATION_RELATIONSHIP_WITH_TRANSFORMATION(#12229) 
SHAPE_REPRESENTATION_RELATIONSHIP() );
#12229 = ITEM_DEFINED_TRANSFORMATION('','',#11,#91);
#12230 = PRODUCT_DEFINITION_SHAPE('Placement','Placement of an item',
  #12231);
#12231 = NEXT_ASSEMBLY_USAGE_OCCURRENCE('26','R8','',#5,#199,$);
#12232 = CONTEXT_DEPENDENT_SHAPE_REPRESENTATION(#12233,#12235);
#12233 = ( REPRESENTATION_RELATIONSHIP('','',#1036,#10) 
REPRESENTATION_RELATIONSHIP_WITH_TRANSFORMATION(#12234) 
SHAPE_REPRESENTATION_RELATIONSHIP() );
#12234 = ITEM_DEFINED_TRANSFORMATION('','',#11,#95);
#12235 = PRODUCT_DEFINITION_SHAPE('Placement','Placement of an item',
  #12236);
#12236 = NEXT_ASSEMBLY_USAGE_OCCURRENCE('27','C4','',#5,#1031,$);
#12237 = CONTEXT_DEPENDENT_SHAPE_REPRESENTATION(#12238,#12240);
#12238 = ( REPRESENTATION_RELATIONSHIP('','',#204,#10) 
REPRESENTATION_RELATIONSHIP_WITH_TRANSFORMATION(#12239) 
SHAPE_REPRESENTATION_RELATIONSHIP() );
#12239 = ITEM_DEFINED_TRANSFORMATION('','',#11,#99);
#12240 = PRODUCT_DEFINITION_SHAPE('Placement','Placement of an item',
  #12241);
#12241 = NEXT_ASSEMBLY_USAGE_OCCURRENCE('28','R10','',#5,#199,$);
#12242 = CONTEXT_DEPENDENT_SHAPE_REPRESENTATION(#12243,#12245);
#12243 = ( REPRESENTATION_RELATIONSHIP('','',#7565,#10) 
REPRESENTATION_RELATIONSHIP_WITH_TRANSFORMATION(#12244) 
SHAPE_REPRESENTATION_RELATIONSHIP() );
#12244 = ITEM_DEFINED_TRANSFORMATION('','',#11,#103);
#12245 = PRODUCT_DEFINITION_SHAPE('Placement','Placement of an item',
  #12246);
#12246 = NEXT_ASSEMBLY_USAGE_OCCURRENCE('29','U4','',#5,#7560,$);
#12247 = CONTEXT_DEPENDENT_SHAPE_REPRESENTATION(#12248,#12250);
#12248 = ( REPRESENTATION_RELATIONSHIP('','',#7565,#10) 
REPRESENTATION_RELATIONSHIP_WITH_TRANSFORMATION(#12249) 
SHAPE_REPRESENTATION_RELATIONSHIP() );
#12249 = ITEM_DEFINED_TRANSFORMATION('','',#11,#107);
#12250 = PRODUCT_DEFINITION_SHAPE('Placement','Placement of an item',
  #12251);
#12251 = NEXT_ASSEMBLY_USAGE_OCCURRENCE('30','U6','',#5,#7560,$);
#12252 = CONTEXT_DEPENDENT_SHAPE_REPRESENTATION(#12253,#12255);
#12253 = ( REPRESENTATION_RELATIONSHIP('','',#1036,#10) 
REPRESENTATION_RELATIONSHIP_WITH_TRANSFORMATION(#12254) 
SHAPE_REPRESENTATION_RELATIONSHIP() );
#12254 = ITEM_DEFINED_TRANSFORMATION('','',#11,#111);
#12255 = PRODUCT_DEFINITION_SHAPE('Placement','Placement of an item',
  #12256);
#12256 = NEXT_ASSEMBLY_USAGE_OCCURRENCE('31','C8','',#5,#1031,$);
#12257 = CONTEXT_DEPENDENT_SHAPE_REPRESENTATION(#12258,#12260);
#12258 = ( REPRESENTATION_RELATIONSHIP('','',#204,#10) 
REPRESENTATION_RELATIONSHIP_WITH_TRANSFORMATION(#12259) 
SHAPE_REPRESENTATION_RELATIONSHIP() );
#12259 = ITEM_DEFINED_TRANSFORMATION('','',#11,#115);
#12260 = PRODUCT_DEFINITION_SHAPE('Placement','Placement of an item',
  #12261);
#12261 = NEXT_ASSEMBLY_USAGE_OCCURRENCE('32','R1','',#5,#199,$);
#12262 = CONTEXT_DEPENDENT_SHAPE_REPRESENTATION(#12263,#12265);
#12263 = ( REPRESENTATION_RELATIONSHIP('','',#1036,#10) 
REPRESENTATION_RELATIONSHIP_WITH_TRANSFORMATION(#12264) 
SHAPE_REPRESENTATION_RELATIONSHIP() );
#12264 = ITEM_DEFINED_TRANSFORMATION('','',#11,#119);
#12265 = PRODUCT_DEFINITION_SHAPE('Placement','Placement of an item',
  #12266);
#12266 = NEXT_ASSEMBLY_USAGE_OCCURRENCE('33','C12','',#5,#1031,$);
#12267 = CONTEXT_DEPENDENT_SHAPE_REPRESENTATION(#12268,#12270);
#12268 = ( REPRESENTATION_RELATIONSHIP('','',#1942,#10) 
REPRESENTATION_RELATIONSHIP_WITH_TRANSFORMATION(#12269) 
SHAPE_REPRESENTATION_RELATIONSHIP() );
#12269 = ITEM_DEFINED_TRANSFORMATION('','',#11,#123);
#12270 = PRODUCT_DEFINITION_SHAPE('Placement','Placement of an item',
  #12271);
#12271 = NEXT_ASSEMBLY_USAGE_OCCURRENCE('34','TP3','',#5,#1937,$);
#12272 = CONTEXT_DEPENDENT_SHAPE_REPRESENTATION(#12273,#12275);
#12273 = ( REPRESENTATION_RELATIONSHIP('','',#1036,#10) 
REPRESENTATION_RELATIONSHIP_WITH_TRANSFORMATION(#12274) 
SHAPE_REPRESENTATION_RELATIONSHIP() );
#12274 = ITEM_DEFINED_TRANSFORMATION('','',#11,#127);
#12275 = PRODUCT_DEFINITION_SHAPE('Placement','Placement of an item',
  #12276);
#12276 = NEXT_ASSEMBLY_USAGE_OCCURRENCE('35','C11','',#5,#1031,$);
#12277 = CONTEXT_DEPENDENT_SHAPE_REPRESENTATION(#12278,#12280);
#12278 = ( REPRESENTATION_RELATIONSHIP('','',#1036,#10) 
REPRESENTATION_RELATIONSHIP_WITH_TRANSFORMATION(#12279) 
SHAPE_REPRESENTATION_RELATIONSHIP() );
#12279 = ITEM_DEFINED_TRANSFORMATION('','',#11,#131);
#12280 = PRODUCT_DEFINITION_SHAPE('Placement','Placement of an item',
  #12281);
#12281 = NEXT_ASSEMBLY_USAGE_OCCURRENCE('36','C9','',#5,#1031,$);
#12282 = CONTEXT_DEPENDENT_SHAPE_REPRESENTATION(#12283,#12285);
#12283 = ( REPRESENTATION_RELATIONSHIP('','',#204,#10) 
REPRESENTATION_RELATIONSHIP_WITH_TRANSFORMATION(#12284) 
SHAPE_REPRESENTATION_RELATIONSHIP() );
#12284 = ITEM_DEFINED_TRANSFORMATION('','',#11,#135);
#12285 = PRODUCT_DEFINITION_SHAPE('Placement','Placement of an item',
  #12286);
#12286 = NEXT_ASSEMBLY_USAGE_OCCURRENCE('37','R14','',#5,#199,$);
#12287 = CONTEXT_DEPENDENT_SHAPE_REPRESENTATION(#12288,#12290);
#12288 = ( REPRESENTATION_RELATIONSHIP('','',#1942,#10) 
REPRESENTATION_RELATIONSHIP_WITH_TRANSFORMATION(#12289) 
SHAPE_REPRESENTATION_RELATIONSHIP() );
#12289 = ITEM_DEFINED_TRANSFORMATION('','',#11,#139);
#12290 = PRODUCT_DEFINITION_SHAPE('Placement','Placement of an item',
  #12291);
#12291 = NEXT_ASSEMBLY_USAGE_OCCURRENCE('38','TP6','',#5,#1937,$);
#12292 = CONTEXT_DEPENDENT_SHAPE_REPRESENTATION(#12293,#12295);
#12293 = ( REPRESENTATION_RELATIONSHIP('','',#204,#10) 
REPRESENTATION_RELATIONSHIP_WITH_TRANSFORMATION(#12294) 
SHAPE_REPRESENTATION_RELATIONSHIP() );
#12294 = ITEM_DEFINED_TRANSFORMATION('','',#11,#143);
#12295 = PRODUCT_DEFINITION_SHAPE('Placement','Placement of an item',
  #12296);
#12296 = NEXT_ASSEMBLY_USAGE_OCCURRENCE('39','R13','',#5,#199,$);
#12297 = CONTEXT_DEPENDENT_SHAPE_REPRESENTATION(#12298,#12300);
#12298 = ( REPRESENTATION_RELATIONSHIP('','',#1036,#10) 
REPRESENTATION_RELATIONSHIP_WITH_TRANSFORMATION(#12299) 
SHAPE_REPRESENTATION_RELATIONSHIP() );
#12299 = ITEM_DEFINED_TRANSFORMATION('','',#11,#147);
#12300 = PRODUCT_DEFINITION_SHAPE('Placement','Placement of an item',
  #12301);
#12301 = NEXT_ASSEMBLY_USAGE_OCCURRENCE('40','C7','',#5,#1031,$);
#12302 = CONTEXT_DEPENDENT_SHAPE_REPRESENTATION(#12303,#12305);
#12303 = ( REPRESENTATION_RELATIONSHIP('','',#204,#10) 
REPRESENTATION_RELATIONSHIP_WITH_TRANSFORMATION(#12304) 
SHAPE_REPRESENTATION_RELATIONSHIP() );
#12304 = ITEM_DEFINED_TRANSFORMATION('','',#11,#151);
#12305 = PRODUCT_DEFINITION_SHAPE('Placement','Placement of an item',
  #12306);
#12306 = NEXT_ASSEMBLY_USAGE_OCCURRENCE('41','R2','',#5,#199,$);
#12307 = CONTEXT_DEPENDENT_SHAPE_REPRESENTATION(#12308,#12310);
#12308 = ( REPRESENTATION_RELATIONSHIP('','',#204,#10) 
REPRESENTATION_RELATIONSHIP_WITH_TRANSFORMATION(#12309) 
SHAPE_REPRESENTATION_RELATIONSHIP() );
#12309 = ITEM_DEFINED_TRANSFORMATION('','',#11,#155);
#12310 = PRODUCT_DEFINITION_SHAPE('Placement','Placement of an item',
  #12311);
#12311 = NEXT_ASSEMBLY_USAGE_OCCURRENCE('42','R15','',#5,#199,$);
#12312 = CONTEXT_DEPENDENT_SHAPE_REPRESENTATION(#12313,#12315);
#12313 = ( REPRESENTATION_RELATIONSHIP('','',#5453,#10) 
REPRESENTATION_RELATIONSHIP_WITH_TRANSFORMATION(#12314) 
SHAPE_REPRESENTATION_RELATIONSHIP() );
#12314 = ITEM_DEFINED_TRANSFORMATION('','',#11,#159);
#12315 = PRODUCT_DEFINITION_SHAPE('Placement','Placement of an item',
  #12316);
#12316 = NEXT_ASSEMBLY_USAGE_OCCURRENCE('43','C13','',#5,#5448,$);
#12317 = CONTEXT_DEPENDENT_SHAPE_REPRESENTATION(#12318,#12320);
#12318 = ( REPRESENTATION_RELATIONSHIP('','',#1036,#10) 
REPRESENTATION_RELATIONSHIP_WITH_TRANSFORMATION(#12319) 
SHAPE_REPRESENTATION_RELATIONSHIP() );
#12319 = ITEM_DEFINED_TRANSFORMATION('','',#11,#163);
#12320 = PRODUCT_DEFINITION_SHAPE('Placement','Placement of an item',
  #12321);
#12321 = NEXT_ASSEMBLY_USAGE_OCCURRENCE('44','C10','',#5,#1031,$);
#12322 = CONTEXT_DEPENDENT_SHAPE_REPRESENTATION(#12323,#12325);
#12323 = ( REPRESENTATION_RELATIONSHIP('','',#2626,#10) 
REPRESENTATION_RELATIONSHIP_WITH_TRANSFORMATION(#12324) 
SHAPE_REPRESENTATION_RELATIONSHIP() );
#12324 = ITEM_DEFINED_TRANSFORMATION('','',#11,#167);
#12325 = PRODUCT_DEFINITION_SHAPE('Placement','Placement of an item',
  #12326);
#12326 = NEXT_ASSEMBLY_USAGE_OCCURRENCE('45','J2','',#5,#2621,$);
#12327 = CONTEXT_DEPENDENT_SHAPE_REPRESENTATION(#12328,#12330);
#12328 = ( REPRESENTATION_RELATIONSHIP('','',#204,#10) 
REPRESENTATION_RELATIONSHIP_WITH_TRANSFORMATION(#12329) 
SHAPE_REPRESENTATION_RELATIONSHIP() );
#12329 = ITEM_DEFINED_TRANSFORMATION('','',#11,#171);
#12330 = PRODUCT_DEFINITION_SHAPE('Placement','Placement of an item',
  #12331);
#12331 = NEXT_ASSEMBLY_USAGE_OCCURRENCE('46','R33','',#5,#199,$);
#12332 = CONTEXT_DEPENDENT_SHAPE_REPRESENTATION(#12333,#12335);
#12333 = ( REPRESENTATION_RELATIONSHIP('','',#204,#10) 
REPRESENTATION_RELATIONSHIP_WITH_TRANSFORMATION(#12334) 
SHAPE_REPRESENTATION_RELATIONSHIP() );
#12334 = ITEM_DEFINED_TRANSFORMATION('','',#11,#175);
#12335 = PRODUCT_DEFINITION_SHAPE('Placement','Placement of an item',
  #12336);
#12336 = NEXT_ASSEMBLY_USAGE_OCCURRENCE('47','R4','',#5,#199,$);
#12337 = CONTEXT_DEPENDENT_SHAPE_REPRESENTATION(#12338,#12340);
#12338 = ( REPRESENTATION_RELATIONSHIP('','',#1036,#10) 
REPRESENTATION_RELATIONSHIP_WITH_TRANSFORMATION(#12339) 
SHAPE_REPRESENTATION_RELATIONSHIP() );
#12339 = ITEM_DEFINED_TRANSFORMATION('','',#11,#179);
#12340 = PRODUCT_DEFINITION_SHAPE('Placement','Placement of an item',
  #12341);
#12341 = NEXT_ASSEMBLY_USAGE_OCCURRENCE('48','C6','',#5,#1031,$);
#12342 = CONTEXT_DEPENDENT_SHAPE_REPRESENTATION(#12343,#12345);
#12343 = ( REPRESENTATION_RELATIONSHIP('','',#204,#10) 
REPRESENTATION_RELATIONSHIP_WITH_TRANSFORMATION(#12344) 
SHAPE_REPRESENTATION_RELATIONSHIP() );
#12344 = ITEM_DEFINED_TRANSFORMATION('','',#11,#183);
#12345 = PRODUCT_DEFINITION_SHAPE('Placement','Placement of an item',
  #12346);
#12346 = NEXT_ASSEMBLY_USAGE_OCCURRENCE('49','R31','',#5,#199,$);
#12347 = SHAPE_DEFINITION_REPRESENTATION(#12348,#12354);
#12348 = PRODUCT_DEFINITION_SHAPE('','',#12349);
#12349 = PRODUCT_DEFINITION('design','',#12350,#12353);
#12350 = PRODUCT_DEFINITION_FORMATION('','',#12351);
#12351 = PRODUCT('RealQuadcellAmp_PCB','RealQuadcellAmp_PCB','',(#12352)
  );
#12352 = PRODUCT_CONTEXT('',#2,'mechanical');
#12353 = PRODUCT_DEFINITION_CONTEXT('part definition',#2,'design');
#12354 = ADVANCED_BREP_SHAPE_REPRESENTATION('',(#11,#12355),#13792);
#12355 = MANIFOLD_SOLID_BREP('',#12356);
#12356 = CLOSED_SHELL('',(#12357,#12397,#12428,#12459,#12839,#13219,
    #13231,#13248,#13265,#13282,#13299,#13316,#13333,#13350,#13367,
    #13384,#13401,#13418,#13435,#13452,#13469,#13486,#13503,#13520,
    #13537,#13554,#13571,#13588,#13605,#13622,#13639,#13656,#13673,
    #13690,#13707,#13724,#13741,#13758,#13775));
#12357 = ADVANCED_FACE('',(#12358),#12392,.T.);
#12358 = FACE_BOUND('',#12359,.T.);
#12359 = EDGE_LOOP('',(#12360,#12370,#12378,#12386));
#12360 = ORIENTED_EDGE('',*,*,#12361,.T.);
#12361 = EDGE_CURVE('',#12362,#12364,#12366,.T.);
#12362 = VERTEX_POINT('',#12363);
#12363 = CARTESIAN_POINT('',(159.6,-115.6,0.));
#12364 = VERTEX_POINT('',#12365);
#12365 = CARTESIAN_POINT('',(159.6,-115.6,1.6));
#12366 = LINE('',#12367,#12368);
#12367 = CARTESIAN_POINT('',(159.6,-115.6,0.));
#12368 = VECTOR('',#12369,1.);
#12369 = DIRECTION('',(0.,0.,1.));
#12370 = ORIENTED_EDGE('',*,*,#12371,.T.);
#12371 = EDGE_CURVE('',#12364,#12372,#12374,.T.);
#12372 = VERTEX_POINT('',#12373);
#12373 = CARTESIAN_POINT('',(84.,-115.6,1.6));
#12374 = LINE('',#12375,#12376);
#12375 = CARTESIAN_POINT('',(159.6,-115.6,1.6));
#12376 = VECTOR('',#12377,1.);
#12377 = DIRECTION('',(-1.,0.,0.));
#12378 = ORIENTED_EDGE('',*,*,#12379,.F.);
#12379 = EDGE_CURVE('',#12380,#12372,#12382,.T.);
#12380 = VERTEX_POINT('',#12381);
#12381 = CARTESIAN_POINT('',(84.,-115.6,0.));
#12382 = LINE('',#12383,#12384);
#12383 = CARTESIAN_POINT('',(84.,-115.6,0.));
#12384 = VECTOR('',#12385,1.);
#12385 = DIRECTION('',(0.,0.,1.));
#12386 = ORIENTED_EDGE('',*,*,#12387,.F.);
#12387 = EDGE_CURVE('',#12362,#12380,#12388,.T.);
#12388 = LINE('',#12389,#12390);
#12389 = CARTESIAN_POINT('',(159.6,-115.6,0.));
#12390 = VECTOR('',#12391,1.);
#12391 = DIRECTION('',(-1.,0.,0.));
#12392 = PLANE('',#12393);
#12393 = AXIS2_PLACEMENT_3D('',#12394,#12395,#12396);
#12394 = CARTESIAN_POINT('',(159.6,-115.6,0.));
#12395 = DIRECTION('',(0.,-1.,0.));
#12396 = DIRECTION('',(-1.,0.,0.));
#12397 = ADVANCED_FACE('',(#12398),#12423,.T.);
#12398 = FACE_BOUND('',#12399,.T.);
#12399 = EDGE_LOOP('',(#12400,#12410,#12416,#12417));
#12400 = ORIENTED_EDGE('',*,*,#12401,.T.);
#12401 = EDGE_CURVE('',#12402,#12404,#12406,.T.);
#12402 = VERTEX_POINT('',#12403);
#12403 = CARTESIAN_POINT('',(159.6,-39.5,0.));
#12404 = VERTEX_POINT('',#12405);
#12405 = CARTESIAN_POINT('',(159.6,-39.5,1.6));
#12406 = LINE('',#12407,#12408);
#12407 = CARTESIAN_POINT('',(159.6,-39.5,0.));
#12408 = VECTOR('',#12409,1.);
#12409 = DIRECTION('',(0.,0.,1.));
#12410 = ORIENTED_EDGE('',*,*,#12411,.T.);
#12411 = EDGE_CURVE('',#12404,#12364,#12412,.T.);
#12412 = LINE('',#12413,#12414);
#12413 = CARTESIAN_POINT('',(159.6,-39.5,1.6));
#12414 = VECTOR('',#12415,1.);
#12415 = DIRECTION('',(0.,-1.,0.));
#12416 = ORIENTED_EDGE('',*,*,#12361,.F.);
#12417 = ORIENTED_EDGE('',*,*,#12418,.F.);
#12418 = EDGE_CURVE('',#12402,#12362,#12419,.T.);
#12419 = LINE('',#12420,#12421);
#12420 = CARTESIAN_POINT('',(159.6,-39.5,0.));
#12421 = VECTOR('',#12422,1.);
#12422 = DIRECTION('',(0.,-1.,0.));
#12423 = PLANE('',#12424);
#12424 = AXIS2_PLACEMENT_3D('',#12425,#12426,#12427);
#12425 = CARTESIAN_POINT('',(159.6,-39.5,0.));
#12426 = DIRECTION('',(1.,0.,-0.));
#12427 = DIRECTION('',(0.,-1.,0.));
#12428 = ADVANCED_FACE('',(#12429),#12454,.T.);
#12429 = FACE_BOUND('',#12430,.T.);
#12430 = EDGE_LOOP('',(#12431,#12432,#12440,#12448));
#12431 = ORIENTED_EDGE('',*,*,#12379,.T.);
#12432 = ORIENTED_EDGE('',*,*,#12433,.T.);
#12433 = EDGE_CURVE('',#12372,#12434,#12436,.T.);
#12434 = VERTEX_POINT('',#12435);
#12435 = CARTESIAN_POINT('',(84.,-39.5,1.6));
#12436 = LINE('',#12437,#12438);
#12437 = CARTESIAN_POINT('',(84.,-115.6,1.6));
#12438 = VECTOR('',#12439,1.);
#12439 = DIRECTION('',(0.,1.,0.));
#12440 = ORIENTED_EDGE('',*,*,#12441,.F.);
#12441 = EDGE_CURVE('',#12442,#12434,#12444,.T.);
#12442 = VERTEX_POINT('',#12443);
#12443 = CARTESIAN_POINT('',(84.,-39.5,0.));
#12444 = LINE('',#12445,#12446);
#12445 = CARTESIAN_POINT('',(84.,-39.5,0.));
#12446 = VECTOR('',#12447,1.);
#12447 = DIRECTION('',(0.,0.,1.));
#12448 = ORIENTED_EDGE('',*,*,#12449,.F.);
#12449 = EDGE_CURVE('',#12380,#12442,#12450,.T.);
#12450 = LINE('',#12451,#12452);
#12451 = CARTESIAN_POINT('',(84.,-115.6,0.));
#12452 = VECTOR('',#12453,1.);
#12453 = DIRECTION('',(0.,1.,0.));
#12454 = PLANE('',#12455);
#12455 = AXIS2_PLACEMENT_3D('',#12456,#12457,#12458);
#12456 = CARTESIAN_POINT('',(84.,-115.6,0.));
#12457 = DIRECTION('',(-1.,0.,0.));
#12458 = DIRECTION('',(0.,1.,0.));
#12459 = ADVANCED_FACE('',(#12460,#12471,#12482,#12493,#12504,#12515,
    #12526,#12537,#12548,#12559,#12570,#12581,#12592,#12603,#12614,
    #12625,#12636,#12647,#12658,#12669,#12680,#12691,#12702,#12713,
    #12724,#12735,#12746,#12757,#12768,#12779,#12790,#12801,#12812,
    #12823),#12834,.F.);
#12460 = FACE_BOUND('',#12461,.F.);
#12461 = EDGE_LOOP('',(#12462,#12463,#12464,#12470));
#12462 = ORIENTED_EDGE('',*,*,#12387,.F.);
#12463 = ORIENTED_EDGE('',*,*,#12418,.F.);
#12464 = ORIENTED_EDGE('',*,*,#12465,.F.);
#12465 = EDGE_CURVE('',#12442,#12402,#12466,.T.);
#12466 = LINE('',#12467,#12468);
#12467 = CARTESIAN_POINT('',(84.,-39.5,0.));
#12468 = VECTOR('',#12469,1.);
#12469 = DIRECTION('',(1.,0.,0.));
#12470 = ORIENTED_EDGE('',*,*,#12449,.F.);
#12471 = FACE_BOUND('',#12472,.F.);
#12472 = EDGE_LOOP('',(#12473));
#12473 = ORIENTED_EDGE('',*,*,#12474,.T.);
#12474 = EDGE_CURVE('',#12475,#12475,#12477,.T.);
#12475 = VERTEX_POINT('',#12476);
#12476 = CARTESIAN_POINT('',(88.8,-112.,0.));
#12477 = CIRCLE('',#12478,1.6);
#12478 = AXIS2_PLACEMENT_3D('',#12479,#12480,#12481);
#12479 = CARTESIAN_POINT('',(88.8,-110.4,0.));
#12480 = DIRECTION('',(-0.,0.,-1.));
#12481 = DIRECTION('',(-8.881784197001E-15,-1.,0.));
#12482 = FACE_BOUND('',#12483,.F.);
#12483 = EDGE_LOOP('',(#12484));
#12484 = ORIENTED_EDGE('',*,*,#12485,.T.);
#12485 = EDGE_CURVE('',#12486,#12486,#12488,.T.);
#12486 = VERTEX_POINT('',#12487);
#12487 = CARTESIAN_POINT('',(102.5,-84.281,0.));
#12488 = CIRCLE('',#12489,0.381);
#12489 = AXIS2_PLACEMENT_3D('',#12490,#12491,#12492);
#12490 = CARTESIAN_POINT('',(102.5,-83.9,0.));
#12491 = DIRECTION('',(-0.,0.,-1.));
#12492 = DIRECTION('',(-0.,-1.,0.));
#12493 = FACE_BOUND('',#12494,.F.);
#12494 = EDGE_LOOP('',(#12495));
#12495 = ORIENTED_EDGE('',*,*,#12496,.T.);
#12496 = EDGE_CURVE('',#12497,#12497,#12499,.T.);
#12497 = VERTEX_POINT('',#12498);
#12498 = CARTESIAN_POINT('',(100.44939,-83.43161,0.));
#12499 = CIRCLE('',#12500,0.381);
#12500 = AXIS2_PLACEMENT_3D('',#12501,#12502,#12503);
#12501 = CARTESIAN_POINT('',(100.44939,-83.05061,0.));
#12502 = DIRECTION('',(-0.,0.,-1.));
#12503 = DIRECTION('',(-0.,-1.,0.));
#12504 = FACE_BOUND('',#12505,.F.);
#12505 = EDGE_LOOP('',(#12506));
#12506 = ORIENTED_EDGE('',*,*,#12507,.T.);
#12507 = EDGE_CURVE('',#12508,#12508,#12510,.T.);
#12508 = VERTEX_POINT('',#12509);
#12509 = CARTESIAN_POINT('',(99.6,-81.381,0.));
#12510 = CIRCLE('',#12511,0.381);
#12511 = AXIS2_PLACEMENT_3D('',#12512,#12513,#12514);
#12512 = CARTESIAN_POINT('',(99.6,-81.,0.));
#12513 = DIRECTION('',(-0.,0.,-1.));
#12514 = DIRECTION('',(-0.,-1.,0.));
#12515 = FACE_BOUND('',#12516,.F.);
#12516 = EDGE_LOOP('',(#12517));
#12517 = ORIENTED_EDGE('',*,*,#12518,.T.);
#12518 = EDGE_CURVE('',#12519,#12519,#12521,.T.);
#12519 = VERTEX_POINT('',#12520);
#12520 = CARTESIAN_POINT('',(100.44939,-79.33039,0.));
#12521 = CIRCLE('',#12522,0.381);
#12522 = AXIS2_PLACEMENT_3D('',#12523,#12524,#12525);
#12523 = CARTESIAN_POINT('',(100.44939,-78.94939,0.));
#12524 = DIRECTION('',(-0.,0.,-1.));
#12525 = DIRECTION('',(-0.,-1.,0.));
#12526 = FACE_BOUND('',#12527,.F.);
#12527 = EDGE_LOOP('',(#12528));
#12528 = ORIENTED_EDGE('',*,*,#12529,.T.);
#12529 = EDGE_CURVE('',#12530,#12530,#12532,.T.);
#12530 = VERTEX_POINT('',#12531);
#12531 = CARTESIAN_POINT('',(102.5,-78.481,0.));
#12532 = CIRCLE('',#12533,0.381);
#12533 = AXIS2_PLACEMENT_3D('',#12534,#12535,#12536);
#12534 = CARTESIAN_POINT('',(102.5,-78.1,0.));
#12535 = DIRECTION('',(-0.,0.,-1.));
#12536 = DIRECTION('',(-0.,-1.,0.));
#12537 = FACE_BOUND('',#12538,.F.);
#12538 = EDGE_LOOP('',(#12539));
#12539 = ORIENTED_EDGE('',*,*,#12540,.T.);
#12540 = EDGE_CURVE('',#12541,#12541,#12543,.T.);
#12541 = VERTEX_POINT('',#12542);
#12542 = CARTESIAN_POINT('',(104.55061,-83.43161,0.));
#12543 = CIRCLE('',#12544,0.381);
#12544 = AXIS2_PLACEMENT_3D('',#12545,#12546,#12547);
#12545 = CARTESIAN_POINT('',(104.55061,-83.05061,0.));
#12546 = DIRECTION('',(-0.,0.,-1.));
#12547 = DIRECTION('',(-0.,-1.,0.));
#12548 = FACE_BOUND('',#12549,.F.);
#12549 = EDGE_LOOP('',(#12550));
#12550 = ORIENTED_EDGE('',*,*,#12551,.T.);
#12551 = EDGE_CURVE('',#12552,#12552,#12554,.T.);
#12552 = VERTEX_POINT('',#12553);
#12553 = CARTESIAN_POINT('',(105.4,-81.381,0.));
#12554 = CIRCLE('',#12555,0.381);
#12555 = AXIS2_PLACEMENT_3D('',#12556,#12557,#12558);
#12556 = CARTESIAN_POINT('',(105.4,-81.,0.));
#12557 = DIRECTION('',(-0.,0.,-1.));
#12558 = DIRECTION('',(-0.,-1.,0.));
#12559 = FACE_BOUND('',#12560,.F.);
#12560 = EDGE_LOOP('',(#12561));
#12561 = ORIENTED_EDGE('',*,*,#12562,.T.);
#12562 = EDGE_CURVE('',#12563,#12563,#12565,.T.);
#12563 = VERTEX_POINT('',#12564);
#12564 = CARTESIAN_POINT('',(104.55061,-79.33039,0.));
#12565 = CIRCLE('',#12566,0.381);
#12566 = AXIS2_PLACEMENT_3D('',#12567,#12568,#12569);
#12567 = CARTESIAN_POINT('',(104.55061,-78.94939,0.));
#12568 = DIRECTION('',(-0.,0.,-1.));
#12569 = DIRECTION('',(-0.,-1.,0.));
#12570 = FACE_BOUND('',#12571,.F.);
#12571 = EDGE_LOOP('',(#12572));
#12572 = ORIENTED_EDGE('',*,*,#12573,.T.);
#12573 = EDGE_CURVE('',#12574,#12574,#12576,.T.);
#12574 = VERTEX_POINT('',#12575);
#12575 = CARTESIAN_POINT('',(154.2,-112.,0.));
#12576 = CIRCLE('',#12577,1.6);
#12577 = AXIS2_PLACEMENT_3D('',#12578,#12579,#12580);
#12578 = CARTESIAN_POINT('',(154.2,-110.4,0.));
#12579 = DIRECTION('',(-0.,0.,-1.));
#12580 = DIRECTION('',(-0.,-1.,0.));
#12581 = FACE_BOUND('',#12582,.F.);
#12582 = EDGE_LOOP('',(#12583));
#12583 = ORIENTED_EDGE('',*,*,#12584,.T.);
#12584 = EDGE_CURVE('',#12585,#12585,#12587,.T.);
#12585 = VERTEX_POINT('',#12586);
#12586 = CARTESIAN_POINT('',(148.6125,-103.4875,0.));
#12587 = CIRCLE('',#12588,0.5);
#12588 = AXIS2_PLACEMENT_3D('',#12589,#12590,#12591);
#12589 = CARTESIAN_POINT('',(148.6125,-102.9875,0.));
#12590 = DIRECTION('',(-0.,0.,-1.));
#12591 = DIRECTION('',(-0.,-1.,0.));
#12592 = FACE_BOUND('',#12593,.F.);
#12593 = EDGE_LOOP('',(#12594));
#12594 = ORIENTED_EDGE('',*,*,#12595,.T.);
#12595 = EDGE_CURVE('',#12596,#12596,#12598,.T.);
#12596 = VERTEX_POINT('',#12597);
#12597 = CARTESIAN_POINT('',(134.8,-82.64,0.));
#12598 = CIRCLE('',#12599,0.5);
#12599 = AXIS2_PLACEMENT_3D('',#12600,#12601,#12602);
#12600 = CARTESIAN_POINT('',(134.8,-82.14,0.));
#12601 = DIRECTION('',(-0.,0.,-1.));
#12602 = DIRECTION('',(-0.,-1.,0.));
#12603 = FACE_BOUND('',#12604,.F.);
#12604 = EDGE_LOOP('',(#12605));
#12605 = ORIENTED_EDGE('',*,*,#12606,.T.);
#12606 = EDGE_CURVE('',#12607,#12607,#12609,.T.);
#12607 = VERTEX_POINT('',#12608);
#12608 = CARTESIAN_POINT('',(134.8,-80.1,0.));
#12609 = CIRCLE('',#12610,0.5);
#12610 = AXIS2_PLACEMENT_3D('',#12611,#12612,#12613);
#12611 = CARTESIAN_POINT('',(134.8,-79.6,0.));
#12612 = DIRECTION('',(-0.,0.,-1.));
#12613 = DIRECTION('',(-0.,-1.,0.));
#12614 = FACE_BOUND('',#12615,.F.);
#12615 = EDGE_LOOP('',(#12616));
#12616 = ORIENTED_EDGE('',*,*,#12617,.T.);
#12617 = EDGE_CURVE('',#12618,#12618,#12620,.T.);
#12618 = VERTEX_POINT('',#12619);
#12619 = CARTESIAN_POINT('',(148.6125,-93.9875,0.));
#12620 = CIRCLE('',#12621,0.5);
#12621 = AXIS2_PLACEMENT_3D('',#12622,#12623,#12624);
#12622 = CARTESIAN_POINT('',(148.6125,-93.4875,0.));
#12623 = DIRECTION('',(-0.,0.,-1.));
#12624 = DIRECTION('',(-0.,-1.,0.));
#12625 = FACE_BOUND('',#12626,.F.);
#12626 = EDGE_LOOP('',(#12627));
#12627 = ORIENTED_EDGE('',*,*,#12628,.T.);
#12628 = EDGE_CURVE('',#12629,#12629,#12631,.T.);
#12629 = VERTEX_POINT('',#12630);
#12630 = CARTESIAN_POINT('',(153.5375,-84.7775,0.));
#12631 = CIRCLE('',#12632,0.5);
#12632 = AXIS2_PLACEMENT_3D('',#12633,#12634,#12635);
#12633 = CARTESIAN_POINT('',(153.5375,-84.2775,0.));
#12634 = DIRECTION('',(-0.,0.,-1.));
#12635 = DIRECTION('',(-0.,-1.,0.));
#12636 = FACE_BOUND('',#12637,.F.);
#12637 = EDGE_LOOP('',(#12638));
#12638 = ORIENTED_EDGE('',*,*,#12639,.T.);
#12639 = EDGE_CURVE('',#12640,#12640,#12642,.T.);
#12640 = VERTEX_POINT('',#12641);
#12641 = CARTESIAN_POINT('',(153.5375,-82.2375,0.));
#12642 = CIRCLE('',#12643,0.5);
#12643 = AXIS2_PLACEMENT_3D('',#12644,#12645,#12646);
#12644 = CARTESIAN_POINT('',(153.5375,-81.7375,0.));
#12645 = DIRECTION('',(-0.,0.,-1.));
#12646 = DIRECTION('',(-0.,-1.,0.));
#12647 = FACE_BOUND('',#12648,.F.);
#12648 = EDGE_LOOP('',(#12649));
#12649 = ORIENTED_EDGE('',*,*,#12650,.T.);
#12650 = EDGE_CURVE('',#12651,#12651,#12653,.T.);
#12651 = VERTEX_POINT('',#12652);
#12652 = CARTESIAN_POINT('',(153.5375,-79.6975,0.));
#12653 = CIRCLE('',#12654,0.5);
#12654 = AXIS2_PLACEMENT_3D('',#12655,#12656,#12657);
#12655 = CARTESIAN_POINT('',(153.5375,-79.1975,0.));
#12656 = DIRECTION('',(-0.,0.,-1.));
#12657 = DIRECTION('',(-0.,-1.,0.));
#12658 = FACE_BOUND('',#12659,.F.);
#12659 = EDGE_LOOP('',(#12660));
#12660 = ORIENTED_EDGE('',*,*,#12661,.T.);
#12661 = EDGE_CURVE('',#12662,#12662,#12664,.T.);
#12662 = VERTEX_POINT('',#12663);
#12663 = CARTESIAN_POINT('',(91.025,-72.075,0.));
#12664 = CIRCLE('',#12665,0.25);
#12665 = AXIS2_PLACEMENT_3D('',#12666,#12667,#12668);
#12666 = CARTESIAN_POINT('',(91.025,-71.825,0.));
#12667 = DIRECTION('',(-0.,0.,-1.));
#12668 = DIRECTION('',(-0.,-1.,0.));
#12669 = FACE_BOUND('',#12670,.F.);
#12670 = EDGE_LOOP('',(#12671));
#12671 = ORIENTED_EDGE('',*,*,#12672,.T.);
#12672 = EDGE_CURVE('',#12673,#12673,#12675,.T.);
#12673 = VERTEX_POINT('',#12674);
#12674 = CARTESIAN_POINT('',(91.025,-68.175,0.));
#12675 = CIRCLE('',#12676,0.25);
#12676 = AXIS2_PLACEMENT_3D('',#12677,#12678,#12679);
#12677 = CARTESIAN_POINT('',(91.025,-67.925,0.));
#12678 = DIRECTION('',(-0.,0.,-1.));
#12679 = DIRECTION('',(-0.,-1.,0.));
#12680 = FACE_BOUND('',#12681,.F.);
#12681 = EDGE_LOOP('',(#12682));
#12682 = ORIENTED_EDGE('',*,*,#12683,.T.);
#12683 = EDGE_CURVE('',#12684,#12684,#12686,.T.);
#12684 = VERTEX_POINT('',#12685);
#12685 = CARTESIAN_POINT('',(91.1,-64.225,0.));
#12686 = CIRCLE('',#12687,0.25);
#12687 = AXIS2_PLACEMENT_3D('',#12688,#12689,#12690);
#12688 = CARTESIAN_POINT('',(91.1,-63.975,0.));
#12689 = DIRECTION('',(-0.,0.,-1.));
#12690 = DIRECTION('',(-0.,-1.,0.));
#12691 = FACE_BOUND('',#12692,.F.);
#12692 = EDGE_LOOP('',(#12693));
#12693 = ORIENTED_EDGE('',*,*,#12694,.T.);
#12694 = EDGE_CURVE('',#12695,#12695,#12697,.T.);
#12695 = VERTEX_POINT('',#12696);
#12696 = CARTESIAN_POINT('',(93.,-58.3,0.));
#12697 = CIRCLE('',#12698,0.76);
#12698 = AXIS2_PLACEMENT_3D('',#12699,#12700,#12701);
#12699 = CARTESIAN_POINT('',(93.,-57.54,0.));
#12700 = DIRECTION('',(-0.,0.,-1.));
#12701 = DIRECTION('',(-0.,-1.,0.));
#12702 = FACE_BOUND('',#12703,.F.);
#12703 = EDGE_LOOP('',(#12704));
#12704 = ORIENTED_EDGE('',*,*,#12705,.T.);
#12705 = EDGE_CURVE('',#12706,#12706,#12708,.T.);
#12706 = VERTEX_POINT('',#12707);
#12707 = CARTESIAN_POINT('',(93.,-53.22,0.));
#12708 = CIRCLE('',#12709,0.76);
#12709 = AXIS2_PLACEMENT_3D('',#12710,#12711,#12712);
#12710 = CARTESIAN_POINT('',(93.,-52.46,0.));
#12711 = DIRECTION('',(-0.,0.,-1.));
#12712 = DIRECTION('',(-0.,-1.,0.));
#12713 = FACE_BOUND('',#12714,.F.);
#12714 = EDGE_LOOP('',(#12715));
#12715 = ORIENTED_EDGE('',*,*,#12716,.T.);
#12716 = EDGE_CURVE('',#12717,#12717,#12719,.T.);
#12717 = VERTEX_POINT('',#12718);
#12718 = CARTESIAN_POINT('',(88.8,-45.6,0.));
#12719 = CIRCLE('',#12720,1.6);
#12720 = AXIS2_PLACEMENT_3D('',#12721,#12722,#12723);
#12721 = CARTESIAN_POINT('',(88.8,-44.,0.));
#12722 = DIRECTION('',(-0.,0.,-1.));
#12723 = DIRECTION('',(-8.881784197001E-15,-1.,0.));
#12724 = FACE_BOUND('',#12725,.F.);
#12725 = EDGE_LOOP('',(#12726));
#12726 = ORIENTED_EDGE('',*,*,#12727,.T.);
#12727 = EDGE_CURVE('',#12728,#12728,#12730,.T.);
#12728 = VERTEX_POINT('',#12729);
#12729 = CARTESIAN_POINT('',(106.2,-59.044888,0.));
#12730 = CIRCLE('',#12731,0.4);
#12731 = AXIS2_PLACEMENT_3D('',#12732,#12733,#12734);
#12732 = CARTESIAN_POINT('',(106.2,-58.644888,0.));
#12733 = DIRECTION('',(-0.,0.,-1.));
#12734 = DIRECTION('',(3.5527136788E-14,-1.,-0.));
#12735 = FACE_BOUND('',#12736,.F.);
#12736 = EDGE_LOOP('',(#12737));
#12737 = ORIENTED_EDGE('',*,*,#12738,.T.);
#12738 = EDGE_CURVE('',#12739,#12739,#12741,.T.);
#12739 = VERTEX_POINT('',#12740);
#12740 = CARTESIAN_POINT('',(106.2,-57.044888,0.));
#12741 = CIRCLE('',#12742,0.4);
#12742 = AXIS2_PLACEMENT_3D('',#12743,#12744,#12745);
#12743 = CARTESIAN_POINT('',(106.2,-56.644888,0.));
#12744 = DIRECTION('',(-0.,0.,-1.));
#12745 = DIRECTION('',(3.5527136788E-14,-1.,-0.));
#12746 = FACE_BOUND('',#12747,.F.);
#12747 = EDGE_LOOP('',(#12748));
#12748 = ORIENTED_EDGE('',*,*,#12749,.T.);
#12749 = EDGE_CURVE('',#12750,#12750,#12752,.T.);
#12750 = VERTEX_POINT('',#12751);
#12751 = CARTESIAN_POINT('',(106.,-52.9375,0.));
#12752 = CIRCLE('',#12753,0.4);
#12753 = AXIS2_PLACEMENT_3D('',#12754,#12755,#12756);
#12754 = CARTESIAN_POINT('',(106.,-52.5375,0.));
#12755 = DIRECTION('',(-0.,0.,-1.));
#12756 = DIRECTION('',(-0.,-1.,0.));
#12757 = FACE_BOUND('',#12758,.F.);
#12758 = EDGE_LOOP('',(#12759));
#12759 = ORIENTED_EDGE('',*,*,#12760,.T.);
#12760 = EDGE_CURVE('',#12761,#12761,#12763,.T.);
#12761 = VERTEX_POINT('',#12762);
#12762 = CARTESIAN_POINT('',(106.,-50.9375,0.));
#12763 = CIRCLE('',#12764,0.4);
#12764 = AXIS2_PLACEMENT_3D('',#12765,#12766,#12767);
#12765 = CARTESIAN_POINT('',(106.,-50.5375,0.));
#12766 = DIRECTION('',(-0.,0.,-1.));
#12767 = DIRECTION('',(-0.,-1.,0.));
#12768 = FACE_BOUND('',#12769,.F.);
#12769 = EDGE_LOOP('',(#12770));
#12770 = ORIENTED_EDGE('',*,*,#12771,.T.);
#12771 = EDGE_CURVE('',#12772,#12772,#12774,.T.);
#12772 = VERTEX_POINT('',#12773);
#12773 = CARTESIAN_POINT('',(134.8,-77.56,0.));
#12774 = CIRCLE('',#12775,0.5);
#12775 = AXIS2_PLACEMENT_3D('',#12776,#12777,#12778);
#12776 = CARTESIAN_POINT('',(134.8,-77.06,0.));
#12777 = DIRECTION('',(-0.,0.,-1.));
#12778 = DIRECTION('',(-0.,-1.,0.));
#12779 = FACE_BOUND('',#12780,.F.);
#12780 = EDGE_LOOP('',(#12781));
#12781 = ORIENTED_EDGE('',*,*,#12782,.T.);
#12782 = EDGE_CURVE('',#12783,#12783,#12785,.T.);
#12783 = VERTEX_POINT('',#12784);
#12784 = CARTESIAN_POINT('',(134.8,-75.02,0.));
#12785 = CIRCLE('',#12786,0.5);
#12786 = AXIS2_PLACEMENT_3D('',#12787,#12788,#12789);
#12787 = CARTESIAN_POINT('',(134.8,-74.52,0.));
#12788 = DIRECTION('',(-0.,0.,-1.));
#12789 = DIRECTION('',(-0.,-1.,0.));
#12790 = FACE_BOUND('',#12791,.F.);
#12791 = EDGE_LOOP('',(#12792));
#12792 = ORIENTED_EDGE('',*,*,#12793,.T.);
#12793 = EDGE_CURVE('',#12794,#12794,#12796,.T.);
#12794 = VERTEX_POINT('',#12795);
#12795 = CARTESIAN_POINT('',(153.5375,-77.1575,0.));
#12796 = CIRCLE('',#12797,0.5);
#12797 = AXIS2_PLACEMENT_3D('',#12798,#12799,#12800);
#12798 = CARTESIAN_POINT('',(153.5375,-76.6575,0.));
#12799 = DIRECTION('',(-0.,0.,-1.));
#12800 = DIRECTION('',(-0.,-1.,0.));
#12801 = FACE_BOUND('',#12802,.F.);
#12802 = EDGE_LOOP('',(#12803));
#12803 = ORIENTED_EDGE('',*,*,#12804,.T.);
#12804 = EDGE_CURVE('',#12805,#12805,#12807,.T.);
#12805 = VERTEX_POINT('',#12806);
#12806 = CARTESIAN_POINT('',(148.6125,-71.4875,0.));
#12807 = CIRCLE('',#12808,0.5);
#12808 = AXIS2_PLACEMENT_3D('',#12809,#12810,#12811);
#12809 = CARTESIAN_POINT('',(148.6125,-70.9875,0.));
#12810 = DIRECTION('',(-0.,0.,-1.));
#12811 = DIRECTION('',(-0.,-1.,0.));
#12812 = FACE_BOUND('',#12813,.F.);
#12813 = EDGE_LOOP('',(#12814));
#12814 = ORIENTED_EDGE('',*,*,#12815,.T.);
#12815 = EDGE_CURVE('',#12816,#12816,#12818,.T.);
#12816 = VERTEX_POINT('',#12817);
#12817 = CARTESIAN_POINT('',(148.6125,-61.9875,0.));
#12818 = CIRCLE('',#12819,0.5);
#12819 = AXIS2_PLACEMENT_3D('',#12820,#12821,#12822);
#12820 = CARTESIAN_POINT('',(148.6125,-61.4875,0.));
#12821 = DIRECTION('',(-0.,0.,-1.));
#12822 = DIRECTION('',(-0.,-1.,0.));
#12823 = FACE_BOUND('',#12824,.F.);
#12824 = EDGE_LOOP('',(#12825));
#12825 = ORIENTED_EDGE('',*,*,#12826,.T.);
#12826 = EDGE_CURVE('',#12827,#12827,#12829,.T.);
#12827 = VERTEX_POINT('',#12828);
#12828 = CARTESIAN_POINT('',(154.2,-45.6,0.));
#12829 = CIRCLE('',#12830,1.6);
#12830 = AXIS2_PLACEMENT_3D('',#12831,#12832,#12833);
#12831 = CARTESIAN_POINT('',(154.2,-44.,0.));
#12832 = DIRECTION('',(-0.,0.,-1.));
#12833 = DIRECTION('',(-0.,-1.,0.));
#12834 = PLANE('',#12835);
#12835 = AXIS2_PLACEMENT_3D('',#12836,#12837,#12838);
#12836 = CARTESIAN_POINT('',(0.,0.,0.));
#12837 = DIRECTION('',(0.,0.,1.));
#12838 = DIRECTION('',(1.,0.,-0.));
#12839 = ADVANCED_FACE('',(#12840,#12851,#12862,#12873,#12884,#12895,
    #12906,#12917,#12928,#12939,#12950,#12961,#12972,#12983,#12994,
    #13005,#13016,#13027,#13038,#13049,#13060,#13071,#13082,#13093,
    #13104,#13115,#13126,#13137,#13148,#13159,#13170,#13181,#13192,
    #13203),#13214,.T.);
#12840 = FACE_BOUND('',#12841,.T.);
#12841 = EDGE_LOOP('',(#12842,#12843,#12844,#12850));
#12842 = ORIENTED_EDGE('',*,*,#12371,.F.);
#12843 = ORIENTED_EDGE('',*,*,#12411,.F.);
#12844 = ORIENTED_EDGE('',*,*,#12845,.F.);
#12845 = EDGE_CURVE('',#12434,#12404,#12846,.T.);
#12846 = LINE('',#12847,#12848);
#12847 = CARTESIAN_POINT('',(84.,-39.5,1.6));
#12848 = VECTOR('',#12849,1.);
#12849 = DIRECTION('',(1.,0.,0.));
#12850 = ORIENTED_EDGE('',*,*,#12433,.F.);
#12851 = FACE_BOUND('',#12852,.T.);
#12852 = EDGE_LOOP('',(#12853));
#12853 = ORIENTED_EDGE('',*,*,#12854,.T.);
#12854 = EDGE_CURVE('',#12855,#12855,#12857,.T.);
#12855 = VERTEX_POINT('',#12856);
#12856 = CARTESIAN_POINT('',(88.8,-112.,1.6));
#12857 = CIRCLE('',#12858,1.6);
#12858 = AXIS2_PLACEMENT_3D('',#12859,#12860,#12861);
#12859 = CARTESIAN_POINT('',(88.8,-110.4,1.6));
#12860 = DIRECTION('',(-0.,0.,-1.));
#12861 = DIRECTION('',(-8.881784197001E-15,-1.,0.));
#12862 = FACE_BOUND('',#12863,.T.);
#12863 = EDGE_LOOP('',(#12864));
#12864 = ORIENTED_EDGE('',*,*,#12865,.T.);
#12865 = EDGE_CURVE('',#12866,#12866,#12868,.T.);
#12866 = VERTEX_POINT('',#12867);
#12867 = CARTESIAN_POINT('',(102.5,-84.281,1.6));
#12868 = CIRCLE('',#12869,0.381);
#12869 = AXIS2_PLACEMENT_3D('',#12870,#12871,#12872);
#12870 = CARTESIAN_POINT('',(102.5,-83.9,1.6));
#12871 = DIRECTION('',(-0.,0.,-1.));
#12872 = DIRECTION('',(-0.,-1.,0.));
#12873 = FACE_BOUND('',#12874,.T.);
#12874 = EDGE_LOOP('',(#12875));
#12875 = ORIENTED_EDGE('',*,*,#12876,.T.);
#12876 = EDGE_CURVE('',#12877,#12877,#12879,.T.);
#12877 = VERTEX_POINT('',#12878);
#12878 = CARTESIAN_POINT('',(100.44939,-83.43161,1.6));
#12879 = CIRCLE('',#12880,0.381);
#12880 = AXIS2_PLACEMENT_3D('',#12881,#12882,#12883);
#12881 = CARTESIAN_POINT('',(100.44939,-83.05061,1.6));
#12882 = DIRECTION('',(-0.,0.,-1.));
#12883 = DIRECTION('',(-0.,-1.,0.));
#12884 = FACE_BOUND('',#12885,.T.);
#12885 = EDGE_LOOP('',(#12886));
#12886 = ORIENTED_EDGE('',*,*,#12887,.T.);
#12887 = EDGE_CURVE('',#12888,#12888,#12890,.T.);
#12888 = VERTEX_POINT('',#12889);
#12889 = CARTESIAN_POINT('',(99.6,-81.381,1.6));
#12890 = CIRCLE('',#12891,0.381);
#12891 = AXIS2_PLACEMENT_3D('',#12892,#12893,#12894);
#12892 = CARTESIAN_POINT('',(99.6,-81.,1.6));
#12893 = DIRECTION('',(-0.,0.,-1.));
#12894 = DIRECTION('',(-0.,-1.,0.));
#12895 = FACE_BOUND('',#12896,.T.);
#12896 = EDGE_LOOP('',(#12897));
#12897 = ORIENTED_EDGE('',*,*,#12898,.T.);
#12898 = EDGE_CURVE('',#12899,#12899,#12901,.T.);
#12899 = VERTEX_POINT('',#12900);
#12900 = CARTESIAN_POINT('',(100.44939,-79.33039,1.6));
#12901 = CIRCLE('',#12902,0.381);
#12902 = AXIS2_PLACEMENT_3D('',#12903,#12904,#12905);
#12903 = CARTESIAN_POINT('',(100.44939,-78.94939,1.6));
#12904 = DIRECTION('',(-0.,0.,-1.));
#12905 = DIRECTION('',(-0.,-1.,0.));
#12906 = FACE_BOUND('',#12907,.T.);
#12907 = EDGE_LOOP('',(#12908));
#12908 = ORIENTED_EDGE('',*,*,#12909,.T.);
#12909 = EDGE_CURVE('',#12910,#12910,#12912,.T.);
#12910 = VERTEX_POINT('',#12911);
#12911 = CARTESIAN_POINT('',(102.5,-78.481,1.6));
#12912 = CIRCLE('',#12913,0.381);
#12913 = AXIS2_PLACEMENT_3D('',#12914,#12915,#12916);
#12914 = CARTESIAN_POINT('',(102.5,-78.1,1.6));
#12915 = DIRECTION('',(-0.,0.,-1.));
#12916 = DIRECTION('',(-0.,-1.,0.));
#12917 = FACE_BOUND('',#12918,.T.);
#12918 = EDGE_LOOP('',(#12919));
#12919 = ORIENTED_EDGE('',*,*,#12920,.T.);
#12920 = EDGE_CURVE('',#12921,#12921,#12923,.T.);
#12921 = VERTEX_POINT('',#12922);
#12922 = CARTESIAN_POINT('',(104.55061,-83.43161,1.6));
#12923 = CIRCLE('',#12924,0.381);
#12924 = AXIS2_PLACEMENT_3D('',#12925,#12926,#12927);
#12925 = CARTESIAN_POINT('',(104.55061,-83.05061,1.6));
#12926 = DIRECTION('',(-0.,0.,-1.));
#12927 = DIRECTION('',(-0.,-1.,0.));
#12928 = FACE_BOUND('',#12929,.T.);
#12929 = EDGE_LOOP('',(#12930));
#12930 = ORIENTED_EDGE('',*,*,#12931,.T.);
#12931 = EDGE_CURVE('',#12932,#12932,#12934,.T.);
#12932 = VERTEX_POINT('',#12933);
#12933 = CARTESIAN_POINT('',(105.4,-81.381,1.6));
#12934 = CIRCLE('',#12935,0.381);
#12935 = AXIS2_PLACEMENT_3D('',#12936,#12937,#12938);
#12936 = CARTESIAN_POINT('',(105.4,-81.,1.6));
#12937 = DIRECTION('',(-0.,0.,-1.));
#12938 = DIRECTION('',(-0.,-1.,0.));
#12939 = FACE_BOUND('',#12940,.T.);
#12940 = EDGE_LOOP('',(#12941));
#12941 = ORIENTED_EDGE('',*,*,#12942,.T.);
#12942 = EDGE_CURVE('',#12943,#12943,#12945,.T.);
#12943 = VERTEX_POINT('',#12944);
#12944 = CARTESIAN_POINT('',(104.55061,-79.33039,1.6));
#12945 = CIRCLE('',#12946,0.381);
#12946 = AXIS2_PLACEMENT_3D('',#12947,#12948,#12949);
#12947 = CARTESIAN_POINT('',(104.55061,-78.94939,1.6));
#12948 = DIRECTION('',(-0.,0.,-1.));
#12949 = DIRECTION('',(-0.,-1.,0.));
#12950 = FACE_BOUND('',#12951,.T.);
#12951 = EDGE_LOOP('',(#12952));
#12952 = ORIENTED_EDGE('',*,*,#12953,.T.);
#12953 = EDGE_CURVE('',#12954,#12954,#12956,.T.);
#12954 = VERTEX_POINT('',#12955);
#12955 = CARTESIAN_POINT('',(154.2,-112.,1.6));
#12956 = CIRCLE('',#12957,1.6);
#12957 = AXIS2_PLACEMENT_3D('',#12958,#12959,#12960);
#12958 = CARTESIAN_POINT('',(154.2,-110.4,1.6));
#12959 = DIRECTION('',(-0.,0.,-1.));
#12960 = DIRECTION('',(-0.,-1.,0.));
#12961 = FACE_BOUND('',#12962,.T.);
#12962 = EDGE_LOOP('',(#12963));
#12963 = ORIENTED_EDGE('',*,*,#12964,.T.);
#12964 = EDGE_CURVE('',#12965,#12965,#12967,.T.);
#12965 = VERTEX_POINT('',#12966);
#12966 = CARTESIAN_POINT('',(148.6125,-103.4875,1.6));
#12967 = CIRCLE('',#12968,0.5);
#12968 = AXIS2_PLACEMENT_3D('',#12969,#12970,#12971);
#12969 = CARTESIAN_POINT('',(148.6125,-102.9875,1.6));
#12970 = DIRECTION('',(-0.,0.,-1.));
#12971 = DIRECTION('',(-0.,-1.,0.));
#12972 = FACE_BOUND('',#12973,.T.);
#12973 = EDGE_LOOP('',(#12974));
#12974 = ORIENTED_EDGE('',*,*,#12975,.T.);
#12975 = EDGE_CURVE('',#12976,#12976,#12978,.T.);
#12976 = VERTEX_POINT('',#12977);
#12977 = CARTESIAN_POINT('',(134.8,-82.64,1.6));
#12978 = CIRCLE('',#12979,0.5);
#12979 = AXIS2_PLACEMENT_3D('',#12980,#12981,#12982);
#12980 = CARTESIAN_POINT('',(134.8,-82.14,1.6));
#12981 = DIRECTION('',(-0.,0.,-1.));
#12982 = DIRECTION('',(-0.,-1.,0.));
#12983 = FACE_BOUND('',#12984,.T.);
#12984 = EDGE_LOOP('',(#12985));
#12985 = ORIENTED_EDGE('',*,*,#12986,.T.);
#12986 = EDGE_CURVE('',#12987,#12987,#12989,.T.);
#12987 = VERTEX_POINT('',#12988);
#12988 = CARTESIAN_POINT('',(134.8,-80.1,1.6));
#12989 = CIRCLE('',#12990,0.5);
#12990 = AXIS2_PLACEMENT_3D('',#12991,#12992,#12993);
#12991 = CARTESIAN_POINT('',(134.8,-79.6,1.6));
#12992 = DIRECTION('',(-0.,0.,-1.));
#12993 = DIRECTION('',(-0.,-1.,0.));
#12994 = FACE_BOUND('',#12995,.T.);
#12995 = EDGE_LOOP('',(#12996));
#12996 = ORIENTED_EDGE('',*,*,#12997,.T.);
#12997 = EDGE_CURVE('',#12998,#12998,#13000,.T.);
#12998 = VERTEX_POINT('',#12999);
#12999 = CARTESIAN_POINT('',(148.6125,-93.9875,1.6));
#13000 = CIRCLE('',#13001,0.5);
#13001 = AXIS2_PLACEMENT_3D('',#13002,#13003,#13004);
#13002 = CARTESIAN_POINT('',(148.6125,-93.4875,1.6));
#13003 = DIRECTION('',(-0.,0.,-1.));
#13004 = DIRECTION('',(-0.,-1.,0.));
#13005 = FACE_BOUND('',#13006,.T.);
#13006 = EDGE_LOOP('',(#13007));
#13007 = ORIENTED_EDGE('',*,*,#13008,.T.);
#13008 = EDGE_CURVE('',#13009,#13009,#13011,.T.);
#13009 = VERTEX_POINT('',#13010);
#13010 = CARTESIAN_POINT('',(153.5375,-84.7775,1.6));
#13011 = CIRCLE('',#13012,0.5);
#13012 = AXIS2_PLACEMENT_3D('',#13013,#13014,#13015);
#13013 = CARTESIAN_POINT('',(153.5375,-84.2775,1.6));
#13014 = DIRECTION('',(-0.,0.,-1.));
#13015 = DIRECTION('',(-0.,-1.,0.));
#13016 = FACE_BOUND('',#13017,.T.);
#13017 = EDGE_LOOP('',(#13018));
#13018 = ORIENTED_EDGE('',*,*,#13019,.T.);
#13019 = EDGE_CURVE('',#13020,#13020,#13022,.T.);
#13020 = VERTEX_POINT('',#13021);
#13021 = CARTESIAN_POINT('',(153.5375,-82.2375,1.6));
#13022 = CIRCLE('',#13023,0.5);
#13023 = AXIS2_PLACEMENT_3D('',#13024,#13025,#13026);
#13024 = CARTESIAN_POINT('',(153.5375,-81.7375,1.6));
#13025 = DIRECTION('',(-0.,0.,-1.));
#13026 = DIRECTION('',(-0.,-1.,0.));
#13027 = FACE_BOUND('',#13028,.T.);
#13028 = EDGE_LOOP('',(#13029));
#13029 = ORIENTED_EDGE('',*,*,#13030,.T.);
#13030 = EDGE_CURVE('',#13031,#13031,#13033,.T.);
#13031 = VERTEX_POINT('',#13032);
#13032 = CARTESIAN_POINT('',(153.5375,-79.6975,1.6));
#13033 = CIRCLE('',#13034,0.5);
#13034 = AXIS2_PLACEMENT_3D('',#13035,#13036,#13037);
#13035 = CARTESIAN_POINT('',(153.5375,-79.1975,1.6));
#13036 = DIRECTION('',(-0.,0.,-1.));
#13037 = DIRECTION('',(-0.,-1.,0.));
#13038 = FACE_BOUND('',#13039,.T.);
#13039 = EDGE_LOOP('',(#13040));
#13040 = ORIENTED_EDGE('',*,*,#13041,.T.);
#13041 = EDGE_CURVE('',#13042,#13042,#13044,.T.);
#13042 = VERTEX_POINT('',#13043);
#13043 = CARTESIAN_POINT('',(91.025,-72.075,1.6));
#13044 = CIRCLE('',#13045,0.25);
#13045 = AXIS2_PLACEMENT_3D('',#13046,#13047,#13048);
#13046 = CARTESIAN_POINT('',(91.025,-71.825,1.6));
#13047 = DIRECTION('',(-0.,0.,-1.));
#13048 = DIRECTION('',(-0.,-1.,0.));
#13049 = FACE_BOUND('',#13050,.T.);
#13050 = EDGE_LOOP('',(#13051));
#13051 = ORIENTED_EDGE('',*,*,#13052,.T.);
#13052 = EDGE_CURVE('',#13053,#13053,#13055,.T.);
#13053 = VERTEX_POINT('',#13054);
#13054 = CARTESIAN_POINT('',(91.025,-68.175,1.6));
#13055 = CIRCLE('',#13056,0.25);
#13056 = AXIS2_PLACEMENT_3D('',#13057,#13058,#13059);
#13057 = CARTESIAN_POINT('',(91.025,-67.925,1.6));
#13058 = DIRECTION('',(-0.,0.,-1.));
#13059 = DIRECTION('',(-0.,-1.,0.));
#13060 = FACE_BOUND('',#13061,.T.);
#13061 = EDGE_LOOP('',(#13062));
#13062 = ORIENTED_EDGE('',*,*,#13063,.T.);
#13063 = EDGE_CURVE('',#13064,#13064,#13066,.T.);
#13064 = VERTEX_POINT('',#13065);
#13065 = CARTESIAN_POINT('',(91.1,-64.225,1.6));
#13066 = CIRCLE('',#13067,0.25);
#13067 = AXIS2_PLACEMENT_3D('',#13068,#13069,#13070);
#13068 = CARTESIAN_POINT('',(91.1,-63.975,1.6));
#13069 = DIRECTION('',(-0.,0.,-1.));
#13070 = DIRECTION('',(-0.,-1.,0.));
#13071 = FACE_BOUND('',#13072,.T.);
#13072 = EDGE_LOOP('',(#13073));
#13073 = ORIENTED_EDGE('',*,*,#13074,.T.);
#13074 = EDGE_CURVE('',#13075,#13075,#13077,.T.);
#13075 = VERTEX_POINT('',#13076);
#13076 = CARTESIAN_POINT('',(93.,-58.3,1.6));
#13077 = CIRCLE('',#13078,0.76);
#13078 = AXIS2_PLACEMENT_3D('',#13079,#13080,#13081);
#13079 = CARTESIAN_POINT('',(93.,-57.54,1.6));
#13080 = DIRECTION('',(-0.,0.,-1.));
#13081 = DIRECTION('',(-0.,-1.,0.));
#13082 = FACE_BOUND('',#13083,.T.);
#13083 = EDGE_LOOP('',(#13084));
#13084 = ORIENTED_EDGE('',*,*,#13085,.T.);
#13085 = EDGE_CURVE('',#13086,#13086,#13088,.T.);
#13086 = VERTEX_POINT('',#13087);
#13087 = CARTESIAN_POINT('',(93.,-53.22,1.6));
#13088 = CIRCLE('',#13089,0.76);
#13089 = AXIS2_PLACEMENT_3D('',#13090,#13091,#13092);
#13090 = CARTESIAN_POINT('',(93.,-52.46,1.6));
#13091 = DIRECTION('',(-0.,0.,-1.));
#13092 = DIRECTION('',(-0.,-1.,0.));
#13093 = FACE_BOUND('',#13094,.T.);
#13094 = EDGE_LOOP('',(#13095));
#13095 = ORIENTED_EDGE('',*,*,#13096,.T.);
#13096 = EDGE_CURVE('',#13097,#13097,#13099,.T.);
#13097 = VERTEX_POINT('',#13098);
#13098 = CARTESIAN_POINT('',(88.8,-45.6,1.6));
#13099 = CIRCLE('',#13100,1.6);
#13100 = AXIS2_PLACEMENT_3D('',#13101,#13102,#13103);
#13101 = CARTESIAN_POINT('',(88.8,-44.,1.6));
#13102 = DIRECTION('',(-0.,0.,-1.));
#13103 = DIRECTION('',(-8.881784197001E-15,-1.,0.));
#13104 = FACE_BOUND('',#13105,.T.);
#13105 = EDGE_LOOP('',(#13106));
#13106 = ORIENTED_EDGE('',*,*,#13107,.T.);
#13107 = EDGE_CURVE('',#13108,#13108,#13110,.T.);
#13108 = VERTEX_POINT('',#13109);
#13109 = CARTESIAN_POINT('',(106.2,-59.044888,1.6));
#13110 = CIRCLE('',#13111,0.4);
#13111 = AXIS2_PLACEMENT_3D('',#13112,#13113,#13114);
#13112 = CARTESIAN_POINT('',(106.2,-58.644888,1.6));
#13113 = DIRECTION('',(-0.,0.,-1.));
#13114 = DIRECTION('',(3.5527136788E-14,-1.,-0.));
#13115 = FACE_BOUND('',#13116,.T.);
#13116 = EDGE_LOOP('',(#13117));
#13117 = ORIENTED_EDGE('',*,*,#13118,.T.);
#13118 = EDGE_CURVE('',#13119,#13119,#13121,.T.);
#13119 = VERTEX_POINT('',#13120);
#13120 = CARTESIAN_POINT('',(106.2,-57.044888,1.6));
#13121 = CIRCLE('',#13122,0.4);
#13122 = AXIS2_PLACEMENT_3D('',#13123,#13124,#13125);
#13123 = CARTESIAN_POINT('',(106.2,-56.644888,1.6));
#13124 = DIRECTION('',(-0.,0.,-1.));
#13125 = DIRECTION('',(3.5527136788E-14,-1.,-0.));
#13126 = FACE_BOUND('',#13127,.T.);
#13127 = EDGE_LOOP('',(#13128));
#13128 = ORIENTED_EDGE('',*,*,#13129,.T.);
#13129 = EDGE_CURVE('',#13130,#13130,#13132,.T.);
#13130 = VERTEX_POINT('',#13131);
#13131 = CARTESIAN_POINT('',(106.,-52.9375,1.6));
#13132 = CIRCLE('',#13133,0.4);
#13133 = AXIS2_PLACEMENT_3D('',#13134,#13135,#13136);
#13134 = CARTESIAN_POINT('',(106.,-52.5375,1.6));
#13135 = DIRECTION('',(-0.,0.,-1.));
#13136 = DIRECTION('',(-0.,-1.,0.));
#13137 = FACE_BOUND('',#13138,.T.);
#13138 = EDGE_LOOP('',(#13139));
#13139 = ORIENTED_EDGE('',*,*,#13140,.T.);
#13140 = EDGE_CURVE('',#13141,#13141,#13143,.T.);
#13141 = VERTEX_POINT('',#13142);
#13142 = CARTESIAN_POINT('',(106.,-50.9375,1.6));
#13143 = CIRCLE('',#13144,0.4);
#13144 = AXIS2_PLACEMENT_3D('',#13145,#13146,#13147);
#13145 = CARTESIAN_POINT('',(106.,-50.5375,1.6));
#13146 = DIRECTION('',(-0.,0.,-1.));
#13147 = DIRECTION('',(-0.,-1.,0.));
#13148 = FACE_BOUND('',#13149,.T.);
#13149 = EDGE_LOOP('',(#13150));
#13150 = ORIENTED_EDGE('',*,*,#13151,.T.);
#13151 = EDGE_CURVE('',#13152,#13152,#13154,.T.);
#13152 = VERTEX_POINT('',#13153);
#13153 = CARTESIAN_POINT('',(134.8,-77.56,1.6));
#13154 = CIRCLE('',#13155,0.5);
#13155 = AXIS2_PLACEMENT_3D('',#13156,#13157,#13158);
#13156 = CARTESIAN_POINT('',(134.8,-77.06,1.6));
#13157 = DIRECTION('',(-0.,0.,-1.));
#13158 = DIRECTION('',(-0.,-1.,0.));
#13159 = FACE_BOUND('',#13160,.T.);
#13160 = EDGE_LOOP('',(#13161));
#13161 = ORIENTED_EDGE('',*,*,#13162,.T.);
#13162 = EDGE_CURVE('',#13163,#13163,#13165,.T.);
#13163 = VERTEX_POINT('',#13164);
#13164 = CARTESIAN_POINT('',(134.8,-75.02,1.6));
#13165 = CIRCLE('',#13166,0.5);
#13166 = AXIS2_PLACEMENT_3D('',#13167,#13168,#13169);
#13167 = CARTESIAN_POINT('',(134.8,-74.52,1.6));
#13168 = DIRECTION('',(-0.,0.,-1.));
#13169 = DIRECTION('',(-0.,-1.,0.));
#13170 = FACE_BOUND('',#13171,.T.);
#13171 = EDGE_LOOP('',(#13172));
#13172 = ORIENTED_EDGE('',*,*,#13173,.T.);
#13173 = EDGE_CURVE('',#13174,#13174,#13176,.T.);
#13174 = VERTEX_POINT('',#13175);
#13175 = CARTESIAN_POINT('',(153.5375,-77.1575,1.6));
#13176 = CIRCLE('',#13177,0.5);
#13177 = AXIS2_PLACEMENT_3D('',#13178,#13179,#13180);
#13178 = CARTESIAN_POINT('',(153.5375,-76.6575,1.6));
#13179 = DIRECTION('',(-0.,0.,-1.));
#13180 = DIRECTION('',(-0.,-1.,0.));
#13181 = FACE_BOUND('',#13182,.T.);
#13182 = EDGE_LOOP('',(#13183));
#13183 = ORIENTED_EDGE('',*,*,#13184,.T.);
#13184 = EDGE_CURVE('',#13185,#13185,#13187,.T.);
#13185 = VERTEX_POINT('',#13186);
#13186 = CARTESIAN_POINT('',(148.6125,-71.4875,1.6));
#13187 = CIRCLE('',#13188,0.5);
#13188 = AXIS2_PLACEMENT_3D('',#13189,#13190,#13191);
#13189 = CARTESIAN_POINT('',(148.6125,-70.9875,1.6));
#13190 = DIRECTION('',(-0.,0.,-1.));
#13191 = DIRECTION('',(-0.,-1.,0.));
#13192 = FACE_BOUND('',#13193,.T.);
#13193 = EDGE_LOOP('',(#13194));
#13194 = ORIENTED_EDGE('',*,*,#13195,.T.);
#13195 = EDGE_CURVE('',#13196,#13196,#13198,.T.);
#13196 = VERTEX_POINT('',#13197);
#13197 = CARTESIAN_POINT('',(148.6125,-61.9875,1.6));
#13198 = CIRCLE('',#13199,0.5);
#13199 = AXIS2_PLACEMENT_3D('',#13200,#13201,#13202);
#13200 = CARTESIAN_POINT('',(148.6125,-61.4875,1.6));
#13201 = DIRECTION('',(-0.,0.,-1.));
#13202 = DIRECTION('',(-0.,-1.,0.));
#13203 = FACE_BOUND('',#13204,.T.);
#13204 = EDGE_LOOP('',(#13205));
#13205 = ORIENTED_EDGE('',*,*,#13206,.T.);
#13206 = EDGE_CURVE('',#13207,#13207,#13209,.T.);
#13207 = VERTEX_POINT('',#13208);
#13208 = CARTESIAN_POINT('',(154.2,-45.6,1.6));
#13209 = CIRCLE('',#13210,1.6);
#13210 = AXIS2_PLACEMENT_3D('',#13211,#13212,#13213);
#13211 = CARTESIAN_POINT('',(154.2,-44.,1.6));
#13212 = DIRECTION('',(-0.,0.,-1.));
#13213 = DIRECTION('',(-0.,-1.,0.));
#13214 = PLANE('',#13215);
#13215 = AXIS2_PLACEMENT_3D('',#13216,#13217,#13218);
#13216 = CARTESIAN_POINT('',(0.,0.,1.6));
#13217 = DIRECTION('',(0.,0.,1.));
#13218 = DIRECTION('',(1.,0.,-0.));
#13219 = ADVANCED_FACE('',(#13220),#13226,.T.);
#13220 = FACE_BOUND('',#13221,.T.);
#13221 = EDGE_LOOP('',(#13222,#13223,#13224,#13225));
#13222 = ORIENTED_EDGE('',*,*,#12441,.T.);
#13223 = ORIENTED_EDGE('',*,*,#12845,.T.);
#13224 = ORIENTED_EDGE('',*,*,#12401,.F.);
#13225 = ORIENTED_EDGE('',*,*,#12465,.F.);
#13226 = PLANE('',#13227);
#13227 = AXIS2_PLACEMENT_3D('',#13228,#13229,#13230);
#13228 = CARTESIAN_POINT('',(84.,-39.5,0.));
#13229 = DIRECTION('',(0.,1.,0.));
#13230 = DIRECTION('',(1.,0.,0.));
#13231 = ADVANCED_FACE('',(#13232),#13243,.F.);
#13232 = FACE_BOUND('',#13233,.T.);
#13233 = EDGE_LOOP('',(#13234,#13235,#13241,#13242));
#13234 = ORIENTED_EDGE('',*,*,#12474,.T.);
#13235 = ORIENTED_EDGE('',*,*,#13236,.T.);
#13236 = EDGE_CURVE('',#12475,#12855,#13237,.T.);
#13237 = LINE('',#13238,#13239);
#13238 = CARTESIAN_POINT('',(88.8,-112.,-4.5E-02));
#13239 = VECTOR('',#13240,1.);
#13240 = DIRECTION('',(0.,0.,1.));
#13241 = ORIENTED_EDGE('',*,*,#12854,.F.);
#13242 = ORIENTED_EDGE('',*,*,#13236,.F.);
#13243 = CYLINDRICAL_SURFACE('',#13244,1.6);
#13244 = AXIS2_PLACEMENT_3D('',#13245,#13246,#13247);
#13245 = CARTESIAN_POINT('',(88.8,-110.4,-4.5E-02));
#13246 = DIRECTION('',(-0.,-0.,-1.));
#13247 = DIRECTION('',(-8.881784197001E-15,-1.,0.));
#13248 = ADVANCED_FACE('',(#13249),#13260,.F.);
#13249 = FACE_BOUND('',#13250,.T.);
#13250 = EDGE_LOOP('',(#13251,#13252,#13258,#13259));
#13251 = ORIENTED_EDGE('',*,*,#12485,.T.);
#13252 = ORIENTED_EDGE('',*,*,#13253,.T.);
#13253 = EDGE_CURVE('',#12486,#12866,#13254,.T.);
#13254 = LINE('',#13255,#13256);
#13255 = CARTESIAN_POINT('',(102.5,-84.281,-4.5E-02));
#13256 = VECTOR('',#13257,1.);
#13257 = DIRECTION('',(0.,0.,1.));
#13258 = ORIENTED_EDGE('',*,*,#12865,.F.);
#13259 = ORIENTED_EDGE('',*,*,#13253,.F.);
#13260 = CYLINDRICAL_SURFACE('',#13261,0.381);
#13261 = AXIS2_PLACEMENT_3D('',#13262,#13263,#13264);
#13262 = CARTESIAN_POINT('',(102.5,-83.9,-4.5E-02));
#13263 = DIRECTION('',(-0.,-0.,-1.));
#13264 = DIRECTION('',(-0.,-1.,0.));
#13265 = ADVANCED_FACE('',(#13266),#13277,.F.);
#13266 = FACE_BOUND('',#13267,.T.);
#13267 = EDGE_LOOP('',(#13268,#13269,#13275,#13276));
#13268 = ORIENTED_EDGE('',*,*,#12496,.T.);
#13269 = ORIENTED_EDGE('',*,*,#13270,.T.);
#13270 = EDGE_CURVE('',#12497,#12877,#13271,.T.);
#13271 = LINE('',#13272,#13273);
#13272 = CARTESIAN_POINT('',(100.44939,-83.43161,-4.5E-02));
#13273 = VECTOR('',#13274,1.);
#13274 = DIRECTION('',(0.,0.,1.));
#13275 = ORIENTED_EDGE('',*,*,#12876,.F.);
#13276 = ORIENTED_EDGE('',*,*,#13270,.F.);
#13277 = CYLINDRICAL_SURFACE('',#13278,0.381);
#13278 = AXIS2_PLACEMENT_3D('',#13279,#13280,#13281);
#13279 = CARTESIAN_POINT('',(100.44939,-83.05061,-4.5E-02));
#13280 = DIRECTION('',(-0.,-0.,-1.));
#13281 = DIRECTION('',(-0.,-1.,0.));
#13282 = ADVANCED_FACE('',(#13283),#13294,.F.);
#13283 = FACE_BOUND('',#13284,.T.);
#13284 = EDGE_LOOP('',(#13285,#13286,#13292,#13293));
#13285 = ORIENTED_EDGE('',*,*,#12507,.T.);
#13286 = ORIENTED_EDGE('',*,*,#13287,.T.);
#13287 = EDGE_CURVE('',#12508,#12888,#13288,.T.);
#13288 = LINE('',#13289,#13290);
#13289 = CARTESIAN_POINT('',(99.6,-81.381,-4.5E-02));
#13290 = VECTOR('',#13291,1.);
#13291 = DIRECTION('',(0.,0.,1.));
#13292 = ORIENTED_EDGE('',*,*,#12887,.F.);
#13293 = ORIENTED_EDGE('',*,*,#13287,.F.);
#13294 = CYLINDRICAL_SURFACE('',#13295,0.381);
#13295 = AXIS2_PLACEMENT_3D('',#13296,#13297,#13298);
#13296 = CARTESIAN_POINT('',(99.6,-81.,-4.5E-02));
#13297 = DIRECTION('',(-0.,-0.,-1.));
#13298 = DIRECTION('',(-0.,-1.,0.));
#13299 = ADVANCED_FACE('',(#13300),#13311,.F.);
#13300 = FACE_BOUND('',#13301,.T.);
#13301 = EDGE_LOOP('',(#13302,#13303,#13309,#13310));
#13302 = ORIENTED_EDGE('',*,*,#12518,.T.);
#13303 = ORIENTED_EDGE('',*,*,#13304,.T.);
#13304 = EDGE_CURVE('',#12519,#12899,#13305,.T.);
#13305 = LINE('',#13306,#13307);
#13306 = CARTESIAN_POINT('',(100.44939,-79.33039,-4.5E-02));
#13307 = VECTOR('',#13308,1.);
#13308 = DIRECTION('',(0.,0.,1.));
#13309 = ORIENTED_EDGE('',*,*,#12898,.F.);
#13310 = ORIENTED_EDGE('',*,*,#13304,.F.);
#13311 = CYLINDRICAL_SURFACE('',#13312,0.381);
#13312 = AXIS2_PLACEMENT_3D('',#13313,#13314,#13315);
#13313 = CARTESIAN_POINT('',(100.44939,-78.94939,-4.5E-02));
#13314 = DIRECTION('',(-0.,-0.,-1.));
#13315 = DIRECTION('',(-0.,-1.,0.));
#13316 = ADVANCED_FACE('',(#13317),#13328,.F.);
#13317 = FACE_BOUND('',#13318,.T.);
#13318 = EDGE_LOOP('',(#13319,#13320,#13326,#13327));
#13319 = ORIENTED_EDGE('',*,*,#12529,.T.);
#13320 = ORIENTED_EDGE('',*,*,#13321,.T.);
#13321 = EDGE_CURVE('',#12530,#12910,#13322,.T.);
#13322 = LINE('',#13323,#13324);
#13323 = CARTESIAN_POINT('',(102.5,-78.481,-4.5E-02));
#13324 = VECTOR('',#13325,1.);
#13325 = DIRECTION('',(0.,0.,1.));
#13326 = ORIENTED_EDGE('',*,*,#12909,.F.);
#13327 = ORIENTED_EDGE('',*,*,#13321,.F.);
#13328 = CYLINDRICAL_SURFACE('',#13329,0.381);
#13329 = AXIS2_PLACEMENT_3D('',#13330,#13331,#13332);
#13330 = CARTESIAN_POINT('',(102.5,-78.1,-4.5E-02));
#13331 = DIRECTION('',(-0.,-0.,-1.));
#13332 = DIRECTION('',(-0.,-1.,0.));
#13333 = ADVANCED_FACE('',(#13334),#13345,.F.);
#13334 = FACE_BOUND('',#13335,.T.);
#13335 = EDGE_LOOP('',(#13336,#13337,#13343,#13344));
#13336 = ORIENTED_EDGE('',*,*,#12540,.T.);
#13337 = ORIENTED_EDGE('',*,*,#13338,.T.);
#13338 = EDGE_CURVE('',#12541,#12921,#13339,.T.);
#13339 = LINE('',#13340,#13341);
#13340 = CARTESIAN_POINT('',(104.55061,-83.43161,-4.5E-02));
#13341 = VECTOR('',#13342,1.);
#13342 = DIRECTION('',(0.,0.,1.));
#13343 = ORIENTED_EDGE('',*,*,#12920,.F.);
#13344 = ORIENTED_EDGE('',*,*,#13338,.F.);
#13345 = CYLINDRICAL_SURFACE('',#13346,0.381);
#13346 = AXIS2_PLACEMENT_3D('',#13347,#13348,#13349);
#13347 = CARTESIAN_POINT('',(104.55061,-83.05061,-4.5E-02));
#13348 = DIRECTION('',(-0.,-0.,-1.));
#13349 = DIRECTION('',(-0.,-1.,0.));
#13350 = ADVANCED_FACE('',(#13351),#13362,.F.);
#13351 = FACE_BOUND('',#13352,.T.);
#13352 = EDGE_LOOP('',(#13353,#13354,#13360,#13361));
#13353 = ORIENTED_EDGE('',*,*,#12551,.T.);
#13354 = ORIENTED_EDGE('',*,*,#13355,.T.);
#13355 = EDGE_CURVE('',#12552,#12932,#13356,.T.);
#13356 = LINE('',#13357,#13358);
#13357 = CARTESIAN_POINT('',(105.4,-81.381,-4.5E-02));
#13358 = VECTOR('',#13359,1.);
#13359 = DIRECTION('',(0.,0.,1.));
#13360 = ORIENTED_EDGE('',*,*,#12931,.F.);
#13361 = ORIENTED_EDGE('',*,*,#13355,.F.);
#13362 = CYLINDRICAL_SURFACE('',#13363,0.381);
#13363 = AXIS2_PLACEMENT_3D('',#13364,#13365,#13366);
#13364 = CARTESIAN_POINT('',(105.4,-81.,-4.5E-02));
#13365 = DIRECTION('',(-0.,-0.,-1.));
#13366 = DIRECTION('',(-0.,-1.,0.));
#13367 = ADVANCED_FACE('',(#13368),#13379,.F.);
#13368 = FACE_BOUND('',#13369,.T.);
#13369 = EDGE_LOOP('',(#13370,#13371,#13377,#13378));
#13370 = ORIENTED_EDGE('',*,*,#12562,.T.);
#13371 = ORIENTED_EDGE('',*,*,#13372,.T.);
#13372 = EDGE_CURVE('',#12563,#12943,#13373,.T.);
#13373 = LINE('',#13374,#13375);
#13374 = CARTESIAN_POINT('',(104.55061,-79.33039,-4.5E-02));
#13375 = VECTOR('',#13376,1.);
#13376 = DIRECTION('',(0.,0.,1.));
#13377 = ORIENTED_EDGE('',*,*,#12942,.F.);
#13378 = ORIENTED_EDGE('',*,*,#13372,.F.);
#13379 = CYLINDRICAL_SURFACE('',#13380,0.381);
#13380 = AXIS2_PLACEMENT_3D('',#13381,#13382,#13383);
#13381 = CARTESIAN_POINT('',(104.55061,-78.94939,-4.5E-02));
#13382 = DIRECTION('',(-0.,-0.,-1.));
#13383 = DIRECTION('',(-0.,-1.,0.));
#13384 = ADVANCED_FACE('',(#13385),#13396,.F.);
#13385 = FACE_BOUND('',#13386,.T.);
#13386 = EDGE_LOOP('',(#13387,#13388,#13394,#13395));
#13387 = ORIENTED_EDGE('',*,*,#12573,.T.);
#13388 = ORIENTED_EDGE('',*,*,#13389,.T.);
#13389 = EDGE_CURVE('',#12574,#12954,#13390,.T.);
#13390 = LINE('',#13391,#13392);
#13391 = CARTESIAN_POINT('',(154.2,-112.,-4.5E-02));
#13392 = VECTOR('',#13393,1.);
#13393 = DIRECTION('',(0.,0.,1.));
#13394 = ORIENTED_EDGE('',*,*,#12953,.F.);
#13395 = ORIENTED_EDGE('',*,*,#13389,.F.);
#13396 = CYLINDRICAL_SURFACE('',#13397,1.6);
#13397 = AXIS2_PLACEMENT_3D('',#13398,#13399,#13400);
#13398 = CARTESIAN_POINT('',(154.2,-110.4,-4.5E-02));
#13399 = DIRECTION('',(-0.,-0.,-1.));
#13400 = DIRECTION('',(-0.,-1.,0.));
#13401 = ADVANCED_FACE('',(#13402),#13413,.F.);
#13402 = FACE_BOUND('',#13403,.T.);
#13403 = EDGE_LOOP('',(#13404,#13405,#13411,#13412));
#13404 = ORIENTED_EDGE('',*,*,#12584,.T.);
#13405 = ORIENTED_EDGE('',*,*,#13406,.T.);
#13406 = EDGE_CURVE('',#12585,#12965,#13407,.T.);
#13407 = LINE('',#13408,#13409);
#13408 = CARTESIAN_POINT('',(148.6125,-103.4875,-4.5E-02));
#13409 = VECTOR('',#13410,1.);
#13410 = DIRECTION('',(0.,0.,1.));
#13411 = ORIENTED_EDGE('',*,*,#12964,.F.);
#13412 = ORIENTED_EDGE('',*,*,#13406,.F.);
#13413 = CYLINDRICAL_SURFACE('',#13414,0.5);
#13414 = AXIS2_PLACEMENT_3D('',#13415,#13416,#13417);
#13415 = CARTESIAN_POINT('',(148.6125,-102.9875,-4.5E-02));
#13416 = DIRECTION('',(-0.,-0.,-1.));
#13417 = DIRECTION('',(-0.,-1.,0.));
#13418 = ADVANCED_FACE('',(#13419),#13430,.F.);
#13419 = FACE_BOUND('',#13420,.T.);
#13420 = EDGE_LOOP('',(#13421,#13422,#13428,#13429));
#13421 = ORIENTED_EDGE('',*,*,#12595,.T.);
#13422 = ORIENTED_EDGE('',*,*,#13423,.T.);
#13423 = EDGE_CURVE('',#12596,#12976,#13424,.T.);
#13424 = LINE('',#13425,#13426);
#13425 = CARTESIAN_POINT('',(134.8,-82.64,-4.5E-02));
#13426 = VECTOR('',#13427,1.);
#13427 = DIRECTION('',(0.,0.,1.));
#13428 = ORIENTED_EDGE('',*,*,#12975,.F.);
#13429 = ORIENTED_EDGE('',*,*,#13423,.F.);
#13430 = CYLINDRICAL_SURFACE('',#13431,0.5);
#13431 = AXIS2_PLACEMENT_3D('',#13432,#13433,#13434);
#13432 = CARTESIAN_POINT('',(134.8,-82.14,-4.5E-02));
#13433 = DIRECTION('',(-0.,-0.,-1.));
#13434 = DIRECTION('',(-0.,-1.,0.));
#13435 = ADVANCED_FACE('',(#13436),#13447,.F.);
#13436 = FACE_BOUND('',#13437,.T.);
#13437 = EDGE_LOOP('',(#13438,#13439,#13445,#13446));
#13438 = ORIENTED_EDGE('',*,*,#12606,.T.);
#13439 = ORIENTED_EDGE('',*,*,#13440,.T.);
#13440 = EDGE_CURVE('',#12607,#12987,#13441,.T.);
#13441 = LINE('',#13442,#13443);
#13442 = CARTESIAN_POINT('',(134.8,-80.1,-4.5E-02));
#13443 = VECTOR('',#13444,1.);
#13444 = DIRECTION('',(0.,0.,1.));
#13445 = ORIENTED_EDGE('',*,*,#12986,.F.);
#13446 = ORIENTED_EDGE('',*,*,#13440,.F.);
#13447 = CYLINDRICAL_SURFACE('',#13448,0.5);
#13448 = AXIS2_PLACEMENT_3D('',#13449,#13450,#13451);
#13449 = CARTESIAN_POINT('',(134.8,-79.6,-4.5E-02));
#13450 = DIRECTION('',(-0.,-0.,-1.));
#13451 = DIRECTION('',(-0.,-1.,0.));
#13452 = ADVANCED_FACE('',(#13453),#13464,.F.);
#13453 = FACE_BOUND('',#13454,.T.);
#13454 = EDGE_LOOP('',(#13455,#13456,#13462,#13463));
#13455 = ORIENTED_EDGE('',*,*,#12617,.T.);
#13456 = ORIENTED_EDGE('',*,*,#13457,.T.);
#13457 = EDGE_CURVE('',#12618,#12998,#13458,.T.);
#13458 = LINE('',#13459,#13460);
#13459 = CARTESIAN_POINT('',(148.6125,-93.9875,-4.5E-02));
#13460 = VECTOR('',#13461,1.);
#13461 = DIRECTION('',(0.,0.,1.));
#13462 = ORIENTED_EDGE('',*,*,#12997,.F.);
#13463 = ORIENTED_EDGE('',*,*,#13457,.F.);
#13464 = CYLINDRICAL_SURFACE('',#13465,0.5);
#13465 = AXIS2_PLACEMENT_3D('',#13466,#13467,#13468);
#13466 = CARTESIAN_POINT('',(148.6125,-93.4875,-4.5E-02));
#13467 = DIRECTION('',(-0.,-0.,-1.));
#13468 = DIRECTION('',(-0.,-1.,0.));
#13469 = ADVANCED_FACE('',(#13470),#13481,.F.);
#13470 = FACE_BOUND('',#13471,.T.);
#13471 = EDGE_LOOP('',(#13472,#13473,#13479,#13480));
#13472 = ORIENTED_EDGE('',*,*,#12628,.T.);
#13473 = ORIENTED_EDGE('',*,*,#13474,.T.);
#13474 = EDGE_CURVE('',#12629,#13009,#13475,.T.);
#13475 = LINE('',#13476,#13477);
#13476 = CARTESIAN_POINT('',(153.5375,-84.7775,-4.5E-02));
#13477 = VECTOR('',#13478,1.);
#13478 = DIRECTION('',(0.,0.,1.));
#13479 = ORIENTED_EDGE('',*,*,#13008,.F.);
#13480 = ORIENTED_EDGE('',*,*,#13474,.F.);
#13481 = CYLINDRICAL_SURFACE('',#13482,0.5);
#13482 = AXIS2_PLACEMENT_3D('',#13483,#13484,#13485);
#13483 = CARTESIAN_POINT('',(153.5375,-84.2775,-4.5E-02));
#13484 = DIRECTION('',(-0.,-0.,-1.));
#13485 = DIRECTION('',(-0.,-1.,0.));
#13486 = ADVANCED_FACE('',(#13487),#13498,.F.);
#13487 = FACE_BOUND('',#13488,.T.);
#13488 = EDGE_LOOP('',(#13489,#13490,#13496,#13497));
#13489 = ORIENTED_EDGE('',*,*,#12639,.T.);
#13490 = ORIENTED_EDGE('',*,*,#13491,.T.);
#13491 = EDGE_CURVE('',#12640,#13020,#13492,.T.);
#13492 = LINE('',#13493,#13494);
#13493 = CARTESIAN_POINT('',(153.5375,-82.2375,-4.5E-02));
#13494 = VECTOR('',#13495,1.);
#13495 = DIRECTION('',(0.,0.,1.));
#13496 = ORIENTED_EDGE('',*,*,#13019,.F.);
#13497 = ORIENTED_EDGE('',*,*,#13491,.F.);
#13498 = CYLINDRICAL_SURFACE('',#13499,0.5);
#13499 = AXIS2_PLACEMENT_3D('',#13500,#13501,#13502);
#13500 = CARTESIAN_POINT('',(153.5375,-81.7375,-4.5E-02));
#13501 = DIRECTION('',(-0.,-0.,-1.));
#13502 = DIRECTION('',(-0.,-1.,0.));
#13503 = ADVANCED_FACE('',(#13504),#13515,.F.);
#13504 = FACE_BOUND('',#13505,.T.);
#13505 = EDGE_LOOP('',(#13506,#13507,#13513,#13514));
#13506 = ORIENTED_EDGE('',*,*,#12650,.T.);
#13507 = ORIENTED_EDGE('',*,*,#13508,.T.);
#13508 = EDGE_CURVE('',#12651,#13031,#13509,.T.);
#13509 = LINE('',#13510,#13511);
#13510 = CARTESIAN_POINT('',(153.5375,-79.6975,-4.5E-02));
#13511 = VECTOR('',#13512,1.);
#13512 = DIRECTION('',(0.,0.,1.));
#13513 = ORIENTED_EDGE('',*,*,#13030,.F.);
#13514 = ORIENTED_EDGE('',*,*,#13508,.F.);
#13515 = CYLINDRICAL_SURFACE('',#13516,0.5);
#13516 = AXIS2_PLACEMENT_3D('',#13517,#13518,#13519);
#13517 = CARTESIAN_POINT('',(153.5375,-79.1975,-4.5E-02));
#13518 = DIRECTION('',(-0.,-0.,-1.));
#13519 = DIRECTION('',(-0.,-1.,0.));
#13520 = ADVANCED_FACE('',(#13521),#13532,.F.);
#13521 = FACE_BOUND('',#13522,.T.);
#13522 = EDGE_LOOP('',(#13523,#13524,#13530,#13531));
#13523 = ORIENTED_EDGE('',*,*,#12661,.T.);
#13524 = ORIENTED_EDGE('',*,*,#13525,.T.);
#13525 = EDGE_CURVE('',#12662,#13042,#13526,.T.);
#13526 = LINE('',#13527,#13528);
#13527 = CARTESIAN_POINT('',(91.025,-72.075,-4.5E-02));
#13528 = VECTOR('',#13529,1.);
#13529 = DIRECTION('',(0.,0.,1.));
#13530 = ORIENTED_EDGE('',*,*,#13041,.F.);
#13531 = ORIENTED_EDGE('',*,*,#13525,.F.);
#13532 = CYLINDRICAL_SURFACE('',#13533,0.25);
#13533 = AXIS2_PLACEMENT_3D('',#13534,#13535,#13536);
#13534 = CARTESIAN_POINT('',(91.025,-71.825,-4.5E-02));
#13535 = DIRECTION('',(-0.,-0.,-1.));
#13536 = DIRECTION('',(-0.,-1.,0.));
#13537 = ADVANCED_FACE('',(#13538),#13549,.F.);
#13538 = FACE_BOUND('',#13539,.T.);
#13539 = EDGE_LOOP('',(#13540,#13541,#13547,#13548));
#13540 = ORIENTED_EDGE('',*,*,#12672,.T.);
#13541 = ORIENTED_EDGE('',*,*,#13542,.T.);
#13542 = EDGE_CURVE('',#12673,#13053,#13543,.T.);
#13543 = LINE('',#13544,#13545);
#13544 = CARTESIAN_POINT('',(91.025,-68.175,-4.5E-02));
#13545 = VECTOR('',#13546,1.);
#13546 = DIRECTION('',(0.,0.,1.));
#13547 = ORIENTED_EDGE('',*,*,#13052,.F.);
#13548 = ORIENTED_EDGE('',*,*,#13542,.F.);
#13549 = CYLINDRICAL_SURFACE('',#13550,0.25);
#13550 = AXIS2_PLACEMENT_3D('',#13551,#13552,#13553);
#13551 = CARTESIAN_POINT('',(91.025,-67.925,-4.5E-02));
#13552 = DIRECTION('',(-0.,-0.,-1.));
#13553 = DIRECTION('',(-0.,-1.,0.));
#13554 = ADVANCED_FACE('',(#13555),#13566,.F.);
#13555 = FACE_BOUND('',#13556,.T.);
#13556 = EDGE_LOOP('',(#13557,#13558,#13564,#13565));
#13557 = ORIENTED_EDGE('',*,*,#12683,.T.);
#13558 = ORIENTED_EDGE('',*,*,#13559,.T.);
#13559 = EDGE_CURVE('',#12684,#13064,#13560,.T.);
#13560 = LINE('',#13561,#13562);
#13561 = CARTESIAN_POINT('',(91.1,-64.225,-4.5E-02));
#13562 = VECTOR('',#13563,1.);
#13563 = DIRECTION('',(0.,0.,1.));
#13564 = ORIENTED_EDGE('',*,*,#13063,.F.);
#13565 = ORIENTED_EDGE('',*,*,#13559,.F.);
#13566 = CYLINDRICAL_SURFACE('',#13567,0.25);
#13567 = AXIS2_PLACEMENT_3D('',#13568,#13569,#13570);
#13568 = CARTESIAN_POINT('',(91.1,-63.975,-4.5E-02));
#13569 = DIRECTION('',(-0.,-0.,-1.));
#13570 = DIRECTION('',(-0.,-1.,0.));
#13571 = ADVANCED_FACE('',(#13572),#13583,.F.);
#13572 = FACE_BOUND('',#13573,.T.);
#13573 = EDGE_LOOP('',(#13574,#13575,#13581,#13582));
#13574 = ORIENTED_EDGE('',*,*,#12694,.T.);
#13575 = ORIENTED_EDGE('',*,*,#13576,.T.);
#13576 = EDGE_CURVE('',#12695,#13075,#13577,.T.);
#13577 = LINE('',#13578,#13579);
#13578 = CARTESIAN_POINT('',(93.,-58.3,-4.5E-02));
#13579 = VECTOR('',#13580,1.);
#13580 = DIRECTION('',(0.,0.,1.));
#13581 = ORIENTED_EDGE('',*,*,#13074,.F.);
#13582 = ORIENTED_EDGE('',*,*,#13576,.F.);
#13583 = CYLINDRICAL_SURFACE('',#13584,0.76);
#13584 = AXIS2_PLACEMENT_3D('',#13585,#13586,#13587);
#13585 = CARTESIAN_POINT('',(93.,-57.54,-4.5E-02));
#13586 = DIRECTION('',(-0.,-0.,-1.));
#13587 = DIRECTION('',(-0.,-1.,0.));
#13588 = ADVANCED_FACE('',(#13589),#13600,.F.);
#13589 = FACE_BOUND('',#13590,.T.);
#13590 = EDGE_LOOP('',(#13591,#13592,#13598,#13599));
#13591 = ORIENTED_EDGE('',*,*,#12705,.T.);
#13592 = ORIENTED_EDGE('',*,*,#13593,.T.);
#13593 = EDGE_CURVE('',#12706,#13086,#13594,.T.);
#13594 = LINE('',#13595,#13596);
#13595 = CARTESIAN_POINT('',(93.,-53.22,-4.5E-02));
#13596 = VECTOR('',#13597,1.);
#13597 = DIRECTION('',(0.,0.,1.));
#13598 = ORIENTED_EDGE('',*,*,#13085,.F.);
#13599 = ORIENTED_EDGE('',*,*,#13593,.F.);
#13600 = CYLINDRICAL_SURFACE('',#13601,0.76);
#13601 = AXIS2_PLACEMENT_3D('',#13602,#13603,#13604);
#13602 = CARTESIAN_POINT('',(93.,-52.46,-4.5E-02));
#13603 = DIRECTION('',(-0.,-0.,-1.));
#13604 = DIRECTION('',(-0.,-1.,0.));
#13605 = ADVANCED_FACE('',(#13606),#13617,.F.);
#13606 = FACE_BOUND('',#13607,.T.);
#13607 = EDGE_LOOP('',(#13608,#13609,#13615,#13616));
#13608 = ORIENTED_EDGE('',*,*,#12716,.T.);
#13609 = ORIENTED_EDGE('',*,*,#13610,.T.);
#13610 = EDGE_CURVE('',#12717,#13097,#13611,.T.);
#13611 = LINE('',#13612,#13613);
#13612 = CARTESIAN_POINT('',(88.8,-45.6,-4.5E-02));
#13613 = VECTOR('',#13614,1.);
#13614 = DIRECTION('',(0.,0.,1.));
#13615 = ORIENTED_EDGE('',*,*,#13096,.F.);
#13616 = ORIENTED_EDGE('',*,*,#13610,.F.);
#13617 = CYLINDRICAL_SURFACE('',#13618,1.6);
#13618 = AXIS2_PLACEMENT_3D('',#13619,#13620,#13621);
#13619 = CARTESIAN_POINT('',(88.8,-44.,-4.5E-02));
#13620 = DIRECTION('',(-0.,-0.,-1.));
#13621 = DIRECTION('',(-8.881784197001E-15,-1.,0.));
#13622 = ADVANCED_FACE('',(#13623),#13634,.F.);
#13623 = FACE_BOUND('',#13624,.T.);
#13624 = EDGE_LOOP('',(#13625,#13626,#13632,#13633));
#13625 = ORIENTED_EDGE('',*,*,#12727,.T.);
#13626 = ORIENTED_EDGE('',*,*,#13627,.T.);
#13627 = EDGE_CURVE('',#12728,#13108,#13628,.T.);
#13628 = LINE('',#13629,#13630);
#13629 = CARTESIAN_POINT('',(106.2,-59.044888,-4.5E-02));
#13630 = VECTOR('',#13631,1.);
#13631 = DIRECTION('',(0.,0.,1.));
#13632 = ORIENTED_EDGE('',*,*,#13107,.F.);
#13633 = ORIENTED_EDGE('',*,*,#13627,.F.);
#13634 = CYLINDRICAL_SURFACE('',#13635,0.4);
#13635 = AXIS2_PLACEMENT_3D('',#13636,#13637,#13638);
#13636 = CARTESIAN_POINT('',(106.2,-58.644888,-4.5E-02));
#13637 = DIRECTION('',(-0.,0.,-1.));
#13638 = DIRECTION('',(3.5527136788E-14,-1.,-0.));
#13639 = ADVANCED_FACE('',(#13640),#13651,.F.);
#13640 = FACE_BOUND('',#13641,.T.);
#13641 = EDGE_LOOP('',(#13642,#13643,#13649,#13650));
#13642 = ORIENTED_EDGE('',*,*,#12738,.T.);
#13643 = ORIENTED_EDGE('',*,*,#13644,.T.);
#13644 = EDGE_CURVE('',#12739,#13119,#13645,.T.);
#13645 = LINE('',#13646,#13647);
#13646 = CARTESIAN_POINT('',(106.2,-57.044888,-4.5E-02));
#13647 = VECTOR('',#13648,1.);
#13648 = DIRECTION('',(0.,0.,1.));
#13649 = ORIENTED_EDGE('',*,*,#13118,.F.);
#13650 = ORIENTED_EDGE('',*,*,#13644,.F.);
#13651 = CYLINDRICAL_SURFACE('',#13652,0.4);
#13652 = AXIS2_PLACEMENT_3D('',#13653,#13654,#13655);
#13653 = CARTESIAN_POINT('',(106.2,-56.644888,-4.5E-02));
#13654 = DIRECTION('',(-0.,0.,-1.));
#13655 = DIRECTION('',(3.5527136788E-14,-1.,-0.));
#13656 = ADVANCED_FACE('',(#13657),#13668,.F.);
#13657 = FACE_BOUND('',#13658,.T.);
#13658 = EDGE_LOOP('',(#13659,#13660,#13666,#13667));
#13659 = ORIENTED_EDGE('',*,*,#12749,.T.);
#13660 = ORIENTED_EDGE('',*,*,#13661,.T.);
#13661 = EDGE_CURVE('',#12750,#13130,#13662,.T.);
#13662 = LINE('',#13663,#13664);
#13663 = CARTESIAN_POINT('',(106.,-52.9375,-4.5E-02));
#13664 = VECTOR('',#13665,1.);
#13665 = DIRECTION('',(0.,0.,1.));
#13666 = ORIENTED_EDGE('',*,*,#13129,.F.);
#13667 = ORIENTED_EDGE('',*,*,#13661,.F.);
#13668 = CYLINDRICAL_SURFACE('',#13669,0.4);
#13669 = AXIS2_PLACEMENT_3D('',#13670,#13671,#13672);
#13670 = CARTESIAN_POINT('',(106.,-52.5375,-4.5E-02));
#13671 = DIRECTION('',(-0.,-0.,-1.));
#13672 = DIRECTION('',(-0.,-1.,0.));
#13673 = ADVANCED_FACE('',(#13674),#13685,.F.);
#13674 = FACE_BOUND('',#13675,.T.);
#13675 = EDGE_LOOP('',(#13676,#13677,#13683,#13684));
#13676 = ORIENTED_EDGE('',*,*,#12760,.T.);
#13677 = ORIENTED_EDGE('',*,*,#13678,.T.);
#13678 = EDGE_CURVE('',#12761,#13141,#13679,.T.);
#13679 = LINE('',#13680,#13681);
#13680 = CARTESIAN_POINT('',(106.,-50.9375,-4.5E-02));
#13681 = VECTOR('',#13682,1.);
#13682 = DIRECTION('',(0.,0.,1.));
#13683 = ORIENTED_EDGE('',*,*,#13140,.F.);
#13684 = ORIENTED_EDGE('',*,*,#13678,.F.);
#13685 = CYLINDRICAL_SURFACE('',#13686,0.4);
#13686 = AXIS2_PLACEMENT_3D('',#13687,#13688,#13689);
#13687 = CARTESIAN_POINT('',(106.,-50.5375,-4.5E-02));
#13688 = DIRECTION('',(-0.,-0.,-1.));
#13689 = DIRECTION('',(-0.,-1.,0.));
#13690 = ADVANCED_FACE('',(#13691),#13702,.F.);
#13691 = FACE_BOUND('',#13692,.T.);
#13692 = EDGE_LOOP('',(#13693,#13694,#13700,#13701));
#13693 = ORIENTED_EDGE('',*,*,#12771,.T.);
#13694 = ORIENTED_EDGE('',*,*,#13695,.T.);
#13695 = EDGE_CURVE('',#12772,#13152,#13696,.T.);
#13696 = LINE('',#13697,#13698);
#13697 = CARTESIAN_POINT('',(134.8,-77.56,-4.5E-02));
#13698 = VECTOR('',#13699,1.);
#13699 = DIRECTION('',(0.,0.,1.));
#13700 = ORIENTED_EDGE('',*,*,#13151,.F.);
#13701 = ORIENTED_EDGE('',*,*,#13695,.F.);
#13702 = CYLINDRICAL_SURFACE('',#13703,0.5);
#13703 = AXIS2_PLACEMENT_3D('',#13704,#13705,#13706);
#13704 = CARTESIAN_POINT('',(134.8,-77.06,-4.5E-02));
#13705 = DIRECTION('',(-0.,-0.,-1.));
#13706 = DIRECTION('',(-0.,-1.,0.));
#13707 = ADVANCED_FACE('',(#13708),#13719,.F.);
#13708 = FACE_BOUND('',#13709,.T.);
#13709 = EDGE_LOOP('',(#13710,#13711,#13717,#13718));
#13710 = ORIENTED_EDGE('',*,*,#12782,.T.);
#13711 = ORIENTED_EDGE('',*,*,#13712,.T.);
#13712 = EDGE_CURVE('',#12783,#13163,#13713,.T.);
#13713 = LINE('',#13714,#13715);
#13714 = CARTESIAN_POINT('',(134.8,-75.02,-4.5E-02));
#13715 = VECTOR('',#13716,1.);
#13716 = DIRECTION('',(0.,0.,1.));
#13717 = ORIENTED_EDGE('',*,*,#13162,.F.);
#13718 = ORIENTED_EDGE('',*,*,#13712,.F.);
#13719 = CYLINDRICAL_SURFACE('',#13720,0.5);
#13720 = AXIS2_PLACEMENT_3D('',#13721,#13722,#13723);
#13721 = CARTESIAN_POINT('',(134.8,-74.52,-4.5E-02));
#13722 = DIRECTION('',(-0.,-0.,-1.));
#13723 = DIRECTION('',(-0.,-1.,0.));
#13724 = ADVANCED_FACE('',(#13725),#13736,.F.);
#13725 = FACE_BOUND('',#13726,.T.);
#13726 = EDGE_LOOP('',(#13727,#13728,#13734,#13735));
#13727 = ORIENTED_EDGE('',*,*,#12793,.T.);
#13728 = ORIENTED_EDGE('',*,*,#13729,.T.);
#13729 = EDGE_CURVE('',#12794,#13174,#13730,.T.);
#13730 = LINE('',#13731,#13732);
#13731 = CARTESIAN_POINT('',(153.5375,-77.1575,-4.5E-02));
#13732 = VECTOR('',#13733,1.);
#13733 = DIRECTION('',(0.,0.,1.));
#13734 = ORIENTED_EDGE('',*,*,#13173,.F.);
#13735 = ORIENTED_EDGE('',*,*,#13729,.F.);
#13736 = CYLINDRICAL_SURFACE('',#13737,0.5);
#13737 = AXIS2_PLACEMENT_3D('',#13738,#13739,#13740);
#13738 = CARTESIAN_POINT('',(153.5375,-76.6575,-4.5E-02));
#13739 = DIRECTION('',(-0.,-0.,-1.));
#13740 = DIRECTION('',(-0.,-1.,0.));
#13741 = ADVANCED_FACE('',(#13742),#13753,.F.);
#13742 = FACE_BOUND('',#13743,.T.);
#13743 = EDGE_LOOP('',(#13744,#13745,#13751,#13752));
#13744 = ORIENTED_EDGE('',*,*,#12804,.T.);
#13745 = ORIENTED_EDGE('',*,*,#13746,.T.);
#13746 = EDGE_CURVE('',#12805,#13185,#13747,.T.);
#13747 = LINE('',#13748,#13749);
#13748 = CARTESIAN_POINT('',(148.6125,-71.4875,-4.5E-02));
#13749 = VECTOR('',#13750,1.);
#13750 = DIRECTION('',(0.,0.,1.));
#13751 = ORIENTED_EDGE('',*,*,#13184,.F.);
#13752 = ORIENTED_EDGE('',*,*,#13746,.F.);
#13753 = CYLINDRICAL_SURFACE('',#13754,0.5);
#13754 = AXIS2_PLACEMENT_3D('',#13755,#13756,#13757);
#13755 = CARTESIAN_POINT('',(148.6125,-70.9875,-4.5E-02));
#13756 = DIRECTION('',(-0.,-0.,-1.));
#13757 = DIRECTION('',(-0.,-1.,0.));
#13758 = ADVANCED_FACE('',(#13759),#13770,.F.);
#13759 = FACE_BOUND('',#13760,.T.);
#13760 = EDGE_LOOP('',(#13761,#13762,#13768,#13769));
#13761 = ORIENTED_EDGE('',*,*,#12815,.T.);
#13762 = ORIENTED_EDGE('',*,*,#13763,.T.);
#13763 = EDGE_CURVE('',#12816,#13196,#13764,.T.);
#13764 = LINE('',#13765,#13766);
#13765 = CARTESIAN_POINT('',(148.6125,-61.9875,-4.5E-02));
#13766 = VECTOR('',#13767,1.);
#13767 = DIRECTION('',(0.,0.,1.));
#13768 = ORIENTED_EDGE('',*,*,#13195,.F.);
#13769 = ORIENTED_EDGE('',*,*,#13763,.F.);
#13770 = CYLINDRICAL_SURFACE('',#13771,0.5);
#13771 = AXIS2_PLACEMENT_3D('',#13772,#13773,#13774);
#13772 = CARTESIAN_POINT('',(148.6125,-61.4875,-4.5E-02));
#13773 = DIRECTION('',(-0.,-0.,-1.));
#13774 = DIRECTION('',(-0.,-1.,0.));
#13775 = ADVANCED_FACE('',(#13776),#13787,.F.);
#13776 = FACE_BOUND('',#13777,.T.);
#13777 = EDGE_LOOP('',(#13778,#13779,#13785,#13786));
#13778 = ORIENTED_EDGE('',*,*,#12826,.T.);
#13779 = ORIENTED_EDGE('',*,*,#13780,.T.);
#13780 = EDGE_CURVE('',#12827,#13207,#13781,.T.);
#13781 = LINE('',#13782,#13783);
#13782 = CARTESIAN_POINT('',(154.2,-45.6,-4.5E-02));
#13783 = VECTOR('',#13784,1.);
#13784 = DIRECTION('',(0.,0.,1.));
#13785 = ORIENTED_EDGE('',*,*,#13206,.F.);
#13786 = ORIENTED_EDGE('',*,*,#13780,.F.);
#13787 = CYLINDRICAL_SURFACE('',#13788,1.6);
#13788 = AXIS2_PLACEMENT_3D('',#13789,#13790,#13791);
#13789 = CARTESIAN_POINT('',(154.2,-44.,-4.5E-02));
#13790 = DIRECTION('',(-0.,-0.,-1.));
#13791 = DIRECTION('',(-0.,-1.,0.));
#13792 = ( GEOMETRIC_REPRESENTATION_CONTEXT(3) 
GLOBAL_UNCERTAINTY_ASSIGNED_CONTEXT((#13796)) 
GLOBAL_UNIT_ASSIGNED_CONTEXT((#13793,#13794,#13795)) 
REPRESENTATION_CONTEXT('Context #1',
  '3D Context with UNIT and UNCERTAINTY') );
#13793 = ( LENGTH_UNIT() NAMED_UNIT(*) SI_UNIT(.MILLI.,.METRE.) );
#13794 = ( NAMED_UNIT(*) PLANE_ANGLE_UNIT() SI_UNIT($,.RADIAN.) );
#13795 = ( NAMED_UNIT(*) SI_UNIT($,.STERADIAN.) SOLID_ANGLE_UNIT() );
#13796 = UNCERTAINTY_MEASURE_WITH_UNIT(LENGTH_MEASURE(1.E-07),#13793,
  'distance_accuracy_value','confusion accuracy');
#13797 = CONTEXT_DEPENDENT_SHAPE_REPRESENTATION(#13798,#13800);
#13798 = ( REPRESENTATION_RELATIONSHIP('','',#12354,#10) 
REPRESENTATION_RELATIONSHIP_WITH_TRANSFORMATION(#13799) 
SHAPE_REPRESENTATION_RELATIONSHIP() );
#13799 = ITEM_DEFINED_TRANSFORMATION('','',#11,#187);
#13800 = PRODUCT_DEFINITION_SHAPE('Placement','Placement of an item',
  #13801);
#13801 = NEXT_ASSEMBLY_USAGE_OCCURRENCE('50','=>[0:1:1:14]','',#5,#12349
  ,$);
#13802 = PRODUCT_RELATED_PRODUCT_CATEGORY('part',$,(#12351));
#13803 = MECHANICAL_DESIGN_GEOMETRIC_PRESENTATION_REPRESENTATION('',(
    #13804),#2608);
#13804 = STYLED_ITEM('color',(#13805),#1966);
#13805 = PRESENTATION_STYLE_ASSIGNMENT((#13806,#13812));
#13806 = SURFACE_STYLE_USAGE(.BOTH.,#13807);
#13807 = SURFACE_SIDE_STYLE('',(#13808));
#13808 = SURFACE_STYLE_FILL_AREA(#13809);
#13809 = FILL_AREA_STYLE('',(#13810));
#13810 = FILL_AREA_STYLE_COLOUR('',#13811);
#13811 = COLOUR_RGB('',0.507539989043,0.507539989043,0.507539989043);
#13812 = CURVE_STYLE('',#13813,POSITIVE_LENGTH_MEASURE(0.1),#13811);
#13813 = DRAUGHTING_PRE_DEFINED_CURVE_FONT('continuous');
#13814 = MECHANICAL_DESIGN_GEOMETRIC_PRESENTATION_REPRESENTATION('',(
    #13815,#13823,#13830,#13837,#13844,#13851,#13858,#13865,#13872,
    #13879,#13886,#13893,#13900,#13907,#13914,#13921,#13928,#13935,
    #13942,#13949,#13956,#13963,#13970,#13977,#13984,#13991,#13998,
    #14005,#14012,#14020,#14027,#14034,#14041,#14048,#14055,#14062,
    #14069,#14076,#14083,#14090,#14097,#14104,#14111,#14118,#14125,
    #14132,#14139,#14146,#14153,#14160,#14167,#14174,#14181,#14188,
    #14195,#14202,#14209,#14216,#14223,#14230,#14237,#14244,#14251,
    #14258,#14265,#14272,#14279,#14286,#14293,#14300,#14307,#14314,
    #14321,#14328,#14335,#14342,#14349,#14356,#14363,#14370,#14377,
    #14384,#14391,#14398,#14405,#14412,#14419,#14426,#14433,#14440,
    #14447,#14454,#14461,#14468,#14475,#14482,#14489,#14496,#14503,
    #14510),#5430);
#13815 = STYLED_ITEM('color',(#13816),#2652);
#13816 = PRESENTATION_STYLE_ASSIGNMENT((#13817));
#13817 = SURFACE_STYLE_USAGE(.BOTH.,#13818);
#13818 = SURFACE_SIDE_STYLE('',(#13819));
#13819 = SURFACE_STYLE_FILL_AREA(#13820);
#13820 = FILL_AREA_STYLE('',(#13821));
#13821 = FILL_AREA_STYLE_COLOUR('',#13822);
#13822 = COLOUR_RGB('',0.147999998088,0.144999993226,0.144999993226);
#13823 = STYLED_ITEM('color',(#13824),#2692);
#13824 = PRESENTATION_STYLE_ASSIGNMENT((#13825));
#13825 = SURFACE_STYLE_USAGE(.BOTH.,#13826);
#13826 = SURFACE_SIDE_STYLE('',(#13827));
#13827 = SURFACE_STYLE_FILL_AREA(#13828);
#13828 = FILL_AREA_STYLE('',(#13829));
#13829 = FILL_AREA_STYLE_COLOUR('',#13822);
#13830 = STYLED_ITEM('color',(#13831),#2723);
#13831 = PRESENTATION_STYLE_ASSIGNMENT((#13832));
#13832 = SURFACE_STYLE_USAGE(.BOTH.,#13833);
#13833 = SURFACE_SIDE_STYLE('',(#13834));
#13834 = SURFACE_STYLE_FILL_AREA(#13835);
#13835 = FILL_AREA_STYLE('',(#13836));
#13836 = FILL_AREA_STYLE_COLOUR('',#13822);
#13837 = STYLED_ITEM('color',(#13838),#2754);
#13838 = PRESENTATION_STYLE_ASSIGNMENT((#13839));
#13839 = SURFACE_STYLE_USAGE(.BOTH.,#13840);
#13840 = SURFACE_SIDE_STYLE('',(#13841));
#13841 = SURFACE_STYLE_FILL_AREA(#13842);
#13842 = FILL_AREA_STYLE('',(#13843));
#13843 = FILL_AREA_STYLE_COLOUR('',#13822);
#13844 = STYLED_ITEM('color',(#13845),#3083);
#13845 = PRESENTATION_STYLE_ASSIGNMENT((#13846));
#13846 = SURFACE_STYLE_USAGE(.BOTH.,#13847);
#13847 = SURFACE_SIDE_STYLE('',(#13848));
#13848 = SURFACE_STYLE_FILL_AREA(#13849);
#13849 = FILL_AREA_STYLE('',(#13850));
#13850 = FILL_AREA_STYLE_COLOUR('',#13822);
#13851 = STYLED_ITEM('color',(#13852),#3412);
#13852 = PRESENTATION_STYLE_ASSIGNMENT((#13853));
#13853 = SURFACE_STYLE_USAGE(.BOTH.,#13854);
#13854 = SURFACE_SIDE_STYLE('',(#13855));
#13855 = SURFACE_STYLE_FILL_AREA(#13856);
#13856 = FILL_AREA_STYLE('',(#13857));
#13857 = FILL_AREA_STYLE_COLOUR('',#13822);
#13858 = STYLED_ITEM('color',(#13859),#3429);
#13859 = PRESENTATION_STYLE_ASSIGNMENT((#13860));
#13860 = SURFACE_STYLE_USAGE(.BOTH.,#13861);
#13861 = SURFACE_SIDE_STYLE('',(#13862));
#13862 = SURFACE_STYLE_FILL_AREA(#13863);
#13863 = FILL_AREA_STYLE('',(#13864));
#13864 = FILL_AREA_STYLE_COLOUR('',#13822);
#13865 = STYLED_ITEM('color',(#13866),#3446);
#13866 = PRESENTATION_STYLE_ASSIGNMENT((#13867));
#13867 = SURFACE_STYLE_USAGE(.BOTH.,#13868);
#13868 = SURFACE_SIDE_STYLE('',(#13869));
#13869 = SURFACE_STYLE_FILL_AREA(#13870);
#13870 = FILL_AREA_STYLE('',(#13871));
#13871 = FILL_AREA_STYLE_COLOUR('',#13822);
#13872 = STYLED_ITEM('color',(#13873),#3463);
#13873 = PRESENTATION_STYLE_ASSIGNMENT((#13874));
#13874 = SURFACE_STYLE_USAGE(.BOTH.,#13875);
#13875 = SURFACE_SIDE_STYLE('',(#13876));
#13876 = SURFACE_STYLE_FILL_AREA(#13877);
#13877 = FILL_AREA_STYLE('',(#13878));
#13878 = FILL_AREA_STYLE_COLOUR('',#13822);
#13879 = STYLED_ITEM('color',(#13880),#3480);
#13880 = PRESENTATION_STYLE_ASSIGNMENT((#13881));
#13881 = SURFACE_STYLE_USAGE(.BOTH.,#13882);
#13882 = SURFACE_SIDE_STYLE('',(#13883));
#13883 = SURFACE_STYLE_FILL_AREA(#13884);
#13884 = FILL_AREA_STYLE('',(#13885));
#13885 = FILL_AREA_STYLE_COLOUR('',#13822);
#13886 = STYLED_ITEM('color',(#13887),#3497);
#13887 = PRESENTATION_STYLE_ASSIGNMENT((#13888));
#13888 = SURFACE_STYLE_USAGE(.BOTH.,#13889);
#13889 = SURFACE_SIDE_STYLE('',(#13890));
#13890 = SURFACE_STYLE_FILL_AREA(#13891);
#13891 = FILL_AREA_STYLE('',(#13892));
#13892 = FILL_AREA_STYLE_COLOUR('',#13822);
#13893 = STYLED_ITEM('color',(#13894),#3514);
#13894 = PRESENTATION_STYLE_ASSIGNMENT((#13895));
#13895 = SURFACE_STYLE_USAGE(.BOTH.,#13896);
#13896 = SURFACE_SIDE_STYLE('',(#13897));
#13897 = SURFACE_STYLE_FILL_AREA(#13898);
#13898 = FILL_AREA_STYLE('',(#13899));
#13899 = FILL_AREA_STYLE_COLOUR('',#13822);
#13900 = STYLED_ITEM('color',(#13901),#3531);
#13901 = PRESENTATION_STYLE_ASSIGNMENT((#13902));
#13902 = SURFACE_STYLE_USAGE(.BOTH.,#13903);
#13903 = SURFACE_SIDE_STYLE('',(#13904));
#13904 = SURFACE_STYLE_FILL_AREA(#13905);
#13905 = FILL_AREA_STYLE('',(#13906));
#13906 = FILL_AREA_STYLE_COLOUR('',#13822);
#13907 = STYLED_ITEM('color',(#13908),#3548);
#13908 = PRESENTATION_STYLE_ASSIGNMENT((#13909));
#13909 = SURFACE_STYLE_USAGE(.BOTH.,#13910);
#13910 = SURFACE_SIDE_STYLE('',(#13911));
#13911 = SURFACE_STYLE_FILL_AREA(#13912);
#13912 = FILL_AREA_STYLE('',(#13913));
#13913 = FILL_AREA_STYLE_COLOUR('',#13822);
#13914 = STYLED_ITEM('color',(#13915),#3565);
#13915 = PRESENTATION_STYLE_ASSIGNMENT((#13916));
#13916 = SURFACE_STYLE_USAGE(.BOTH.,#13917);
#13917 = SURFACE_SIDE_STYLE('',(#13918));
#13918 = SURFACE_STYLE_FILL_AREA(#13919);
#13919 = FILL_AREA_STYLE('',(#13920));
#13920 = FILL_AREA_STYLE_COLOUR('',#13822);
#13921 = STYLED_ITEM('color',(#13922),#3582);
#13922 = PRESENTATION_STYLE_ASSIGNMENT((#13923));
#13923 = SURFACE_STYLE_USAGE(.BOTH.,#13924);
#13924 = SURFACE_SIDE_STYLE('',(#13925));
#13925 = SURFACE_STYLE_FILL_AREA(#13926);
#13926 = FILL_AREA_STYLE('',(#13927));
#13927 = FILL_AREA_STYLE_COLOUR('',#13822);
#13928 = STYLED_ITEM('color',(#13929),#3599);
#13929 = PRESENTATION_STYLE_ASSIGNMENT((#13930));
#13930 = SURFACE_STYLE_USAGE(.BOTH.,#13931);
#13931 = SURFACE_SIDE_STYLE('',(#13932));
#13932 = SURFACE_STYLE_FILL_AREA(#13933);
#13933 = FILL_AREA_STYLE('',(#13934));
#13934 = FILL_AREA_STYLE_COLOUR('',#13822);
#13935 = STYLED_ITEM('color',(#13936),#3616);
#13936 = PRESENTATION_STYLE_ASSIGNMENT((#13937));
#13937 = SURFACE_STYLE_USAGE(.BOTH.,#13938);
#13938 = SURFACE_SIDE_STYLE('',(#13939));
#13939 = SURFACE_STYLE_FILL_AREA(#13940);
#13940 = FILL_AREA_STYLE('',(#13941));
#13941 = FILL_AREA_STYLE_COLOUR('',#13822);
#13942 = STYLED_ITEM('color',(#13943),#3633);
#13943 = PRESENTATION_STYLE_ASSIGNMENT((#13944));
#13944 = SURFACE_STYLE_USAGE(.BOTH.,#13945);
#13945 = SURFACE_SIDE_STYLE('',(#13946));
#13946 = SURFACE_STYLE_FILL_AREA(#13947);
#13947 = FILL_AREA_STYLE('',(#13948));
#13948 = FILL_AREA_STYLE_COLOUR('',#13822);
#13949 = STYLED_ITEM('color',(#13950),#3650);
#13950 = PRESENTATION_STYLE_ASSIGNMENT((#13951));
#13951 = SURFACE_STYLE_USAGE(.BOTH.,#13952);
#13952 = SURFACE_SIDE_STYLE('',(#13953));
#13953 = SURFACE_STYLE_FILL_AREA(#13954);
#13954 = FILL_AREA_STYLE('',(#13955));
#13955 = FILL_AREA_STYLE_COLOUR('',#13822);
#13956 = STYLED_ITEM('color',(#13957),#3667);
#13957 = PRESENTATION_STYLE_ASSIGNMENT((#13958));
#13958 = SURFACE_STYLE_USAGE(.BOTH.,#13959);
#13959 = SURFACE_SIDE_STYLE('',(#13960));
#13960 = SURFACE_STYLE_FILL_AREA(#13961);
#13961 = FILL_AREA_STYLE('',(#13962));
#13962 = FILL_AREA_STYLE_COLOUR('',#13822);
#13963 = STYLED_ITEM('color',(#13964),#3684);
#13964 = PRESENTATION_STYLE_ASSIGNMENT((#13965));
#13965 = SURFACE_STYLE_USAGE(.BOTH.,#13966);
#13966 = SURFACE_SIDE_STYLE('',(#13967));
#13967 = SURFACE_STYLE_FILL_AREA(#13968);
#13968 = FILL_AREA_STYLE('',(#13969));
#13969 = FILL_AREA_STYLE_COLOUR('',#13822);
#13970 = STYLED_ITEM('color',(#13971),#3701);
#13971 = PRESENTATION_STYLE_ASSIGNMENT((#13972));
#13972 = SURFACE_STYLE_USAGE(.BOTH.,#13973);
#13973 = SURFACE_SIDE_STYLE('',(#13974));
#13974 = SURFACE_STYLE_FILL_AREA(#13975);
#13975 = FILL_AREA_STYLE('',(#13976));
#13976 = FILL_AREA_STYLE_COLOUR('',#13822);
#13977 = STYLED_ITEM('color',(#13978),#3718);
#13978 = PRESENTATION_STYLE_ASSIGNMENT((#13979));
#13979 = SURFACE_STYLE_USAGE(.BOTH.,#13980);
#13980 = SURFACE_SIDE_STYLE('',(#13981));
#13981 = SURFACE_STYLE_FILL_AREA(#13982);
#13982 = FILL_AREA_STYLE('',(#13983));
#13983 = FILL_AREA_STYLE_COLOUR('',#13822);
#13984 = STYLED_ITEM('color',(#13985),#3735);
#13985 = PRESENTATION_STYLE_ASSIGNMENT((#13986));
#13986 = SURFACE_STYLE_USAGE(.BOTH.,#13987);
#13987 = SURFACE_SIDE_STYLE('',(#13988));
#13988 = SURFACE_STYLE_FILL_AREA(#13989);
#13989 = FILL_AREA_STYLE('',(#13990));
#13990 = FILL_AREA_STYLE_COLOUR('',#13822);
#13991 = STYLED_ITEM('color',(#13992),#3752);
#13992 = PRESENTATION_STYLE_ASSIGNMENT((#13993));
#13993 = SURFACE_STYLE_USAGE(.BOTH.,#13994);
#13994 = SURFACE_SIDE_STYLE('',(#13995));
#13995 = SURFACE_STYLE_FILL_AREA(#13996);
#13996 = FILL_AREA_STYLE('',(#13997));
#13997 = FILL_AREA_STYLE_COLOUR('',#13822);
#13998 = STYLED_ITEM('color',(#13999),#3769);
#13999 = PRESENTATION_STYLE_ASSIGNMENT((#14000));
#14000 = SURFACE_STYLE_USAGE(.BOTH.,#14001);
#14001 = SURFACE_SIDE_STYLE('',(#14002));
#14002 = SURFACE_STYLE_FILL_AREA(#14003);
#14003 = FILL_AREA_STYLE('',(#14004));
#14004 = FILL_AREA_STYLE_COLOUR('',#13822);
#14005 = STYLED_ITEM('color',(#14006),#3786);
#14006 = PRESENTATION_STYLE_ASSIGNMENT((#14007));
#14007 = SURFACE_STYLE_USAGE(.BOTH.,#14008);
#14008 = SURFACE_SIDE_STYLE('',(#14009));
#14009 = SURFACE_STYLE_FILL_AREA(#14010);
#14010 = FILL_AREA_STYLE('',(#14011));
#14011 = FILL_AREA_STYLE_COLOUR('',#13822);
#14012 = STYLED_ITEM('color',(#14013),#3798);
#14013 = PRESENTATION_STYLE_ASSIGNMENT((#14014));
#14014 = SURFACE_STYLE_USAGE(.BOTH.,#14015);
#14015 = SURFACE_SIDE_STYLE('',(#14016));
#14016 = SURFACE_STYLE_FILL_AREA(#14017);
#14017 = FILL_AREA_STYLE('',(#14018));
#14018 = FILL_AREA_STYLE_COLOUR('',#14019);
#14019 = COLOUR_RGB('',0.859000020776,0.737999965183,0.495999988746);
#14020 = STYLED_ITEM('color',(#14021),#3829);
#14021 = PRESENTATION_STYLE_ASSIGNMENT((#14022));
#14022 = SURFACE_STYLE_USAGE(.BOTH.,#14023);
#14023 = SURFACE_SIDE_STYLE('',(#14024));
#14024 = SURFACE_STYLE_FILL_AREA(#14025);
#14025 = FILL_AREA_STYLE('',(#14026));
#14026 = FILL_AREA_STYLE_COLOUR('',#14019);
#14027 = STYLED_ITEM('color',(#14028),#3853);
#14028 = PRESENTATION_STYLE_ASSIGNMENT((#14029));
#14029 = SURFACE_STYLE_USAGE(.BOTH.,#14030);
#14030 = SURFACE_SIDE_STYLE('',(#14031));
#14031 = SURFACE_STYLE_FILL_AREA(#14032);
#14032 = FILL_AREA_STYLE('',(#14033));
#14033 = FILL_AREA_STYLE_COLOUR('',#14019);
#14034 = STYLED_ITEM('color',(#14035),#3877);
#14035 = PRESENTATION_STYLE_ASSIGNMENT((#14036));
#14036 = SURFACE_STYLE_USAGE(.BOTH.,#14037);
#14037 = SURFACE_SIDE_STYLE('',(#14038));
#14038 = SURFACE_STYLE_FILL_AREA(#14039);
#14039 = FILL_AREA_STYLE('',(#14040));
#14040 = FILL_AREA_STYLE_COLOUR('',#14019);
#14041 = STYLED_ITEM('color',(#14042),#3894);
#14042 = PRESENTATION_STYLE_ASSIGNMENT((#14043));
#14043 = SURFACE_STYLE_USAGE(.BOTH.,#14044);
#14044 = SURFACE_SIDE_STYLE('',(#14045));
#14045 = SURFACE_STYLE_FILL_AREA(#14046);
#14046 = FILL_AREA_STYLE('',(#14047));
#14047 = FILL_AREA_STYLE_COLOUR('',#14019);
#14048 = STYLED_ITEM('color',(#14049),#3925);
#14049 = PRESENTATION_STYLE_ASSIGNMENT((#14050));
#14050 = SURFACE_STYLE_USAGE(.BOTH.,#14051);
#14051 = SURFACE_SIDE_STYLE('',(#14052));
#14052 = SURFACE_STYLE_FILL_AREA(#14053);
#14053 = FILL_AREA_STYLE('',(#14054));
#14054 = FILL_AREA_STYLE_COLOUR('',#14019);
#14055 = STYLED_ITEM('color',(#14056),#3949);
#14056 = PRESENTATION_STYLE_ASSIGNMENT((#14057));
#14057 = SURFACE_STYLE_USAGE(.BOTH.,#14058);
#14058 = SURFACE_SIDE_STYLE('',(#14059));
#14059 = SURFACE_STYLE_FILL_AREA(#14060);
#14060 = FILL_AREA_STYLE('',(#14061));
#14061 = FILL_AREA_STYLE_COLOUR('',#14019);
#14062 = STYLED_ITEM('color',(#14063),#3973);
#14063 = PRESENTATION_STYLE_ASSIGNMENT((#14064));
#14064 = SURFACE_STYLE_USAGE(.BOTH.,#14065);
#14065 = SURFACE_SIDE_STYLE('',(#14066));
#14066 = SURFACE_STYLE_FILL_AREA(#14067);
#14067 = FILL_AREA_STYLE('',(#14068));
#14068 = FILL_AREA_STYLE_COLOUR('',#14019);
#14069 = STYLED_ITEM('color',(#14070),#3990);
#14070 = PRESENTATION_STYLE_ASSIGNMENT((#14071));
#14071 = SURFACE_STYLE_USAGE(.BOTH.,#14072);
#14072 = SURFACE_SIDE_STYLE('',(#14073));
#14073 = SURFACE_STYLE_FILL_AREA(#14074);
#14074 = FILL_AREA_STYLE('',(#14075));
#14075 = FILL_AREA_STYLE_COLOUR('',#14019);
#14076 = STYLED_ITEM('color',(#14077),#4021);
#14077 = PRESENTATION_STYLE_ASSIGNMENT((#14078));
#14078 = SURFACE_STYLE_USAGE(.BOTH.,#14079);
#14079 = SURFACE_SIDE_STYLE('',(#14080));
#14080 = SURFACE_STYLE_FILL_AREA(#14081);
#14081 = FILL_AREA_STYLE('',(#14082));
#14082 = FILL_AREA_STYLE_COLOUR('',#14019);
#14083 = STYLED_ITEM('color',(#14084),#4045);
#14084 = PRESENTATION_STYLE_ASSIGNMENT((#14085));
#14085 = SURFACE_STYLE_USAGE(.BOTH.,#14086);
#14086 = SURFACE_SIDE_STYLE('',(#14087));
#14087 = SURFACE_STYLE_FILL_AREA(#14088);
#14088 = FILL_AREA_STYLE('',(#14089));
#14089 = FILL_AREA_STYLE_COLOUR('',#14019);
#14090 = STYLED_ITEM('color',(#14091),#4069);
#14091 = PRESENTATION_STYLE_ASSIGNMENT((#14092));
#14092 = SURFACE_STYLE_USAGE(.BOTH.,#14093);
#14093 = SURFACE_SIDE_STYLE('',(#14094));
#14094 = SURFACE_STYLE_FILL_AREA(#14095);
#14095 = FILL_AREA_STYLE('',(#14096));
#14096 = FILL_AREA_STYLE_COLOUR('',#14019);
#14097 = STYLED_ITEM('color',(#14098),#4086);
#14098 = PRESENTATION_STYLE_ASSIGNMENT((#14099));
#14099 = SURFACE_STYLE_USAGE(.BOTH.,#14100);
#14100 = SURFACE_SIDE_STYLE('',(#14101));
#14101 = SURFACE_STYLE_FILL_AREA(#14102);
#14102 = FILL_AREA_STYLE('',(#14103));
#14103 = FILL_AREA_STYLE_COLOUR('',#14019);
#14104 = STYLED_ITEM('color',(#14105),#4117);
#14105 = PRESENTATION_STYLE_ASSIGNMENT((#14106));
#14106 = SURFACE_STYLE_USAGE(.BOTH.,#14107);
#14107 = SURFACE_SIDE_STYLE('',(#14108));
#14108 = SURFACE_STYLE_FILL_AREA(#14109);
#14109 = FILL_AREA_STYLE('',(#14110));
#14110 = FILL_AREA_STYLE_COLOUR('',#14019);
#14111 = STYLED_ITEM('color',(#14112),#4141);
#14112 = PRESENTATION_STYLE_ASSIGNMENT((#14113));
#14113 = SURFACE_STYLE_USAGE(.BOTH.,#14114);
#14114 = SURFACE_SIDE_STYLE('',(#14115));
#14115 = SURFACE_STYLE_FILL_AREA(#14116);
#14116 = FILL_AREA_STYLE('',(#14117));
#14117 = FILL_AREA_STYLE_COLOUR('',#14019);
#14118 = STYLED_ITEM('color',(#14119),#4165);
#14119 = PRESENTATION_STYLE_ASSIGNMENT((#14120));
#14120 = SURFACE_STYLE_USAGE(.BOTH.,#14121);
#14121 = SURFACE_SIDE_STYLE('',(#14122));
#14122 = SURFACE_STYLE_FILL_AREA(#14123);
#14123 = FILL_AREA_STYLE('',(#14124));
#14124 = FILL_AREA_STYLE_COLOUR('',#14019);
#14125 = STYLED_ITEM('color',(#14126),#4182);
#14126 = PRESENTATION_STYLE_ASSIGNMENT((#14127));
#14127 = SURFACE_STYLE_USAGE(.BOTH.,#14128);
#14128 = SURFACE_SIDE_STYLE('',(#14129));
#14129 = SURFACE_STYLE_FILL_AREA(#14130);
#14130 = FILL_AREA_STYLE('',(#14131));
#14131 = FILL_AREA_STYLE_COLOUR('',#14019);
#14132 = STYLED_ITEM('color',(#14133),#4213);
#14133 = PRESENTATION_STYLE_ASSIGNMENT((#14134));
#14134 = SURFACE_STYLE_USAGE(.BOTH.,#14135);
#14135 = SURFACE_SIDE_STYLE('',(#14136));
#14136 = SURFACE_STYLE_FILL_AREA(#14137);
#14137 = FILL_AREA_STYLE('',(#14138));
#14138 = FILL_AREA_STYLE_COLOUR('',#14019);
#14139 = STYLED_ITEM('color',(#14140),#4237);
#14140 = PRESENTATION_STYLE_ASSIGNMENT((#14141));
#14141 = SURFACE_STYLE_USAGE(.BOTH.,#14142);
#14142 = SURFACE_SIDE_STYLE('',(#14143));
#14143 = SURFACE_STYLE_FILL_AREA(#14144);
#14144 = FILL_AREA_STYLE('',(#14145));
#14145 = FILL_AREA_STYLE_COLOUR('',#14019);
#14146 = STYLED_ITEM('color',(#14147),#4261);
#14147 = PRESENTATION_STYLE_ASSIGNMENT((#14148));
#14148 = SURFACE_STYLE_USAGE(.BOTH.,#14149);
#14149 = SURFACE_SIDE_STYLE('',(#14150));
#14150 = SURFACE_STYLE_FILL_AREA(#14151);
#14151 = FILL_AREA_STYLE('',(#14152));
#14152 = FILL_AREA_STYLE_COLOUR('',#14019);
#14153 = STYLED_ITEM('color',(#14154),#4278);
#14154 = PRESENTATION_STYLE_ASSIGNMENT((#14155));
#14155 = SURFACE_STYLE_USAGE(.BOTH.,#14156);
#14156 = SURFACE_SIDE_STYLE('',(#14157));
#14157 = SURFACE_STYLE_FILL_AREA(#14158);
#14158 = FILL_AREA_STYLE('',(#14159));
#14159 = FILL_AREA_STYLE_COLOUR('',#14019);
#14160 = STYLED_ITEM('color',(#14161),#4309);
#14161 = PRESENTATION_STYLE_ASSIGNMENT((#14162));
#14162 = SURFACE_STYLE_USAGE(.BOTH.,#14163);
#14163 = SURFACE_SIDE_STYLE('',(#14164));
#14164 = SURFACE_STYLE_FILL_AREA(#14165);
#14165 = FILL_AREA_STYLE('',(#14166));
#14166 = FILL_AREA_STYLE_COLOUR('',#14019);
#14167 = STYLED_ITEM('color',(#14168),#4333);
#14168 = PRESENTATION_STYLE_ASSIGNMENT((#14169));
#14169 = SURFACE_STYLE_USAGE(.BOTH.,#14170);
#14170 = SURFACE_SIDE_STYLE('',(#14171));
#14171 = SURFACE_STYLE_FILL_AREA(#14172);
#14172 = FILL_AREA_STYLE('',(#14173));
#14173 = FILL_AREA_STYLE_COLOUR('',#14019);
#14174 = STYLED_ITEM('color',(#14175),#4357);
#14175 = PRESENTATION_STYLE_ASSIGNMENT((#14176));
#14176 = SURFACE_STYLE_USAGE(.BOTH.,#14177);
#14177 = SURFACE_SIDE_STYLE('',(#14178));
#14178 = SURFACE_STYLE_FILL_AREA(#14179);
#14179 = FILL_AREA_STYLE('',(#14180));
#14180 = FILL_AREA_STYLE_COLOUR('',#14019);
#14181 = STYLED_ITEM('color',(#14182),#4374);
#14182 = PRESENTATION_STYLE_ASSIGNMENT((#14183));
#14183 = SURFACE_STYLE_USAGE(.BOTH.,#14184);
#14184 = SURFACE_SIDE_STYLE('',(#14185));
#14185 = SURFACE_STYLE_FILL_AREA(#14186);
#14186 = FILL_AREA_STYLE('',(#14187));
#14187 = FILL_AREA_STYLE_COLOUR('',#14019);
#14188 = STYLED_ITEM('color',(#14189),#4405);
#14189 = PRESENTATION_STYLE_ASSIGNMENT((#14190));
#14190 = SURFACE_STYLE_USAGE(.BOTH.,#14191);
#14191 = SURFACE_SIDE_STYLE('',(#14192));
#14192 = SURFACE_STYLE_FILL_AREA(#14193);
#14193 = FILL_AREA_STYLE('',(#14194));
#14194 = FILL_AREA_STYLE_COLOUR('',#14019);
#14195 = STYLED_ITEM('color',(#14196),#4429);
#14196 = PRESENTATION_STYLE_ASSIGNMENT((#14197));
#14197 = SURFACE_STYLE_USAGE(.BOTH.,#14198);
#14198 = SURFACE_SIDE_STYLE('',(#14199));
#14199 = SURFACE_STYLE_FILL_AREA(#14200);
#14200 = FILL_AREA_STYLE('',(#14201));
#14201 = FILL_AREA_STYLE_COLOUR('',#14019);
#14202 = STYLED_ITEM('color',(#14203),#4453);
#14203 = PRESENTATION_STYLE_ASSIGNMENT((#14204));
#14204 = SURFACE_STYLE_USAGE(.BOTH.,#14205);
#14205 = SURFACE_SIDE_STYLE('',(#14206));
#14206 = SURFACE_STYLE_FILL_AREA(#14207);
#14207 = FILL_AREA_STYLE('',(#14208));
#14208 = FILL_AREA_STYLE_COLOUR('',#14019);
#14209 = STYLED_ITEM('color',(#14210),#4470);
#14210 = PRESENTATION_STYLE_ASSIGNMENT((#14211));
#14211 = SURFACE_STYLE_USAGE(.BOTH.,#14212);
#14212 = SURFACE_SIDE_STYLE('',(#14213));
#14213 = SURFACE_STYLE_FILL_AREA(#14214);
#14214 = FILL_AREA_STYLE('',(#14215));
#14215 = FILL_AREA_STYLE_COLOUR('',#14019);
#14216 = STYLED_ITEM('color',(#14217),#4501);
#14217 = PRESENTATION_STYLE_ASSIGNMENT((#14218));
#14218 = SURFACE_STYLE_USAGE(.BOTH.,#14219);
#14219 = SURFACE_SIDE_STYLE('',(#14220));
#14220 = SURFACE_STYLE_FILL_AREA(#14221);
#14221 = FILL_AREA_STYLE('',(#14222));
#14222 = FILL_AREA_STYLE_COLOUR('',#14019);
#14223 = STYLED_ITEM('color',(#14224),#4525);
#14224 = PRESENTATION_STYLE_ASSIGNMENT((#14225));
#14225 = SURFACE_STYLE_USAGE(.BOTH.,#14226);
#14226 = SURFACE_SIDE_STYLE('',(#14227));
#14227 = SURFACE_STYLE_FILL_AREA(#14228);
#14228 = FILL_AREA_STYLE('',(#14229));
#14229 = FILL_AREA_STYLE_COLOUR('',#14019);
#14230 = STYLED_ITEM('color',(#14231),#4549);
#14231 = PRESENTATION_STYLE_ASSIGNMENT((#14232));
#14232 = SURFACE_STYLE_USAGE(.BOTH.,#14233);
#14233 = SURFACE_SIDE_STYLE('',(#14234));
#14234 = SURFACE_STYLE_FILL_AREA(#14235);
#14235 = FILL_AREA_STYLE('',(#14236));
#14236 = FILL_AREA_STYLE_COLOUR('',#14019);
#14237 = STYLED_ITEM('color',(#14238),#4566);
#14238 = PRESENTATION_STYLE_ASSIGNMENT((#14239));
#14239 = SURFACE_STYLE_USAGE(.BOTH.,#14240);
#14240 = SURFACE_SIDE_STYLE('',(#14241));
#14241 = SURFACE_STYLE_FILL_AREA(#14242);
#14242 = FILL_AREA_STYLE('',(#14243));
#14243 = FILL_AREA_STYLE_COLOUR('',#14019);
#14244 = STYLED_ITEM('color',(#14245),#4597);
#14245 = PRESENTATION_STYLE_ASSIGNMENT((#14246));
#14246 = SURFACE_STYLE_USAGE(.BOTH.,#14247);
#14247 = SURFACE_SIDE_STYLE('',(#14248));
#14248 = SURFACE_STYLE_FILL_AREA(#14249);
#14249 = FILL_AREA_STYLE('',(#14250));
#14250 = FILL_AREA_STYLE_COLOUR('',#14019);
#14251 = STYLED_ITEM('color',(#14252),#4621);
#14252 = PRESENTATION_STYLE_ASSIGNMENT((#14253));
#14253 = SURFACE_STYLE_USAGE(.BOTH.,#14254);
#14254 = SURFACE_SIDE_STYLE('',(#14255));
#14255 = SURFACE_STYLE_FILL_AREA(#14256);
#14256 = FILL_AREA_STYLE('',(#14257));
#14257 = FILL_AREA_STYLE_COLOUR('',#14019);
#14258 = STYLED_ITEM('color',(#14259),#4645);
#14259 = PRESENTATION_STYLE_ASSIGNMENT((#14260));
#14260 = SURFACE_STYLE_USAGE(.BOTH.,#14261);
#14261 = SURFACE_SIDE_STYLE('',(#14262));
#14262 = SURFACE_STYLE_FILL_AREA(#14263);
#14263 = FILL_AREA_STYLE('',(#14264));
#14264 = FILL_AREA_STYLE_COLOUR('',#14019);
#14265 = STYLED_ITEM('color',(#14266),#4662);
#14266 = PRESENTATION_STYLE_ASSIGNMENT((#14267));
#14267 = SURFACE_STYLE_USAGE(.BOTH.,#14268);
#14268 = SURFACE_SIDE_STYLE('',(#14269));
#14269 = SURFACE_STYLE_FILL_AREA(#14270);
#14270 = FILL_AREA_STYLE('',(#14271));
#14271 = FILL_AREA_STYLE_COLOUR('',#14019);
#14272 = STYLED_ITEM('color',(#14273),#4693);
#14273 = PRESENTATION_STYLE_ASSIGNMENT((#14274));
#14274 = SURFACE_STYLE_USAGE(.BOTH.,#14275);
#14275 = SURFACE_SIDE_STYLE('',(#14276));
#14276 = SURFACE_STYLE_FILL_AREA(#14277);
#14277 = FILL_AREA_STYLE('',(#14278));
#14278 = FILL_AREA_STYLE_COLOUR('',#14019);
#14279 = STYLED_ITEM('color',(#14280),#4717);
#14280 = PRESENTATION_STYLE_ASSIGNMENT((#14281));
#14281 = SURFACE_STYLE_USAGE(.BOTH.,#14282);
#14282 = SURFACE_SIDE_STYLE('',(#14283));
#14283 = SURFACE_STYLE_FILL_AREA(#14284);
#14284 = FILL_AREA_STYLE('',(#14285));
#14285 = FILL_AREA_STYLE_COLOUR('',#14019);
#14286 = STYLED_ITEM('color',(#14287),#4741);
#14287 = PRESENTATION_STYLE_ASSIGNMENT((#14288));
#14288 = SURFACE_STYLE_USAGE(.BOTH.,#14289);
#14289 = SURFACE_SIDE_STYLE('',(#14290));
#14290 = SURFACE_STYLE_FILL_AREA(#14291);
#14291 = FILL_AREA_STYLE('',(#14292));
#14292 = FILL_AREA_STYLE_COLOUR('',#14019);
#14293 = STYLED_ITEM('color',(#14294),#4758);
#14294 = PRESENTATION_STYLE_ASSIGNMENT((#14295));
#14295 = SURFACE_STYLE_USAGE(.BOTH.,#14296);
#14296 = SURFACE_SIDE_STYLE('',(#14297));
#14297 = SURFACE_STYLE_FILL_AREA(#14298);
#14298 = FILL_AREA_STYLE('',(#14299));
#14299 = FILL_AREA_STYLE_COLOUR('',#14019);
#14300 = STYLED_ITEM('color',(#14301),#4789);
#14301 = PRESENTATION_STYLE_ASSIGNMENT((#14302));
#14302 = SURFACE_STYLE_USAGE(.BOTH.,#14303);
#14303 = SURFACE_SIDE_STYLE('',(#14304));
#14304 = SURFACE_STYLE_FILL_AREA(#14305);
#14305 = FILL_AREA_STYLE('',(#14306));
#14306 = FILL_AREA_STYLE_COLOUR('',#14019);
#14307 = STYLED_ITEM('color',(#14308),#4813);
#14308 = PRESENTATION_STYLE_ASSIGNMENT((#14309));
#14309 = SURFACE_STYLE_USAGE(.BOTH.,#14310);
#14310 = SURFACE_SIDE_STYLE('',(#14311));
#14311 = SURFACE_STYLE_FILL_AREA(#14312);
#14312 = FILL_AREA_STYLE('',(#14313));
#14313 = FILL_AREA_STYLE_COLOUR('',#14019);
#14314 = STYLED_ITEM('color',(#14315),#4837);
#14315 = PRESENTATION_STYLE_ASSIGNMENT((#14316));
#14316 = SURFACE_STYLE_USAGE(.BOTH.,#14317);
#14317 = SURFACE_SIDE_STYLE('',(#14318));
#14318 = SURFACE_STYLE_FILL_AREA(#14319);
#14319 = FILL_AREA_STYLE('',(#14320));
#14320 = FILL_AREA_STYLE_COLOUR('',#14019);
#14321 = STYLED_ITEM('color',(#14322),#4854);
#14322 = PRESENTATION_STYLE_ASSIGNMENT((#14323));
#14323 = SURFACE_STYLE_USAGE(.BOTH.,#14324);
#14324 = SURFACE_SIDE_STYLE('',(#14325));
#14325 = SURFACE_STYLE_FILL_AREA(#14326);
#14326 = FILL_AREA_STYLE('',(#14327));
#14327 = FILL_AREA_STYLE_COLOUR('',#14019);
#14328 = STYLED_ITEM('color',(#14329),#4885);
#14329 = PRESENTATION_STYLE_ASSIGNMENT((#14330));
#14330 = SURFACE_STYLE_USAGE(.BOTH.,#14331);
#14331 = SURFACE_SIDE_STYLE('',(#14332));
#14332 = SURFACE_STYLE_FILL_AREA(#14333);
#14333 = FILL_AREA_STYLE('',(#14334));
#14334 = FILL_AREA_STYLE_COLOUR('',#14019);
#14335 = STYLED_ITEM('color',(#14336),#4909);
#14336 = PRESENTATION_STYLE_ASSIGNMENT((#14337));
#14337 = SURFACE_STYLE_USAGE(.BOTH.,#14338);
#14338 = SURFACE_SIDE_STYLE('',(#14339));
#14339 = SURFACE_STYLE_FILL_AREA(#14340);
#14340 = FILL_AREA_STYLE('',(#14341));
#14341 = FILL_AREA_STYLE_COLOUR('',#14019);
#14342 = STYLED_ITEM('color',(#14343),#4933);
#14343 = PRESENTATION_STYLE_ASSIGNMENT((#14344));
#14344 = SURFACE_STYLE_USAGE(.BOTH.,#14345);
#14345 = SURFACE_SIDE_STYLE('',(#14346));
#14346 = SURFACE_STYLE_FILL_AREA(#14347);
#14347 = FILL_AREA_STYLE('',(#14348));
#14348 = FILL_AREA_STYLE_COLOUR('',#14019);
#14349 = STYLED_ITEM('color',(#14350),#4950);
#14350 = PRESENTATION_STYLE_ASSIGNMENT((#14351));
#14351 = SURFACE_STYLE_USAGE(.BOTH.,#14352);
#14352 = SURFACE_SIDE_STYLE('',(#14353));
#14353 = SURFACE_STYLE_FILL_AREA(#14354);
#14354 = FILL_AREA_STYLE('',(#14355));
#14355 = FILL_AREA_STYLE_COLOUR('',#14019);
#14356 = STYLED_ITEM('color',(#14357),#4981);
#14357 = PRESENTATION_STYLE_ASSIGNMENT((#14358));
#14358 = SURFACE_STYLE_USAGE(.BOTH.,#14359);
#14359 = SURFACE_SIDE_STYLE('',(#14360));
#14360 = SURFACE_STYLE_FILL_AREA(#14361);
#14361 = FILL_AREA_STYLE('',(#14362));
#14362 = FILL_AREA_STYLE_COLOUR('',#14019);
#14363 = STYLED_ITEM('color',(#14364),#5005);
#14364 = PRESENTATION_STYLE_ASSIGNMENT((#14365));
#14365 = SURFACE_STYLE_USAGE(.BOTH.,#14366);
#14366 = SURFACE_SIDE_STYLE('',(#14367));
#14367 = SURFACE_STYLE_FILL_AREA(#14368);
#14368 = FILL_AREA_STYLE('',(#14369));
#14369 = FILL_AREA_STYLE_COLOUR('',#14019);
#14370 = STYLED_ITEM('color',(#14371),#5029);
#14371 = PRESENTATION_STYLE_ASSIGNMENT((#14372));
#14372 = SURFACE_STYLE_USAGE(.BOTH.,#14373);
#14373 = SURFACE_SIDE_STYLE('',(#14374));
#14374 = SURFACE_STYLE_FILL_AREA(#14375);
#14375 = FILL_AREA_STYLE('',(#14376));
#14376 = FILL_AREA_STYLE_COLOUR('',#14019);
#14377 = STYLED_ITEM('color',(#14378),#5046);
#14378 = PRESENTATION_STYLE_ASSIGNMENT((#14379));
#14379 = SURFACE_STYLE_USAGE(.BOTH.,#14380);
#14380 = SURFACE_SIDE_STYLE('',(#14381));
#14381 = SURFACE_STYLE_FILL_AREA(#14382);
#14382 = FILL_AREA_STYLE('',(#14383));
#14383 = FILL_AREA_STYLE_COLOUR('',#14019);
#14384 = STYLED_ITEM('color',(#14385),#5077);
#14385 = PRESENTATION_STYLE_ASSIGNMENT((#14386));
#14386 = SURFACE_STYLE_USAGE(.BOTH.,#14387);
#14387 = SURFACE_SIDE_STYLE('',(#14388));
#14388 = SURFACE_STYLE_FILL_AREA(#14389);
#14389 = FILL_AREA_STYLE('',(#14390));
#14390 = FILL_AREA_STYLE_COLOUR('',#14019);
#14391 = STYLED_ITEM('color',(#14392),#5101);
#14392 = PRESENTATION_STYLE_ASSIGNMENT((#14393));
#14393 = SURFACE_STYLE_USAGE(.BOTH.,#14394);
#14394 = SURFACE_SIDE_STYLE('',(#14395));
#14395 = SURFACE_STYLE_FILL_AREA(#14396);
#14396 = FILL_AREA_STYLE('',(#14397));
#14397 = FILL_AREA_STYLE_COLOUR('',#14019);
#14398 = STYLED_ITEM('color',(#14399),#5125);
#14399 = PRESENTATION_STYLE_ASSIGNMENT((#14400));
#14400 = SURFACE_STYLE_USAGE(.BOTH.,#14401);
#14401 = SURFACE_SIDE_STYLE('',(#14402));
#14402 = SURFACE_STYLE_FILL_AREA(#14403);
#14403 = FILL_AREA_STYLE('',(#14404));
#14404 = FILL_AREA_STYLE_COLOUR('',#14019);
#14405 = STYLED_ITEM('color',(#14406),#5142);
#14406 = PRESENTATION_STYLE_ASSIGNMENT((#14407));
#14407 = SURFACE_STYLE_USAGE(.BOTH.,#14408);
#14408 = SURFACE_SIDE_STYLE('',(#14409));
#14409 = SURFACE_STYLE_FILL_AREA(#14410);
#14410 = FILL_AREA_STYLE('',(#14411));
#14411 = FILL_AREA_STYLE_COLOUR('',#14019);
#14412 = STYLED_ITEM('color',(#14413),#5173);
#14413 = PRESENTATION_STYLE_ASSIGNMENT((#14414));
#14414 = SURFACE_STYLE_USAGE(.BOTH.,#14415);
#14415 = SURFACE_SIDE_STYLE('',(#14416));
#14416 = SURFACE_STYLE_FILL_AREA(#14417);
#14417 = FILL_AREA_STYLE('',(#14418));
#14418 = FILL_AREA_STYLE_COLOUR('',#14019);
#14419 = STYLED_ITEM('color',(#14420),#5197);
#14420 = PRESENTATION_STYLE_ASSIGNMENT((#14421));
#14421 = SURFACE_STYLE_USAGE(.BOTH.,#14422);
#14422 = SURFACE_SIDE_STYLE('',(#14423));
#14423 = SURFACE_STYLE_FILL_AREA(#14424);
#14424 = FILL_AREA_STYLE('',(#14425));
#14425 = FILL_AREA_STYLE_COLOUR('',#14019);
#14426 = STYLED_ITEM('color',(#14427),#5221);
#14427 = PRESENTATION_STYLE_ASSIGNMENT((#14428));
#14428 = SURFACE_STYLE_USAGE(.BOTH.,#14429);
#14429 = SURFACE_SIDE_STYLE('',(#14430));
#14430 = SURFACE_STYLE_FILL_AREA(#14431);
#14431 = FILL_AREA_STYLE('',(#14432));
#14432 = FILL_AREA_STYLE_COLOUR('',#14019);
#14433 = STYLED_ITEM('color',(#14434),#5238);
#14434 = PRESENTATION_STYLE_ASSIGNMENT((#14435));
#14435 = SURFACE_STYLE_USAGE(.BOTH.,#14436);
#14436 = SURFACE_SIDE_STYLE('',(#14437));
#14437 = SURFACE_STYLE_FILL_AREA(#14438);
#14438 = FILL_AREA_STYLE('',(#14439));
#14439 = FILL_AREA_STYLE_COLOUR('',#14019);
#14440 = STYLED_ITEM('color',(#14441),#5269);
#14441 = PRESENTATION_STYLE_ASSIGNMENT((#14442));
#14442 = SURFACE_STYLE_USAGE(.BOTH.,#14443);
#14443 = SURFACE_SIDE_STYLE('',(#14444));
#14444 = SURFACE_STYLE_FILL_AREA(#14445);
#14445 = FILL_AREA_STYLE('',(#14446));
#14446 = FILL_AREA_STYLE_COLOUR('',#14019);
#14447 = STYLED_ITEM('color',(#14448),#5293);
#14448 = PRESENTATION_STYLE_ASSIGNMENT((#14449));
#14449 = SURFACE_STYLE_USAGE(.BOTH.,#14450);
#14450 = SURFACE_SIDE_STYLE('',(#14451));
#14451 = SURFACE_STYLE_FILL_AREA(#14452);
#14452 = FILL_AREA_STYLE('',(#14453));
#14453 = FILL_AREA_STYLE_COLOUR('',#14019);
#14454 = STYLED_ITEM('color',(#14455),#5317);
#14455 = PRESENTATION_STYLE_ASSIGNMENT((#14456));
#14456 = SURFACE_STYLE_USAGE(.BOTH.,#14457);
#14457 = SURFACE_SIDE_STYLE('',(#14458));
#14458 = SURFACE_STYLE_FILL_AREA(#14459);
#14459 = FILL_AREA_STYLE('',(#14460));
#14460 = FILL_AREA_STYLE_COLOUR('',#14019);
#14461 = STYLED_ITEM('color',(#14462),#5334);
#14462 = PRESENTATION_STYLE_ASSIGNMENT((#14463));
#14463 = SURFACE_STYLE_USAGE(.BOTH.,#14464);
#14464 = SURFACE_SIDE_STYLE('',(#14465));
#14465 = SURFACE_STYLE_FILL_AREA(#14466);
#14466 = FILL_AREA_STYLE('',(#14467));
#14467 = FILL_AREA_STYLE_COLOUR('',#14019);
#14468 = STYLED_ITEM('color',(#14469),#5346);
#14469 = PRESENTATION_STYLE_ASSIGNMENT((#14470));
#14470 = SURFACE_STYLE_USAGE(.BOTH.,#14471);
#14471 = SURFACE_SIDE_STYLE('',(#14472));
#14472 = SURFACE_STYLE_FILL_AREA(#14473);
#14473 = FILL_AREA_STYLE('',(#14474));
#14474 = FILL_AREA_STYLE_COLOUR('',#14019);
#14475 = STYLED_ITEM('color',(#14476),#5358);
#14476 = PRESENTATION_STYLE_ASSIGNMENT((#14477));
#14477 = SURFACE_STYLE_USAGE(.BOTH.,#14478);
#14478 = SURFACE_SIDE_STYLE('',(#14479));
#14479 = SURFACE_STYLE_FILL_AREA(#14480);
#14480 = FILL_AREA_STYLE('',(#14481));
#14481 = FILL_AREA_STYLE_COLOUR('',#14019);
#14482 = STYLED_ITEM('color',(#14483),#5370);
#14483 = PRESENTATION_STYLE_ASSIGNMENT((#14484));
#14484 = SURFACE_STYLE_USAGE(.BOTH.,#14485);
#14485 = SURFACE_SIDE_STYLE('',(#14486));
#14486 = SURFACE_STYLE_FILL_AREA(#14487);
#14487 = FILL_AREA_STYLE('',(#14488));
#14488 = FILL_AREA_STYLE_COLOUR('',#14019);
#14489 = STYLED_ITEM('color',(#14490),#5382);
#14490 = PRESENTATION_STYLE_ASSIGNMENT((#14491));
#14491 = SURFACE_STYLE_USAGE(.BOTH.,#14492);
#14492 = SURFACE_SIDE_STYLE('',(#14493));
#14493 = SURFACE_STYLE_FILL_AREA(#14494);
#14494 = FILL_AREA_STYLE('',(#14495));
#14495 = FILL_AREA_STYLE_COLOUR('',#14019);
#14496 = STYLED_ITEM('color',(#14497),#5394);
#14497 = PRESENTATION_STYLE_ASSIGNMENT((#14498));
#14498 = SURFACE_STYLE_USAGE(.BOTH.,#14499);
#14499 = SURFACE_SIDE_STYLE('',(#14500));
#14500 = SURFACE_STYLE_FILL_AREA(#14501);
#14501 = FILL_AREA_STYLE('',(#14502));
#14502 = FILL_AREA_STYLE_COLOUR('',#14019);
#14503 = STYLED_ITEM('color',(#14504),#5406);
#14504 = PRESENTATION_STYLE_ASSIGNMENT((#14505));
#14505 = SURFACE_STYLE_USAGE(.BOTH.,#14506);
#14506 = SURFACE_SIDE_STYLE('',(#14507));
#14507 = SURFACE_STYLE_FILL_AREA(#14508);
#14508 = FILL_AREA_STYLE('',(#14509));
#14509 = FILL_AREA_STYLE_COLOUR('',#14019);
#14510 = STYLED_ITEM('color',(#14511),#5418);
#14511 = PRESENTATION_STYLE_ASSIGNMENT((#14512));
#14512 = SURFACE_STYLE_USAGE(.BOTH.,#14513);
#14513 = SURFACE_SIDE_STYLE('',(#14514));
#14514 = SURFACE_STYLE_FILL_AREA(#14515);
#14515 = FILL_AREA_STYLE('',(#14516));
#14516 = FILL_AREA_STYLE_COLOUR('',#14019);
#14517 = MECHANICAL_DESIGN_GEOMETRIC_PRESENTATION_REPRESENTATION('',(
    #14518,#14526,#14533,#14540,#14547,#14554,#14561,#14568,#14575,
    #14582,#14589,#14597,#14604,#14611,#14618,#14625,#14632,#14639,
    #14646,#14653,#14660,#14667,#14674,#14681,#14688,#14695,#14702,
    #14709),#1914);
#14518 = STYLED_ITEM('color',(#14519),#1062);
#14519 = PRESENTATION_STYLE_ASSIGNMENT((#14520));
#14520 = SURFACE_STYLE_USAGE(.BOTH.,#14521);
#14521 = SURFACE_SIDE_STYLE('',(#14522));
#14522 = SURFACE_STYLE_FILL_AREA(#14523);
#14523 = FILL_AREA_STYLE('',(#14524));
#14524 = FILL_AREA_STYLE_COLOUR('',#14525);
#14525 = COLOUR_RGB('',0.823999987314,0.819999987296,0.781000009244);
#14526 = STYLED_ITEM('color',(#14527),#1138);
#14527 = PRESENTATION_STYLE_ASSIGNMENT((#14528));
#14528 = SURFACE_STYLE_USAGE(.BOTH.,#14529);
#14529 = SURFACE_SIDE_STYLE('',(#14530));
#14530 = SURFACE_STYLE_FILL_AREA(#14531);
#14531 = FILL_AREA_STYLE('',(#14532));
#14532 = FILL_AREA_STYLE_COLOUR('',#14525);
#14533 = STYLED_ITEM('color',(#14534),#1169);
#14534 = PRESENTATION_STYLE_ASSIGNMENT((#14535));
#14535 = SURFACE_STYLE_USAGE(.BOTH.,#14536);
#14536 = SURFACE_SIDE_STYLE('',(#14537));
#14537 = SURFACE_STYLE_FILL_AREA(#14538);
#14538 = FILL_AREA_STYLE('',(#14539));
#14539 = FILL_AREA_STYLE_COLOUR('',#14525);
#14540 = STYLED_ITEM('color',(#14541),#1194);
#14541 = PRESENTATION_STYLE_ASSIGNMENT((#14542));
#14542 = SURFACE_STYLE_USAGE(.BOTH.,#14543);
#14543 = SURFACE_SIDE_STYLE('',(#14544));
#14544 = SURFACE_STYLE_FILL_AREA(#14545);
#14545 = FILL_AREA_STYLE('',(#14546));
#14546 = FILL_AREA_STYLE_COLOUR('',#14525);
#14547 = STYLED_ITEM('color',(#14548),#1219);
#14548 = PRESENTATION_STYLE_ASSIGNMENT((#14549));
#14549 = SURFACE_STYLE_USAGE(.BOTH.,#14550);
#14550 = SURFACE_SIDE_STYLE('',(#14551));
#14551 = SURFACE_STYLE_FILL_AREA(#14552);
#14552 = FILL_AREA_STYLE('',(#14553));
#14553 = FILL_AREA_STYLE_COLOUR('',#14525);
#14554 = STYLED_ITEM('color',(#14555),#1243);
#14555 = PRESENTATION_STYLE_ASSIGNMENT((#14556));
#14556 = SURFACE_STYLE_USAGE(.BOTH.,#14557);
#14557 = SURFACE_SIDE_STYLE('',(#14558));
#14558 = SURFACE_STYLE_FILL_AREA(#14559);
#14559 = FILL_AREA_STYLE('',(#14560));
#14560 = FILL_AREA_STYLE_COLOUR('',#14525);
#14561 = STYLED_ITEM('color',(#14562),#1267);
#14562 = PRESENTATION_STYLE_ASSIGNMENT((#14563));
#14563 = SURFACE_STYLE_USAGE(.BOTH.,#14564);
#14564 = SURFACE_SIDE_STYLE('',(#14565));
#14565 = SURFACE_STYLE_FILL_AREA(#14566);
#14566 = FILL_AREA_STYLE('',(#14567));
#14567 = FILL_AREA_STYLE_COLOUR('',#14525);
#14568 = STYLED_ITEM('color',(#14569),#1292);
#14569 = PRESENTATION_STYLE_ASSIGNMENT((#14570));
#14570 = SURFACE_STYLE_USAGE(.BOTH.,#14571);
#14571 = SURFACE_SIDE_STYLE('',(#14572));
#14572 = SURFACE_STYLE_FILL_AREA(#14573);
#14573 = FILL_AREA_STYLE('',(#14574));
#14574 = FILL_AREA_STYLE_COLOUR('',#14525);
#14575 = STYLED_ITEM('color',(#14576),#1317);
#14576 = PRESENTATION_STYLE_ASSIGNMENT((#14577));
#14577 = SURFACE_STYLE_USAGE(.BOTH.,#14578);
#14578 = SURFACE_SIDE_STYLE('',(#14579));
#14579 = SURFACE_STYLE_FILL_AREA(#14580);
#14580 = FILL_AREA_STYLE('',(#14581));
#14581 = FILL_AREA_STYLE_COLOUR('',#14525);
#14582 = STYLED_ITEM('color',(#14583),#1334);
#14583 = PRESENTATION_STYLE_ASSIGNMENT((#14584));
#14584 = SURFACE_STYLE_USAGE(.BOTH.,#14585);
#14585 = SURFACE_SIDE_STYLE('',(#14586));
#14586 = SURFACE_STYLE_FILL_AREA(#14587);
#14587 = FILL_AREA_STYLE('',(#14588));
#14588 = FILL_AREA_STYLE_COLOUR('',#14525);
#14589 = STYLED_ITEM('color',(#14590),#1420);
#14590 = PRESENTATION_STYLE_ASSIGNMENT((#14591));
#14591 = SURFACE_STYLE_USAGE(.BOTH.,#14592);
#14592 = SURFACE_SIDE_STYLE('',(#14593));
#14593 = SURFACE_STYLE_FILL_AREA(#14594);
#14594 = FILL_AREA_STYLE('',(#14595));
#14595 = FILL_AREA_STYLE_COLOUR('',#14596);
#14596 = COLOUR_RGB('',0.379000005575,0.270000008848,0.214999999939);
#14597 = STYLED_ITEM('color',(#14598),#1452);
#14598 = PRESENTATION_STYLE_ASSIGNMENT((#14599));
#14599 = SURFACE_STYLE_USAGE(.BOTH.,#14600);
#14600 = SURFACE_SIDE_STYLE('',(#14601));
#14601 = SURFACE_STYLE_FILL_AREA(#14602);
#14602 = FILL_AREA_STYLE('',(#14603));
#14603 = FILL_AREA_STYLE_COLOUR('',#14596);
#14604 = STYLED_ITEM('color',(#14605),#1476);
#14605 = PRESENTATION_STYLE_ASSIGNMENT((#14606));
#14606 = SURFACE_STYLE_USAGE(.BOTH.,#14607);
#14607 = SURFACE_SIDE_STYLE('',(#14608));
#14608 = SURFACE_STYLE_FILL_AREA(#14609);
#14609 = FILL_AREA_STYLE('',(#14610));
#14610 = FILL_AREA_STYLE_COLOUR('',#14596);
#14611 = STYLED_ITEM('color',(#14612),#1501);
#14612 = PRESENTATION_STYLE_ASSIGNMENT((#14613));
#14613 = SURFACE_STYLE_USAGE(.BOTH.,#14614);
#14614 = SURFACE_SIDE_STYLE('',(#14615));
#14615 = SURFACE_STYLE_FILL_AREA(#14616);
#14616 = FILL_AREA_STYLE('',(#14617));
#14617 = FILL_AREA_STYLE_COLOUR('',#14596);
#14618 = STYLED_ITEM('color',(#14619),#1525);
#14619 = PRESENTATION_STYLE_ASSIGNMENT((#14620));
#14620 = SURFACE_STYLE_USAGE(.BOTH.,#14621);
#14621 = SURFACE_SIDE_STYLE('',(#14622));
#14622 = SURFACE_STYLE_FILL_AREA(#14623);
#14623 = FILL_AREA_STYLE('',(#14624));
#14624 = FILL_AREA_STYLE_COLOUR('',#14596);
#14625 = STYLED_ITEM('color',(#14626),#1550);
#14626 = PRESENTATION_STYLE_ASSIGNMENT((#14627));
#14627 = SURFACE_STYLE_USAGE(.BOTH.,#14628);
#14628 = SURFACE_SIDE_STYLE('',(#14629));
#14629 = SURFACE_STYLE_FILL_AREA(#14630);
#14630 = FILL_AREA_STYLE('',(#14631));
#14631 = FILL_AREA_STYLE_COLOUR('',#14596);
#14632 = STYLED_ITEM('color',(#14633),#1574);
#14633 = PRESENTATION_STYLE_ASSIGNMENT((#14634));
#14634 = SURFACE_STYLE_USAGE(.BOTH.,#14635);
#14635 = SURFACE_SIDE_STYLE('',(#14636));
#14636 = SURFACE_STYLE_FILL_AREA(#14637);
#14637 = FILL_AREA_STYLE('',(#14638));
#14638 = FILL_AREA_STYLE_COLOUR('',#14596);
#14639 = STYLED_ITEM('color',(#14640),#1599);
#14640 = PRESENTATION_STYLE_ASSIGNMENT((#14641));
#14641 = SURFACE_STYLE_USAGE(.BOTH.,#14642);
#14642 = SURFACE_SIDE_STYLE('',(#14643));
#14643 = SURFACE_STYLE_FILL_AREA(#14644);
#14644 = FILL_AREA_STYLE('',(#14645));
#14645 = FILL_AREA_STYLE_COLOUR('',#14596);
#14646 = STYLED_ITEM('color',(#14647),#1616);
#14647 = PRESENTATION_STYLE_ASSIGNMENT((#14648));
#14648 = SURFACE_STYLE_USAGE(.BOTH.,#14649);
#14649 = SURFACE_SIDE_STYLE('',(#14650));
#14650 = SURFACE_STYLE_FILL_AREA(#14651);
#14651 = FILL_AREA_STYLE('',(#14652));
#14652 = FILL_AREA_STYLE_COLOUR('',#14525);
#14653 = STYLED_ITEM('color',(#14654),#1702);
#14654 = PRESENTATION_STYLE_ASSIGNMENT((#14655));
#14655 = SURFACE_STYLE_USAGE(.BOTH.,#14656);
#14656 = SURFACE_SIDE_STYLE('',(#14657));
#14657 = SURFACE_STYLE_FILL_AREA(#14658);
#14658 = FILL_AREA_STYLE('',(#14659));
#14659 = FILL_AREA_STYLE_COLOUR('',#14525);
#14660 = STYLED_ITEM('color',(#14661),#1733);
#14661 = PRESENTATION_STYLE_ASSIGNMENT((#14662));
#14662 = SURFACE_STYLE_USAGE(.BOTH.,#14663);
#14663 = SURFACE_SIDE_STYLE('',(#14664));
#14664 = SURFACE_STYLE_FILL_AREA(#14665);
#14665 = FILL_AREA_STYLE('',(#14666));
#14666 = FILL_AREA_STYLE_COLOUR('',#14525);
#14667 = STYLED_ITEM('color',(#14668),#1758);
#14668 = PRESENTATION_STYLE_ASSIGNMENT((#14669));
#14669 = SURFACE_STYLE_USAGE(.BOTH.,#14670);
#14670 = SURFACE_SIDE_STYLE('',(#14671));
#14671 = SURFACE_STYLE_FILL_AREA(#14672);
#14672 = FILL_AREA_STYLE('',(#14673));
#14673 = FILL_AREA_STYLE_COLOUR('',#14525);
#14674 = STYLED_ITEM('color',(#14675),#1783);
#14675 = PRESENTATION_STYLE_ASSIGNMENT((#14676));
#14676 = SURFACE_STYLE_USAGE(.BOTH.,#14677);
#14677 = SURFACE_SIDE_STYLE('',(#14678));
#14678 = SURFACE_STYLE_FILL_AREA(#14679);
#14679 = FILL_AREA_STYLE('',(#14680));
#14680 = FILL_AREA_STYLE_COLOUR('',#14525);
#14681 = STYLED_ITEM('color',(#14682),#1807);
#14682 = PRESENTATION_STYLE_ASSIGNMENT((#14683));
#14683 = SURFACE_STYLE_USAGE(.BOTH.,#14684);
#14684 = SURFACE_SIDE_STYLE('',(#14685));
#14685 = SURFACE_STYLE_FILL_AREA(#14686);
#14686 = FILL_AREA_STYLE('',(#14687));
#14687 = FILL_AREA_STYLE_COLOUR('',#14525);
#14688 = STYLED_ITEM('color',(#14689),#1831);
#14689 = PRESENTATION_STYLE_ASSIGNMENT((#14690));
#14690 = SURFACE_STYLE_USAGE(.BOTH.,#14691);
#14691 = SURFACE_SIDE_STYLE('',(#14692));
#14692 = SURFACE_STYLE_FILL_AREA(#14693);
#14693 = FILL_AREA_STYLE('',(#14694));
#14694 = FILL_AREA_STYLE_COLOUR('',#14525);
#14695 = STYLED_ITEM('color',(#14696),#1856);
#14696 = PRESENTATION_STYLE_ASSIGNMENT((#14697));
#14697 = SURFACE_STYLE_USAGE(.BOTH.,#14698);
#14698 = SURFACE_SIDE_STYLE('',(#14699));
#14699 = SURFACE_STYLE_FILL_AREA(#14700);
#14700 = FILL_AREA_STYLE('',(#14701));
#14701 = FILL_AREA_STYLE_COLOUR('',#14525);
#14702 = STYLED_ITEM('color',(#14703),#1881);
#14703 = PRESENTATION_STYLE_ASSIGNMENT((#14704));
#14704 = SURFACE_STYLE_USAGE(.BOTH.,#14705);
#14705 = SURFACE_SIDE_STYLE('',(#14706));
#14706 = SURFACE_STYLE_FILL_AREA(#14707);
#14707 = FILL_AREA_STYLE('',(#14708));
#14708 = FILL_AREA_STYLE_COLOUR('',#14525);
#14709 = STYLED_ITEM('color',(#14710),#1898);
#14710 = PRESENTATION_STYLE_ASSIGNMENT((#14711));
#14711 = SURFACE_STYLE_USAGE(.BOTH.,#14712);
#14712 = SURFACE_SIDE_STYLE('',(#14713));
#14713 = SURFACE_STYLE_FILL_AREA(#14714);
#14714 = FILL_AREA_STYLE('',(#14715));
#14715 = FILL_AREA_STYLE_COLOUR('',#14525);
#14716 = MECHANICAL_DESIGN_GEOMETRIC_PRESENTATION_REPRESENTATION('',(
    #14717,#14725,#14732,#14739,#14746,#14753,#14761,#14768,#14775,
    #14782,#14789,#14796,#14803,#14810,#14817,#14824,#14831,#14838,
    #14845,#14852,#14859,#14866,#14873,#14880,#14887,#14894,#14901,
    #14908,#14915,#14922,#14929,#14936,#14943,#14950,#14957,#14964,
    #14971,#14978,#14985,#14992,#14999,#15006,#15013,#15020,#15027,
    #15034,#15041,#15048,#15055,#15062,#15069,#15076,#15083,#15090,
    #15097,#15104,#15111,#15118,#15125,#15132,#15139,#15146,#15153,
    #15160,#15167,#15174,#15181,#15188,#15195,#15202,#15209,#15216,
    #15223,#15230,#15237,#15244,#15251,#15258,#15265,#15272,#15279,
    #15286,#15293,#15300,#15307,#15314,#15321,#15328,#15335,#15342,
    #15349,#15356,#15363,#15370,#15377,#15384,#15391,#15398,#15405,
    #15413,#15420,#15427,#15434,#15441,#15448,#15455,#15462,#15469,
    #15476,#15483,#15490,#15497,#15504,#15511,#15518,#15525,#15532,
    #15539,#15546,#15553,#15560,#15567,#15574,#15581,#15588,#15595,
    #15602,#15609,#15616,#15623,#15630,#15637,#15644,#15651,#15658,
    #15665,#15672,#15679,#15686,#15693,#15700,#15707,#15714,#15721,
    #15728,#15735,#15742,#15749,#15756,#15763,#15770,#15777,#15784,
    #15791,#15798,#15805),#12196);
#14717 = STYLED_ITEM('color',(#14718),#7591);
#14718 = PRESENTATION_STYLE_ASSIGNMENT((#14719));
#14719 = SURFACE_STYLE_USAGE(.BOTH.,#14720);
#14720 = SURFACE_SIDE_STYLE('',(#14721));
#14721 = SURFACE_STYLE_FILL_AREA(#14722);
#14722 = FILL_AREA_STYLE('',(#14723));
#14723 = FILL_AREA_STYLE_COLOUR('',#14724);
#14724 = COLOUR_RGB('',0.823529417451,0.819607860991,0.780392170416);
#14725 = STYLED_ITEM('color',(#14726),#7633);
#14726 = PRESENTATION_STYLE_ASSIGNMENT((#14727));
#14727 = SURFACE_STYLE_USAGE(.BOTH.,#14728);
#14728 = SURFACE_SIDE_STYLE('',(#14729));
#14729 = SURFACE_STYLE_FILL_AREA(#14730);
#14730 = FILL_AREA_STYLE('',(#14731));
#14731 = FILL_AREA_STYLE_COLOUR('',#14724);
#14732 = STYLED_ITEM('color',(#14733),#7664);
#14733 = PRESENTATION_STYLE_ASSIGNMENT((#14734));
#14734 = SURFACE_STYLE_USAGE(.BOTH.,#14735);
#14735 = SURFACE_SIDE_STYLE('',(#14736));
#14736 = SURFACE_STYLE_FILL_AREA(#14737);
#14737 = FILL_AREA_STYLE('',(#14738));
#14738 = FILL_AREA_STYLE_COLOUR('',#14724);
#14739 = STYLED_ITEM('color',(#14740),#7695);
#14740 = PRESENTATION_STYLE_ASSIGNMENT((#14741));
#14741 = SURFACE_STYLE_USAGE(.BOTH.,#14742);
#14742 = SURFACE_SIDE_STYLE('',(#14743));
#14743 = SURFACE_STYLE_FILL_AREA(#14744);
#14744 = FILL_AREA_STYLE('',(#14745));
#14745 = FILL_AREA_STYLE_COLOUR('',#14724);
#14746 = STYLED_ITEM('color',(#14747),#7779);
#14747 = PRESENTATION_STYLE_ASSIGNMENT((#14748));
#14748 = SURFACE_STYLE_USAGE(.BOTH.,#14749);
#14749 = SURFACE_SIDE_STYLE('',(#14750));
#14750 = SURFACE_STYLE_FILL_AREA(#14751);
#14751 = FILL_AREA_STYLE('',(#14752));
#14752 = FILL_AREA_STYLE_COLOUR('',#14724);
#14753 = STYLED_ITEM('color',(#14754),#7863);
#14754 = PRESENTATION_STYLE_ASSIGNMENT((#14755));
#14755 = SURFACE_STYLE_USAGE(.BOTH.,#14756);
#14756 = SURFACE_SIDE_STYLE('',(#14757));
#14757 = SURFACE_STYLE_FILL_AREA(#14758);
#14758 = FILL_AREA_STYLE('',(#14759));
#14759 = FILL_AREA_STYLE_COLOUR('',#14760);
#14760 = COLOUR_RGB('',0.145098047169,0.14117647753,0.14117647753);
#14761 = STYLED_ITEM('color',(#14762),#7956);
#14762 = PRESENTATION_STYLE_ASSIGNMENT((#14763));
#14763 = SURFACE_STYLE_USAGE(.BOTH.,#14764);
#14764 = SURFACE_SIDE_STYLE('',(#14765));
#14765 = SURFACE_STYLE_FILL_AREA(#14766);
#14766 = FILL_AREA_STYLE('',(#14767));
#14767 = FILL_AREA_STYLE_COLOUR('',#14724);
#14768 = STYLED_ITEM('color',(#14769),#7973);
#14769 = PRESENTATION_STYLE_ASSIGNMENT((#14770));
#14770 = SURFACE_STYLE_USAGE(.BOTH.,#14771);
#14771 = SURFACE_SIDE_STYLE('',(#14772));
#14772 = SURFACE_STYLE_FILL_AREA(#14773);
#14773 = FILL_AREA_STYLE('',(#14774));
#14774 = FILL_AREA_STYLE_COLOUR('',#14760);
#14775 = STYLED_ITEM('color',(#14776),#7996);
#14776 = PRESENTATION_STYLE_ASSIGNMENT((#14777));
#14777 = SURFACE_STYLE_USAGE(.BOTH.,#14778);
#14778 = SURFACE_SIDE_STYLE('',(#14779));
#14779 = SURFACE_STYLE_FILL_AREA(#14780);
#14780 = FILL_AREA_STYLE('',(#14781));
#14781 = FILL_AREA_STYLE_COLOUR('',#14724);
#14782 = STYLED_ITEM('color',(#14783),#8034);
#14783 = PRESENTATION_STYLE_ASSIGNMENT((#14784));
#14784 = SURFACE_STYLE_USAGE(.BOTH.,#14785);
#14785 = SURFACE_SIDE_STYLE('',(#14786));
#14786 = SURFACE_STYLE_FILL_AREA(#14787);
#14787 = FILL_AREA_STYLE('',(#14788));
#14788 = FILL_AREA_STYLE_COLOUR('',#14724);
#14789 = STYLED_ITEM('color',(#14790),#8051);
#14790 = PRESENTATION_STYLE_ASSIGNMENT((#14791));
#14791 = SURFACE_STYLE_USAGE(.BOTH.,#14792);
#14792 = SURFACE_SIDE_STYLE('',(#14793));
#14793 = SURFACE_STYLE_FILL_AREA(#14794);
#14794 = FILL_AREA_STYLE('',(#14795));
#14795 = FILL_AREA_STYLE_COLOUR('',#14724);
#14796 = STYLED_ITEM('color',(#14797),#8068);
#14797 = PRESENTATION_STYLE_ASSIGNMENT((#14798));
#14798 = SURFACE_STYLE_USAGE(.BOTH.,#14799);
#14799 = SURFACE_SIDE_STYLE('',(#14800));
#14800 = SURFACE_STYLE_FILL_AREA(#14801);
#14801 = FILL_AREA_STYLE('',(#14802));
#14802 = FILL_AREA_STYLE_COLOUR('',#14724);
#14803 = STYLED_ITEM('color',(#14804),#8085);
#14804 = PRESENTATION_STYLE_ASSIGNMENT((#14805));
#14805 = SURFACE_STYLE_USAGE(.BOTH.,#14806);
#14806 = SURFACE_SIDE_STYLE('',(#14807));
#14807 = SURFACE_STYLE_FILL_AREA(#14808);
#14808 = FILL_AREA_STYLE('',(#14809));
#14809 = FILL_AREA_STYLE_COLOUR('',#14724);
#14810 = STYLED_ITEM('color',(#14811),#8102);
#14811 = PRESENTATION_STYLE_ASSIGNMENT((#14812));
#14812 = SURFACE_STYLE_USAGE(.BOTH.,#14813);
#14813 = SURFACE_SIDE_STYLE('',(#14814));
#14814 = SURFACE_STYLE_FILL_AREA(#14815);
#14815 = FILL_AREA_STYLE('',(#14816));
#14816 = FILL_AREA_STYLE_COLOUR('',#14724);
#14817 = STYLED_ITEM('color',(#14818),#8119);
#14818 = PRESENTATION_STYLE_ASSIGNMENT((#14819));
#14819 = SURFACE_STYLE_USAGE(.BOTH.,#14820);
#14820 = SURFACE_SIDE_STYLE('',(#14821));
#14821 = SURFACE_STYLE_FILL_AREA(#14822);
#14822 = FILL_AREA_STYLE('',(#14823));
#14823 = FILL_AREA_STYLE_COLOUR('',#14724);
#14824 = STYLED_ITEM('color',(#14825),#8131);
#14825 = PRESENTATION_STYLE_ASSIGNMENT((#14826));
#14826 = SURFACE_STYLE_USAGE(.BOTH.,#14827);
#14827 = SURFACE_SIDE_STYLE('',(#14828));
#14828 = SURFACE_STYLE_FILL_AREA(#14829);
#14829 = FILL_AREA_STYLE('',(#14830));
#14830 = FILL_AREA_STYLE_COLOUR('',#14760);
#14831 = STYLED_ITEM('color',(#14832),#8155);
#14832 = PRESENTATION_STYLE_ASSIGNMENT((#14833));
#14833 = SURFACE_STYLE_USAGE(.BOTH.,#14834);
#14834 = SURFACE_SIDE_STYLE('',(#14835));
#14835 = SURFACE_STYLE_FILL_AREA(#14836);
#14836 = FILL_AREA_STYLE('',(#14837));
#14837 = FILL_AREA_STYLE_COLOUR('',#14760);
#14838 = STYLED_ITEM('color',(#14839),#8218);
#14839 = PRESENTATION_STYLE_ASSIGNMENT((#14840));
#14840 = SURFACE_STYLE_USAGE(.BOTH.,#14841);
#14841 = SURFACE_SIDE_STYLE('',(#14842));
#14842 = SURFACE_STYLE_FILL_AREA(#14843);
#14843 = FILL_AREA_STYLE('',(#14844));
#14844 = FILL_AREA_STYLE_COLOUR('',#14760);
#14845 = STYLED_ITEM('color',(#14846),#8241);
#14846 = PRESENTATION_STYLE_ASSIGNMENT((#14847));
#14847 = SURFACE_STYLE_USAGE(.BOTH.,#14848);
#14848 = SURFACE_SIDE_STYLE('',(#14849));
#14849 = SURFACE_STYLE_FILL_AREA(#14850);
#14850 = FILL_AREA_STYLE('',(#14851));
#14851 = FILL_AREA_STYLE_COLOUR('',#14760);
#14852 = STYLED_ITEM('color',(#14853),#8264);
#14853 = PRESENTATION_STYLE_ASSIGNMENT((#14854));
#14854 = SURFACE_STYLE_USAGE(.BOTH.,#14855);
#14855 = SURFACE_SIDE_STYLE('',(#14856));
#14856 = SURFACE_STYLE_FILL_AREA(#14857);
#14857 = FILL_AREA_STYLE('',(#14858));
#14858 = FILL_AREA_STYLE_COLOUR('',#14760);
#14859 = STYLED_ITEM('color',(#14860),#8294);
#14860 = PRESENTATION_STYLE_ASSIGNMENT((#14861));
#14861 = SURFACE_STYLE_USAGE(.BOTH.,#14862);
#14862 = SURFACE_SIDE_STYLE('',(#14863));
#14863 = SURFACE_STYLE_FILL_AREA(#14864);
#14864 = FILL_AREA_STYLE('',(#14865));
#14865 = FILL_AREA_STYLE_COLOUR('',#14724);
#14866 = STYLED_ITEM('color',(#14867),#8325);
#14867 = PRESENTATION_STYLE_ASSIGNMENT((#14868));
#14868 = SURFACE_STYLE_USAGE(.BOTH.,#14869);
#14869 = SURFACE_SIDE_STYLE('',(#14870));
#14870 = SURFACE_STYLE_FILL_AREA(#14871);
#14871 = FILL_AREA_STYLE('',(#14872));
#14872 = FILL_AREA_STYLE_COLOUR('',#14760);
#14873 = STYLED_ITEM('color',(#14874),#8356);
#14874 = PRESENTATION_STYLE_ASSIGNMENT((#14875));
#14875 = SURFACE_STYLE_USAGE(.BOTH.,#14876);
#14876 = SURFACE_SIDE_STYLE('',(#14877));
#14877 = SURFACE_STYLE_FILL_AREA(#14878);
#14878 = FILL_AREA_STYLE('',(#14879));
#14879 = FILL_AREA_STYLE_COLOUR('',#14724);
#14880 = STYLED_ITEM('color',(#14881),#8387);
#14881 = PRESENTATION_STYLE_ASSIGNMENT((#14882));
#14882 = SURFACE_STYLE_USAGE(.BOTH.,#14883);
#14883 = SURFACE_SIDE_STYLE('',(#14884));
#14884 = SURFACE_STYLE_FILL_AREA(#14885);
#14885 = FILL_AREA_STYLE('',(#14886));
#14886 = FILL_AREA_STYLE_COLOUR('',#14724);
#14887 = STYLED_ITEM('color',(#14888),#8418);
#14888 = PRESENTATION_STYLE_ASSIGNMENT((#14889));
#14889 = SURFACE_STYLE_USAGE(.BOTH.,#14890);
#14890 = SURFACE_SIDE_STYLE('',(#14891));
#14891 = SURFACE_STYLE_FILL_AREA(#14892);
#14892 = FILL_AREA_STYLE('',(#14893));
#14893 = FILL_AREA_STYLE_COLOUR('',#14760);
#14894 = STYLED_ITEM('color',(#14895),#8449);
#14895 = PRESENTATION_STYLE_ASSIGNMENT((#14896));
#14896 = SURFACE_STYLE_USAGE(.BOTH.,#14897);
#14897 = SURFACE_SIDE_STYLE('',(#14898));
#14898 = SURFACE_STYLE_FILL_AREA(#14899);
#14899 = FILL_AREA_STYLE('',(#14900));
#14900 = FILL_AREA_STYLE_COLOUR('',#14760);
#14901 = STYLED_ITEM('color',(#14902),#8472);
#14902 = PRESENTATION_STYLE_ASSIGNMENT((#14903));
#14903 = SURFACE_STYLE_USAGE(.BOTH.,#14904);
#14904 = SURFACE_SIDE_STYLE('',(#14905));
#14905 = SURFACE_STYLE_FILL_AREA(#14906);
#14906 = FILL_AREA_STYLE('',(#14907));
#14907 = FILL_AREA_STYLE_COLOUR('',#14760);
#14908 = STYLED_ITEM('color',(#14909),#8495);
#14909 = PRESENTATION_STYLE_ASSIGNMENT((#14910));
#14910 = SURFACE_STYLE_USAGE(.BOTH.,#14911);
#14911 = SURFACE_SIDE_STYLE('',(#14912));
#14912 = SURFACE_STYLE_FILL_AREA(#14913);
#14913 = FILL_AREA_STYLE('',(#14914));
#14914 = FILL_AREA_STYLE_COLOUR('',#14760);
#14915 = STYLED_ITEM('color',(#14916),#8581);
#14916 = PRESENTATION_STYLE_ASSIGNMENT((#14917));
#14917 = SURFACE_STYLE_USAGE(.BOTH.,#14918);
#14918 = SURFACE_SIDE_STYLE('',(#14919));
#14919 = SURFACE_STYLE_FILL_AREA(#14920);
#14920 = FILL_AREA_STYLE('',(#14921));
#14921 = FILL_AREA_STYLE_COLOUR('',#14760);
#14922 = STYLED_ITEM('color',(#14923),#8598);
#14923 = PRESENTATION_STYLE_ASSIGNMENT((#14924));
#14924 = SURFACE_STYLE_USAGE(.BOTH.,#14925);
#14925 = SURFACE_SIDE_STYLE('',(#14926));
#14926 = SURFACE_STYLE_FILL_AREA(#14927);
#14927 = FILL_AREA_STYLE('',(#14928));
#14928 = FILL_AREA_STYLE_COLOUR('',#14724);
#14929 = STYLED_ITEM('color',(#14930),#8690);
#14930 = PRESENTATION_STYLE_ASSIGNMENT((#14931));
#14931 = SURFACE_STYLE_USAGE(.BOTH.,#14932);
#14932 = SURFACE_SIDE_STYLE('',(#14933));
#14933 = SURFACE_STYLE_FILL_AREA(#14934);
#14934 = FILL_AREA_STYLE('',(#14935));
#14935 = FILL_AREA_STYLE_COLOUR('',#14760);
#14936 = STYLED_ITEM('color',(#14937),#8713);
#14937 = PRESENTATION_STYLE_ASSIGNMENT((#14938));
#14938 = SURFACE_STYLE_USAGE(.BOTH.,#14939);
#14939 = SURFACE_SIDE_STYLE('',(#14940));
#14940 = SURFACE_STYLE_FILL_AREA(#14941);
#14941 = FILL_AREA_STYLE('',(#14942));
#14942 = FILL_AREA_STYLE_COLOUR('',#14760);
#14943 = STYLED_ITEM('color',(#14944),#8736);
#14944 = PRESENTATION_STYLE_ASSIGNMENT((#14945));
#14945 = SURFACE_STYLE_USAGE(.BOTH.,#14946);
#14946 = SURFACE_SIDE_STYLE('',(#14947));
#14947 = SURFACE_STYLE_FILL_AREA(#14948);
#14948 = FILL_AREA_STYLE('',(#14949));
#14949 = FILL_AREA_STYLE_COLOUR('',#14760);
#14950 = STYLED_ITEM('color',(#14951),#8759);
#14951 = PRESENTATION_STYLE_ASSIGNMENT((#14952));
#14952 = SURFACE_STYLE_USAGE(.BOTH.,#14953);
#14953 = SURFACE_SIDE_STYLE('',(#14954));
#14954 = SURFACE_STYLE_FILL_AREA(#14955);
#14955 = FILL_AREA_STYLE('',(#14956));
#14956 = FILL_AREA_STYLE_COLOUR('',#14760);
#14957 = STYLED_ITEM('color',(#14958),#8846);
#14958 = PRESENTATION_STYLE_ASSIGNMENT((#14959));
#14959 = SURFACE_STYLE_USAGE(.BOTH.,#14960);
#14960 = SURFACE_SIDE_STYLE('',(#14961));
#14961 = SURFACE_STYLE_FILL_AREA(#14962);
#14962 = FILL_AREA_STYLE('',(#14963));
#14963 = FILL_AREA_STYLE_COLOUR('',#14760);
#14964 = STYLED_ITEM('color',(#14965),#8863);
#14965 = PRESENTATION_STYLE_ASSIGNMENT((#14966));
#14966 = SURFACE_STYLE_USAGE(.BOTH.,#14967);
#14967 = SURFACE_SIDE_STYLE('',(#14968));
#14968 = SURFACE_STYLE_FILL_AREA(#14969);
#14969 = FILL_AREA_STYLE('',(#14970));
#14970 = FILL_AREA_STYLE_COLOUR('',#14760);
#14971 = STYLED_ITEM('color',(#14972),#8886);
#14972 = PRESENTATION_STYLE_ASSIGNMENT((#14973));
#14973 = SURFACE_STYLE_USAGE(.BOTH.,#14974);
#14974 = SURFACE_SIDE_STYLE('',(#14975));
#14975 = SURFACE_STYLE_FILL_AREA(#14976);
#14976 = FILL_AREA_STYLE('',(#14977));
#14977 = FILL_AREA_STYLE_COLOUR('',#14724);
#14978 = STYLED_ITEM('color',(#14979),#8978);
#14979 = PRESENTATION_STYLE_ASSIGNMENT((#14980));
#14980 = SURFACE_STYLE_USAGE(.BOTH.,#14981);
#14981 = SURFACE_SIDE_STYLE('',(#14982));
#14982 = SURFACE_STYLE_FILL_AREA(#14983);
#14983 = FILL_AREA_STYLE('',(#14984));
#14984 = FILL_AREA_STYLE_COLOUR('',#14760);
#14985 = STYLED_ITEM('color',(#14986),#8999);
#14986 = PRESENTATION_STYLE_ASSIGNMENT((#14987));
#14987 = SURFACE_STYLE_USAGE(.BOTH.,#14988);
#14988 = SURFACE_SIDE_STYLE('',(#14989));
#14989 = SURFACE_STYLE_FILL_AREA(#14990);
#14990 = FILL_AREA_STYLE('',(#14991));
#14991 = FILL_AREA_STYLE_COLOUR('',#14724);
#14992 = STYLED_ITEM('color',(#14993),#9091);
#14993 = PRESENTATION_STYLE_ASSIGNMENT((#14994));
#14994 = SURFACE_STYLE_USAGE(.BOTH.,#14995);
#14995 = SURFACE_SIDE_STYLE('',(#14996));
#14996 = SURFACE_STYLE_FILL_AREA(#14997);
#14997 = FILL_AREA_STYLE('',(#14998));
#14998 = FILL_AREA_STYLE_COLOUR('',#14724);
#14999 = STYLED_ITEM('color',(#15000),#9108);
#15000 = PRESENTATION_STYLE_ASSIGNMENT((#15001));
#15001 = SURFACE_STYLE_USAGE(.BOTH.,#15002);
#15002 = SURFACE_SIDE_STYLE('',(#15003));
#15003 = SURFACE_STYLE_FILL_AREA(#15004);
#15004 = FILL_AREA_STYLE('',(#15005));
#15005 = FILL_AREA_STYLE_COLOUR('',#14724);
#15006 = STYLED_ITEM('color',(#15007),#9200);
#15007 = PRESENTATION_STYLE_ASSIGNMENT((#15008));
#15008 = SURFACE_STYLE_USAGE(.BOTH.,#15009);
#15009 = SURFACE_SIDE_STYLE('',(#15010));
#15010 = SURFACE_STYLE_FILL_AREA(#15011);
#15011 = FILL_AREA_STYLE('',(#15012));
#15012 = FILL_AREA_STYLE_COLOUR('',#14760);
#15013 = STYLED_ITEM('color',(#15014),#9222);
#15014 = PRESENTATION_STYLE_ASSIGNMENT((#15015));
#15015 = SURFACE_STYLE_USAGE(.BOTH.,#15016);
#15016 = SURFACE_SIDE_STYLE('',(#15017));
#15017 = SURFACE_STYLE_FILL_AREA(#15018);
#15018 = FILL_AREA_STYLE('',(#15019));
#15019 = FILL_AREA_STYLE_COLOUR('',#14724);
#15020 = STYLED_ITEM('color',(#15021),#9247);
#15021 = PRESENTATION_STYLE_ASSIGNMENT((#15022));
#15022 = SURFACE_STYLE_USAGE(.BOTH.,#15023);
#15023 = SURFACE_SIDE_STYLE('',(#15024));
#15024 = SURFACE_STYLE_FILL_AREA(#15025);
#15025 = FILL_AREA_STYLE('',(#15026));
#15026 = FILL_AREA_STYLE_COLOUR('',#14724);
#15027 = STYLED_ITEM('color',(#15028),#9331);
#15028 = PRESENTATION_STYLE_ASSIGNMENT((#15029));
#15029 = SURFACE_STYLE_USAGE(.BOTH.,#15030);
#15030 = SURFACE_SIDE_STYLE('',(#15031));
#15031 = SURFACE_STYLE_FILL_AREA(#15032);
#15032 = FILL_AREA_STYLE('',(#15033));
#15033 = FILL_AREA_STYLE_COLOUR('',#14724);
#15034 = STYLED_ITEM('color',(#15035),#9423);
#15035 = PRESENTATION_STYLE_ASSIGNMENT((#15036));
#15036 = SURFACE_STYLE_USAGE(.BOTH.,#15037);
#15037 = SURFACE_SIDE_STYLE('',(#15038));
#15038 = SURFACE_STYLE_FILL_AREA(#15039);
#15039 = FILL_AREA_STYLE('',(#15040));
#15040 = FILL_AREA_STYLE_COLOUR('',#14724);
#15041 = STYLED_ITEM('color',(#15042),#9440);
#15042 = PRESENTATION_STYLE_ASSIGNMENT((#15043));
#15043 = SURFACE_STYLE_USAGE(.BOTH.,#15044);
#15044 = SURFACE_SIDE_STYLE('',(#15045));
#15045 = SURFACE_STYLE_FILL_AREA(#15046);
#15046 = FILL_AREA_STYLE('',(#15047));
#15047 = FILL_AREA_STYLE_COLOUR('',#14760);
#15048 = STYLED_ITEM('color',(#15049),#9462);
#15049 = PRESENTATION_STYLE_ASSIGNMENT((#15050));
#15050 = SURFACE_STYLE_USAGE(.BOTH.,#15051);
#15051 = SURFACE_SIDE_STYLE('',(#15052));
#15052 = SURFACE_STYLE_FILL_AREA(#15053);
#15053 = FILL_AREA_STYLE('',(#15054));
#15054 = FILL_AREA_STYLE_COLOUR('',#14760);
#15055 = STYLED_ITEM('color',(#15056),#9485);
#15056 = PRESENTATION_STYLE_ASSIGNMENT((#15057));
#15057 = SURFACE_STYLE_USAGE(.BOTH.,#15058);
#15058 = SURFACE_SIDE_STYLE('',(#15059));
#15059 = SURFACE_STYLE_FILL_AREA(#15060);
#15060 = FILL_AREA_STYLE('',(#15061));
#15061 = FILL_AREA_STYLE_COLOUR('',#14760);
#15062 = STYLED_ITEM('color',(#15063),#9508);
#15063 = PRESENTATION_STYLE_ASSIGNMENT((#15064));
#15064 = SURFACE_STYLE_USAGE(.BOTH.,#15065);
#15065 = SURFACE_SIDE_STYLE('',(#15066));
#15066 = SURFACE_STYLE_FILL_AREA(#15067);
#15067 = FILL_AREA_STYLE('',(#15068));
#15068 = FILL_AREA_STYLE_COLOUR('',#14760);
#15069 = STYLED_ITEM('color',(#15070),#9531);
#15070 = PRESENTATION_STYLE_ASSIGNMENT((#15071));
#15071 = SURFACE_STYLE_USAGE(.BOTH.,#15072);
#15072 = SURFACE_SIDE_STYLE('',(#15073));
#15073 = SURFACE_STYLE_FILL_AREA(#15074);
#15074 = FILL_AREA_STYLE('',(#15075));
#15075 = FILL_AREA_STYLE_COLOUR('',#14760);
#15076 = STYLED_ITEM('color',(#15077),#9598);
#15077 = PRESENTATION_STYLE_ASSIGNMENT((#15078));
#15078 = SURFACE_STYLE_USAGE(.BOTH.,#15079);
#15079 = SURFACE_SIDE_STYLE('',(#15080));
#15080 = SURFACE_STYLE_FILL_AREA(#15081);
#15081 = FILL_AREA_STYLE('',(#15082));
#15082 = FILL_AREA_STYLE_COLOUR('',#14760);
#15083 = STYLED_ITEM('color',(#15084),#9621);
#15084 = PRESENTATION_STYLE_ASSIGNMENT((#15085));
#15085 = SURFACE_STYLE_USAGE(.BOTH.,#15086);
#15086 = SURFACE_SIDE_STYLE('',(#15087));
#15087 = SURFACE_STYLE_FILL_AREA(#15088);
#15088 = FILL_AREA_STYLE('',(#15089));
#15089 = FILL_AREA_STYLE_COLOUR('',#14724);
#15090 = STYLED_ITEM('color',(#15091),#9640);
#15091 = PRESENTATION_STYLE_ASSIGNMENT((#15092));
#15092 = SURFACE_STYLE_USAGE(.BOTH.,#15093);
#15093 = SURFACE_SIDE_STYLE('',(#15094));
#15094 = SURFACE_STYLE_FILL_AREA(#15095);
#15095 = FILL_AREA_STYLE('',(#15096));
#15096 = FILL_AREA_STYLE_COLOUR('',#14724);
#15097 = STYLED_ITEM('color',(#15098),#9659);
#15098 = PRESENTATION_STYLE_ASSIGNMENT((#15099));
#15099 = SURFACE_STYLE_USAGE(.BOTH.,#15100);
#15100 = SURFACE_SIDE_STYLE('',(#15101));
#15101 = SURFACE_STYLE_FILL_AREA(#15102);
#15102 = FILL_AREA_STYLE('',(#15103));
#15103 = FILL_AREA_STYLE_COLOUR('',#14724);
#15104 = STYLED_ITEM('color',(#15105),#9678);
#15105 = PRESENTATION_STYLE_ASSIGNMENT((#15106));
#15106 = SURFACE_STYLE_USAGE(.BOTH.,#15107);
#15107 = SURFACE_SIDE_STYLE('',(#15108));
#15108 = SURFACE_STYLE_FILL_AREA(#15109);
#15109 = FILL_AREA_STYLE('',(#15110));
#15110 = FILL_AREA_STYLE_COLOUR('',#14724);
#15111 = STYLED_ITEM('color',(#15112),#9695);
#15112 = PRESENTATION_STYLE_ASSIGNMENT((#15113));
#15113 = SURFACE_STYLE_USAGE(.BOTH.,#15114);
#15114 = SURFACE_SIDE_STYLE('',(#15115));
#15115 = SURFACE_STYLE_FILL_AREA(#15116);
#15116 = FILL_AREA_STYLE('',(#15117));
#15117 = FILL_AREA_STYLE_COLOUR('',#14724);
#15118 = STYLED_ITEM('color',(#15119),#9712);
#15119 = PRESENTATION_STYLE_ASSIGNMENT((#15120));
#15120 = SURFACE_STYLE_USAGE(.BOTH.,#15121);
#15121 = SURFACE_SIDE_STYLE('',(#15122));
#15122 = SURFACE_STYLE_FILL_AREA(#15123);
#15123 = FILL_AREA_STYLE('',(#15124));
#15124 = FILL_AREA_STYLE_COLOUR('',#14724);
#15125 = STYLED_ITEM('color',(#15126),#9729);
#15126 = PRESENTATION_STYLE_ASSIGNMENT((#15127));
#15127 = SURFACE_STYLE_USAGE(.BOTH.,#15128);
#15128 = SURFACE_SIDE_STYLE('',(#15129));
#15129 = SURFACE_STYLE_FILL_AREA(#15130);
#15130 = FILL_AREA_STYLE('',(#15131));
#15131 = FILL_AREA_STYLE_COLOUR('',#14724);
#15132 = STYLED_ITEM('color',(#15133),#9746);
#15133 = PRESENTATION_STYLE_ASSIGNMENT((#15134));
#15134 = SURFACE_STYLE_USAGE(.BOTH.,#15135);
#15135 = SURFACE_SIDE_STYLE('',(#15136));
#15136 = SURFACE_STYLE_FILL_AREA(#15137);
#15137 = FILL_AREA_STYLE('',(#15138));
#15138 = FILL_AREA_STYLE_COLOUR('',#14724);
#15139 = STYLED_ITEM('color',(#15140),#9763);
#15140 = PRESENTATION_STYLE_ASSIGNMENT((#15141));
#15141 = SURFACE_STYLE_USAGE(.BOTH.,#15142);
#15142 = SURFACE_SIDE_STYLE('',(#15143));
#15143 = SURFACE_STYLE_FILL_AREA(#15144);
#15144 = FILL_AREA_STYLE('',(#15145));
#15145 = FILL_AREA_STYLE_COLOUR('',#14724);
#15146 = STYLED_ITEM('color',(#15147),#9780);
#15147 = PRESENTATION_STYLE_ASSIGNMENT((#15148));
#15148 = SURFACE_STYLE_USAGE(.BOTH.,#15149);
#15149 = SURFACE_SIDE_STYLE('',(#15150));
#15150 = SURFACE_STYLE_FILL_AREA(#15151);
#15151 = FILL_AREA_STYLE('',(#15152));
#15152 = FILL_AREA_STYLE_COLOUR('',#14724);
#15153 = STYLED_ITEM('color',(#15154),#9797);
#15154 = PRESENTATION_STYLE_ASSIGNMENT((#15155));
#15155 = SURFACE_STYLE_USAGE(.BOTH.,#15156);
#15156 = SURFACE_SIDE_STYLE('',(#15157));
#15157 = SURFACE_STYLE_FILL_AREA(#15158);
#15158 = FILL_AREA_STYLE('',(#15159));
#15159 = FILL_AREA_STYLE_COLOUR('',#14724);
#15160 = STYLED_ITEM('color',(#15161),#9809);
#15161 = PRESENTATION_STYLE_ASSIGNMENT((#15162));
#15162 = SURFACE_STYLE_USAGE(.BOTH.,#15163);
#15163 = SURFACE_SIDE_STYLE('',(#15164));
#15164 = SURFACE_STYLE_FILL_AREA(#15165);
#15165 = FILL_AREA_STYLE('',(#15166));
#15166 = FILL_AREA_STYLE_COLOUR('',#14760);
#15167 = STYLED_ITEM('color',(#15168),#9832);
#15168 = PRESENTATION_STYLE_ASSIGNMENT((#15169));
#15169 = SURFACE_STYLE_USAGE(.BOTH.,#15170);
#15170 = SURFACE_SIDE_STYLE('',(#15171));
#15171 = SURFACE_STYLE_FILL_AREA(#15172);
#15172 = FILL_AREA_STYLE('',(#15173));
#15173 = FILL_AREA_STYLE_COLOUR('',#14760);
#15174 = STYLED_ITEM('color',(#15175),#9855);
#15175 = PRESENTATION_STYLE_ASSIGNMENT((#15176));
#15176 = SURFACE_STYLE_USAGE(.BOTH.,#15177);
#15177 = SURFACE_SIDE_STYLE('',(#15178));
#15178 = SURFACE_STYLE_FILL_AREA(#15179);
#15179 = FILL_AREA_STYLE('',(#15180));
#15180 = FILL_AREA_STYLE_COLOUR('',#14760);
#15181 = STYLED_ITEM('color',(#15182),#9879);
#15182 = PRESENTATION_STYLE_ASSIGNMENT((#15183));
#15183 = SURFACE_STYLE_USAGE(.BOTH.,#15184);
#15184 = SURFACE_SIDE_STYLE('',(#15185));
#15185 = SURFACE_STYLE_FILL_AREA(#15186);
#15186 = FILL_AREA_STYLE('',(#15187));
#15187 = FILL_AREA_STYLE_COLOUR('',#14760);
#15188 = STYLED_ITEM('color',(#15189),#9909);
#15189 = PRESENTATION_STYLE_ASSIGNMENT((#15190));
#15190 = SURFACE_STYLE_USAGE(.BOTH.,#15191);
#15191 = SURFACE_SIDE_STYLE('',(#15192));
#15192 = SURFACE_STYLE_FILL_AREA(#15193);
#15193 = FILL_AREA_STYLE('',(#15194));
#15194 = FILL_AREA_STYLE_COLOUR('',#14724);
#15195 = STYLED_ITEM('color',(#15196),#9940);
#15196 = PRESENTATION_STYLE_ASSIGNMENT((#15197));
#15197 = SURFACE_STYLE_USAGE(.BOTH.,#15198);
#15198 = SURFACE_SIDE_STYLE('',(#15199));
#15199 = SURFACE_STYLE_FILL_AREA(#15200);
#15200 = FILL_AREA_STYLE('',(#15201));
#15201 = FILL_AREA_STYLE_COLOUR('',#14724);
#15202 = STYLED_ITEM('color',(#15203),#9971);
#15203 = PRESENTATION_STYLE_ASSIGNMENT((#15204));
#15204 = SURFACE_STYLE_USAGE(.BOTH.,#15205);
#15205 = SURFACE_SIDE_STYLE('',(#15206));
#15206 = SURFACE_STYLE_FILL_AREA(#15207);
#15207 = FILL_AREA_STYLE('',(#15208));
#15208 = FILL_AREA_STYLE_COLOUR('',#14760);
#15209 = STYLED_ITEM('color',(#15210),#10002);
#15210 = PRESENTATION_STYLE_ASSIGNMENT((#15211));
#15211 = SURFACE_STYLE_USAGE(.BOTH.,#15212);
#15212 = SURFACE_SIDE_STYLE('',(#15213));
#15213 = SURFACE_STYLE_FILL_AREA(#15214);
#15214 = FILL_AREA_STYLE('',(#15215));
#15215 = FILL_AREA_STYLE_COLOUR('',#14760);
#15216 = STYLED_ITEM('color',(#15217),#10033);
#15217 = PRESENTATION_STYLE_ASSIGNMENT((#15218));
#15218 = SURFACE_STYLE_USAGE(.BOTH.,#15219);
#15219 = SURFACE_SIDE_STYLE('',(#15220));
#15220 = SURFACE_STYLE_FILL_AREA(#15221);
#15221 = FILL_AREA_STYLE('',(#15222));
#15222 = FILL_AREA_STYLE_COLOUR('',#14724);
#15223 = STYLED_ITEM('color',(#15224),#10064);
#15224 = PRESENTATION_STYLE_ASSIGNMENT((#15225));
#15225 = SURFACE_STYLE_USAGE(.BOTH.,#15226);
#15226 = SURFACE_SIDE_STYLE('',(#15227));
#15227 = SURFACE_STYLE_FILL_AREA(#15228);
#15228 = FILL_AREA_STYLE('',(#15229));
#15229 = FILL_AREA_STYLE_COLOUR('',#14724);
#15230 = STYLED_ITEM('color',(#15231),#10095);
#15231 = PRESENTATION_STYLE_ASSIGNMENT((#15232));
#15232 = SURFACE_STYLE_USAGE(.BOTH.,#15233);
#15233 = SURFACE_SIDE_STYLE('',(#15234));
#15234 = SURFACE_STYLE_FILL_AREA(#15235);
#15235 = FILL_AREA_STYLE('',(#15236));
#15236 = FILL_AREA_STYLE_COLOUR('',#14760);
#15237 = STYLED_ITEM('color',(#15238),#10126);
#15238 = PRESENTATION_STYLE_ASSIGNMENT((#15239));
#15239 = SURFACE_STYLE_USAGE(.BOTH.,#15240);
#15240 = SURFACE_SIDE_STYLE('',(#15241));
#15241 = SURFACE_STYLE_FILL_AREA(#15242);
#15242 = FILL_AREA_STYLE('',(#15243));
#15243 = FILL_AREA_STYLE_COLOUR('',#14760);
#15244 = STYLED_ITEM('color',(#15245),#10143);
#15245 = PRESENTATION_STYLE_ASSIGNMENT((#15246));
#15246 = SURFACE_STYLE_USAGE(.BOTH.,#15247);
#15247 = SURFACE_SIDE_STYLE('',(#15248));
#15248 = SURFACE_STYLE_FILL_AREA(#15249);
#15249 = FILL_AREA_STYLE('',(#15250));
#15250 = FILL_AREA_STYLE_COLOUR('',#14760);
#15251 = STYLED_ITEM('color',(#15252),#10159);
#15252 = PRESENTATION_STYLE_ASSIGNMENT((#15253));
#15253 = SURFACE_STYLE_USAGE(.BOTH.,#15254);
#15254 = SURFACE_SIDE_STYLE('',(#15255));
#15255 = SURFACE_STYLE_FILL_AREA(#15256);
#15256 = FILL_AREA_STYLE('',(#15257));
#15257 = FILL_AREA_STYLE_COLOUR('',#14724);
#15258 = STYLED_ITEM('color',(#15259),#10176);
#15259 = PRESENTATION_STYLE_ASSIGNMENT((#15260));
#15260 = SURFACE_STYLE_USAGE(.BOTH.,#15261);
#15261 = SURFACE_SIDE_STYLE('',(#15262));
#15262 = SURFACE_STYLE_FILL_AREA(#15263);
#15263 = FILL_AREA_STYLE('',(#15264));
#15264 = FILL_AREA_STYLE_COLOUR('',#14724);
#15265 = STYLED_ITEM('color',(#15266),#10193);
#15266 = PRESENTATION_STYLE_ASSIGNMENT((#15267));
#15267 = SURFACE_STYLE_USAGE(.BOTH.,#15268);
#15268 = SURFACE_SIDE_STYLE('',(#15269));
#15269 = SURFACE_STYLE_FILL_AREA(#15270);
#15270 = FILL_AREA_STYLE('',(#15271));
#15271 = FILL_AREA_STYLE_COLOUR('',#14724);
#15272 = STYLED_ITEM('color',(#15273),#10210);
#15273 = PRESENTATION_STYLE_ASSIGNMENT((#15274));
#15274 = SURFACE_STYLE_USAGE(.BOTH.,#15275);
#15275 = SURFACE_SIDE_STYLE('',(#15276));
#15276 = SURFACE_STYLE_FILL_AREA(#15277);
#15277 = FILL_AREA_STYLE('',(#15278));
#15278 = FILL_AREA_STYLE_COLOUR('',#14724);
#15279 = STYLED_ITEM('color',(#15280),#10227);
#15280 = PRESENTATION_STYLE_ASSIGNMENT((#15281));
#15281 = SURFACE_STYLE_USAGE(.BOTH.,#15282);
#15282 = SURFACE_SIDE_STYLE('',(#15283));
#15283 = SURFACE_STYLE_FILL_AREA(#15284);
#15284 = FILL_AREA_STYLE('',(#15285));
#15285 = FILL_AREA_STYLE_COLOUR('',#14724);
#15286 = STYLED_ITEM('color',(#15287),#10244);
#15287 = PRESENTATION_STYLE_ASSIGNMENT((#15288));
#15288 = SURFACE_STYLE_USAGE(.BOTH.,#15289);
#15289 = SURFACE_SIDE_STYLE('',(#15290));
#15290 = SURFACE_STYLE_FILL_AREA(#15291);
#15291 = FILL_AREA_STYLE('',(#15292));
#15292 = FILL_AREA_STYLE_COLOUR('',#14724);
#15293 = STYLED_ITEM('color',(#15294),#10261);
#15294 = PRESENTATION_STYLE_ASSIGNMENT((#15295));
#15295 = SURFACE_STYLE_USAGE(.BOTH.,#15296);
#15296 = SURFACE_SIDE_STYLE('',(#15297));
#15297 = SURFACE_STYLE_FILL_AREA(#15298);
#15298 = FILL_AREA_STYLE('',(#15299));
#15299 = FILL_AREA_STYLE_COLOUR('',#14724);
#15300 = STYLED_ITEM('color',(#15301),#10278);
#15301 = PRESENTATION_STYLE_ASSIGNMENT((#15302));
#15302 = SURFACE_STYLE_USAGE(.BOTH.,#15303);
#15303 = SURFACE_SIDE_STYLE('',(#15304));
#15304 = SURFACE_STYLE_FILL_AREA(#15305);
#15305 = FILL_AREA_STYLE('',(#15306));
#15306 = FILL_AREA_STYLE_COLOUR('',#14724);
#15307 = STYLED_ITEM('color',(#15308),#10290);
#15308 = PRESENTATION_STYLE_ASSIGNMENT((#15309));
#15309 = SURFACE_STYLE_USAGE(.BOTH.,#15310);
#15310 = SURFACE_SIDE_STYLE('',(#15311));
#15311 = SURFACE_STYLE_FILL_AREA(#15312);
#15312 = FILL_AREA_STYLE('',(#15313));
#15313 = FILL_AREA_STYLE_COLOUR('',#14724);
#15314 = STYLED_ITEM('color',(#15315),#10307);
#15315 = PRESENTATION_STYLE_ASSIGNMENT((#15316));
#15316 = SURFACE_STYLE_USAGE(.BOTH.,#15317);
#15317 = SURFACE_SIDE_STYLE('',(#15318));
#15318 = SURFACE_STYLE_FILL_AREA(#15319);
#15319 = FILL_AREA_STYLE('',(#15320));
#15320 = FILL_AREA_STYLE_COLOUR('',#14724);
#15321 = STYLED_ITEM('color',(#15322),#10324);
#15322 = PRESENTATION_STYLE_ASSIGNMENT((#15323));
#15323 = SURFACE_STYLE_USAGE(.BOTH.,#15324);
#15324 = SURFACE_SIDE_STYLE('',(#15325));
#15325 = SURFACE_STYLE_FILL_AREA(#15326);
#15326 = FILL_AREA_STYLE('',(#15327));
#15327 = FILL_AREA_STYLE_COLOUR('',#14724);
#15328 = STYLED_ITEM('color',(#15329),#10341);
#15329 = PRESENTATION_STYLE_ASSIGNMENT((#15330));
#15330 = SURFACE_STYLE_USAGE(.BOTH.,#15331);
#15331 = SURFACE_SIDE_STYLE('',(#15332));
#15332 = SURFACE_STYLE_FILL_AREA(#15333);
#15333 = FILL_AREA_STYLE('',(#15334));
#15334 = FILL_AREA_STYLE_COLOUR('',#14724);
#15335 = STYLED_ITEM('color',(#15336),#10358);
#15336 = PRESENTATION_STYLE_ASSIGNMENT((#15337));
#15337 = SURFACE_STYLE_USAGE(.BOTH.,#15338);
#15338 = SURFACE_SIDE_STYLE('',(#15339));
#15339 = SURFACE_STYLE_FILL_AREA(#15340);
#15340 = FILL_AREA_STYLE('',(#15341));
#15341 = FILL_AREA_STYLE_COLOUR('',#14724);
#15342 = STYLED_ITEM('color',(#15343),#10375);
#15343 = PRESENTATION_STYLE_ASSIGNMENT((#15344));
#15344 = SURFACE_STYLE_USAGE(.BOTH.,#15345);
#15345 = SURFACE_SIDE_STYLE('',(#15346));
#15346 = SURFACE_STYLE_FILL_AREA(#15347);
#15347 = FILL_AREA_STYLE('',(#15348));
#15348 = FILL_AREA_STYLE_COLOUR('',#14724);
#15349 = STYLED_ITEM('color',(#15350),#10392);
#15350 = PRESENTATION_STYLE_ASSIGNMENT((#15351));
#15351 = SURFACE_STYLE_USAGE(.BOTH.,#15352);
#15352 = SURFACE_SIDE_STYLE('',(#15353));
#15353 = SURFACE_STYLE_FILL_AREA(#15354);
#15354 = FILL_AREA_STYLE('',(#15355));
#15355 = FILL_AREA_STYLE_COLOUR('',#14724);
#15356 = STYLED_ITEM('color',(#15357),#10409);
#15357 = PRESENTATION_STYLE_ASSIGNMENT((#15358));
#15358 = SURFACE_STYLE_USAGE(.BOTH.,#15359);
#15359 = SURFACE_SIDE_STYLE('',(#15360));
#15360 = SURFACE_STYLE_FILL_AREA(#15361);
#15361 = FILL_AREA_STYLE('',(#15362));
#15362 = FILL_AREA_STYLE_COLOUR('',#14724);
#15363 = STYLED_ITEM('color',(#15364),#10421);
#15364 = PRESENTATION_STYLE_ASSIGNMENT((#15365));
#15365 = SURFACE_STYLE_USAGE(.BOTH.,#15366);
#15366 = SURFACE_SIDE_STYLE('',(#15367));
#15367 = SURFACE_STYLE_FILL_AREA(#15368);
#15368 = FILL_AREA_STYLE('',(#15369));
#15369 = FILL_AREA_STYLE_COLOUR('',#14760);
#15370 = STYLED_ITEM('color',(#15371),#10444);
#15371 = PRESENTATION_STYLE_ASSIGNMENT((#15372));
#15372 = SURFACE_STYLE_USAGE(.BOTH.,#15373);
#15373 = SURFACE_SIDE_STYLE('',(#15374));
#15374 = SURFACE_STYLE_FILL_AREA(#15375);
#15375 = FILL_AREA_STYLE('',(#15376));
#15376 = FILL_AREA_STYLE_COLOUR('',#14760);
#15377 = STYLED_ITEM('color',(#15378),#10460);
#15378 = PRESENTATION_STYLE_ASSIGNMENT((#15379));
#15379 = SURFACE_STYLE_USAGE(.BOTH.,#15380);
#15380 = SURFACE_SIDE_STYLE('',(#15381));
#15381 = SURFACE_STYLE_FILL_AREA(#15382);
#15382 = FILL_AREA_STYLE('',(#15383));
#15383 = FILL_AREA_STYLE_COLOUR('',#14760);
#15384 = STYLED_ITEM('color',(#15385),#10483);
#15385 = PRESENTATION_STYLE_ASSIGNMENT((#15386));
#15386 = SURFACE_STYLE_USAGE(.BOTH.,#15387);
#15387 = SURFACE_SIDE_STYLE('',(#15388));
#15388 = SURFACE_STYLE_FILL_AREA(#15389);
#15389 = FILL_AREA_STYLE('',(#15390));
#15390 = FILL_AREA_STYLE_COLOUR('',#14760);
#15391 = STYLED_ITEM('color',(#15392),#10570);
#15392 = PRESENTATION_STYLE_ASSIGNMENT((#15393));
#15393 = SURFACE_STYLE_USAGE(.BOTH.,#15394);
#15394 = SURFACE_SIDE_STYLE('',(#15395));
#15395 = SURFACE_STYLE_FILL_AREA(#15396);
#15396 = FILL_AREA_STYLE('',(#15397));
#15397 = FILL_AREA_STYLE_COLOUR('',#14760);
#15398 = STYLED_ITEM('color',(#15399),#10593);
#15399 = PRESENTATION_STYLE_ASSIGNMENT((#15400));
#15400 = SURFACE_STYLE_USAGE(.BOTH.,#15401);
#15401 = SURFACE_SIDE_STYLE('',(#15402));
#15402 = SURFACE_STYLE_FILL_AREA(#15403);
#15403 = FILL_AREA_STYLE('',(#15404));
#15404 = FILL_AREA_STYLE_COLOUR('',#14760);
#15405 = STYLED_ITEM('color',(#15406),#10610);
#15406 = PRESENTATION_STYLE_ASSIGNMENT((#15407));
#15407 = SURFACE_STYLE_USAGE(.BOTH.,#15408);
#15408 = SURFACE_SIDE_STYLE('',(#15409));
#15409 = SURFACE_STYLE_FILL_AREA(#15410);
#15410 = FILL_AREA_STYLE('',(#15411));
#15411 = FILL_AREA_STYLE_COLOUR('',#15412);
#15412 = COLOUR_RGB('',0.690196106937,0.662745111292,0.596078458879);
#15413 = STYLED_ITEM('color',(#15414),#10635);
#15414 = PRESENTATION_STYLE_ASSIGNMENT((#15415));
#15415 = SURFACE_STYLE_USAGE(.BOTH.,#15416);
#15416 = SURFACE_SIDE_STYLE('',(#15417));
#15417 = SURFACE_STYLE_FILL_AREA(#15418);
#15418 = FILL_AREA_STYLE('',(#15419));
#15419 = FILL_AREA_STYLE_COLOUR('',#14760);
#15420 = STYLED_ITEM('color',(#15421),#10651);
#15421 = PRESENTATION_STYLE_ASSIGNMENT((#15422));
#15422 = SURFACE_STYLE_USAGE(.BOTH.,#15423);
#15423 = SURFACE_SIDE_STYLE('',(#15424));
#15424 = SURFACE_STYLE_FILL_AREA(#15425);
#15425 = FILL_AREA_STYLE('',(#15426));
#15426 = FILL_AREA_STYLE_COLOUR('',#14760);
#15427 = STYLED_ITEM('color',(#15428),#10667);
#15428 = PRESENTATION_STYLE_ASSIGNMENT((#15429));
#15429 = SURFACE_STYLE_USAGE(.BOTH.,#15430);
#15430 = SURFACE_SIDE_STYLE('',(#15431));
#15431 = SURFACE_STYLE_FILL_AREA(#15432);
#15432 = FILL_AREA_STYLE('',(#15433));
#15433 = FILL_AREA_STYLE_COLOUR('',#14760);
#15434 = STYLED_ITEM('color',(#15435),#10684);
#15435 = PRESENTATION_STYLE_ASSIGNMENT((#15436));
#15436 = SURFACE_STYLE_USAGE(.BOTH.,#15437);
#15437 = SURFACE_SIDE_STYLE('',(#15438));
#15438 = SURFACE_STYLE_FILL_AREA(#15439);
#15439 = FILL_AREA_STYLE('',(#15440));
#15440 = FILL_AREA_STYLE_COLOUR('',#14724);
#15441 = STYLED_ITEM('color',(#15442),#10776);
#15442 = PRESENTATION_STYLE_ASSIGNMENT((#15443));
#15443 = SURFACE_STYLE_USAGE(.BOTH.,#15444);
#15444 = SURFACE_SIDE_STYLE('',(#15445));
#15445 = SURFACE_STYLE_FILL_AREA(#15446);
#15446 = FILL_AREA_STYLE('',(#15447));
#15447 = FILL_AREA_STYLE_COLOUR('',#14724);
#15448 = STYLED_ITEM('color',(#15449),#10868);
#15449 = PRESENTATION_STYLE_ASSIGNMENT((#15450));
#15450 = SURFACE_STYLE_USAGE(.BOTH.,#15451);
#15451 = SURFACE_SIDE_STYLE('',(#15452));
#15452 = SURFACE_STYLE_FILL_AREA(#15453);
#15453 = FILL_AREA_STYLE('',(#15454));
#15454 = FILL_AREA_STYLE_COLOUR('',#14760);
#15455 = STYLED_ITEM('color',(#15456),#10889);
#15456 = PRESENTATION_STYLE_ASSIGNMENT((#15457));
#15457 = SURFACE_STYLE_USAGE(.BOTH.,#15458);
#15458 = SURFACE_SIDE_STYLE('',(#15459));
#15459 = SURFACE_STYLE_FILL_AREA(#15460);
#15460 = FILL_AREA_STYLE('',(#15461));
#15461 = FILL_AREA_STYLE_COLOUR('',#14724);
#15462 = STYLED_ITEM('color',(#15463),#10914);
#15463 = PRESENTATION_STYLE_ASSIGNMENT((#15464));
#15464 = SURFACE_STYLE_USAGE(.BOTH.,#15465);
#15465 = SURFACE_SIDE_STYLE('',(#15466));
#15466 = SURFACE_STYLE_FILL_AREA(#15467);
#15467 = FILL_AREA_STYLE('',(#15468));
#15468 = FILL_AREA_STYLE_COLOUR('',#14724);
#15469 = STYLED_ITEM('color',(#15470),#10998);
#15470 = PRESENTATION_STYLE_ASSIGNMENT((#15471));
#15471 = SURFACE_STYLE_USAGE(.BOTH.,#15472);
#15472 = SURFACE_SIDE_STYLE('',(#15473));
#15473 = SURFACE_STYLE_FILL_AREA(#15474);
#15474 = FILL_AREA_STYLE('',(#15475));
#15475 = FILL_AREA_STYLE_COLOUR('',#14724);
#15476 = STYLED_ITEM('color',(#15477),#11090);
#15477 = PRESENTATION_STYLE_ASSIGNMENT((#15478));
#15478 = SURFACE_STYLE_USAGE(.BOTH.,#15479);
#15479 = SURFACE_SIDE_STYLE('',(#15480));
#15480 = SURFACE_STYLE_FILL_AREA(#15481);
#15481 = FILL_AREA_STYLE('',(#15482));
#15482 = FILL_AREA_STYLE_COLOUR('',#14724);
#15483 = STYLED_ITEM('color',(#15484),#11107);
#15484 = PRESENTATION_STYLE_ASSIGNMENT((#15485));
#15485 = SURFACE_STYLE_USAGE(.BOTH.,#15486);
#15486 = SURFACE_SIDE_STYLE('',(#15487));
#15487 = SURFACE_STYLE_FILL_AREA(#15488);
#15488 = FILL_AREA_STYLE('',(#15489));
#15489 = FILL_AREA_STYLE_COLOUR('',#14760);
#15490 = STYLED_ITEM('color',(#15491),#11129);
#15491 = PRESENTATION_STYLE_ASSIGNMENT((#15492));
#15492 = SURFACE_STYLE_USAGE(.BOTH.,#15493);
#15493 = SURFACE_SIDE_STYLE('',(#15494));
#15494 = SURFACE_STYLE_FILL_AREA(#15495);
#15495 = FILL_AREA_STYLE('',(#15496));
#15496 = FILL_AREA_STYLE_COLOUR('',#14724);
#15497 = STYLED_ITEM('color',(#15498),#11221);
#15498 = PRESENTATION_STYLE_ASSIGNMENT((#15499));
#15499 = SURFACE_STYLE_USAGE(.BOTH.,#15500);
#15500 = SURFACE_SIDE_STYLE('',(#15501));
#15501 = SURFACE_STYLE_FILL_AREA(#15502);
#15502 = FILL_AREA_STYLE('',(#15503));
#15503 = FILL_AREA_STYLE_COLOUR('',#14724);
#15504 = STYLED_ITEM('color',(#15505),#11313);
#15505 = PRESENTATION_STYLE_ASSIGNMENT((#15506));
#15506 = SURFACE_STYLE_USAGE(.BOTH.,#15507);
#15507 = SURFACE_SIDE_STYLE('',(#15508));
#15508 = SURFACE_STYLE_FILL_AREA(#15509);
#15509 = FILL_AREA_STYLE('',(#15510));
#15510 = FILL_AREA_STYLE_COLOUR('',#14760);
#15511 = STYLED_ITEM('color',(#15512),#11335);
#15512 = PRESENTATION_STYLE_ASSIGNMENT((#15513));
#15513 = SURFACE_STYLE_USAGE(.BOTH.,#15514);
#15514 = SURFACE_SIDE_STYLE('',(#15515));
#15515 = SURFACE_STYLE_FILL_AREA(#15516);
#15516 = FILL_AREA_STYLE('',(#15517));
#15517 = FILL_AREA_STYLE_COLOUR('',#14724);
#15518 = STYLED_ITEM('color',(#15519),#11360);
#15519 = PRESENTATION_STYLE_ASSIGNMENT((#15520));
#15520 = SURFACE_STYLE_USAGE(.BOTH.,#15521);
#15521 = SURFACE_SIDE_STYLE('',(#15522));
#15522 = SURFACE_STYLE_FILL_AREA(#15523);
#15523 = FILL_AREA_STYLE('',(#15524));
#15524 = FILL_AREA_STYLE_COLOUR('',#14724);
#15525 = STYLED_ITEM('color',(#15526),#11444);
#15526 = PRESENTATION_STYLE_ASSIGNMENT((#15527));
#15527 = SURFACE_STYLE_USAGE(.BOTH.,#15528);
#15528 = SURFACE_SIDE_STYLE('',(#15529));
#15529 = SURFACE_STYLE_FILL_AREA(#15530);
#15530 = FILL_AREA_STYLE('',(#15531));
#15531 = FILL_AREA_STYLE_COLOUR('',#14724);
#15532 = STYLED_ITEM('color',(#15533),#11536);
#15533 = PRESENTATION_STYLE_ASSIGNMENT((#15534));
#15534 = SURFACE_STYLE_USAGE(.BOTH.,#15535);
#15535 = SURFACE_SIDE_STYLE('',(#15536));
#15536 = SURFACE_STYLE_FILL_AREA(#15537);
#15537 = FILL_AREA_STYLE('',(#15538));
#15538 = FILL_AREA_STYLE_COLOUR('',#14724);
#15539 = STYLED_ITEM('color',(#15540),#11553);
#15540 = PRESENTATION_STYLE_ASSIGNMENT((#15541));
#15541 = SURFACE_STYLE_USAGE(.BOTH.,#15542);
#15542 = SURFACE_SIDE_STYLE('',(#15543));
#15543 = SURFACE_STYLE_FILL_AREA(#15544);
#15544 = FILL_AREA_STYLE('',(#15545));
#15545 = FILL_AREA_STYLE_COLOUR('',#14760);
#15546 = STYLED_ITEM('color',(#15547),#11575);
#15547 = PRESENTATION_STYLE_ASSIGNMENT((#15548));
#15548 = SURFACE_STYLE_USAGE(.BOTH.,#15549);
#15549 = SURFACE_SIDE_STYLE('',(#15550));
#15550 = SURFACE_STYLE_FILL_AREA(#15551);
#15551 = FILL_AREA_STYLE('',(#15552));
#15552 = FILL_AREA_STYLE_COLOUR('',#14760);
#15553 = STYLED_ITEM('color',(#15554),#11587);
#15554 = PRESENTATION_STYLE_ASSIGNMENT((#15555));
#15555 = SURFACE_STYLE_USAGE(.BOTH.,#15556);
#15556 = SURFACE_SIDE_STYLE('',(#15557));
#15557 = SURFACE_STYLE_FILL_AREA(#15558);
#15558 = FILL_AREA_STYLE('',(#15559));
#15559 = FILL_AREA_STYLE_COLOUR('',#14724);
#15560 = STYLED_ITEM('color',(#15561),#11606);
#15561 = PRESENTATION_STYLE_ASSIGNMENT((#15562));
#15562 = SURFACE_STYLE_USAGE(.BOTH.,#15563);
#15563 = SURFACE_SIDE_STYLE('',(#15564));
#15564 = SURFACE_STYLE_FILL_AREA(#15565);
#15565 = FILL_AREA_STYLE('',(#15566));
#15566 = FILL_AREA_STYLE_COLOUR('',#14724);
#15567 = STYLED_ITEM('color',(#15568),#11625);
#15568 = PRESENTATION_STYLE_ASSIGNMENT((#15569));
#15569 = SURFACE_STYLE_USAGE(.BOTH.,#15570);
#15570 = SURFACE_SIDE_STYLE('',(#15571));
#15571 = SURFACE_STYLE_FILL_AREA(#15572);
#15572 = FILL_AREA_STYLE('',(#15573));
#15573 = FILL_AREA_STYLE_COLOUR('',#14724);
#15574 = STYLED_ITEM('color',(#15575),#11644);
#15575 = PRESENTATION_STYLE_ASSIGNMENT((#15576));
#15576 = SURFACE_STYLE_USAGE(.BOTH.,#15577);
#15577 = SURFACE_SIDE_STYLE('',(#15578));
#15578 = SURFACE_STYLE_FILL_AREA(#15579);
#15579 = FILL_AREA_STYLE('',(#15580));
#15580 = FILL_AREA_STYLE_COLOUR('',#14724);
#15581 = STYLED_ITEM('color',(#15582),#11663);
#15582 = PRESENTATION_STYLE_ASSIGNMENT((#15583));
#15583 = SURFACE_STYLE_USAGE(.BOTH.,#15584);
#15584 = SURFACE_SIDE_STYLE('',(#15585));
#15585 = SURFACE_STYLE_FILL_AREA(#15586);
#15586 = FILL_AREA_STYLE('',(#15587));
#15587 = FILL_AREA_STYLE_COLOUR('',#15412);
#15588 = STYLED_ITEM('color',(#15589),#11672);
#15589 = PRESENTATION_STYLE_ASSIGNMENT((#15590));
#15590 = SURFACE_STYLE_USAGE(.BOTH.,#15591);
#15591 = SURFACE_SIDE_STYLE('',(#15592));
#15592 = SURFACE_STYLE_FILL_AREA(#15593);
#15593 = FILL_AREA_STYLE('',(#15594));
#15594 = FILL_AREA_STYLE_COLOUR('',#14724);
#15595 = STYLED_ITEM('color',(#15596),#11689);
#15596 = PRESENTATION_STYLE_ASSIGNMENT((#15597));
#15597 = SURFACE_STYLE_USAGE(.BOTH.,#15598);
#15598 = SURFACE_SIDE_STYLE('',(#15599));
#15599 = SURFACE_STYLE_FILL_AREA(#15600);
#15600 = FILL_AREA_STYLE('',(#15601));
#15601 = FILL_AREA_STYLE_COLOUR('',#14724);
#15602 = STYLED_ITEM('color',(#15603),#11706);
#15603 = PRESENTATION_STYLE_ASSIGNMENT((#15604));
#15604 = SURFACE_STYLE_USAGE(.BOTH.,#15605);
#15605 = SURFACE_SIDE_STYLE('',(#15606));
#15606 = SURFACE_STYLE_FILL_AREA(#15607);
#15607 = FILL_AREA_STYLE('',(#15608));
#15608 = FILL_AREA_STYLE_COLOUR('',#14724);
#15609 = STYLED_ITEM('color',(#15610),#11723);
#15610 = PRESENTATION_STYLE_ASSIGNMENT((#15611));
#15611 = SURFACE_STYLE_USAGE(.BOTH.,#15612);
#15612 = SURFACE_SIDE_STYLE('',(#15613));
#15613 = SURFACE_STYLE_FILL_AREA(#15614);
#15614 = FILL_AREA_STYLE('',(#15615));
#15615 = FILL_AREA_STYLE_COLOUR('',#14724);
#15616 = STYLED_ITEM('color',(#15617),#11740);
#15617 = PRESENTATION_STYLE_ASSIGNMENT((#15618));
#15618 = SURFACE_STYLE_USAGE(.BOTH.,#15619);
#15619 = SURFACE_SIDE_STYLE('',(#15620));
#15620 = SURFACE_STYLE_FILL_AREA(#15621);
#15621 = FILL_AREA_STYLE('',(#15622));
#15622 = FILL_AREA_STYLE_COLOUR('',#14724);
#15623 = STYLED_ITEM('color',(#15624),#11757);
#15624 = PRESENTATION_STYLE_ASSIGNMENT((#15625));
#15625 = SURFACE_STYLE_USAGE(.BOTH.,#15626);
#15626 = SURFACE_SIDE_STYLE('',(#15627));
#15627 = SURFACE_STYLE_FILL_AREA(#15628);
#15628 = FILL_AREA_STYLE('',(#15629));
#15629 = FILL_AREA_STYLE_COLOUR('',#14724);
#15630 = STYLED_ITEM('color',(#15631),#11774);
#15631 = PRESENTATION_STYLE_ASSIGNMENT((#15632));
#15632 = SURFACE_STYLE_USAGE(.BOTH.,#15633);
#15633 = SURFACE_SIDE_STYLE('',(#15634));
#15634 = SURFACE_STYLE_FILL_AREA(#15635);
#15635 = FILL_AREA_STYLE('',(#15636));
#15636 = FILL_AREA_STYLE_COLOUR('',#14724);
#15637 = STYLED_ITEM('color',(#15638),#11791);
#15638 = PRESENTATION_STYLE_ASSIGNMENT((#15639));
#15639 = SURFACE_STYLE_USAGE(.BOTH.,#15640);
#15640 = SURFACE_SIDE_STYLE('',(#15641));
#15641 = SURFACE_STYLE_FILL_AREA(#15642);
#15642 = FILL_AREA_STYLE('',(#15643));
#15643 = FILL_AREA_STYLE_COLOUR('',#14724);
#15644 = STYLED_ITEM('color',(#15645),#11803);
#15645 = PRESENTATION_STYLE_ASSIGNMENT((#15646));
#15646 = SURFACE_STYLE_USAGE(.BOTH.,#15647);
#15647 = SURFACE_SIDE_STYLE('',(#15648));
#15648 = SURFACE_STYLE_FILL_AREA(#15649);
#15649 = FILL_AREA_STYLE('',(#15650));
#15650 = FILL_AREA_STYLE_COLOUR('',#14724);
#15651 = STYLED_ITEM('color',(#15652),#11820);
#15652 = PRESENTATION_STYLE_ASSIGNMENT((#15653));
#15653 = SURFACE_STYLE_USAGE(.BOTH.,#15654);
#15654 = SURFACE_SIDE_STYLE('',(#15655));
#15655 = SURFACE_STYLE_FILL_AREA(#15656);
#15656 = FILL_AREA_STYLE('',(#15657));
#15657 = FILL_AREA_STYLE_COLOUR('',#14724);
#15658 = STYLED_ITEM('color',(#15659),#11837);
#15659 = PRESENTATION_STYLE_ASSIGNMENT((#15660));
#15660 = SURFACE_STYLE_USAGE(.BOTH.,#15661);
#15661 = SURFACE_SIDE_STYLE('',(#15662));
#15662 = SURFACE_STYLE_FILL_AREA(#15663);
#15663 = FILL_AREA_STYLE('',(#15664));
#15664 = FILL_AREA_STYLE_COLOUR('',#14724);
#15665 = STYLED_ITEM('color',(#15666),#11854);
#15666 = PRESENTATION_STYLE_ASSIGNMENT((#15667));
#15667 = SURFACE_STYLE_USAGE(.BOTH.,#15668);
#15668 = SURFACE_SIDE_STYLE('',(#15669));
#15669 = SURFACE_STYLE_FILL_AREA(#15670);
#15670 = FILL_AREA_STYLE('',(#15671));
#15671 = FILL_AREA_STYLE_COLOUR('',#14724);
#15672 = STYLED_ITEM('color',(#15673),#11871);
#15673 = PRESENTATION_STYLE_ASSIGNMENT((#15674));
#15674 = SURFACE_STYLE_USAGE(.BOTH.,#15675);
#15675 = SURFACE_SIDE_STYLE('',(#15676));
#15676 = SURFACE_STYLE_FILL_AREA(#15677);
#15677 = FILL_AREA_STYLE('',(#15678));
#15678 = FILL_AREA_STYLE_COLOUR('',#14724);
#15679 = STYLED_ITEM('color',(#15680),#11888);
#15680 = PRESENTATION_STYLE_ASSIGNMENT((#15681));
#15681 = SURFACE_STYLE_USAGE(.BOTH.,#15682);
#15682 = SURFACE_SIDE_STYLE('',(#15683));
#15683 = SURFACE_STYLE_FILL_AREA(#15684);
#15684 = FILL_AREA_STYLE('',(#15685));
#15685 = FILL_AREA_STYLE_COLOUR('',#14724);
#15686 = STYLED_ITEM('color',(#15687),#11905);
#15687 = PRESENTATION_STYLE_ASSIGNMENT((#15688));
#15688 = SURFACE_STYLE_USAGE(.BOTH.,#15689);
#15689 = SURFACE_SIDE_STYLE('',(#15690));
#15690 = SURFACE_STYLE_FILL_AREA(#15691);
#15691 = FILL_AREA_STYLE('',(#15692));
#15692 = FILL_AREA_STYLE_COLOUR('',#14724);
#15693 = STYLED_ITEM('color',(#15694),#11922);
#15694 = PRESENTATION_STYLE_ASSIGNMENT((#15695));
#15695 = SURFACE_STYLE_USAGE(.BOTH.,#15696);
#15696 = SURFACE_SIDE_STYLE('',(#15697));
#15697 = SURFACE_STYLE_FILL_AREA(#15698);
#15698 = FILL_AREA_STYLE('',(#15699));
#15699 = FILL_AREA_STYLE_COLOUR('',#14724);
#15700 = STYLED_ITEM('color',(#15701),#11934);
#15701 = PRESENTATION_STYLE_ASSIGNMENT((#15702));
#15702 = SURFACE_STYLE_USAGE(.BOTH.,#15703);
#15703 = SURFACE_SIDE_STYLE('',(#15704));
#15704 = SURFACE_STYLE_FILL_AREA(#15705);
#15705 = FILL_AREA_STYLE('',(#15706));
#15706 = FILL_AREA_STYLE_COLOUR('',#14724);
#15707 = STYLED_ITEM('color',(#15708),#11951);
#15708 = PRESENTATION_STYLE_ASSIGNMENT((#15709));
#15709 = SURFACE_STYLE_USAGE(.BOTH.,#15710);
#15710 = SURFACE_SIDE_STYLE('',(#15711));
#15711 = SURFACE_STYLE_FILL_AREA(#15712);
#15712 = FILL_AREA_STYLE('',(#15713));
#15713 = FILL_AREA_STYLE_COLOUR('',#14724);
#15714 = STYLED_ITEM('color',(#15715),#11968);
#15715 = PRESENTATION_STYLE_ASSIGNMENT((#15716));
#15716 = SURFACE_STYLE_USAGE(.BOTH.,#15717);
#15717 = SURFACE_SIDE_STYLE('',(#15718));
#15718 = SURFACE_STYLE_FILL_AREA(#15719);
#15719 = FILL_AREA_STYLE('',(#15720));
#15720 = FILL_AREA_STYLE_COLOUR('',#14724);
#15721 = STYLED_ITEM('color',(#15722),#11985);
#15722 = PRESENTATION_STYLE_ASSIGNMENT((#15723));
#15723 = SURFACE_STYLE_USAGE(.BOTH.,#15724);
#15724 = SURFACE_SIDE_STYLE('',(#15725));
#15725 = SURFACE_STYLE_FILL_AREA(#15726);
#15726 = FILL_AREA_STYLE('',(#15727));
#15727 = FILL_AREA_STYLE_COLOUR('',#14724);
#15728 = STYLED_ITEM('color',(#15729),#12002);
#15729 = PRESENTATION_STYLE_ASSIGNMENT((#15730));
#15730 = SURFACE_STYLE_USAGE(.BOTH.,#15731);
#15731 = SURFACE_SIDE_STYLE('',(#15732));
#15732 = SURFACE_STYLE_FILL_AREA(#15733);
#15733 = FILL_AREA_STYLE('',(#15734));
#15734 = FILL_AREA_STYLE_COLOUR('',#14724);
#15735 = STYLED_ITEM('color',(#15736),#12019);
#15736 = PRESENTATION_STYLE_ASSIGNMENT((#15737));
#15737 = SURFACE_STYLE_USAGE(.BOTH.,#15738);
#15738 = SURFACE_SIDE_STYLE('',(#15739));
#15739 = SURFACE_STYLE_FILL_AREA(#15740);
#15740 = FILL_AREA_STYLE('',(#15741));
#15741 = FILL_AREA_STYLE_COLOUR('',#14724);
#15742 = STYLED_ITEM('color',(#15743),#12036);
#15743 = PRESENTATION_STYLE_ASSIGNMENT((#15744));
#15744 = SURFACE_STYLE_USAGE(.BOTH.,#15745);
#15745 = SURFACE_SIDE_STYLE('',(#15746));
#15746 = SURFACE_STYLE_FILL_AREA(#15747);
#15747 = FILL_AREA_STYLE('',(#15748));
#15748 = FILL_AREA_STYLE_COLOUR('',#14724);
#15749 = STYLED_ITEM('color',(#15750),#12053);
#15750 = PRESENTATION_STYLE_ASSIGNMENT((#15751));
#15751 = SURFACE_STYLE_USAGE(.BOTH.,#15752);
#15752 = SURFACE_SIDE_STYLE('',(#15753));
#15753 = SURFACE_STYLE_FILL_AREA(#15754);
#15754 = FILL_AREA_STYLE('',(#15755));
#15755 = FILL_AREA_STYLE_COLOUR('',#14724);
#15756 = STYLED_ITEM('color',(#15757),#12065);
#15757 = PRESENTATION_STYLE_ASSIGNMENT((#15758));
#15758 = SURFACE_STYLE_USAGE(.BOTH.,#15759);
#15759 = SURFACE_SIDE_STYLE('',(#15760));
#15760 = SURFACE_STYLE_FILL_AREA(#15761);
#15761 = FILL_AREA_STYLE('',(#15762));
#15762 = FILL_AREA_STYLE_COLOUR('',#14724);
#15763 = STYLED_ITEM('color',(#15764),#12082);
#15764 = PRESENTATION_STYLE_ASSIGNMENT((#15765));
#15765 = SURFACE_STYLE_USAGE(.BOTH.,#15766);
#15766 = SURFACE_SIDE_STYLE('',(#15767));
#15767 = SURFACE_STYLE_FILL_AREA(#15768);
#15768 = FILL_AREA_STYLE('',(#15769));
#15769 = FILL_AREA_STYLE_COLOUR('',#14724);
#15770 = STYLED_ITEM('color',(#15771),#12099);
#15771 = PRESENTATION_STYLE_ASSIGNMENT((#15772));
#15772 = SURFACE_STYLE_USAGE(.BOTH.,#15773);
#15773 = SURFACE_SIDE_STYLE('',(#15774));
#15774 = SURFACE_STYLE_FILL_AREA(#15775);
#15775 = FILL_AREA_STYLE('',(#15776));
#15776 = FILL_AREA_STYLE_COLOUR('',#14724);
#15777 = STYLED_ITEM('color',(#15778),#12116);
#15778 = PRESENTATION_STYLE_ASSIGNMENT((#15779));
#15779 = SURFACE_STYLE_USAGE(.BOTH.,#15780);
#15780 = SURFACE_SIDE_STYLE('',(#15781));
#15781 = SURFACE_STYLE_FILL_AREA(#15782);
#15782 = FILL_AREA_STYLE('',(#15783));
#15783 = FILL_AREA_STYLE_COLOUR('',#14724);
#15784 = STYLED_ITEM('color',(#15785),#12133);
#15785 = PRESENTATION_STYLE_ASSIGNMENT((#15786));
#15786 = SURFACE_STYLE_USAGE(.BOTH.,#15787);
#15787 = SURFACE_SIDE_STYLE('',(#15788));
#15788 = SURFACE_STYLE_FILL_AREA(#15789);
#15789 = FILL_AREA_STYLE('',(#15790));
#15790 = FILL_AREA_STYLE_COLOUR('',#14724);
#15791 = STYLED_ITEM('color',(#15792),#12150);
#15792 = PRESENTATION_STYLE_ASSIGNMENT((#15793));
#15793 = SURFACE_STYLE_USAGE(.BOTH.,#15794);
#15794 = SURFACE_SIDE_STYLE('',(#15795));
#15795 = SURFACE_STYLE_FILL_AREA(#15796);
#15796 = FILL_AREA_STYLE('',(#15797));
#15797 = FILL_AREA_STYLE_COLOUR('',#14724);
#15798 = STYLED_ITEM('color',(#15799),#12167);
#15799 = PRESENTATION_STYLE_ASSIGNMENT((#15800));
#15800 = SURFACE_STYLE_USAGE(.BOTH.,#15801);
#15801 = SURFACE_SIDE_STYLE('',(#15802));
#15802 = SURFACE_STYLE_FILL_AREA(#15803);
#15803 = FILL_AREA_STYLE('',(#15804));
#15804 = FILL_AREA_STYLE_COLOUR('',#14724);
#15805 = STYLED_ITEM('color',(#15806),#12184);
#15806 = PRESENTATION_STYLE_ASSIGNMENT((#15807));
#15807 = SURFACE_STYLE_USAGE(.BOTH.,#15808);
#15808 = SURFACE_SIDE_STYLE('',(#15809));
#15809 = SURFACE_STYLE_FILL_AREA(#15810);
#15810 = FILL_AREA_STYLE('',(#15811));
#15811 = FILL_AREA_STYLE_COLOUR('',#14724);
#15812 = MECHANICAL_DESIGN_GEOMETRIC_PRESENTATION_REPRESENTATION('',(
    #15813,#15820,#15827,#15835,#15842,#15850,#15857,#15864,#15871,
    #15878,#15885,#15892,#15899,#15906,#15913,#15920,#15927,#15934,
    #15941,#15948,#15955,#15962,#15969,#15976,#15983,#15990,#15997,
    #16004,#16011,#16018,#16025,#16032,#16039,#16046,#16053,#16060,
    #16067,#16074,#16081,#16088,#16095,#16102,#16109,#16116,#16123,
    #16130,#16137,#16144,#16151),#7517);
#15813 = STYLED_ITEM('color',(#15814),#5479);
#15814 = PRESENTATION_STYLE_ASSIGNMENT((#15815));
#15815 = SURFACE_STYLE_USAGE(.BOTH.,#15816);
#15816 = SURFACE_SIDE_STYLE('',(#15817));
#15817 = SURFACE_STYLE_FILL_AREA(#15818);
#15818 = FILL_AREA_STYLE('',(#15819));
#15819 = FILL_AREA_STYLE_COLOUR('',#14525);
#15820 = STYLED_ITEM('color',(#15821),#5496);
#15821 = PRESENTATION_STYLE_ASSIGNMENT((#15822));
#15822 = SURFACE_STYLE_USAGE(.BOTH.,#15823);
#15823 = SURFACE_SIDE_STYLE('',(#15824));
#15824 = SURFACE_STYLE_FILL_AREA(#15825);
#15825 = FILL_AREA_STYLE('',(#15826));
#15826 = FILL_AREA_STYLE_COLOUR('',#14525);
#15827 = STYLED_ITEM('color',(#15828),#5521);
#15828 = PRESENTATION_STYLE_ASSIGNMENT((#15829));
#15829 = SURFACE_STYLE_USAGE(.BOTH.,#15830);
#15830 = SURFACE_SIDE_STYLE('',(#15831));
#15831 = SURFACE_STYLE_FILL_AREA(#15832);
#15832 = FILL_AREA_STYLE('',(#15833));
#15833 = FILL_AREA_STYLE_COLOUR('',#15834);
#15834 = COLOUR_RGB('',0.136999991899,0.40200001271,0.726999997272);
#15835 = STYLED_ITEM('color',(#15836),#5570);
#15836 = PRESENTATION_STYLE_ASSIGNMENT((#15837));
#15837 = SURFACE_STYLE_USAGE(.BOTH.,#15838);
#15838 = SURFACE_SIDE_STYLE('',(#15839));
#15839 = SURFACE_STYLE_FILL_AREA(#15840);
#15840 = FILL_AREA_STYLE('',(#15841));
#15841 = FILL_AREA_STYLE_COLOUR('',#15834);
#15842 = STYLED_ITEM('color',(#15843),#5603);
#15843 = PRESENTATION_STYLE_ASSIGNMENT((#15844));
#15844 = SURFACE_STYLE_USAGE(.BOTH.,#15845);
#15845 = SURFACE_SIDE_STYLE('',(#15846));
#15846 = SURFACE_STYLE_FILL_AREA(#15847);
#15847 = FILL_AREA_STYLE('',(#15848));
#15848 = FILL_AREA_STYLE_COLOUR('',#15849);
#15849 = COLOUR_RGB('',0.690999977303,0.663999984767,0.597999987832);
#15850 = STYLED_ITEM('color',(#15851),#5621);
#15851 = PRESENTATION_STYLE_ASSIGNMENT((#15852));
#15852 = SURFACE_STYLE_USAGE(.BOTH.,#15853);
#15853 = SURFACE_SIDE_STYLE('',(#15854));
#15854 = SURFACE_STYLE_FILL_AREA(#15855);
#15855 = FILL_AREA_STYLE('',(#15856));
#15856 = FILL_AREA_STYLE_COLOUR('',#14525);
#15857 = STYLED_ITEM('color',(#15858),#5646);
#15858 = PRESENTATION_STYLE_ASSIGNMENT((#15859));
#15859 = SURFACE_STYLE_USAGE(.BOTH.,#15860);
#15860 = SURFACE_SIDE_STYLE('',(#15861));
#15861 = SURFACE_STYLE_FILL_AREA(#15862);
#15862 = FILL_AREA_STYLE('',(#15863));
#15863 = FILL_AREA_STYLE_COLOUR('',#15834);
#15864 = STYLED_ITEM('color',(#15865),#5678);
#15865 = PRESENTATION_STYLE_ASSIGNMENT((#15866));
#15866 = SURFACE_STYLE_USAGE(.BOTH.,#15867);
#15867 = SURFACE_SIDE_STYLE('',(#15868));
#15868 = SURFACE_STYLE_FILL_AREA(#15869);
#15869 = FILL_AREA_STYLE('',(#15870));
#15870 = FILL_AREA_STYLE_COLOUR('',#15849);
#15871 = STYLED_ITEM('color',(#15872),#5696);
#15872 = PRESENTATION_STYLE_ASSIGNMENT((#15873));
#15873 = SURFACE_STYLE_USAGE(.BOTH.,#15874);
#15874 = SURFACE_SIDE_STYLE('',(#15875));
#15875 = SURFACE_STYLE_FILL_AREA(#15876);
#15876 = FILL_AREA_STYLE('',(#15877));
#15877 = FILL_AREA_STYLE_COLOUR('',#14525);
#15878 = STYLED_ITEM('color',(#15879),#5705);
#15879 = PRESENTATION_STYLE_ASSIGNMENT((#15880));
#15880 = SURFACE_STYLE_USAGE(.BOTH.,#15881);
#15881 = SURFACE_SIDE_STYLE('',(#15882));
#15882 = SURFACE_STYLE_FILL_AREA(#15883);
#15883 = FILL_AREA_STYLE('',(#15884));
#15884 = FILL_AREA_STYLE_COLOUR('',#15834);
#15885 = STYLED_ITEM('color',(#15886),#5743);
#15886 = PRESENTATION_STYLE_ASSIGNMENT((#15887));
#15887 = SURFACE_STYLE_USAGE(.BOTH.,#15888);
#15888 = SURFACE_SIDE_STYLE('',(#15889));
#15889 = SURFACE_STYLE_FILL_AREA(#15890);
#15890 = FILL_AREA_STYLE('',(#15891));
#15891 = FILL_AREA_STYLE_COLOUR('',#15849);
#15892 = STYLED_ITEM('color',(#15893),#5765);
#15893 = PRESENTATION_STYLE_ASSIGNMENT((#15894));
#15894 = SURFACE_STYLE_USAGE(.BOTH.,#15895);
#15895 = SURFACE_SIDE_STYLE('',(#15896));
#15896 = SURFACE_STYLE_FILL_AREA(#15897);
#15897 = FILL_AREA_STYLE('',(#15898));
#15898 = FILL_AREA_STYLE_COLOUR('',#15834);
#15899 = STYLED_ITEM('color',(#15900),#5825);
#15900 = PRESENTATION_STYLE_ASSIGNMENT((#15901));
#15901 = SURFACE_STYLE_USAGE(.BOTH.,#15902);
#15902 = SURFACE_SIDE_STYLE('',(#15903));
#15903 = SURFACE_STYLE_FILL_AREA(#15904);
#15904 = FILL_AREA_STYLE('',(#15905));
#15905 = FILL_AREA_STYLE_COLOUR('',#15849);
#15906 = STYLED_ITEM('color',(#15907),#5853);
#15907 = PRESENTATION_STYLE_ASSIGNMENT((#15908));
#15908 = SURFACE_STYLE_USAGE(.BOTH.,#15909);
#15909 = SURFACE_SIDE_STYLE('',(#15910));
#15910 = SURFACE_STYLE_FILL_AREA(#15911);
#15911 = FILL_AREA_STYLE('',(#15912));
#15912 = FILL_AREA_STYLE_COLOUR('',#15834);
#15913 = STYLED_ITEM('color',(#15914),#6019);
#15914 = PRESENTATION_STYLE_ASSIGNMENT((#15915));
#15915 = SURFACE_STYLE_USAGE(.BOTH.,#15916);
#15916 = SURFACE_SIDE_STYLE('',(#15917));
#15917 = SURFACE_STYLE_FILL_AREA(#15918);
#15918 = FILL_AREA_STYLE('',(#15919));
#15919 = FILL_AREA_STYLE_COLOUR('',#15849);
#15920 = STYLED_ITEM('color',(#15921),#6085);
#15921 = PRESENTATION_STYLE_ASSIGNMENT((#15922));
#15922 = SURFACE_STYLE_USAGE(.BOTH.,#15923);
#15923 = SURFACE_SIDE_STYLE('',(#15924));
#15924 = SURFACE_STYLE_FILL_AREA(#15925);
#15925 = FILL_AREA_STYLE('',(#15926));
#15926 = FILL_AREA_STYLE_COLOUR('',#15834);
#15927 = STYLED_ITEM('color',(#15928),#6151);
#15928 = PRESENTATION_STYLE_ASSIGNMENT((#15929));
#15929 = SURFACE_STYLE_USAGE(.BOTH.,#15930);
#15930 = SURFACE_SIDE_STYLE('',(#15931));
#15931 = SURFACE_STYLE_FILL_AREA(#15932);
#15932 = FILL_AREA_STYLE('',(#15933));
#15933 = FILL_AREA_STYLE_COLOUR('',#15849);
#15934 = STYLED_ITEM('color',(#15935),#6269);
#15935 = PRESENTATION_STYLE_ASSIGNMENT((#15936));
#15936 = SURFACE_STYLE_USAGE(.BOTH.,#15937);
#15937 = SURFACE_SIDE_STYLE('',(#15938));
#15938 = SURFACE_STYLE_FILL_AREA(#15939);
#15939 = FILL_AREA_STYLE('',(#15940));
#15940 = FILL_AREA_STYLE_COLOUR('',#15834);
#15941 = STYLED_ITEM('color',(#15942),#6435);
#15942 = PRESENTATION_STYLE_ASSIGNMENT((#15943));
#15943 = SURFACE_STYLE_USAGE(.BOTH.,#15944);
#15944 = SURFACE_SIDE_STYLE('',(#15945));
#15945 = SURFACE_STYLE_FILL_AREA(#15946);
#15946 = FILL_AREA_STYLE('',(#15947));
#15947 = FILL_AREA_STYLE_COLOUR('',#15849);
#15948 = STYLED_ITEM('color',(#15949),#6515);
#15949 = PRESENTATION_STYLE_ASSIGNMENT((#15950));
#15950 = SURFACE_STYLE_USAGE(.BOTH.,#15951);
#15951 = SURFACE_SIDE_STYLE('',(#15952));
#15952 = SURFACE_STYLE_FILL_AREA(#15953);
#15953 = FILL_AREA_STYLE('',(#15954));
#15954 = FILL_AREA_STYLE_COLOUR('',#13822);
#15955 = STYLED_ITEM('color',(#15956),#6549);
#15956 = PRESENTATION_STYLE_ASSIGNMENT((#15957));
#15957 = SURFACE_STYLE_USAGE(.BOTH.,#15958);
#15958 = SURFACE_SIDE_STYLE('',(#15959));
#15959 = SURFACE_STYLE_FILL_AREA(#15960);
#15960 = FILL_AREA_STYLE('',(#15961));
#15961 = FILL_AREA_STYLE_COLOUR('',#15849);
#15962 = STYLED_ITEM('color',(#15963),#6629);
#15963 = PRESENTATION_STYLE_ASSIGNMENT((#15964));
#15964 = SURFACE_STYLE_USAGE(.BOTH.,#15965);
#15965 = SURFACE_SIDE_STYLE('',(#15966));
#15966 = SURFACE_STYLE_FILL_AREA(#15967);
#15967 = FILL_AREA_STYLE('',(#15968));
#15968 = FILL_AREA_STYLE_COLOUR('',#15834);
#15969 = STYLED_ITEM('color',(#15970),#6661);
#15970 = PRESENTATION_STYLE_ASSIGNMENT((#15971));
#15971 = SURFACE_STYLE_USAGE(.BOTH.,#15972);
#15972 = SURFACE_SIDE_STYLE('',(#15973));
#15973 = SURFACE_STYLE_FILL_AREA(#15974);
#15974 = FILL_AREA_STYLE('',(#15975));
#15975 = FILL_AREA_STYLE_COLOUR('',#13822);
#15976 = STYLED_ITEM('color',(#15977),#6727);
#15977 = PRESENTATION_STYLE_ASSIGNMENT((#15978));
#15978 = SURFACE_STYLE_USAGE(.BOTH.,#15979);
#15979 = SURFACE_SIDE_STYLE('',(#15980));
#15980 = SURFACE_STYLE_FILL_AREA(#15981);
#15981 = FILL_AREA_STYLE('',(#15982));
#15982 = FILL_AREA_STYLE_COLOUR('',#15849);
#15983 = STYLED_ITEM('color',(#15984),#6804);
#15984 = PRESENTATION_STYLE_ASSIGNMENT((#15985));
#15985 = SURFACE_STYLE_USAGE(.BOTH.,#15986);
#15986 = SURFACE_SIDE_STYLE('',(#15987));
#15987 = SURFACE_STYLE_FILL_AREA(#15988);
#15988 = FILL_AREA_STYLE('',(#15989));
#15989 = FILL_AREA_STYLE_COLOUR('',#15834);
#15990 = STYLED_ITEM('color',(#15991),#6838);
#15991 = PRESENTATION_STYLE_ASSIGNMENT((#15992));
#15992 = SURFACE_STYLE_USAGE(.BOTH.,#15993);
#15993 = SURFACE_SIDE_STYLE('',(#15994));
#15994 = SURFACE_STYLE_FILL_AREA(#15995);
#15995 = FILL_AREA_STYLE('',(#15996));
#15996 = FILL_AREA_STYLE_COLOUR('',#13822);
#15997 = STYLED_ITEM('color',(#15998),#6853);
#15998 = PRESENTATION_STYLE_ASSIGNMENT((#15999));
#15999 = SURFACE_STYLE_USAGE(.BOTH.,#16000);
#16000 = SURFACE_SIDE_STYLE('',(#16001));
#16001 = SURFACE_STYLE_FILL_AREA(#16002);
#16002 = FILL_AREA_STYLE('',(#16003));
#16003 = FILL_AREA_STYLE_COLOUR('',#15849);
#16004 = STYLED_ITEM('color',(#16005),#6871);
#16005 = PRESENTATION_STYLE_ASSIGNMENT((#16006));
#16006 = SURFACE_STYLE_USAGE(.BOTH.,#16007);
#16007 = SURFACE_SIDE_STYLE('',(#16008));
#16008 = SURFACE_STYLE_FILL_AREA(#16009);
#16009 = FILL_AREA_STYLE('',(#16010));
#16010 = FILL_AREA_STYLE_COLOUR('',#15834);
#16011 = STYLED_ITEM('color',(#16012),#6903);
#16012 = PRESENTATION_STYLE_ASSIGNMENT((#16013));
#16013 = SURFACE_STYLE_USAGE(.BOTH.,#16014);
#16014 = SURFACE_SIDE_STYLE('',(#16015));
#16015 = SURFACE_STYLE_FILL_AREA(#16016);
#16016 = FILL_AREA_STYLE('',(#16017));
#16017 = FILL_AREA_STYLE_COLOUR('',#15849);
#16018 = STYLED_ITEM('color',(#16019),#6921);
#16019 = PRESENTATION_STYLE_ASSIGNMENT((#16020));
#16020 = SURFACE_STYLE_USAGE(.BOTH.,#16021);
#16021 = SURFACE_SIDE_STYLE('',(#16022));
#16022 = SURFACE_STYLE_FILL_AREA(#16023);
#16023 = FILL_AREA_STYLE('',(#16024));
#16024 = FILL_AREA_STYLE_COLOUR('',#15834);
#16025 = STYLED_ITEM('color',(#16026),#7064);
#16026 = PRESENTATION_STYLE_ASSIGNMENT((#16027));
#16027 = SURFACE_STYLE_USAGE(.BOTH.,#16028);
#16028 = SURFACE_SIDE_STYLE('',(#16029));
#16029 = SURFACE_STYLE_FILL_AREA(#16030);
#16030 = FILL_AREA_STYLE('',(#16031));
#16031 = FILL_AREA_STYLE_COLOUR('',#15849);
#16032 = STYLED_ITEM('color',(#16033),#7116);
#16033 = PRESENTATION_STYLE_ASSIGNMENT((#16034));
#16034 = SURFACE_STYLE_USAGE(.BOTH.,#16035);
#16035 = SURFACE_SIDE_STYLE('',(#16036));
#16036 = SURFACE_STYLE_FILL_AREA(#16037);
#16037 = FILL_AREA_STYLE('',(#16038));
#16038 = FILL_AREA_STYLE_COLOUR('',#14525);
#16039 = STYLED_ITEM('color',(#16040),#7140);
#16040 = PRESENTATION_STYLE_ASSIGNMENT((#16041));
#16041 = SURFACE_STYLE_USAGE(.BOTH.,#16042);
#16042 = SURFACE_SIDE_STYLE('',(#16043));
#16043 = SURFACE_STYLE_FILL_AREA(#16044);
#16044 = FILL_AREA_STYLE('',(#16045));
#16045 = FILL_AREA_STYLE_COLOUR('',#14525);
#16046 = STYLED_ITEM('color',(#16047),#7164);
#16047 = PRESENTATION_STYLE_ASSIGNMENT((#16048));
#16048 = SURFACE_STYLE_USAGE(.BOTH.,#16049);
#16049 = SURFACE_SIDE_STYLE('',(#16050));
#16050 = SURFACE_STYLE_FILL_AREA(#16051);
#16051 = FILL_AREA_STYLE('',(#16052));
#16052 = FILL_AREA_STYLE_COLOUR('',#14525);
#16053 = STYLED_ITEM('color',(#16054),#7188);
#16054 = PRESENTATION_STYLE_ASSIGNMENT((#16055));
#16055 = SURFACE_STYLE_USAGE(.BOTH.,#16056);
#16056 = SURFACE_SIDE_STYLE('',(#16057));
#16057 = SURFACE_STYLE_FILL_AREA(#16058);
#16058 = FILL_AREA_STYLE('',(#16059));
#16059 = FILL_AREA_STYLE_COLOUR('',#14525);
#16060 = STYLED_ITEM('color',(#16061),#7250);
#16061 = PRESENTATION_STYLE_ASSIGNMENT((#16062));
#16062 = SURFACE_STYLE_USAGE(.BOTH.,#16063);
#16063 = SURFACE_SIDE_STYLE('',(#16064));
#16064 = SURFACE_STYLE_FILL_AREA(#16065);
#16065 = FILL_AREA_STYLE('',(#16066));
#16066 = FILL_AREA_STYLE_COLOUR('',#14525);
#16067 = STYLED_ITEM('color',(#16068),#7267);
#16068 = PRESENTATION_STYLE_ASSIGNMENT((#16069));
#16069 = SURFACE_STYLE_USAGE(.BOTH.,#16070);
#16070 = SURFACE_SIDE_STYLE('',(#16071));
#16071 = SURFACE_STYLE_FILL_AREA(#16072);
#16072 = FILL_AREA_STYLE('',(#16073));
#16073 = FILL_AREA_STYLE_COLOUR('',#14525);
#16074 = STYLED_ITEM('color',(#16075),#7291);
#16075 = PRESENTATION_STYLE_ASSIGNMENT((#16076));
#16076 = SURFACE_STYLE_USAGE(.BOTH.,#16077);
#16077 = SURFACE_SIDE_STYLE('',(#16078));
#16078 = SURFACE_STYLE_FILL_AREA(#16079);
#16079 = FILL_AREA_STYLE('',(#16080));
#16080 = FILL_AREA_STYLE_COLOUR('',#14525);
#16081 = STYLED_ITEM('color',(#16082),#7307);
#16082 = PRESENTATION_STYLE_ASSIGNMENT((#16083));
#16083 = SURFACE_STYLE_USAGE(.BOTH.,#16084);
#16084 = SURFACE_SIDE_STYLE('',(#16085));
#16085 = SURFACE_STYLE_FILL_AREA(#16086);
#16086 = FILL_AREA_STYLE('',(#16087));
#16087 = FILL_AREA_STYLE_COLOUR('',#14525);
#16088 = STYLED_ITEM('color',(#16089),#7331);
#16089 = PRESENTATION_STYLE_ASSIGNMENT((#16090));
#16090 = SURFACE_STYLE_USAGE(.BOTH.,#16091);
#16091 = SURFACE_SIDE_STYLE('',(#16092));
#16092 = SURFACE_STYLE_FILL_AREA(#16093);
#16093 = FILL_AREA_STYLE('',(#16094));
#16094 = FILL_AREA_STYLE_COLOUR('',#14525);
#16095 = STYLED_ITEM('color',(#16096),#7343);
#16096 = PRESENTATION_STYLE_ASSIGNMENT((#16097));
#16097 = SURFACE_STYLE_USAGE(.BOTH.,#16098);
#16098 = SURFACE_SIDE_STYLE('',(#16099));
#16099 = SURFACE_STYLE_FILL_AREA(#16100);
#16100 = FILL_AREA_STYLE('',(#16101));
#16101 = FILL_AREA_STYLE_COLOUR('',#14525);
#16102 = STYLED_ITEM('color',(#16103),#7359);
#16103 = PRESENTATION_STYLE_ASSIGNMENT((#16104));
#16104 = SURFACE_STYLE_USAGE(.BOTH.,#16105);
#16105 = SURFACE_SIDE_STYLE('',(#16106));
#16106 = SURFACE_STYLE_FILL_AREA(#16107);
#16107 = FILL_AREA_STYLE('',(#16108));
#16108 = FILL_AREA_STYLE_COLOUR('',#14525);
#16109 = STYLED_ITEM('color',(#16110),#7371);
#16110 = PRESENTATION_STYLE_ASSIGNMENT((#16111));
#16111 = SURFACE_STYLE_USAGE(.BOTH.,#16112);
#16112 = SURFACE_SIDE_STYLE('',(#16113));
#16113 = SURFACE_STYLE_FILL_AREA(#16114);
#16114 = FILL_AREA_STYLE('',(#16115));
#16115 = FILL_AREA_STYLE_COLOUR('',#14525);
#16116 = STYLED_ITEM('color',(#16117),#7383);
#16117 = PRESENTATION_STYLE_ASSIGNMENT((#16118));
#16118 = SURFACE_STYLE_USAGE(.BOTH.,#16119);
#16119 = SURFACE_SIDE_STYLE('',(#16120));
#16120 = SURFACE_STYLE_FILL_AREA(#16121);
#16121 = FILL_AREA_STYLE('',(#16122));
#16122 = FILL_AREA_STYLE_COLOUR('',#14525);
#16123 = STYLED_ITEM('color',(#16124),#7397);
#16124 = PRESENTATION_STYLE_ASSIGNMENT((#16125));
#16125 = SURFACE_STYLE_USAGE(.BOTH.,#16126);
#16126 = SURFACE_SIDE_STYLE('',(#16127));
#16127 = SURFACE_STYLE_FILL_AREA(#16128);
#16128 = FILL_AREA_STYLE('',(#16129));
#16129 = FILL_AREA_STYLE_COLOUR('',#15849);
#16130 = STYLED_ITEM('color',(#16131),#7430);
#16131 = PRESENTATION_STYLE_ASSIGNMENT((#16132));
#16132 = SURFACE_STYLE_USAGE(.BOTH.,#16133);
#16133 = SURFACE_SIDE_STYLE('',(#16134));
#16134 = SURFACE_STYLE_FILL_AREA(#16135);
#16135 = FILL_AREA_STYLE('',(#16136));
#16136 = FILL_AREA_STYLE_COLOUR('',#15849);
#16137 = STYLED_ITEM('color',(#16138),#7462);
#16138 = PRESENTATION_STYLE_ASSIGNMENT((#16139));
#16139 = SURFACE_STYLE_USAGE(.BOTH.,#16140);
#16140 = SURFACE_SIDE_STYLE('',(#16141));
#16141 = SURFACE_STYLE_FILL_AREA(#16142);
#16142 = FILL_AREA_STYLE('',(#16143));
#16143 = FILL_AREA_STYLE_COLOUR('',#15834);
#16144 = STYLED_ITEM('color',(#16145),#7479);
#16145 = PRESENTATION_STYLE_ASSIGNMENT((#16146));
#16146 = SURFACE_STYLE_USAGE(.BOTH.,#16147);
#16147 = SURFACE_SIDE_STYLE('',(#16148));
#16148 = SURFACE_STYLE_FILL_AREA(#16149);
#16149 = FILL_AREA_STYLE('',(#16150));
#16150 = FILL_AREA_STYLE_COLOUR('',#15834);
#16151 = STYLED_ITEM('color',(#16152),#7506);
#16152 = PRESENTATION_STYLE_ASSIGNMENT((#16153));
#16153 = SURFACE_STYLE_USAGE(.BOTH.,#16154);
#16154 = SURFACE_SIDE_STYLE('',(#16155));
#16155 = SURFACE_STYLE_FILL_AREA(#16156);
#16156 = FILL_AREA_STYLE('',(#16157));
#16157 = FILL_AREA_STYLE_COLOUR('',#14525);
#16158 = MECHANICAL_DESIGN_GEOMETRIC_PRESENTATION_REPRESENTATION('',(
    #16159),#13792);
#16159 = STYLED_ITEM('color',(#16160),#12355);
#16160 = PRESENTATION_STYLE_ASSIGNMENT((#16161));
#16161 = SURFACE_STYLE_USAGE(.BOTH.,#16162);
#16162 = SURFACE_SIDE_STYLE('',(#16163));
#16163 = SURFACE_STYLE_FILL_AREA(#16164);
#16164 = FILL_AREA_STYLE('',(#16165));
#16165 = FILL_AREA_STYLE_COLOUR('',#16166);
#16166 = COLOUR_RGB('',0.313304153717,0.484529207832,0.410020903123);
#16167 = MECHANICAL_DESIGN_GEOMETRIC_PRESENTATION_REPRESENTATION('',(
    #16168,#16175,#16182,#16189,#16196,#16203,#16210,#16217,#16225,
    #16232,#16239,#16246,#16253,#16260,#16268,#16275,#16282,#16289,
    #16296,#16303,#16310,#16317,#16324,#16331,#16338,#16345),#1018);
#16168 = STYLED_ITEM('color',(#16169),#230);
#16169 = PRESENTATION_STYLE_ASSIGNMENT((#16170));
#16170 = SURFACE_STYLE_USAGE(.BOTH.,#16171);
#16171 = SURFACE_SIDE_STYLE('',(#16172));
#16172 = SURFACE_STYLE_FILL_AREA(#16173);
#16173 = FILL_AREA_STYLE('',(#16174));
#16174 = FILL_AREA_STYLE_COLOUR('',#14525);
#16175 = STYLED_ITEM('color',(#16176),#270);
#16176 = PRESENTATION_STYLE_ASSIGNMENT((#16177));
#16177 = SURFACE_STYLE_USAGE(.BOTH.,#16178);
#16178 = SURFACE_SIDE_STYLE('',(#16179));
#16179 = SURFACE_STYLE_FILL_AREA(#16180);
#16180 = FILL_AREA_STYLE('',(#16181));
#16181 = FILL_AREA_STYLE_COLOUR('',#14525);
#16182 = STYLED_ITEM('color',(#16183),#353);
#16183 = PRESENTATION_STYLE_ASSIGNMENT((#16184));
#16184 = SURFACE_STYLE_USAGE(.BOTH.,#16185);
#16185 = SURFACE_SIDE_STYLE('',(#16186));
#16186 = SURFACE_STYLE_FILL_AREA(#16187);
#16187 = FILL_AREA_STYLE('',(#16188));
#16188 = FILL_AREA_STYLE_COLOUR('',#14525);
#16189 = STYLED_ITEM('color',(#16190),#378);
#16190 = PRESENTATION_STYLE_ASSIGNMENT((#16191));
#16191 = SURFACE_STYLE_USAGE(.BOTH.,#16192);
#16192 = SURFACE_SIDE_STYLE('',(#16193));
#16193 = SURFACE_STYLE_FILL_AREA(#16194);
#16194 = FILL_AREA_STYLE('',(#16195));
#16195 = FILL_AREA_STYLE_COLOUR('',#14525);
#16196 = STYLED_ITEM('color',(#16197),#403);
#16197 = PRESENTATION_STYLE_ASSIGNMENT((#16198));
#16198 = SURFACE_STYLE_USAGE(.BOTH.,#16199);
#16199 = SURFACE_SIDE_STYLE('',(#16200));
#16200 = SURFACE_STYLE_FILL_AREA(#16201);
#16201 = FILL_AREA_STYLE('',(#16202));
#16202 = FILL_AREA_STYLE_COLOUR('',#14525);
#16203 = STYLED_ITEM('color',(#16204),#470);
#16204 = PRESENTATION_STYLE_ASSIGNMENT((#16205));
#16205 = SURFACE_STYLE_USAGE(.BOTH.,#16206);
#16206 = SURFACE_SIDE_STYLE('',(#16207));
#16207 = SURFACE_STYLE_FILL_AREA(#16208);
#16208 = FILL_AREA_STYLE('',(#16209));
#16209 = FILL_AREA_STYLE_COLOUR('',#14525);
#16210 = STYLED_ITEM('color',(#16211),#487);
#16211 = PRESENTATION_STYLE_ASSIGNMENT((#16212));
#16212 = SURFACE_STYLE_USAGE(.BOTH.,#16213);
#16213 = SURFACE_SIDE_STYLE('',(#16214));
#16214 = SURFACE_STYLE_FILL_AREA(#16215);
#16215 = FILL_AREA_STYLE('',(#16216));
#16216 = FILL_AREA_STYLE_COLOUR('',#14525);
#16217 = STYLED_ITEM('color',(#16218),#504);
#16218 = PRESENTATION_STYLE_ASSIGNMENT((#16219));
#16219 = SURFACE_STYLE_USAGE(.BOTH.,#16220);
#16220 = SURFACE_SIDE_STYLE('',(#16221));
#16221 = SURFACE_STYLE_FILL_AREA(#16222);
#16222 = FILL_AREA_STYLE('',(#16223));
#16223 = FILL_AREA_STYLE_COLOUR('',#16224);
#16224 = COLOUR_RGB('',0.894999966383,0.890999961016,0.813000030345);
#16225 = STYLED_ITEM('color',(#16226),#553);
#16226 = PRESENTATION_STYLE_ASSIGNMENT((#16227));
#16227 = SURFACE_STYLE_USAGE(.BOTH.,#16228);
#16228 = SURFACE_SIDE_STYLE('',(#16229));
#16229 = SURFACE_STYLE_FILL_AREA(#16230);
#16230 = FILL_AREA_STYLE('',(#16231));
#16231 = FILL_AREA_STYLE_COLOUR('',#14525);
#16232 = STYLED_ITEM('color',(#16233),#570);
#16233 = PRESENTATION_STYLE_ASSIGNMENT((#16234));
#16234 = SURFACE_STYLE_USAGE(.BOTH.,#16235);
#16235 = SURFACE_SIDE_STYLE('',(#16236));
#16236 = SURFACE_STYLE_FILL_AREA(#16237);
#16237 = FILL_AREA_STYLE('',(#16238));
#16238 = FILL_AREA_STYLE_COLOUR('',#14525);
#16239 = STYLED_ITEM('color',(#16240),#587);
#16240 = PRESENTATION_STYLE_ASSIGNMENT((#16241));
#16241 = SURFACE_STYLE_USAGE(.BOTH.,#16242);
#16242 = SURFACE_SIDE_STYLE('',(#16243));
#16243 = SURFACE_STYLE_FILL_AREA(#16244);
#16244 = FILL_AREA_STYLE('',(#16245));
#16245 = FILL_AREA_STYLE_COLOUR('',#16224);
#16246 = STYLED_ITEM('color',(#16247),#636);
#16247 = PRESENTATION_STYLE_ASSIGNMENT((#16248));
#16248 = SURFACE_STYLE_USAGE(.BOTH.,#16249);
#16249 = SURFACE_SIDE_STYLE('',(#16250));
#16250 = SURFACE_STYLE_FILL_AREA(#16251);
#16251 = FILL_AREA_STYLE('',(#16252));
#16252 = FILL_AREA_STYLE_COLOUR('',#16224);
#16253 = STYLED_ITEM('color',(#16254),#653);
#16254 = PRESENTATION_STYLE_ASSIGNMENT((#16255));
#16255 = SURFACE_STYLE_USAGE(.BOTH.,#16256);
#16256 = SURFACE_SIDE_STYLE('',(#16257));
#16257 = SURFACE_STYLE_FILL_AREA(#16258);
#16258 = FILL_AREA_STYLE('',(#16259));
#16259 = FILL_AREA_STYLE_COLOUR('',#14525);
#16260 = STYLED_ITEM('color',(#16261),#722);
#16261 = PRESENTATION_STYLE_ASSIGNMENT((#16262));
#16262 = SURFACE_STYLE_USAGE(.BOTH.,#16263);
#16263 = SURFACE_SIDE_STYLE('',(#16264));
#16264 = SURFACE_STYLE_FILL_AREA(#16265);
#16265 = FILL_AREA_STYLE('',(#16266));
#16266 = FILL_AREA_STYLE_COLOUR('',#16267);
#16267 = COLOUR_RGB('',8.200000279077E-02,8.600000121357E-02,
  9.399999706163E-02);
#16268 = STYLED_ITEM('color',(#16269),#753);
#16269 = PRESENTATION_STYLE_ASSIGNMENT((#16270));
#16270 = SURFACE_STYLE_USAGE(.BOTH.,#16271);
#16271 = SURFACE_SIDE_STYLE('',(#16272));
#16272 = SURFACE_STYLE_FILL_AREA(#16273);
#16273 = FILL_AREA_STYLE('',(#16274));
#16274 = FILL_AREA_STYLE_COLOUR('',#16267);
#16275 = STYLED_ITEM('color',(#16276),#777);
#16276 = PRESENTATION_STYLE_ASSIGNMENT((#16277));
#16277 = SURFACE_STYLE_USAGE(.BOTH.,#16278);
#16278 = SURFACE_SIDE_STYLE('',(#16279));
#16279 = SURFACE_STYLE_FILL_AREA(#16280);
#16280 = FILL_AREA_STYLE('',(#16281));
#16281 = FILL_AREA_STYLE_COLOUR('',#14525);
#16282 = STYLED_ITEM('color',(#16283),#846);
#16283 = PRESENTATION_STYLE_ASSIGNMENT((#16284));
#16284 = SURFACE_STYLE_USAGE(.BOTH.,#16285);
#16285 = SURFACE_SIDE_STYLE('',(#16286));
#16286 = SURFACE_STYLE_FILL_AREA(#16287);
#16287 = FILL_AREA_STYLE('',(#16288));
#16288 = FILL_AREA_STYLE_COLOUR('',#16267);
#16289 = STYLED_ITEM('color',(#16290),#870);
#16290 = PRESENTATION_STYLE_ASSIGNMENT((#16291));
#16291 = SURFACE_STYLE_USAGE(.BOTH.,#16292);
#16292 = SURFACE_SIDE_STYLE('',(#16293));
#16293 = SURFACE_STYLE_FILL_AREA(#16294);
#16294 = FILL_AREA_STYLE('',(#16295));
#16295 = FILL_AREA_STYLE_COLOUR('',#14525);
#16296 = STYLED_ITEM('color',(#16297),#887);
#16297 = PRESENTATION_STYLE_ASSIGNMENT((#16298));
#16298 = SURFACE_STYLE_USAGE(.BOTH.,#16299);
#16299 = SURFACE_SIDE_STYLE('',(#16300));
#16300 = SURFACE_STYLE_FILL_AREA(#16301);
#16301 = FILL_AREA_STYLE('',(#16302));
#16302 = FILL_AREA_STYLE_COLOUR('',#14525);
#16303 = STYLED_ITEM('color',(#16304),#904);
#16304 = PRESENTATION_STYLE_ASSIGNMENT((#16305));
#16305 = SURFACE_STYLE_USAGE(.BOTH.,#16306);
#16306 = SURFACE_SIDE_STYLE('',(#16307));
#16307 = SURFACE_STYLE_FILL_AREA(#16308);
#16308 = FILL_AREA_STYLE('',(#16309));
#16309 = FILL_AREA_STYLE_COLOUR('',#14525);
#16310 = STYLED_ITEM('color',(#16311),#921);
#16311 = PRESENTATION_STYLE_ASSIGNMENT((#16312));
#16312 = SURFACE_STYLE_USAGE(.BOTH.,#16313);
#16313 = SURFACE_SIDE_STYLE('',(#16314));
#16314 = SURFACE_STYLE_FILL_AREA(#16315);
#16315 = FILL_AREA_STYLE('',(#16316));
#16316 = FILL_AREA_STYLE_COLOUR('',#14525);
#16317 = STYLED_ITEM('color',(#16318),#938);
#16318 = PRESENTATION_STYLE_ASSIGNMENT((#16319));
#16319 = SURFACE_STYLE_USAGE(.BOTH.,#16320);
#16320 = SURFACE_SIDE_STYLE('',(#16321));
#16321 = SURFACE_STYLE_FILL_AREA(#16322);
#16322 = FILL_AREA_STYLE('',(#16323));
#16323 = FILL_AREA_STYLE_COLOUR('',#14525);
#16324 = STYLED_ITEM('color',(#16325),#955);
#16325 = PRESENTATION_STYLE_ASSIGNMENT((#16326));
#16326 = SURFACE_STYLE_USAGE(.BOTH.,#16327);
#16327 = SURFACE_SIDE_STYLE('',(#16328));
#16328 = SURFACE_STYLE_FILL_AREA(#16329);
#16329 = FILL_AREA_STYLE('',(#16330));
#16330 = FILL_AREA_STYLE_COLOUR('',#14525);
#16331 = STYLED_ITEM('color',(#16332),#972);
#16332 = PRESENTATION_STYLE_ASSIGNMENT((#16333));
#16333 = SURFACE_STYLE_USAGE(.BOTH.,#16334);
#16334 = SURFACE_SIDE_STYLE('',(#16335));
#16335 = SURFACE_STYLE_FILL_AREA(#16336);
#16336 = FILL_AREA_STYLE('',(#16337));
#16337 = FILL_AREA_STYLE_COLOUR('',#14525);
#16338 = STYLED_ITEM('color',(#16339),#989);
#16339 = PRESENTATION_STYLE_ASSIGNMENT((#16340));
#16340 = SURFACE_STYLE_USAGE(.BOTH.,#16341);
#16341 = SURFACE_SIDE_STYLE('',(#16342));
#16342 = SURFACE_STYLE_FILL_AREA(#16343);
#16343 = FILL_AREA_STYLE('',(#16344));
#16344 = FILL_AREA_STYLE_COLOUR('',#16267);
#16345 = STYLED_ITEM('color',(#16346),#1006);
#16346 = PRESENTATION_STYLE_ASSIGNMENT((#16347));
#16347 = SURFACE_STYLE_USAGE(.BOTH.,#16348);
#16348 = SURFACE_SIDE_STYLE('',(#16349));
#16349 = SURFACE_STYLE_FILL_AREA(#16350);
#16350 = FILL_AREA_STYLE('',(#16351));
#16351 = FILL_AREA_STYLE_COLOUR('',#16267);
ENDSEC;
END-ISO-10303-21;
