ISO-10303-21;
HEADER;
FILE_DESCRIPTION(('STEP AP203'),'1');
FILE_NAME('0530470410.stp','2024-11-19T14:36:52',('TraceParts'),('TraceParts S.A.'),'Spatial InterOp 3D',' ',' ');
FILE_SCHEMA(('CONFIG_CONTROL_DESIGN'));
ENDSEC;
DATA;
#1=DESIGN_CONTEXT('',#27,'design');
#2=APPLICATION_PROTOCOL_DEFINITION('INTERNATIONAL STANDARD','config_control_design',1994,#27);
#3=PRODUCT_CATEGORY_RELATIONSHIP('NONE','NONE',#28,#29);
#4=DATE_AND_TIME(#30,#31);
#5=DATE_TIME_ROLE('creation_date');
#6=DATE_TIME_ROLE('classification_date');
#7=PERSON_AND_ORGANIZATION_ROLE('creator');
#8=PERSON_AND_ORGANIZATION_ROLE('design_supplier');
#9=PERSON_AND_ORGANIZATION_ROLE('classification_officer');
#10=PERSON_AND_ORGANIZATION_ROLE('design_owner');
#11=APPROVAL_PERSON_ORGANIZATION(#32,#33,#34);
#12=APPROVAL_DATE_TIME(#4,#33);
#13=CC_DESIGN_APPROVAL(#33,(#35,#36,#37));
#14=CC_DESIGN_DATE_AND_TIME_ASSIGNMENT(#4,#5,(#37));
#15=CC_DESIGN_DATE_AND_TIME_ASSIGNMENT(#4,#6,(#35));
#16=CC_DESIGN_PERSON_AND_ORGANIZATION_ASSIGNMENT(#32,#10,(#38));
#17=CC_DESIGN_PERSON_AND_ORGANIZATION_ASSIGNMENT(#32,#7,(#37));
#18=CC_DESIGN_PERSON_AND_ORGANIZATION_ASSIGNMENT(#32,#7,(#36));
#19=CC_DESIGN_PERSON_AND_ORGANIZATION_ASSIGNMENT(#32,#8,(#36));
#20=CC_DESIGN_SECURITY_CLASSIFICATION(#35,(#36));
#21=CC_DESIGN_PERSON_AND_ORGANIZATION_ASSIGNMENT(#32,#9,(#35));
#22=SHAPE_DEFINITION_REPRESENTATION(#39,#40);
#23= (GEOMETRIC_REPRESENTATION_CONTEXT(3)GLOBAL_UNCERTAINTY_ASSIGNED_CONTEXT((#43))GLOBAL_UNIT_ASSIGNED_CONTEXT((#45,#46,#47))REPRESENTATION_CONTEXT('NONE','WORKSPACE'));
#27=APPLICATION_CONTEXT('CONFIGURATION CONTROLLED 3D DESIGNS OF MECHANICAL PARTS AND ASSEMBLIES');
#28=PRODUCT_CATEGORY('part','NONE');
#29=PRODUCT_RELATED_PRODUCT_CATEGORY('detail',' ',(#38));
#30=CALENDAR_DATE(2024,19,10);
#31=LOCAL_TIME(15,36,52.0,#49);
#32=PERSON_AND_ORGANIZATION(#50,#51);
#33=APPROVAL(#52,'SOLID MODEL');
#34=APPROVAL_ROLE('APPROVED');
#35=SECURITY_CLASSIFICATION('','',#53);
#36=PRODUCT_DEFINITION_FORMATION_WITH_SPECIFIED_SOURCE(' ','NONE',#38,.NOT_KNOWN.);
#37=PRODUCT_DEFINITION('','NONE',#36,#1);
#38=PRODUCT('1','','PART--DESC',(#54));
#39=PRODUCT_DEFINITION_SHAPE('NONE','NONE',#37);
#40=ADVANCED_BREP_SHAPE_REPRESENTATION('1',(#55,#56),#23);
#43=UNCERTAINTY_MEASURE_WITH_UNIT(LENGTH_MEASURE(1.0E-06),#45,'','');
#45= (CONVERSION_BASED_UNIT('MILLIMETRE',#59)LENGTH_UNIT()NAMED_UNIT(#62));
#46= (NAMED_UNIT(#64)PLANE_ANGLE_UNIT()SI_UNIT($,.RADIAN.));
#47= (NAMED_UNIT(#64)SOLID_ANGLE_UNIT()SI_UNIT($,.STERADIAN.));
#49=COORDINATED_UNIVERSAL_TIME_OFFSET(1,0,.AHEAD.);
#50=PERSON('','UNSPECIFIED',$,$,$,$);
#51=ORGANIZATION('UNSPECIFIED','UNSPECIFIED','UNSPECIFIED');
#52=APPROVAL_STATUS('approved');
#53=SECURITY_CLASSIFICATION_LEVEL('unclassified');
#54=MECHANICAL_CONTEXT('',#27,'mechanical');
#55=MANIFOLD_SOLID_BREP('1',#70);
#56=AXIS2_PLACEMENT_3D('',#71,#72,#73);
#59=LENGTH_MEASURE_WITH_UNIT(LENGTH_MEASURE(1.0),#74);
#62=DIMENSIONAL_EXPONENTS(1.0,0.0,0.0,0.0,0.0,0.0,0.0);
#64=DIMENSIONAL_EXPONENTS(0.0,0.0,0.0,0.0,0.0,0.0,0.0);
#70=CLOSED_SHELL('',(#75,#76,#77,#78,#79,#80,#81,#82,#83,#84,#85,#86,#87,#88,#89,#90,#91,#92,#93,#94,#95,#96,#97,#98,#99,#100,#101,#102,#103,#104,#105,#106,#107,#108,#109,#110,#111,#112,#113,#114,#115,#116,#117,#118,#119,#120,#121,#122,#123,#124,#125,#126,#127,#128,#129,#130,#131,#132,#133,#134,#135,#136,#137,#138,#139,#140,#141,#142,#143,#144,#145,#146,#147,#148,#149,#150,#151,#152,#153,#154,#155,#156,#157,#158,#159,#160,#161,#162,#163,#164,#165,#166,#167,#168,#169,#170,#171,#172,#173,#174,#175,#176,#177,#178,#179,#180,#181,#182,#183,#184,#185,#186,#187,#188,#189,#190,#191,#192,#193,#194,#195,#196));
#71=CARTESIAN_POINT('',(0.0,0.0,0.0));
#72=DIRECTION('',(0.0,0.0,1.0));
#73=DIRECTION('',(1.0,0.0,0.0));
#74= (NAMED_UNIT(#62)LENGTH_UNIT()SI_UNIT(.MILLI.,.METRE.));
#75=ADVANCED_FACE('',(#198),#199,.T.);
#76=ADVANCED_FACE('',(#200),#201,.T.);
#77=ADVANCED_FACE('',(#202),#203,.T.);
#78=ADVANCED_FACE('',(#204),#205,.T.);
#79=ADVANCED_FACE('',(#206,#207,#208,#209,#210),#211,.F.);
#80=ADVANCED_FACE('',(#212,#213,#214),#215,.F.);
#81=ADVANCED_FACE('',(#216),#217,.T.);
#82=ADVANCED_FACE('',(#218),#219,.F.);
#83=ADVANCED_FACE('',(#220),#221,.F.);
#84=ADVANCED_FACE('',(#222),#223,.F.);
#85=ADVANCED_FACE('',(#224),#225,.F.);
#86=ADVANCED_FACE('',(#226,#227,#228,#229,#230),#231,.F.);
#87=ADVANCED_FACE('',(#232),#233,.F.);
#88=ADVANCED_FACE('',(#234),#235,.F.);
#89=ADVANCED_FACE('',(#236),#237,.T.);
#90=ADVANCED_FACE('',(#238),#239,.F.);
#91=ADVANCED_FACE('',(#240,#241,#242),#243,.F.);
#92=ADVANCED_FACE('',(#244),#245,.F.);
#93=ADVANCED_FACE('',(#246),#247,.T.);
#94=ADVANCED_FACE('',(#248),#249,.F.);
#95=ADVANCED_FACE('',(#250),#251,.F.);
#96=ADVANCED_FACE('',(#252),#253,.F.);
#97=ADVANCED_FACE('',(#254),#255,.T.);
#98=ADVANCED_FACE('',(#256),#257,.F.);
#99=ADVANCED_FACE('',(#258),#259,.F.);
#100=ADVANCED_FACE('',(#260),#261,.T.);
#101=ADVANCED_FACE('',(#262),#263,.F.);
#102=ADVANCED_FACE('',(#264),#265,.T.);
#103=ADVANCED_FACE('',(#266),#267,.T.);
#104=ADVANCED_FACE('',(#268),#269,.T.);
#105=ADVANCED_FACE('',(#270),#271,.T.);
#106=ADVANCED_FACE('',(#272),#273,.T.);
#107=ADVANCED_FACE('',(#274),#275,.T.);
#108=ADVANCED_FACE('',(#276),#277,.T.);
#109=ADVANCED_FACE('',(#278),#279,.F.);
#110=ADVANCED_FACE('',(#280),#281,.F.);
#111=ADVANCED_FACE('',(#282),#283,.F.);
#112=ADVANCED_FACE('',(#284),#285,.F.);
#113=ADVANCED_FACE('',(#286),#287,.F.);
#114=ADVANCED_FACE('',(#288),#289,.T.);
#115=ADVANCED_FACE('',(#290),#291,.T.);
#116=ADVANCED_FACE('',(#292),#293,.T.);
#117=ADVANCED_FACE('',(#294),#295,.F.);
#118=ADVANCED_FACE('',(#296),#297,.F.);
#119=ADVANCED_FACE('',(#298),#299,.F.);
#120=ADVANCED_FACE('',(#300),#301,.F.);
#121=ADVANCED_FACE('',(#302),#303,.F.);
#122=ADVANCED_FACE('',(#304),#305,.F.);
#123=ADVANCED_FACE('',(#306),#307,.F.);
#124=ADVANCED_FACE('',(#308),#309,.F.);
#125=ADVANCED_FACE('',(#310),#311,.F.);
#126=ADVANCED_FACE('',(#312),#313,.T.);
#127=ADVANCED_FACE('',(#314),#315,.F.);
#128=ADVANCED_FACE('',(#316),#317,.F.);
#129=ADVANCED_FACE('',(#318),#319,.F.);
#130=ADVANCED_FACE('',(#320),#321,.F.);
#131=ADVANCED_FACE('',(#322),#323,.F.);
#132=ADVANCED_FACE('',(#324),#325,.T.);
#133=ADVANCED_FACE('',(#326),#327,.F.);
#134=ADVANCED_FACE('',(#328),#329,.F.);
#135=ADVANCED_FACE('',(#330),#331,.T.);
#136=ADVANCED_FACE('',(#332),#333,.F.);
#137=ADVANCED_FACE('',(#334),#335,.F.);
#138=ADVANCED_FACE('',(#336),#337,.F.);
#139=ADVANCED_FACE('',(#338),#339,.T.);
#140=ADVANCED_FACE('',(#340),#341,.F.);
#141=ADVANCED_FACE('',(#342),#343,.F.);
#142=ADVANCED_FACE('',(#344),#345,.F.);
#143=ADVANCED_FACE('',(#346),#347,.F.);
#144=ADVANCED_FACE('',(#348),#349,.T.);
#145=ADVANCED_FACE('',(#350),#351,.F.);
#146=ADVANCED_FACE('',(#352),#353,.F.);
#147=ADVANCED_FACE('',(#354),#355,.F.);
#148=ADVANCED_FACE('',(#356),#357,.F.);
#149=ADVANCED_FACE('',(#358),#359,.T.);
#150=ADVANCED_FACE('',(#360),#361,.F.);
#151=ADVANCED_FACE('',(#362),#363,.F.);
#152=ADVANCED_FACE('',(#364),#365,.F.);
#153=ADVANCED_FACE('',(#366),#367,.F.);
#154=ADVANCED_FACE('',(#368),#369,.T.);
#155=ADVANCED_FACE('',(#370),#371,.F.);
#156=ADVANCED_FACE('',(#372),#373,.F.);
#157=ADVANCED_FACE('',(#374),#375,.F.);
#158=ADVANCED_FACE('',(#376),#377,.T.);
#159=ADVANCED_FACE('',(#378),#379,.F.);
#160=ADVANCED_FACE('',(#380),#381,.F.);
#161=ADVANCED_FACE('',(#382),#383,.F.);
#162=ADVANCED_FACE('',(#384),#385,.F.);
#163=ADVANCED_FACE('',(#386),#387,.T.);
#164=ADVANCED_FACE('',(#388),#389,.F.);
#165=ADVANCED_FACE('',(#390),#391,.F.);
#166=ADVANCED_FACE('',(#392),#393,.F.);
#167=ADVANCED_FACE('',(#394),#395,.F.);
#168=ADVANCED_FACE('',(#396),#397,.T.);
#169=ADVANCED_FACE('',(#398),#399,.F.);
#170=ADVANCED_FACE('',(#400),#401,.F.);
#171=ADVANCED_FACE('',(#402),#403,.F.);
#172=ADVANCED_FACE('',(#404),#405,.F.);
#173=ADVANCED_FACE('',(#406),#407,.T.);
#174=ADVANCED_FACE('',(#408),#409,.F.);
#175=ADVANCED_FACE('',(#410),#411,.F.);
#176=ADVANCED_FACE('',(#412),#413,.F.);
#177=ADVANCED_FACE('',(#414),#415,.T.);
#178=ADVANCED_FACE('',(#416),#417,.F.);
#179=ADVANCED_FACE('',(#418),#419,.F.);
#180=ADVANCED_FACE('',(#420),#421,.F.);
#181=ADVANCED_FACE('',(#422),#423,.T.);
#182=ADVANCED_FACE('',(#424),#425,.F.);
#183=ADVANCED_FACE('',(#426),#427,.F.);
#184=ADVANCED_FACE('',(#428),#429,.F.);
#185=ADVANCED_FACE('',(#430),#431,.T.);
#186=ADVANCED_FACE('',(#432),#433,.F.);
#187=ADVANCED_FACE('',(#434),#435,.F.);
#188=ADVANCED_FACE('',(#436),#437,.F.);
#189=ADVANCED_FACE('',(#438),#439,.T.);
#190=ADVANCED_FACE('',(#440),#441,.F.);
#191=ADVANCED_FACE('',(#442),#443,.F.);
#192=ADVANCED_FACE('',(#444),#445,.F.);
#193=ADVANCED_FACE('',(#446),#447,.T.);
#194=ADVANCED_FACE('',(#448),#449,.F.);
#195=ADVANCED_FACE('',(#450),#451,.F.);
#196=ADVANCED_FACE('',(#452),#453,.F.);
#198=FACE_OUTER_BOUND('',#454,.T.);
#199=CYLINDRICAL_SURFACE('',#455,0.0999999999999508);
#200=FACE_OUTER_BOUND('',#456,.T.);
#201=CYLINDRICAL_SURFACE('',#457,0.100000000000001);
#202=FACE_OUTER_BOUND('',#458,.T.);
#203=CYLINDRICAL_SURFACE('',#459,0.1);
#204=FACE_OUTER_BOUND('',#460,.T.);
#205=CYLINDRICAL_SURFACE('',#461,0.100000000000035);
#206=FACE_BOUND('',#462,.T.);
#207=FACE_BOUND('',#463,.T.);
#208=FACE_OUTER_BOUND('',#464,.T.);
#209=FACE_BOUND('',#465,.T.);
#210=FACE_BOUND('',#466,.T.);
#211=PLANE('',#467);
#212=FACE_OUTER_BOUND('',#468,.T.);
#213=FACE_BOUND('',#469,.T.);
#214=FACE_BOUND('',#470,.T.);
#215=PLANE('',#471);
#216=FACE_OUTER_BOUND('',#472,.T.);
#217=PLANE('',#473);
#218=FACE_OUTER_BOUND('',#474,.T.);
#219=PLANE('',#475);
#220=FACE_OUTER_BOUND('',#476,.T.);
#221=PLANE('',#477);
#222=FACE_OUTER_BOUND('',#478,.T.);
#223=PLANE('',#479);
#224=FACE_OUTER_BOUND('',#480,.T.);
#225=PLANE('',#481);
#226=FACE_BOUND('',#482,.T.);
#227=FACE_BOUND('',#483,.T.);
#228=FACE_BOUND('',#484,.T.);
#229=FACE_BOUND('',#485,.T.);
#230=FACE_OUTER_BOUND('',#486,.T.);
#231=PLANE('',#487);
#232=FACE_OUTER_BOUND('',#488,.T.);
#233=PLANE('',#489);
#234=FACE_OUTER_BOUND('',#490,.T.);
#235=PLANE('',#491);
#236=FACE_OUTER_BOUND('',#492,.T.);
#237=CYLINDRICAL_SURFACE('',#493,0.100000000000035);
#238=FACE_OUTER_BOUND('',#494,.T.);
#239=PLANE('',#495);
#240=FACE_BOUND('',#496,.T.);
#241=FACE_BOUND('',#497,.T.);
#242=FACE_OUTER_BOUND('',#498,.T.);
#243=PLANE('',#499);
#244=FACE_OUTER_BOUND('',#500,.T.);
#245=PLANE('',#501);
#246=FACE_OUTER_BOUND('',#502,.T.);
#247=CYLINDRICAL_SURFACE('',#503,0.1);
#248=FACE_OUTER_BOUND('',#504,.T.);
#249=PLANE('',#505);
#250=FACE_OUTER_BOUND('',#506,.T.);
#251=PLANE('',#507);
#252=FACE_OUTER_BOUND('',#508,.T.);
#253=PLANE('',#509);
#254=FACE_OUTER_BOUND('',#510,.T.);
#255=CYLINDRICAL_SURFACE('',#511,0.100000000000001);
#256=FACE_OUTER_BOUND('',#512,.T.);
#257=PLANE('',#513);
#258=FACE_OUTER_BOUND('',#514,.T.);
#259=PLANE('',#515);
#260=FACE_OUTER_BOUND('',#516,.T.);
#261=CYLINDRICAL_SURFACE('',#517,0.0999999999999508);
#262=FACE_OUTER_BOUND('',#518,.T.);
#263=PLANE('',#519);
#264=FACE_OUTER_BOUND('',#520,.T.);
#265=PLANE('',#521);
#266=FACE_OUTER_BOUND('',#522,.T.);
#267=PLANE('',#523);
#268=FACE_OUTER_BOUND('',#524,.T.);
#269=PLANE('',#525);
#270=FACE_OUTER_BOUND('',#526,.T.);
#271=PLANE('',#527);
#272=FACE_OUTER_BOUND('',#528,.T.);
#273=PLANE('',#529);
#274=FACE_OUTER_BOUND('',#530,.T.);
#275=PLANE('',#531);
#276=FACE_OUTER_BOUND('',#532,.T.);
#277=PLANE('',#533);
#278=FACE_OUTER_BOUND('',#534,.T.);
#279=PLANE('',#535);
#280=FACE_OUTER_BOUND('',#536,.T.);
#281=PLANE('',#537);
#282=FACE_OUTER_BOUND('',#538,.T.);
#283=PLANE('',#539);
#284=FACE_OUTER_BOUND('',#540,.T.);
#285=PLANE('',#541);
#286=FACE_OUTER_BOUND('',#542,.T.);
#287=PLANE('',#543);
#288=FACE_OUTER_BOUND('',#544,.T.);
#289=PLANE('',#545);
#290=FACE_OUTER_BOUND('',#546,.T.);
#291=PLANE('',#547);
#292=FACE_OUTER_BOUND('',#548,.T.);
#293=PLANE('',#549);
#294=FACE_OUTER_BOUND('',#550,.T.);
#295=PLANE('',#551);
#296=FACE_OUTER_BOUND('',#552,.T.);
#297=PLANE('',#553);
#298=FACE_OUTER_BOUND('',#554,.T.);
#299=PLANE('',#555);
#300=FACE_OUTER_BOUND('',#556,.T.);
#301=PLANE('',#557);
#302=FACE_OUTER_BOUND('',#558,.T.);
#303=PLANE('',#559);
#304=FACE_OUTER_BOUND('',#560,.T.);
#305=PLANE('',#561);
#306=FACE_OUTER_BOUND('',#562,.T.);
#307=PLANE('',#563);
#308=FACE_OUTER_BOUND('',#564,.T.);
#309=PLANE('',#565);
#310=FACE_OUTER_BOUND('',#566,.T.);
#311=PLANE('',#567);
#312=FACE_OUTER_BOUND('',#568,.T.);
#313=PLANE('',#569);
#314=FACE_OUTER_BOUND('',#570,.T.);
#315=PLANE('',#571);
#316=FACE_OUTER_BOUND('',#572,.T.);
#317=PLANE('',#573);
#318=FACE_OUTER_BOUND('',#574,.T.);
#319=PLANE('',#575);
#320=FACE_OUTER_BOUND('',#576,.T.);
#321=PLANE('',#577);
#322=FACE_OUTER_BOUND('',#578,.T.);
#323=PLANE('',#579);
#324=FACE_OUTER_BOUND('',#580,.T.);
#325=PLANE('',#581);
#326=FACE_OUTER_BOUND('',#582,.T.);
#327=PLANE('',#583);
#328=FACE_OUTER_BOUND('',#584,.T.);
#329=PLANE('',#585);
#330=FACE_OUTER_BOUND('',#586,.T.);
#331=PLANE('',#587);
#332=FACE_OUTER_BOUND('',#588,.T.);
#333=PLANE('',#589);
#334=FACE_OUTER_BOUND('',#590,.T.);
#335=PLANE('',#591);
#336=FACE_OUTER_BOUND('',#592,.T.);
#337=PLANE('',#593);
#338=FACE_OUTER_BOUND('',#594,.T.);
#339=PLANE('',#595);
#340=FACE_OUTER_BOUND('',#596,.T.);
#341=PLANE('',#597);
#342=FACE_OUTER_BOUND('',#598,.T.);
#343=PLANE('',#599);
#344=FACE_OUTER_BOUND('',#600,.T.);
#345=PLANE('',#601);
#346=FACE_OUTER_BOUND('',#602,.T.);
#347=PLANE('',#603);
#348=FACE_OUTER_BOUND('',#604,.T.);
#349=PLANE('',#605);
#350=FACE_OUTER_BOUND('',#606,.T.);
#351=PLANE('',#607);
#352=FACE_OUTER_BOUND('',#608,.T.);
#353=PLANE('',#609);
#354=FACE_OUTER_BOUND('',#610,.T.);
#355=PLANE('',#611);
#356=FACE_OUTER_BOUND('',#612,.T.);
#357=PLANE('',#613);
#358=FACE_OUTER_BOUND('',#614,.T.);
#359=PLANE('',#615);
#360=FACE_OUTER_BOUND('',#616,.T.);
#361=PLANE('',#617);
#362=FACE_OUTER_BOUND('',#618,.T.);
#363=PLANE('',#619);
#364=FACE_OUTER_BOUND('',#620,.T.);
#365=PLANE('',#621);
#366=FACE_OUTER_BOUND('',#622,.T.);
#367=PLANE('',#623);
#368=FACE_OUTER_BOUND('',#624,.T.);
#369=PLANE('',#625);
#370=FACE_OUTER_BOUND('',#626,.T.);
#371=PLANE('',#627);
#372=FACE_OUTER_BOUND('',#628,.T.);
#373=PLANE('',#629);
#374=FACE_OUTER_BOUND('',#630,.T.);
#375=PLANE('',#631);
#376=FACE_OUTER_BOUND('',#632,.T.);
#377=PLANE('',#633);
#378=FACE_OUTER_BOUND('',#634,.T.);
#379=PLANE('',#635);
#380=FACE_OUTER_BOUND('',#636,.T.);
#381=PLANE('',#637);
#382=FACE_OUTER_BOUND('',#638,.T.);
#383=PLANE('',#639);
#384=FACE_OUTER_BOUND('',#640,.T.);
#385=PLANE('',#641);
#386=FACE_OUTER_BOUND('',#642,.T.);
#387=PLANE('',#643);
#388=FACE_OUTER_BOUND('',#644,.T.);
#389=PLANE('',#645);
#390=FACE_OUTER_BOUND('',#646,.T.);
#391=PLANE('',#647);
#392=FACE_OUTER_BOUND('',#648,.T.);
#393=PLANE('',#649);
#394=FACE_OUTER_BOUND('',#650,.T.);
#395=PLANE('',#651);
#396=FACE_OUTER_BOUND('',#652,.T.);
#397=PLANE('',#653);
#398=FACE_OUTER_BOUND('',#654,.T.);
#399=PLANE('',#655);
#400=FACE_OUTER_BOUND('',#656,.T.);
#401=PLANE('',#657);
#402=FACE_OUTER_BOUND('',#658,.T.);
#403=PLANE('',#659);
#404=FACE_OUTER_BOUND('',#660,.T.);
#405=PLANE('',#661);
#406=FACE_OUTER_BOUND('',#662,.T.);
#407=PLANE('',#663);
#408=FACE_OUTER_BOUND('',#664,.T.);
#409=PLANE('',#665);
#410=FACE_OUTER_BOUND('',#666,.T.);
#411=PLANE('',#667);
#412=FACE_OUTER_BOUND('',#668,.T.);
#413=PLANE('',#669);
#414=FACE_OUTER_BOUND('',#670,.T.);
#415=PLANE('',#671);
#416=FACE_OUTER_BOUND('',#672,.T.);
#417=PLANE('',#673);
#418=FACE_OUTER_BOUND('',#674,.T.);
#419=PLANE('',#675);
#420=FACE_OUTER_BOUND('',#676,.T.);
#421=PLANE('',#677);
#422=FACE_OUTER_BOUND('',#678,.T.);
#423=PLANE('',#679);
#424=FACE_OUTER_BOUND('',#680,.T.);
#425=PLANE('',#681);
#426=FACE_OUTER_BOUND('',#682,.T.);
#427=PLANE('',#683);
#428=FACE_OUTER_BOUND('',#684,.T.);
#429=PLANE('',#685);
#430=FACE_OUTER_BOUND('',#686,.T.);
#431=PLANE('',#687);
#432=FACE_OUTER_BOUND('',#688,.T.);
#433=PLANE('',#689);
#434=FACE_OUTER_BOUND('',#690,.T.);
#435=PLANE('',#691);
#436=FACE_OUTER_BOUND('',#692,.T.);
#437=PLANE('',#693);
#438=FACE_OUTER_BOUND('',#694,.T.);
#439=PLANE('',#695);
#440=FACE_OUTER_BOUND('',#696,.T.);
#441=PLANE('',#697);
#442=FACE_OUTER_BOUND('',#698,.T.);
#443=PLANE('',#699);
#444=FACE_OUTER_BOUND('',#700,.T.);
#445=PLANE('',#701);
#446=FACE_OUTER_BOUND('',#702,.T.);
#447=PLANE('',#703);
#448=FACE_OUTER_BOUND('',#704,.T.);
#449=PLANE('',#705);
#450=FACE_OUTER_BOUND('',#706,.T.);
#451=PLANE('',#707);
#452=FACE_OUTER_BOUND('',#708,.T.);
#453=PLANE('',#709);
#454=EDGE_LOOP('',(#710,#711,#712,#713));
#455=AXIS2_PLACEMENT_3D('',#714,#715,#716);
#456=EDGE_LOOP('',(#717,#718,#719,#720));
#457=AXIS2_PLACEMENT_3D('',#721,#722,#723);
#458=EDGE_LOOP('',(#724,#725,#726,#727));
#459=AXIS2_PLACEMENT_3D('',#728,#729,#730);
#460=EDGE_LOOP('',(#731,#732,#733,#734));
#461=AXIS2_PLACEMENT_3D('',#735,#736,#737);
#462=EDGE_LOOP('',(#738,#739,#740,#741));
#463=EDGE_LOOP('',(#742,#743,#744,#745));
#464=EDGE_LOOP('',(#746,#747,#748,#749,#750,#751,#752,#753,#754,#755,#756,#757,#758,#759,#760,#761,#762,#763,#764,#765));
#465=EDGE_LOOP('',(#766,#767,#768,#769));
#466=EDGE_LOOP('',(#770,#771,#772,#773));
#467=AXIS2_PLACEMENT_3D('',#774,#775,#776);
#468=EDGE_LOOP('',(#777,#778,#779,#780));
#469=EDGE_LOOP('',(#781,#782,#783,#784));
#470=EDGE_LOOP('',(#785,#786,#787,#788));
#471=AXIS2_PLACEMENT_3D('',#789,#790,#791);
#472=EDGE_LOOP('',(#792,#793,#794,#795,#796,#797,#798,#799));
#473=AXIS2_PLACEMENT_3D('',#800,#801,#802);
#474=EDGE_LOOP('',(#803,#804,#805,#806,#807,#808,#809,#810));
#475=AXIS2_PLACEMENT_3D('',#811,#812,#813);
#476=EDGE_LOOP('',(#814,#815,#816,#817,#818,#819));
#477=AXIS2_PLACEMENT_3D('',#820,#821,#822);
#478=EDGE_LOOP('',(#823,#824,#825,#826,#827,#828,#829,#830,#831,#832,#833,#834));
#479=AXIS2_PLACEMENT_3D('',#835,#836,#837);
#480=EDGE_LOOP('',(#838,#839,#840,#841,#842,#843));
#481=AXIS2_PLACEMENT_3D('',#844,#845,#846);
#482=EDGE_LOOP('',(#847,#848,#849,#850));
#483=EDGE_LOOP('',(#851,#852,#853,#854));
#484=EDGE_LOOP('',(#855,#856,#857,#858));
#485=EDGE_LOOP('',(#859,#860,#861,#862));
#486=EDGE_LOOP('',(#863,#864,#865,#866));
#487=AXIS2_PLACEMENT_3D('',#867,#868,#869);
#488=EDGE_LOOP('',(#870,#871,#872,#873));
#489=AXIS2_PLACEMENT_3D('',#874,#875,#876);
#490=EDGE_LOOP('',(#877,#878,#879,#880));
#491=AXIS2_PLACEMENT_3D('',#881,#882,#883);
#492=EDGE_LOOP('',(#884,#885,#886,#887));
#493=AXIS2_PLACEMENT_3D('',#888,#889,#890);
#494=EDGE_LOOP('',(#891,#892,#893,#894));
#495=AXIS2_PLACEMENT_3D('',#895,#896,#897);
#496=EDGE_LOOP('',(#898,#899,#900,#901));
#497=EDGE_LOOP('',(#902,#903,#904,#905));
#498=EDGE_LOOP('',(#906,#907,#908,#909));
#499=AXIS2_PLACEMENT_3D('',#910,#911,#912);
#500=EDGE_LOOP('',(#913,#914,#915,#916));
#501=AXIS2_PLACEMENT_3D('',#917,#918,#919);
#502=EDGE_LOOP('',(#920,#921,#922,#923));
#503=AXIS2_PLACEMENT_3D('',#924,#925,#926);
#504=EDGE_LOOP('',(#927,#928,#929,#930));
#505=AXIS2_PLACEMENT_3D('',#931,#932,#933);
#506=EDGE_LOOP('',(#934,#935,#936,#937));
#507=AXIS2_PLACEMENT_3D('',#938,#939,#940);
#508=EDGE_LOOP('',(#941,#942,#943,#944));
#509=AXIS2_PLACEMENT_3D('',#945,#946,#947);
#510=EDGE_LOOP('',(#948,#949,#950,#951));
#511=AXIS2_PLACEMENT_3D('',#952,#953,#954);
#512=EDGE_LOOP('',(#955,#956,#957,#958,#959,#960,#961));
#513=AXIS2_PLACEMENT_3D('',#962,#963,#964);
#514=EDGE_LOOP('',(#965,#966,#967,#968,#969,#970,#971));
#515=AXIS2_PLACEMENT_3D('',#972,#973,#974);
#516=EDGE_LOOP('',(#975,#976,#977,#978));
#517=AXIS2_PLACEMENT_3D('',#979,#980,#981);
#518=EDGE_LOOP('',(#982,#983,#984,#985));
#519=AXIS2_PLACEMENT_3D('',#986,#987,#988);
#520=EDGE_LOOP('',(#989,#990,#991,#992,#993));
#521=AXIS2_PLACEMENT_3D('',#994,#995,#996);
#522=EDGE_LOOP('',(#997,#998,#999,#1000,#1001,#1002));
#523=AXIS2_PLACEMENT_3D('',#1003,#1004,#1005);
#524=EDGE_LOOP('',(#1006,#1007,#1008,#1009,#1010,#1011));
#525=AXIS2_PLACEMENT_3D('',#1012,#1013,#1014);
#526=EDGE_LOOP('',(#1015,#1016,#1017,#1018));
#527=AXIS2_PLACEMENT_3D('',#1019,#1020,#1021);
#528=EDGE_LOOP('',(#1022,#1023,#1024,#1025,#1026,#1027));
#529=AXIS2_PLACEMENT_3D('',#1028,#1029,#1030);
#530=EDGE_LOOP('',(#1031,#1032,#1033,#1034,#1035,#1036));
#531=AXIS2_PLACEMENT_3D('',#1037,#1038,#1039);
#532=EDGE_LOOP('',(#1040,#1041,#1042,#1043,#1044));
#533=AXIS2_PLACEMENT_3D('',#1045,#1046,#1047);
#534=EDGE_LOOP('',(#1048,#1049,#1050,#1051,#1052,#1053));
#535=AXIS2_PLACEMENT_3D('',#1054,#1055,#1056);
#536=EDGE_LOOP('',(#1057,#1058,#1059,#1060,#1061,#1062));
#537=AXIS2_PLACEMENT_3D('',#1063,#1064,#1065);
#538=EDGE_LOOP('',(#1066,#1067,#1068,#1069));
#539=AXIS2_PLACEMENT_3D('',#1070,#1071,#1072);
#540=EDGE_LOOP('',(#1073,#1074,#1075,#1076,#1077,#1078));
#541=AXIS2_PLACEMENT_3D('',#1079,#1080,#1081);
#542=EDGE_LOOP('',(#1082,#1083,#1084,#1085,#1086,#1087));
#543=AXIS2_PLACEMENT_3D('',#1088,#1089,#1090);
#544=EDGE_LOOP('',(#1091,#1092,#1093,#1094));
#545=AXIS2_PLACEMENT_3D('',#1095,#1096,#1097);
#546=EDGE_LOOP('',(#1098,#1099,#1100,#1101));
#547=AXIS2_PLACEMENT_3D('',#1102,#1103,#1104);
#548=EDGE_LOOP('',(#1105,#1106,#1107,#1108));
#549=AXIS2_PLACEMENT_3D('',#1109,#1110,#1111);
#550=EDGE_LOOP('',(#1112,#1113,#1114,#1115));
#551=AXIS2_PLACEMENT_3D('',#1116,#1117,#1118);
#552=EDGE_LOOP('',(#1119,#1120,#1121,#1122));
#553=AXIS2_PLACEMENT_3D('',#1123,#1124,#1125);
#554=EDGE_LOOP('',(#1126,#1127,#1128,#1129));
#555=AXIS2_PLACEMENT_3D('',#1130,#1131,#1132);
#556=EDGE_LOOP('',(#1133,#1134,#1135,#1136));
#557=AXIS2_PLACEMENT_3D('',#1137,#1138,#1139);
#558=EDGE_LOOP('',(#1140,#1141,#1142,#1143));
#559=AXIS2_PLACEMENT_3D('',#1144,#1145,#1146);
#560=EDGE_LOOP('',(#1147,#1148,#1149,#1150));
#561=AXIS2_PLACEMENT_3D('',#1151,#1152,#1153);
#562=EDGE_LOOP('',(#1154,#1155,#1156,#1157));
#563=AXIS2_PLACEMENT_3D('',#1158,#1159,#1160);
#564=EDGE_LOOP('',(#1161,#1162,#1163,#1164));
#565=AXIS2_PLACEMENT_3D('',#1165,#1166,#1167);
#566=EDGE_LOOP('',(#1168,#1169,#1170,#1171));
#567=AXIS2_PLACEMENT_3D('',#1172,#1173,#1174);
#568=EDGE_LOOP('',(#1175,#1176,#1177,#1178,#1179,#1180));
#569=AXIS2_PLACEMENT_3D('',#1181,#1182,#1183);
#570=EDGE_LOOP('',(#1184,#1185,#1186,#1187,#1188,#1189));
#571=AXIS2_PLACEMENT_3D('',#1190,#1191,#1192);
#572=EDGE_LOOP('',(#1193,#1194,#1195,#1196));
#573=AXIS2_PLACEMENT_3D('',#1197,#1198,#1199);
#574=EDGE_LOOP('',(#1200,#1201,#1202,#1203));
#575=AXIS2_PLACEMENT_3D('',#1204,#1205,#1206);
#576=EDGE_LOOP('',(#1207,#1208,#1209,#1210));
#577=AXIS2_PLACEMENT_3D('',#1211,#1212,#1213);
#578=EDGE_LOOP('',(#1214,#1215,#1216,#1217));
#579=AXIS2_PLACEMENT_3D('',#1218,#1219,#1220);
#580=EDGE_LOOP('',(#1221,#1222,#1223,#1224));
#581=AXIS2_PLACEMENT_3D('',#1225,#1226,#1227);
#582=EDGE_LOOP('',(#1228,#1229,#1230,#1231));
#583=AXIS2_PLACEMENT_3D('',#1232,#1233,#1234);
#584=EDGE_LOOP('',(#1235,#1236,#1237,#1238));
#585=AXIS2_PLACEMENT_3D('',#1239,#1240,#1241);
#586=EDGE_LOOP('',(#1242,#1243,#1244,#1245));
#587=AXIS2_PLACEMENT_3D('',#1246,#1247,#1248);
#588=EDGE_LOOP('',(#1249,#1250,#1251,#1252,#1253,#1254));
#589=AXIS2_PLACEMENT_3D('',#1255,#1256,#1257);
#590=EDGE_LOOP('',(#1258,#1259,#1260,#1261,#1262,#1263));
#591=AXIS2_PLACEMENT_3D('',#1264,#1265,#1266);
#592=EDGE_LOOP('',(#1267,#1268,#1269,#1270));
#593=AXIS2_PLACEMENT_3D('',#1271,#1272,#1273);
#594=EDGE_LOOP('',(#1274,#1275,#1276,#1277));
#595=AXIS2_PLACEMENT_3D('',#1278,#1279,#1280);
#596=EDGE_LOOP('',(#1281,#1282,#1283,#1284));
#597=AXIS2_PLACEMENT_3D('',#1285,#1286,#1287);
#598=EDGE_LOOP('',(#1288,#1289,#1290,#1291));
#599=AXIS2_PLACEMENT_3D('',#1292,#1293,#1294);
#600=EDGE_LOOP('',(#1295,#1296,#1297,#1298));
#601=AXIS2_PLACEMENT_3D('',#1299,#1300,#1301);
#602=EDGE_LOOP('',(#1302,#1303,#1304,#1305));
#603=AXIS2_PLACEMENT_3D('',#1306,#1307,#1308);
#604=EDGE_LOOP('',(#1309,#1310,#1311,#1312));
#605=AXIS2_PLACEMENT_3D('',#1313,#1314,#1315);
#606=EDGE_LOOP('',(#1316,#1317,#1318,#1319));
#607=AXIS2_PLACEMENT_3D('',#1320,#1321,#1322);
#608=EDGE_LOOP('',(#1323,#1324,#1325,#1326));
#609=AXIS2_PLACEMENT_3D('',#1327,#1328,#1329);
#610=EDGE_LOOP('',(#1330,#1331,#1332,#1333));
#611=AXIS2_PLACEMENT_3D('',#1334,#1335,#1336);
#612=EDGE_LOOP('',(#1337,#1338,#1339,#1340));
#613=AXIS2_PLACEMENT_3D('',#1341,#1342,#1343);
#614=EDGE_LOOP('',(#1344,#1345,#1346,#1347));
#615=AXIS2_PLACEMENT_3D('',#1348,#1349,#1350);
#616=EDGE_LOOP('',(#1351,#1352,#1353,#1354));
#617=AXIS2_PLACEMENT_3D('',#1355,#1356,#1357);
#618=EDGE_LOOP('',(#1358,#1359,#1360,#1361));
#619=AXIS2_PLACEMENT_3D('',#1362,#1363,#1364);
#620=EDGE_LOOP('',(#1365,#1366,#1367,#1368));
#621=AXIS2_PLACEMENT_3D('',#1369,#1370,#1371);
#622=EDGE_LOOP('',(#1372,#1373,#1374,#1375));
#623=AXIS2_PLACEMENT_3D('',#1376,#1377,#1378);
#624=EDGE_LOOP('',(#1379,#1380,#1381,#1382));
#625=AXIS2_PLACEMENT_3D('',#1383,#1384,#1385);
#626=EDGE_LOOP('',(#1386,#1387,#1388,#1389));
#627=AXIS2_PLACEMENT_3D('',#1390,#1391,#1392);
#628=EDGE_LOOP('',(#1393,#1394,#1395,#1396));
#629=AXIS2_PLACEMENT_3D('',#1397,#1398,#1399);
#630=EDGE_LOOP('',(#1400,#1401,#1402,#1403));
#631=AXIS2_PLACEMENT_3D('',#1404,#1405,#1406);
#632=EDGE_LOOP('',(#1407,#1408,#1409,#1410,#1411,#1412));
#633=AXIS2_PLACEMENT_3D('',#1413,#1414,#1415);
#634=EDGE_LOOP('',(#1416,#1417,#1418,#1419,#1420,#1421));
#635=AXIS2_PLACEMENT_3D('',#1422,#1423,#1424);
#636=EDGE_LOOP('',(#1425,#1426,#1427,#1428));
#637=AXIS2_PLACEMENT_3D('',#1429,#1430,#1431);
#638=EDGE_LOOP('',(#1432,#1433,#1434,#1435));
#639=AXIS2_PLACEMENT_3D('',#1436,#1437,#1438);
#640=EDGE_LOOP('',(#1439,#1440,#1441,#1442));
#641=AXIS2_PLACEMENT_3D('',#1443,#1444,#1445);
#642=EDGE_LOOP('',(#1446,#1447,#1448,#1449,#1450,#1451));
#643=AXIS2_PLACEMENT_3D('',#1452,#1453,#1454);
#644=EDGE_LOOP('',(#1455,#1456,#1457,#1458,#1459,#1460));
#645=AXIS2_PLACEMENT_3D('',#1461,#1462,#1463);
#646=EDGE_LOOP('',(#1464,#1465,#1466,#1467));
#647=AXIS2_PLACEMENT_3D('',#1468,#1469,#1470);
#648=EDGE_LOOP('',(#1471,#1472,#1473,#1474));
#649=AXIS2_PLACEMENT_3D('',#1475,#1476,#1477);
#650=EDGE_LOOP('',(#1478,#1479,#1480,#1481));
#651=AXIS2_PLACEMENT_3D('',#1482,#1483,#1484);
#652=EDGE_LOOP('',(#1485,#1486,#1487,#1488,#1489,#1490));
#653=AXIS2_PLACEMENT_3D('',#1491,#1492,#1493);
#654=EDGE_LOOP('',(#1494,#1495,#1496,#1497,#1498,#1499));
#655=AXIS2_PLACEMENT_3D('',#1500,#1501,#1502);
#656=EDGE_LOOP('',(#1503,#1504,#1505,#1506));
#657=AXIS2_PLACEMENT_3D('',#1507,#1508,#1509);
#658=EDGE_LOOP('',(#1510,#1511,#1512,#1513));
#659=AXIS2_PLACEMENT_3D('',#1514,#1515,#1516);
#660=EDGE_LOOP('',(#1517,#1518,#1519,#1520));
#661=AXIS2_PLACEMENT_3D('',#1521,#1522,#1523);
#662=EDGE_LOOP('',(#1524,#1525,#1526,#1527));
#663=AXIS2_PLACEMENT_3D('',#1528,#1529,#1530);
#664=EDGE_LOOP('',(#1531,#1532,#1533,#1534,#1535,#1536));
#665=AXIS2_PLACEMENT_3D('',#1537,#1538,#1539);
#666=EDGE_LOOP('',(#1540,#1541,#1542,#1543,#1544,#1545));
#667=AXIS2_PLACEMENT_3D('',#1546,#1547,#1548);
#668=EDGE_LOOP('',(#1549,#1550,#1551,#1552));
#669=AXIS2_PLACEMENT_3D('',#1553,#1554,#1555);
#670=EDGE_LOOP('',(#1556,#1557,#1558,#1559));
#671=AXIS2_PLACEMENT_3D('',#1560,#1561,#1562);
#672=EDGE_LOOP('',(#1563,#1564,#1565,#1566,#1567,#1568));
#673=AXIS2_PLACEMENT_3D('',#1569,#1570,#1571);
#674=EDGE_LOOP('',(#1572,#1573,#1574,#1575,#1576,#1577));
#675=AXIS2_PLACEMENT_3D('',#1578,#1579,#1580);
#676=EDGE_LOOP('',(#1581,#1582,#1583,#1584));
#677=AXIS2_PLACEMENT_3D('',#1585,#1586,#1587);
#678=EDGE_LOOP('',(#1588,#1589,#1590,#1591));
#679=AXIS2_PLACEMENT_3D('',#1592,#1593,#1594);
#680=EDGE_LOOP('',(#1595,#1596,#1597,#1598,#1599,#1600));
#681=AXIS2_PLACEMENT_3D('',#1601,#1602,#1603);
#682=EDGE_LOOP('',(#1604,#1605,#1606,#1607,#1608,#1609));
#683=AXIS2_PLACEMENT_3D('',#1610,#1611,#1612);
#684=EDGE_LOOP('',(#1613,#1614,#1615,#1616));
#685=AXIS2_PLACEMENT_3D('',#1617,#1618,#1619);
#686=EDGE_LOOP('',(#1620,#1621,#1622,#1623));
#687=AXIS2_PLACEMENT_3D('',#1624,#1625,#1626);
#688=EDGE_LOOP('',(#1627,#1628,#1629,#1630));
#689=AXIS2_PLACEMENT_3D('',#1631,#1632,#1633);
#690=EDGE_LOOP('',(#1634,#1635,#1636,#1637));
#691=AXIS2_PLACEMENT_3D('',#1638,#1639,#1640);
#692=EDGE_LOOP('',(#1641,#1642,#1643,#1644));
#693=AXIS2_PLACEMENT_3D('',#1645,#1646,#1647);
#694=EDGE_LOOP('',(#1648,#1649,#1650,#1651));
#695=AXIS2_PLACEMENT_3D('',#1652,#1653,#1654);
#696=EDGE_LOOP('',(#1655,#1656,#1657,#1658));
#697=AXIS2_PLACEMENT_3D('',#1659,#1660,#1661);
#698=EDGE_LOOP('',(#1662,#1663,#1664,#1665));
#699=AXIS2_PLACEMENT_3D('',#1666,#1667,#1668);
#700=EDGE_LOOP('',(#1669,#1670,#1671,#1672));
#701=AXIS2_PLACEMENT_3D('',#1673,#1674,#1675);
#702=EDGE_LOOP('',(#1676,#1677,#1678,#1679));
#703=AXIS2_PLACEMENT_3D('',#1680,#1681,#1682);
#704=EDGE_LOOP('',(#1683,#1684,#1685,#1686));
#705=AXIS2_PLACEMENT_3D('',#1687,#1688,#1689);
#706=EDGE_LOOP('',(#1690,#1691,#1692,#1693));
#707=AXIS2_PLACEMENT_3D('',#1694,#1695,#1696);
#708=EDGE_LOOP('',(#1697,#1698,#1699,#1700));
#709=AXIS2_PLACEMENT_3D('',#1701,#1702,#1703);
#710=ORIENTED_EDGE('',*,*,#1704,.F.);
#711=ORIENTED_EDGE('',*,*,#1705,.T.);
#712=ORIENTED_EDGE('',*,*,#1706,.F.);
#713=ORIENTED_EDGE('',*,*,#1707,.T.);
#714=CARTESIAN_POINT('',(-2.87499999999995,3.95,2.075));
#715=DIRECTION('',(0.0,1.0,0.0));
#716=DIRECTION('',(0.0,0.0,-1.0));
#717=ORIENTED_EDGE('',*,*,#1708,.F.);
#718=ORIENTED_EDGE('',*,*,#1709,.T.);
#719=ORIENTED_EDGE('',*,*,#1710,.F.);
#720=ORIENTED_EDGE('',*,*,#1711,.T.);
#721=CARTESIAN_POINT('',(2.875,3.95,2.07500000000001));
#722=DIRECTION('',(0.0,1.0,0.0));
#723=DIRECTION('',(0.0,0.0,-1.0));
#724=ORIENTED_EDGE('',*,*,#1712,.F.);
#725=ORIENTED_EDGE('',*,*,#1713,.T.);
#726=ORIENTED_EDGE('',*,*,#1714,.T.);
#727=ORIENTED_EDGE('',*,*,#1715,.T.);
#728=CARTESIAN_POINT('',(2.875,3.95,1.12500000000001));
#729=DIRECTION('',(0.0,1.0,0.0));
#730=DIRECTION('',(0.0,0.0,-1.0));
#731=ORIENTED_EDGE('',*,*,#1716,.F.);
#732=ORIENTED_EDGE('',*,*,#1717,.T.);
#733=ORIENTED_EDGE('',*,*,#1718,.T.);
#734=ORIENTED_EDGE('',*,*,#1719,.T.);
#735=CARTESIAN_POINT('',(-2.87499999999995,3.95,1.125));
#736=DIRECTION('',(0.0,1.0,0.0));
#737=DIRECTION('',(0.0,0.0,-1.0));
#738=ORIENTED_EDGE('',*,*,#1720,.F.);
#739=ORIENTED_EDGE('',*,*,#1721,.T.);
#740=ORIENTED_EDGE('',*,*,#1722,.T.);
#741=ORIENTED_EDGE('',*,*,#1723,.F.);
#742=ORIENTED_EDGE('',*,*,#1724,.T.);
#743=ORIENTED_EDGE('',*,*,#1725,.T.);
#744=ORIENTED_EDGE('',*,*,#1726,.F.);
#745=ORIENTED_EDGE('',*,*,#1727,.F.);
#746=ORIENTED_EDGE('',*,*,#1728,.F.);
#747=ORIENTED_EDGE('',*,*,#1729,.F.);
#748=ORIENTED_EDGE('',*,*,#1730,.F.);
#749=ORIENTED_EDGE('',*,*,#1719,.F.);
#750=ORIENTED_EDGE('',*,*,#1731,.F.);
#751=ORIENTED_EDGE('',*,*,#1732,.F.);
#752=ORIENTED_EDGE('',*,*,#1733,.F.);
#753=ORIENTED_EDGE('',*,*,#1734,.F.);
#754=ORIENTED_EDGE('',*,*,#1715,.F.);
#755=ORIENTED_EDGE('',*,*,#1735,.F.);
#756=ORIENTED_EDGE('',*,*,#1736,.F.);
#757=ORIENTED_EDGE('',*,*,#1737,.F.);
#758=ORIENTED_EDGE('',*,*,#1709,.F.);
#759=ORIENTED_EDGE('',*,*,#1738,.F.);
#760=ORIENTED_EDGE('',*,*,#1739,.F.);
#761=ORIENTED_EDGE('',*,*,#1740,.F.);
#762=ORIENTED_EDGE('',*,*,#1741,.F.);
#763=ORIENTED_EDGE('',*,*,#1705,.F.);
#764=ORIENTED_EDGE('',*,*,#1742,.F.);
#765=ORIENTED_EDGE('',*,*,#1743,.F.);
#766=ORIENTED_EDGE('',*,*,#1744,.F.);
#767=ORIENTED_EDGE('',*,*,#1745,.T.);
#768=ORIENTED_EDGE('',*,*,#1746,.T.);
#769=ORIENTED_EDGE('',*,*,#1747,.F.);
#770=ORIENTED_EDGE('',*,*,#1748,.F.);
#771=ORIENTED_EDGE('',*,*,#1749,.T.);
#772=ORIENTED_EDGE('',*,*,#1750,.T.);
#773=ORIENTED_EDGE('',*,*,#1751,.F.);
#774=CARTESIAN_POINT('',(-2.87499999999995,3.95,1.125));
#775=DIRECTION('',(-0.0,1.0,0.0));
#776=DIRECTION('',(1.0,0.0,0.0));
#777=ORIENTED_EDGE('',*,*,#1752,.F.);
#778=ORIENTED_EDGE('',*,*,#1753,.F.);
#779=ORIENTED_EDGE('',*,*,#1754,.F.);
#780=ORIENTED_EDGE('',*,*,#1755,.F.);
#781=ORIENTED_EDGE('',*,*,#1756,.F.);
#782=ORIENTED_EDGE('',*,*,#1757,.F.);
#783=ORIENTED_EDGE('',*,*,#1758,.F.);
#784=ORIENTED_EDGE('',*,*,#1759,.F.);
#785=ORIENTED_EDGE('',*,*,#1760,.F.);
#786=ORIENTED_EDGE('',*,*,#1761,.F.);
#787=ORIENTED_EDGE('',*,*,#1762,.F.);
#788=ORIENTED_EDGE('',*,*,#1763,.F.);
#789=CARTESIAN_POINT('',(0.0,0.0,0.0));
#790=DIRECTION('',(0.0,0.0,1.0));
#791=DIRECTION('',(1.0,0.0,0.0));
#792=ORIENTED_EDGE('',*,*,#1764,.T.);
#793=ORIENTED_EDGE('',*,*,#1765,.T.);
#794=ORIENTED_EDGE('',*,*,#1766,.T.);
#795=ORIENTED_EDGE('',*,*,#1767,.T.);
#796=ORIENTED_EDGE('',*,*,#1768,.T.);
#797=ORIENTED_EDGE('',*,*,#1769,.T.);
#798=ORIENTED_EDGE('',*,*,#1770,.T.);
#799=ORIENTED_EDGE('',*,*,#1771,.T.);
#800=CARTESIAN_POINT('',(0.0,0.0,3.2));
#801=DIRECTION('',(0.0,0.0,1.0));
#802=DIRECTION('',(1.0,0.0,0.0));
#803=ORIENTED_EDGE('',*,*,#1772,.F.);
#804=ORIENTED_EDGE('',*,*,#1773,.T.);
#805=ORIENTED_EDGE('',*,*,#1774,.T.);
#806=ORIENTED_EDGE('',*,*,#1740,.T.);
#807=ORIENTED_EDGE('',*,*,#1775,.F.);
#808=ORIENTED_EDGE('',*,*,#1776,.T.);
#809=ORIENTED_EDGE('',*,*,#1777,.F.);
#810=ORIENTED_EDGE('',*,*,#1778,.T.);
#811=CARTESIAN_POINT('',(2.775,3.95,2.80000000000001));
#812=DIRECTION('',(-1.48467324520538E-15,0.0,1.0));
#813=DIRECTION('',(1.0,-0.0,1.48467324520538E-15));
#814=ORIENTED_EDGE('',*,*,#1779,.T.);
#815=ORIENTED_EDGE('',*,*,#1780,.T.);
#816=ORIENTED_EDGE('',*,*,#1764,.F.);
#817=ORIENTED_EDGE('',*,*,#1781,.T.);
#818=ORIENTED_EDGE('',*,*,#1752,.T.);
#819=ORIENTED_EDGE('',*,*,#1782,.F.);
#820=CARTESIAN_POINT('',(-3.375,5.2,3.2));
#821=DIRECTION('',(1.0,2.06514699521048E-16,0.0));
#822=DIRECTION('',(-2.06514699521048E-16,1.0,0.0));
#823=ORIENTED_EDGE('',*,*,#1783,.F.);
#824=ORIENTED_EDGE('',*,*,#1784,.T.);
#825=ORIENTED_EDGE('',*,*,#1785,.T.);
#826=ORIENTED_EDGE('',*,*,#1782,.T.);
#827=ORIENTED_EDGE('',*,*,#1755,.T.);
#828=ORIENTED_EDGE('',*,*,#1786,.F.);
#829=ORIENTED_EDGE('',*,*,#1787,.T.);
#830=ORIENTED_EDGE('',*,*,#1788,.T.);
#831=ORIENTED_EDGE('',*,*,#1789,.F.);
#832=ORIENTED_EDGE('',*,*,#1790,.T.);
#833=ORIENTED_EDGE('',*,*,#1791,.T.);
#834=ORIENTED_EDGE('',*,*,#1792,.T.);
#835=CARTESIAN_POINT('',(-3.375,1.0,3.2));
#836=DIRECTION('',(-0.0,1.0,0.0));
#837=DIRECTION('',(1.0,0.0,0.0));
#838=ORIENTED_EDGE('',*,*,#1793,.F.);
#839=ORIENTED_EDGE('',*,*,#1794,.T.);
#840=ORIENTED_EDGE('',*,*,#1786,.T.);
#841=ORIENTED_EDGE('',*,*,#1754,.T.);
#842=ORIENTED_EDGE('',*,*,#1795,.F.);
#843=ORIENTED_EDGE('',*,*,#1770,.F.);
#844=CARTESIAN_POINT('',(3.375,1.0,3.2));
#845=DIRECTION('',(-1.0,2.06514699521048E-16,0.0));
#846=DIRECTION('',(0.0,0.0,1.0));
#847=ORIENTED_EDGE('',*,*,#1796,.F.);
#848=ORIENTED_EDGE('',*,*,#1797,.T.);
#849=ORIENTED_EDGE('',*,*,#1798,.F.);
#850=ORIENTED_EDGE('',*,*,#1799,.F.);
#851=ORIENTED_EDGE('',*,*,#1800,.F.);
#852=ORIENTED_EDGE('',*,*,#1801,.T.);
#853=ORIENTED_EDGE('',*,*,#1802,.F.);
#854=ORIENTED_EDGE('',*,*,#1803,.F.);
#855=ORIENTED_EDGE('',*,*,#1804,.F.);
#856=ORIENTED_EDGE('',*,*,#1805,.T.);
#857=ORIENTED_EDGE('',*,*,#1806,.F.);
#858=ORIENTED_EDGE('',*,*,#1807,.F.);
#859=ORIENTED_EDGE('',*,*,#1808,.F.);
#860=ORIENTED_EDGE('',*,*,#1809,.T.);
#861=ORIENTED_EDGE('',*,*,#1810,.F.);
#862=ORIENTED_EDGE('',*,*,#1811,.F.);
#863=ORIENTED_EDGE('',*,*,#1753,.T.);
#864=ORIENTED_EDGE('',*,*,#1781,.F.);
#865=ORIENTED_EDGE('',*,*,#1771,.F.);
#866=ORIENTED_EDGE('',*,*,#1795,.T.);
#867=CARTESIAN_POINT('',(3.375,5.2,3.2));
#868=DIRECTION('',(0.0,-1.0,0.0));
#869=DIRECTION('',(0.0,0.0,-1.0));
#870=ORIENTED_EDGE('',*,*,#1783,.T.);
#871=ORIENTED_EDGE('',*,*,#1812,.T.);
#872=ORIENTED_EDGE('',*,*,#1728,.T.);
#873=ORIENTED_EDGE('',*,*,#1813,.F.);
#874=CARTESIAN_POINT('',(-3.075,3.95,2.025));
#875=DIRECTION('',(-1.0,0.0,0.0));
#876=DIRECTION('',(0.0,0.0,1.0));
#877=ORIENTED_EDGE('',*,*,#1812,.F.);
#878=ORIENTED_EDGE('',*,*,#1814,.T.);
#879=ORIENTED_EDGE('',*,*,#1815,.T.);
#880=ORIENTED_EDGE('',*,*,#1729,.T.);
#881=CARTESIAN_POINT('',(-3.075,3.95,1.175));
#882=DIRECTION('',(0.258496983796351,0.0,-0.966012064815026));
#883=DIRECTION('',(0.0,-1.0,0.0));
#884=ORIENTED_EDGE('',*,*,#1716,.T.);
#885=ORIENTED_EDGE('',*,*,#1730,.T.);
#886=ORIENTED_EDGE('',*,*,#1815,.F.);
#887=ORIENTED_EDGE('',*,*,#1816,.T.);
#888=CARTESIAN_POINT('',(-2.87499999999995,3.95,1.125));
#889=DIRECTION('',(0.0,1.0,0.0));
#890=DIRECTION('',(0.0,0.0,-1.0));
#891=ORIENTED_EDGE('',*,*,#1718,.F.);
#892=ORIENTED_EDGE('',*,*,#1817,.T.);
#893=ORIENTED_EDGE('',*,*,#1818,.T.);
#894=ORIENTED_EDGE('',*,*,#1731,.T.);
#895=CARTESIAN_POINT('',(-2.775,3.95,1.125));
#896=DIRECTION('',(-1.0,0.0,-1.19636101791504E-15));
#897=DIRECTION('',(-1.19636101791504E-15,0.0,1.0));
#898=ORIENTED_EDGE('',*,*,#1819,.F.);
#899=ORIENTED_EDGE('',*,*,#1820,.F.);
#900=ORIENTED_EDGE('',*,*,#1821,.F.);
#901=ORIENTED_EDGE('',*,*,#1822,.F.);
#902=ORIENTED_EDGE('',*,*,#1823,.F.);
#903=ORIENTED_EDGE('',*,*,#1824,.F.);
#904=ORIENTED_EDGE('',*,*,#1825,.F.);
#905=ORIENTED_EDGE('',*,*,#1826,.F.);
#906=ORIENTED_EDGE('',*,*,#1818,.F.);
#907=ORIENTED_EDGE('',*,*,#1827,.T.);
#908=ORIENTED_EDGE('',*,*,#1828,.T.);
#909=ORIENTED_EDGE('',*,*,#1732,.T.);
#910=CARTESIAN_POINT('',(-2.775,3.95,0.400000000000003));
#911=DIRECTION('',(1.60188429087948E-15,0.0,-1.0));
#912=DIRECTION('',(0.0,-1.0,0.0));
#913=ORIENTED_EDGE('',*,*,#1828,.F.);
#914=ORIENTED_EDGE('',*,*,#1829,.T.);
#915=ORIENTED_EDGE('',*,*,#1830,.T.);
#916=ORIENTED_EDGE('',*,*,#1733,.T.);
#917=CARTESIAN_POINT('',(2.775,3.95,0.400000000000012));
#918=DIRECTION('',(1.0,0.0,0.0));
#919=DIRECTION('',(0.0,1.0,0.0));
#920=ORIENTED_EDGE('',*,*,#1712,.T.);
#921=ORIENTED_EDGE('',*,*,#1734,.T.);
#922=ORIENTED_EDGE('',*,*,#1830,.F.);
#923=ORIENTED_EDGE('',*,*,#1831,.T.);
#924=CARTESIAN_POINT('',(2.875,3.95,1.12500000000001));
#925=DIRECTION('',(0.0,1.0,0.0));
#926=DIRECTION('',(0.0,0.0,-1.0));
#927=ORIENTED_EDGE('',*,*,#1714,.F.);
#928=ORIENTED_EDGE('',*,*,#1832,.T.);
#929=ORIENTED_EDGE('',*,*,#1833,.T.);
#930=ORIENTED_EDGE('',*,*,#1735,.T.);
#931=CARTESIAN_POINT('',(2.90084969837962,3.95,1.22160120648152));
#932=DIRECTION('',(-0.258496983796238,0.0,-0.966012064815056));
#933=DIRECTION('',(-0.966012064815056,0.0,0.258496983796238));
#934=ORIENTED_EDGE('',*,*,#1789,.T.);
#935=ORIENTED_EDGE('',*,*,#1834,.T.);
#936=ORIENTED_EDGE('',*,*,#1736,.T.);
#937=ORIENTED_EDGE('',*,*,#1833,.F.);
#938=CARTESIAN_POINT('',(3.075,3.95,1.17500000000001));
#939=DIRECTION('',(1.0,0.0,0.0));
#940=DIRECTION('',(0.0,1.0,0.0));
#941=ORIENTED_EDGE('',*,*,#1834,.F.);
#942=ORIENTED_EDGE('',*,*,#1835,.T.);
#943=ORIENTED_EDGE('',*,*,#1710,.T.);
#944=ORIENTED_EDGE('',*,*,#1737,.T.);
#945=CARTESIAN_POINT('',(3.075,3.95,2.02500000000001));
#946=DIRECTION('',(-0.258496983796238,0.0,0.966012064815056));
#947=DIRECTION('',(0.0,1.0,0.0));
#948=ORIENTED_EDGE('',*,*,#1708,.T.);
#949=ORIENTED_EDGE('',*,*,#1836,.T.);
#950=ORIENTED_EDGE('',*,*,#1837,.T.);
#951=ORIENTED_EDGE('',*,*,#1738,.T.);
#952=CARTESIAN_POINT('',(2.875,3.95,2.07500000000001));
#953=DIRECTION('',(0.0,1.0,0.0));
#954=DIRECTION('',(0.0,0.0,-1.0));
#955=ORIENTED_EDGE('',*,*,#1837,.F.);
#956=ORIENTED_EDGE('',*,*,#1838,.T.);
#957=ORIENTED_EDGE('',*,*,#1839,.T.);
#958=ORIENTED_EDGE('',*,*,#1840,.F.);
#959=ORIENTED_EDGE('',*,*,#1841,.T.);
#960=ORIENTED_EDGE('',*,*,#1775,.T.);
#961=ORIENTED_EDGE('',*,*,#1739,.T.);
#962=CARTESIAN_POINT('',(2.775,3.95,2.07500000000002));
#963=DIRECTION('',(1.0,0.0,0.0));
#964=DIRECTION('',(0.0,1.0,0.0));
#965=ORIENTED_EDGE('',*,*,#1842,.F.);
#966=ORIENTED_EDGE('',*,*,#1843,.T.);
#967=ORIENTED_EDGE('',*,*,#1706,.T.);
#968=ORIENTED_EDGE('',*,*,#1741,.T.);
#969=ORIENTED_EDGE('',*,*,#1774,.F.);
#970=ORIENTED_EDGE('',*,*,#1844,.T.);
#971=ORIENTED_EDGE('',*,*,#1845,.F.);
#972=CARTESIAN_POINT('',(-2.775,3.95,2.8));
#973=DIRECTION('',(-1.0,0.0,1.19636101791504E-15));
#974=DIRECTION('',(0.0,1.0,0.0));
#975=ORIENTED_EDGE('',*,*,#1704,.T.);
#976=ORIENTED_EDGE('',*,*,#1846,.T.);
#977=ORIENTED_EDGE('',*,*,#1847,.T.);
#978=ORIENTED_EDGE('',*,*,#1742,.T.);
#979=CARTESIAN_POINT('',(-2.87499999999995,3.95,2.075));
#980=DIRECTION('',(0.0,1.0,0.0));
#981=DIRECTION('',(0.0,0.0,-1.0));
#982=ORIENTED_EDGE('',*,*,#1847,.F.);
#983=ORIENTED_EDGE('',*,*,#1848,.T.);
#984=ORIENTED_EDGE('',*,*,#1813,.T.);
#985=ORIENTED_EDGE('',*,*,#1743,.T.);
#986=CARTESIAN_POINT('',(-2.90084969837958,3.95,1.97839879351846));
#987=DIRECTION('',(0.258496983796351,0.0,0.966012064815026));
#988=DIRECTION('',(0.0,-1.0,0.0));
#989=ORIENTED_EDGE('',*,*,#1785,.F.);
#990=ORIENTED_EDGE('',*,*,#1849,.T.);
#991=ORIENTED_EDGE('',*,*,#1842,.T.);
#992=ORIENTED_EDGE('',*,*,#1850,.T.);
#993=ORIENTED_EDGE('',*,*,#1779,.F.);
#994=CARTESIAN_POINT('',(0.0,0.0,2.8));
#995=DIRECTION('',(0.0,0.0,1.0));
#996=DIRECTION('',(1.0,0.0,0.0));
#997=ORIENTED_EDGE('',*,*,#1845,.T.);
#998=ORIENTED_EDGE('',*,*,#1851,.T.);
#999=ORIENTED_EDGE('',*,*,#1852,.F.);
#1000=ORIENTED_EDGE('',*,*,#1765,.F.);
#1001=ORIENTED_EDGE('',*,*,#1780,.F.);
#1002=ORIENTED_EDGE('',*,*,#1850,.F.);
#1003=CARTESIAN_POINT('',(-3.375,2.0,2.8));
#1004=DIRECTION('',(0.0,-1.0,0.0));
#1005=DIRECTION('',(0.0,0.0,-1.0));
#1006=ORIENTED_EDGE('',*,*,#1852,.T.);
#1007=ORIENTED_EDGE('',*,*,#1853,.T.);
#1008=ORIENTED_EDGE('',*,*,#1772,.T.);
#1009=ORIENTED_EDGE('',*,*,#1854,.T.);
#1010=ORIENTED_EDGE('',*,*,#1855,.F.);
#1011=ORIENTED_EDGE('',*,*,#1766,.F.);
#1012=CARTESIAN_POINT('',(-2.425,2.0,2.8));
#1013=DIRECTION('',(1.0,0.0,0.0));
#1014=DIRECTION('',(0.0,1.0,0.0));
#1015=ORIENTED_EDGE('',*,*,#1855,.T.);
#1016=ORIENTED_EDGE('',*,*,#1856,.T.);
#1017=ORIENTED_EDGE('',*,*,#1857,.F.);
#1018=ORIENTED_EDGE('',*,*,#1767,.F.);
#1019=CARTESIAN_POINT('',(-2.425,2.6,2.8));
#1020=DIRECTION('',(8.94187358750931E-17,-1.0,0.0));
#1021=DIRECTION('',(0.0,0.0,-1.0));
#1022=ORIENTED_EDGE('',*,*,#1777,.T.);
#1023=ORIENTED_EDGE('',*,*,#1858,.T.);
#1024=ORIENTED_EDGE('',*,*,#1859,.F.);
#1025=ORIENTED_EDGE('',*,*,#1768,.F.);
#1026=ORIENTED_EDGE('',*,*,#1857,.T.);
#1027=ORIENTED_EDGE('',*,*,#1860,.T.);
#1028=CARTESIAN_POINT('',(2.425,2.6,2.8));
#1029=DIRECTION('',(-1.0,0.0,0.0));
#1030=DIRECTION('',(0.0,0.0,1.0));
#1031=ORIENTED_EDGE('',*,*,#1859,.T.);
#1032=ORIENTED_EDGE('',*,*,#1861,.T.);
#1033=ORIENTED_EDGE('',*,*,#1840,.T.);
#1034=ORIENTED_EDGE('',*,*,#1862,.F.);
#1035=ORIENTED_EDGE('',*,*,#1793,.T.);
#1036=ORIENTED_EDGE('',*,*,#1769,.F.);
#1037=CARTESIAN_POINT('',(2.425,2.0,2.8));
#1038=DIRECTION('',(-9.13012355777269E-16,-1.0,0.0));
#1039=DIRECTION('',(-1.0,9.13012355777269E-16,0.0));
#1040=ORIENTED_EDGE('',*,*,#1839,.F.);
#1041=ORIENTED_EDGE('',*,*,#1863,.T.);
#1042=ORIENTED_EDGE('',*,*,#1787,.F.);
#1043=ORIENTED_EDGE('',*,*,#1794,.F.);
#1044=ORIENTED_EDGE('',*,*,#1862,.T.);
#1045=CARTESIAN_POINT('',(0.0,0.0,2.8));
#1046=DIRECTION('',(0.0,0.0,1.0));
#1047=DIRECTION('',(1.0,0.0,0.0));
#1048=ORIENTED_EDGE('',*,*,#1849,.F.);
#1049=ORIENTED_EDGE('',*,*,#1784,.F.);
#1050=ORIENTED_EDGE('',*,*,#1848,.F.);
#1051=ORIENTED_EDGE('',*,*,#1846,.F.);
#1052=ORIENTED_EDGE('',*,*,#1707,.F.);
#1053=ORIENTED_EDGE('',*,*,#1843,.F.);
#1054=CARTESIAN_POINT('',(-2.775,1.2,2.8));
#1055=DIRECTION('',(-0.554700196225229,0.832050294337843,6.6362169139369E-16));
#1056=DIRECTION('',(1.19636101791504E-15,0.0,1.0));
#1057=ORIENTED_EDGE('',*,*,#1831,.F.);
#1058=ORIENTED_EDGE('',*,*,#1829,.F.);
#1059=ORIENTED_EDGE('',*,*,#1864,.F.);
#1060=ORIENTED_EDGE('',*,*,#1790,.F.);
#1061=ORIENTED_EDGE('',*,*,#1832,.F.);
#1062=ORIENTED_EDGE('',*,*,#1713,.F.);
#1063=CARTESIAN_POINT('',(2.775,1.2,0.400000000000012));
#1064=DIRECTION('',(0.55470019622523,0.832050294337843,0.0));
#1065=DIRECTION('',(0.0,0.0,-1.0));
#1066=ORIENTED_EDGE('',*,*,#1864,.T.);
#1067=ORIENTED_EDGE('',*,*,#1827,.F.);
#1068=ORIENTED_EDGE('',*,*,#1865,.F.);
#1069=ORIENTED_EDGE('',*,*,#1791,.F.);
#1070=CARTESIAN_POINT('',(-2.775,1.2,0.400000000000003));
#1071=DIRECTION('',(1.13270324475709E-15,0.707106781186547,-0.707106781186548));
#1072=DIRECTION('',(-1.0,0.0,-1.60188429087949E-15));
#1073=ORIENTED_EDGE('',*,*,#1814,.F.);
#1074=ORIENTED_EDGE('',*,*,#1792,.F.);
#1075=ORIENTED_EDGE('',*,*,#1865,.T.);
#1076=ORIENTED_EDGE('',*,*,#1817,.F.);
#1077=ORIENTED_EDGE('',*,*,#1717,.F.);
#1078=ORIENTED_EDGE('',*,*,#1816,.F.);
#1079=CARTESIAN_POINT('',(-2.775,1.2,1.125));
#1080=DIRECTION('',(-0.554700196225229,0.832050294337844,-6.6362169139369E-16));
#1081=DIRECTION('',(-1.19636101791504E-15,0.0,1.0));
#1082=ORIENTED_EDGE('',*,*,#1835,.F.);
#1083=ORIENTED_EDGE('',*,*,#1788,.F.);
#1084=ORIENTED_EDGE('',*,*,#1863,.F.);
#1085=ORIENTED_EDGE('',*,*,#1838,.F.);
#1086=ORIENTED_EDGE('',*,*,#1836,.F.);
#1087=ORIENTED_EDGE('',*,*,#1711,.F.);
#1088=CARTESIAN_POINT('',(2.775,1.2,2.07500000000002));
#1089=DIRECTION('',(0.55470019622523,0.832050294337843,0.0));
#1090=DIRECTION('',(0.0,0.0,-1.0));
#1091=ORIENTED_EDGE('',*,*,#1844,.F.);
#1092=ORIENTED_EDGE('',*,*,#1773,.F.);
#1093=ORIENTED_EDGE('',*,*,#1853,.F.);
#1094=ORIENTED_EDGE('',*,*,#1851,.F.);
#1095=CARTESIAN_POINT('',(-3.375,2.0,3.0));
#1096=DIRECTION('',(1.04982251953096E-15,-0.707106781186548,-0.707106781186547));
#1097=DIRECTION('',(0.0,0.707106781186547,-0.707106781186548));
#1098=ORIENTED_EDGE('',*,*,#1858,.F.);
#1099=ORIENTED_EDGE('',*,*,#1776,.F.);
#1100=ORIENTED_EDGE('',*,*,#1841,.F.);
#1101=ORIENTED_EDGE('',*,*,#1861,.F.);
#1102=CARTESIAN_POINT('',(2.425,2.0,3.00000000000001));
#1103=DIRECTION('',(4.04225291453746E-16,-0.707106781186548,-0.707106781186547));
#1104=DIRECTION('',(0.0,0.707106781186547,-0.707106781186548));
#1105=ORIENTED_EDGE('',*,*,#1854,.F.);
#1106=ORIENTED_EDGE('',*,*,#1778,.F.);
#1107=ORIENTED_EDGE('',*,*,#1860,.F.);
#1108=ORIENTED_EDGE('',*,*,#1856,.F.);
#1109=CARTESIAN_POINT('',(-2.425,2.6,3.0));
#1110=DIRECTION('',(1.11305111403337E-15,-0.707106781186547,-0.707106781186548));
#1111=DIRECTION('',(0.0,-0.707106781186548,0.707106781186547));
#1112=ORIENTED_EDGE('',*,*,#1824,.T.);
#1113=ORIENTED_EDGE('',*,*,#1866,.F.);
#1114=ORIENTED_EDGE('',*,*,#1757,.T.);
#1115=ORIENTED_EDGE('',*,*,#1867,.T.);
#1116=CARTESIAN_POINT('',(0.7,2.45,3.96000000000012));
#1117=DIRECTION('',(-1.0,7.54227598250786E-16,0.0));
#1118=DIRECTION('',(0.0,0.0,1.0));
#1119=ORIENTED_EDGE('',*,*,#1825,.T.);
#1120=ORIENTED_EDGE('',*,*,#1867,.F.);
#1121=ORIENTED_EDGE('',*,*,#1756,.T.);
#1122=ORIENTED_EDGE('',*,*,#1868,.T.);
#1123=CARTESIAN_POINT('',(0.700000000000001,3.6,3.96000000000012));
#1124=DIRECTION('',(-0.0,1.0,0.0));
#1125=DIRECTION('',(1.0,0.0,0.0));
#1126=ORIENTED_EDGE('',*,*,#1826,.T.);
#1127=ORIENTED_EDGE('',*,*,#1868,.F.);
#1128=ORIENTED_EDGE('',*,*,#1759,.T.);
#1129=ORIENTED_EDGE('',*,*,#1869,.T.);
#1130=CARTESIAN_POINT('',(1.8,3.6,3.96000000000012));
#1131=DIRECTION('',(1.0,0.0,0.0));
#1132=DIRECTION('',(0.0,1.0,0.0));
#1133=ORIENTED_EDGE('',*,*,#1823,.T.);
#1134=ORIENTED_EDGE('',*,*,#1869,.F.);
#1135=ORIENTED_EDGE('',*,*,#1758,.T.);
#1136=ORIENTED_EDGE('',*,*,#1866,.T.);
#1137=CARTESIAN_POINT('',(1.8,2.45,3.96000000000012));
#1138=DIRECTION('',(-7.88510670898548E-16,-1.0,0.0));
#1139=DIRECTION('',(-1.0,7.88510670898548E-16,0.0));
#1140=ORIENTED_EDGE('',*,*,#1820,.T.);
#1141=ORIENTED_EDGE('',*,*,#1870,.T.);
#1142=ORIENTED_EDGE('',*,*,#1760,.T.);
#1143=ORIENTED_EDGE('',*,*,#1871,.F.);
#1144=CARTESIAN_POINT('',(-1.8,2.45,3.96000000000012));
#1145=DIRECTION('',(-1.0,7.54227598250786E-16,0.0));
#1146=DIRECTION('',(0.0,0.0,1.0));
#1147=ORIENTED_EDGE('',*,*,#1821,.T.);
#1148=ORIENTED_EDGE('',*,*,#1871,.T.);
#1149=ORIENTED_EDGE('',*,*,#1763,.T.);
#1150=ORIENTED_EDGE('',*,*,#1872,.F.);
#1151=CARTESIAN_POINT('',(-1.8,3.6,3.96000000000012));
#1152=DIRECTION('',(-0.0,1.0,0.0));
#1153=DIRECTION('',(1.0,0.0,0.0));
#1154=ORIENTED_EDGE('',*,*,#1822,.T.);
#1155=ORIENTED_EDGE('',*,*,#1872,.T.);
#1156=ORIENTED_EDGE('',*,*,#1762,.T.);
#1157=ORIENTED_EDGE('',*,*,#1873,.F.);
#1158=CARTESIAN_POINT('',(-0.7,3.6,3.96000000000012));
#1159=DIRECTION('',(1.0,0.0,0.0));
#1160=DIRECTION('',(0.0,1.0,0.0));
#1161=ORIENTED_EDGE('',*,*,#1819,.T.);
#1162=ORIENTED_EDGE('',*,*,#1873,.T.);
#1163=ORIENTED_EDGE('',*,*,#1761,.T.);
#1164=ORIENTED_EDGE('',*,*,#1870,.F.);
#1165=CARTESIAN_POINT('',(-0.7,2.45,3.96000000000012));
#1166=DIRECTION('',(-7.88510670898548E-16,-1.0,0.0));
#1167=DIRECTION('',(-1.0,7.88510670898548E-16,0.0));
#1168=ORIENTED_EDGE('',*,*,#1874,.T.);
#1169=ORIENTED_EDGE('',*,*,#1875,.T.);
#1170=ORIENTED_EDGE('',*,*,#1876,.T.);
#1171=ORIENTED_EDGE('',*,*,#1877,.T.);
#1172=CARTESIAN_POINT('',(2.035,1.7,1.525));
#1173=DIRECTION('',(0.0,1.0,2.89120579329468E-16));
#1174=DIRECTION('',(0.0,2.89120579329468E-16,-1.0));
#1175=ORIENTED_EDGE('',*,*,#1878,.T.);
#1176=ORIENTED_EDGE('',*,*,#1879,.T.);
#1177=ORIENTED_EDGE('',*,*,#1880,.T.);
#1178=ORIENTED_EDGE('',*,*,#1724,.F.);
#1179=ORIENTED_EDGE('',*,*,#1881,.T.);
#1180=ORIENTED_EDGE('',*,*,#1882,.T.);
#1181=CARTESIAN_POINT('',(2.035,0.0,0.0));
#1182=DIRECTION('',(1.0,0.0,0.0));
#1183=DIRECTION('',(0.0,1.0,0.0));
#1184=ORIENTED_EDGE('',*,*,#1883,.F.);
#1185=ORIENTED_EDGE('',*,*,#1884,.T.);
#1186=ORIENTED_EDGE('',*,*,#1885,.T.);
#1187=ORIENTED_EDGE('',*,*,#1886,.T.);
#1188=ORIENTED_EDGE('',*,*,#1887,.F.);
#1189=ORIENTED_EDGE('',*,*,#1726,.T.);
#1190=CARTESIAN_POINT('',(1.715,0.0,0.0));
#1191=DIRECTION('',(1.0,0.0,0.0));
#1192=DIRECTION('',(0.0,1.0,0.0));
#1193=ORIENTED_EDGE('',*,*,#1887,.T.);
#1194=ORIENTED_EDGE('',*,*,#1888,.T.);
#1195=ORIENTED_EDGE('',*,*,#1881,.F.);
#1196=ORIENTED_EDGE('',*,*,#1727,.T.);
#1197=CARTESIAN_POINT('',(2.035,3.95,1.525));
#1198=DIRECTION('',(0.0,9.63735264431559E-17,-1.0));
#1199=DIRECTION('',(-1.0,0.0,0.0));
#1200=ORIENTED_EDGE('',*,*,#1880,.F.);
#1201=ORIENTED_EDGE('',*,*,#1889,.T.);
#1202=ORIENTED_EDGE('',*,*,#1883,.T.);
#1203=ORIENTED_EDGE('',*,*,#1725,.F.);
#1204=CARTESIAN_POINT('',(2.035,1.7,0.775));
#1205=DIRECTION('',(0.0,9.63735264431559E-17,1.0));
#1206=DIRECTION('',(0.0,-1.0,9.63735264431559E-17));
#1207=ORIENTED_EDGE('',*,*,#1890,.T.);
#1208=ORIENTED_EDGE('',*,*,#1891,.T.);
#1209=ORIENTED_EDGE('',*,*,#1892,.F.);
#1210=ORIENTED_EDGE('',*,*,#1808,.T.);
#1211=CARTESIAN_POINT('',(2.035,3.95,0.975));
#1212=DIRECTION('',(0.0,0.0,1.0));
#1213=DIRECTION('',(1.0,0.0,0.0));
#1214=ORIENTED_EDGE('',*,*,#1893,.F.);
#1215=ORIENTED_EDGE('',*,*,#1894,.T.);
#1216=ORIENTED_EDGE('',*,*,#1895,.T.);
#1217=ORIENTED_EDGE('',*,*,#1810,.T.);
#1218=CARTESIAN_POINT('',(2.035,7.5,1.325));
#1219=DIRECTION('',(0.0,0.0,-1.0));
#1220=DIRECTION('',(0.0,-1.0,0.0));
#1221=ORIENTED_EDGE('',*,*,#1892,.T.);
#1222=ORIENTED_EDGE('',*,*,#1896,.T.);
#1223=ORIENTED_EDGE('',*,*,#1893,.T.);
#1224=ORIENTED_EDGE('',*,*,#1809,.F.);
#1225=CARTESIAN_POINT('',(2.035,0.0,0.0));
#1226=DIRECTION('',(1.0,0.0,0.0));
#1227=DIRECTION('',(0.0,1.0,0.0));
#1228=ORIENTED_EDGE('',*,*,#1895,.F.);
#1229=ORIENTED_EDGE('',*,*,#1897,.T.);
#1230=ORIENTED_EDGE('',*,*,#1890,.F.);
#1231=ORIENTED_EDGE('',*,*,#1811,.T.);
#1232=CARTESIAN_POINT('',(1.715,0.0,0.0));
#1233=DIRECTION('',(1.0,0.0,0.0));
#1234=DIRECTION('',(0.0,1.0,0.0));
#1235=ORIENTED_EDGE('',*,*,#1898,.T.);
#1236=ORIENTED_EDGE('',*,*,#1899,.T.);
#1237=ORIENTED_EDGE('',*,*,#1900,.T.);
#1238=ORIENTED_EDGE('',*,*,#1901,.T.);
#1239=CARTESIAN_POINT('',(2.035,7.5,0.975));
#1240=DIRECTION('',(0.0,-1.0,0.0));
#1241=DIRECTION('',(0.0,0.0,-1.0));
#1242=ORIENTED_EDGE('',*,*,#1902,.T.);
#1243=ORIENTED_EDGE('',*,*,#1878,.F.);
#1244=ORIENTED_EDGE('',*,*,#1903,.T.);
#1245=ORIENTED_EDGE('',*,*,#1876,.F.);
#1246=CARTESIAN_POINT('',(2.035,2.1,6.07153216591883E-16));
#1247=DIRECTION('',(0.96420539280379,-0.265156483021042,-7.6662195984008E-17));
#1248=DIRECTION('',(0.0,2.89120579329468E-16,-1.0));
#1249=ORIENTED_EDGE('',*,*,#1888,.F.);
#1250=ORIENTED_EDGE('',*,*,#1886,.F.);
#1251=ORIENTED_EDGE('',*,*,#1904,.F.);
#1252=ORIENTED_EDGE('',*,*,#1877,.F.);
#1253=ORIENTED_EDGE('',*,*,#1903,.F.);
#1254=ORIENTED_EDGE('',*,*,#1882,.F.);
#1255=CARTESIAN_POINT('',(2.035,1.7,1.325));
#1256=DIRECTION('',(0.0,0.196116135138184,-0.98058067569092));
#1257=DIRECTION('',(-1.0,0.0,0.0));
#1258=ORIENTED_EDGE('',*,*,#1902,.F.);
#1259=ORIENTED_EDGE('',*,*,#1875,.F.);
#1260=ORIENTED_EDGE('',*,*,#1905,.F.);
#1261=ORIENTED_EDGE('',*,*,#1884,.F.);
#1262=ORIENTED_EDGE('',*,*,#1889,.F.);
#1263=ORIENTED_EDGE('',*,*,#1879,.F.);
#1264=CARTESIAN_POINT('',(2.035,2.4,0.775));
#1265=DIRECTION('',(0.0,0.209529088730874,0.977802414077409));
#1266=DIRECTION('',(1.0,-0.0,0.0));
#1267=ORIENTED_EDGE('',*,*,#1904,.T.);
#1268=ORIENTED_EDGE('',*,*,#1885,.F.);
#1269=ORIENTED_EDGE('',*,*,#1905,.T.);
#1270=ORIENTED_EDGE('',*,*,#1874,.F.);
#1271=CARTESIAN_POINT('',(1.825,1.7,1.525));
#1272=DIRECTION('',(0.96420539280379,0.265156483021042,7.6662195984008E-17));
#1273=DIRECTION('',(0.0,2.89120579329468E-16,-1.0));
#1274=ORIENTED_EDGE('',*,*,#1906,.F.);
#1275=ORIENTED_EDGE('',*,*,#1896,.F.);
#1276=ORIENTED_EDGE('',*,*,#1907,.F.);
#1277=ORIENTED_EDGE('',*,*,#1898,.F.);
#1278=CARTESIAN_POINT('',(2.035,6.9,0.0));
#1279=DIRECTION('',(0.992277876713668,0.124034734589208,0.0));
#1280=DIRECTION('',(0.0,0.0,-1.0));
#1281=ORIENTED_EDGE('',*,*,#1907,.T.);
#1282=ORIENTED_EDGE('',*,*,#1891,.F.);
#1283=ORIENTED_EDGE('',*,*,#1908,.F.);
#1284=ORIENTED_EDGE('',*,*,#1899,.F.);
#1285=CARTESIAN_POINT('',(2.035,7.5,1.085));
#1286=DIRECTION('',(0.0,-0.180327868852459,0.983606557377049));
#1287=DIRECTION('',(-1.0,0.0,0.0));
#1288=ORIENTED_EDGE('',*,*,#1906,.T.);
#1289=ORIENTED_EDGE('',*,*,#1901,.F.);
#1290=ORIENTED_EDGE('',*,*,#1909,.F.);
#1291=ORIENTED_EDGE('',*,*,#1894,.F.);
#1292=CARTESIAN_POINT('',(2.035,6.9,1.325));
#1293=DIRECTION('',(0.0,-0.180327868852459,-0.983606557377049));
#1294=DIRECTION('',(0.0,-0.983606557377049,0.180327868852459));
#1295=ORIENTED_EDGE('',*,*,#1908,.T.);
#1296=ORIENTED_EDGE('',*,*,#1897,.F.);
#1297=ORIENTED_EDGE('',*,*,#1909,.T.);
#1298=ORIENTED_EDGE('',*,*,#1900,.F.);
#1299=CARTESIAN_POINT('',(1.79,7.5,0.975));
#1300=DIRECTION('',(0.992277876713668,-0.124034734589208,0.0));
#1301=DIRECTION('',(0.0,0.0,-1.0));
#1302=ORIENTED_EDGE('',*,*,#1910,.T.);
#1303=ORIENTED_EDGE('',*,*,#1911,.T.);
#1304=ORIENTED_EDGE('',*,*,#1912,.T.);
#1305=ORIENTED_EDGE('',*,*,#1913,.T.);
#1306=CARTESIAN_POINT('',(-1.715,7.5,0.975));
#1307=DIRECTION('',(0.0,-1.0,0.0));
#1308=DIRECTION('',(0.0,0.0,-1.0));
#1309=ORIENTED_EDGE('',*,*,#1914,.T.);
#1310=ORIENTED_EDGE('',*,*,#1915,.T.);
#1311=ORIENTED_EDGE('',*,*,#1916,.T.);
#1312=ORIENTED_EDGE('',*,*,#1805,.F.);
#1313=CARTESIAN_POINT('',(-1.715,0.0,0.0));
#1314=DIRECTION('',(1.0,0.0,0.0));
#1315=DIRECTION('',(0.0,1.0,0.0));
#1316=ORIENTED_EDGE('',*,*,#1917,.F.);
#1317=ORIENTED_EDGE('',*,*,#1918,.T.);
#1318=ORIENTED_EDGE('',*,*,#1919,.F.);
#1319=ORIENTED_EDGE('',*,*,#1807,.T.);
#1320=CARTESIAN_POINT('',(-2.035,0.0,0.0));
#1321=DIRECTION('',(1.0,0.0,0.0));
#1322=DIRECTION('',(0.0,1.0,0.0));
#1323=ORIENTED_EDGE('',*,*,#1916,.F.);
#1324=ORIENTED_EDGE('',*,*,#1920,.T.);
#1325=ORIENTED_EDGE('',*,*,#1917,.T.);
#1326=ORIENTED_EDGE('',*,*,#1806,.T.);
#1327=CARTESIAN_POINT('',(-1.715,7.5,1.325));
#1328=DIRECTION('',(0.0,0.0,-1.0));
#1329=DIRECTION('',(0.0,-1.0,0.0));
#1330=ORIENTED_EDGE('',*,*,#1919,.T.);
#1331=ORIENTED_EDGE('',*,*,#1921,.T.);
#1332=ORIENTED_EDGE('',*,*,#1914,.F.);
#1333=ORIENTED_EDGE('',*,*,#1804,.T.);
#1334=CARTESIAN_POINT('',(-1.715,3.95,0.975));
#1335=DIRECTION('',(0.0,0.0,1.0));
#1336=DIRECTION('',(1.0,0.0,0.0));
#1337=ORIENTED_EDGE('',*,*,#1922,.T.);
#1338=ORIENTED_EDGE('',*,*,#1923,.T.);
#1339=ORIENTED_EDGE('',*,*,#1924,.T.);
#1340=ORIENTED_EDGE('',*,*,#1925,.T.);
#1341=CARTESIAN_POINT('',(-0.465,7.5,0.975));
#1342=DIRECTION('',(0.0,-1.0,0.0));
#1343=DIRECTION('',(0.0,0.0,-1.0));
#1344=ORIENTED_EDGE('',*,*,#1926,.T.);
#1345=ORIENTED_EDGE('',*,*,#1927,.T.);
#1346=ORIENTED_EDGE('',*,*,#1928,.T.);
#1347=ORIENTED_EDGE('',*,*,#1801,.F.);
#1348=CARTESIAN_POINT('',(-0.465,0.0,0.0));
#1349=DIRECTION('',(1.0,0.0,0.0));
#1350=DIRECTION('',(0.0,1.0,0.0));
#1351=ORIENTED_EDGE('',*,*,#1929,.F.);
#1352=ORIENTED_EDGE('',*,*,#1930,.T.);
#1353=ORIENTED_EDGE('',*,*,#1931,.F.);
#1354=ORIENTED_EDGE('',*,*,#1803,.T.);
#1355=CARTESIAN_POINT('',(-0.785,0.0,0.0));
#1356=DIRECTION('',(1.0,0.0,0.0));
#1357=DIRECTION('',(0.0,1.0,0.0));
#1358=ORIENTED_EDGE('',*,*,#1928,.F.);
#1359=ORIENTED_EDGE('',*,*,#1932,.T.);
#1360=ORIENTED_EDGE('',*,*,#1929,.T.);
#1361=ORIENTED_EDGE('',*,*,#1802,.T.);
#1362=CARTESIAN_POINT('',(-0.465,7.5,1.325));
#1363=DIRECTION('',(0.0,0.0,-1.0));
#1364=DIRECTION('',(0.0,-1.0,0.0));
#1365=ORIENTED_EDGE('',*,*,#1931,.T.);
#1366=ORIENTED_EDGE('',*,*,#1933,.T.);
#1367=ORIENTED_EDGE('',*,*,#1926,.F.);
#1368=ORIENTED_EDGE('',*,*,#1800,.T.);
#1369=CARTESIAN_POINT('',(-0.465,3.95,0.975));
#1370=DIRECTION('',(0.0,0.0,1.0));
#1371=DIRECTION('',(1.0,0.0,0.0));
#1372=ORIENTED_EDGE('',*,*,#1934,.T.);
#1373=ORIENTED_EDGE('',*,*,#1935,.T.);
#1374=ORIENTED_EDGE('',*,*,#1936,.T.);
#1375=ORIENTED_EDGE('',*,*,#1937,.T.);
#1376=CARTESIAN_POINT('',(0.785,7.5,0.975));
#1377=DIRECTION('',(0.0,-1.0,0.0));
#1378=DIRECTION('',(0.0,0.0,-1.0));
#1379=ORIENTED_EDGE('',*,*,#1938,.T.);
#1380=ORIENTED_EDGE('',*,*,#1939,.T.);
#1381=ORIENTED_EDGE('',*,*,#1940,.T.);
#1382=ORIENTED_EDGE('',*,*,#1797,.F.);
#1383=CARTESIAN_POINT('',(0.785,0.0,0.0));
#1384=DIRECTION('',(1.0,0.0,0.0));
#1385=DIRECTION('',(0.0,1.0,0.0));
#1386=ORIENTED_EDGE('',*,*,#1941,.F.);
#1387=ORIENTED_EDGE('',*,*,#1942,.T.);
#1388=ORIENTED_EDGE('',*,*,#1943,.F.);
#1389=ORIENTED_EDGE('',*,*,#1799,.T.);
#1390=CARTESIAN_POINT('',(0.465,0.0,0.0));
#1391=DIRECTION('',(1.0,0.0,0.0));
#1392=DIRECTION('',(0.0,1.0,0.0));
#1393=ORIENTED_EDGE('',*,*,#1940,.F.);
#1394=ORIENTED_EDGE('',*,*,#1944,.T.);
#1395=ORIENTED_EDGE('',*,*,#1941,.T.);
#1396=ORIENTED_EDGE('',*,*,#1798,.T.);
#1397=CARTESIAN_POINT('',(0.785,7.5,1.325));
#1398=DIRECTION('',(0.0,0.0,-1.0));
#1399=DIRECTION('',(0.0,-1.0,0.0));
#1400=ORIENTED_EDGE('',*,*,#1943,.T.);
#1401=ORIENTED_EDGE('',*,*,#1945,.T.);
#1402=ORIENTED_EDGE('',*,*,#1938,.F.);
#1403=ORIENTED_EDGE('',*,*,#1796,.T.);
#1404=CARTESIAN_POINT('',(0.785,3.95,0.975));
#1405=DIRECTION('',(0.0,0.0,1.0));
#1406=DIRECTION('',(1.0,0.0,0.0));
#1407=ORIENTED_EDGE('',*,*,#1946,.T.);
#1408=ORIENTED_EDGE('',*,*,#1947,.T.);
#1409=ORIENTED_EDGE('',*,*,#1948,.T.);
#1410=ORIENTED_EDGE('',*,*,#1745,.F.);
#1411=ORIENTED_EDGE('',*,*,#1949,.T.);
#1412=ORIENTED_EDGE('',*,*,#1950,.T.);
#1413=CARTESIAN_POINT('',(-1.715,0.0,0.0));
#1414=DIRECTION('',(1.0,0.0,0.0));
#1415=DIRECTION('',(0.0,1.0,0.0));
#1416=ORIENTED_EDGE('',*,*,#1951,.F.);
#1417=ORIENTED_EDGE('',*,*,#1952,.T.);
#1418=ORIENTED_EDGE('',*,*,#1953,.T.);
#1419=ORIENTED_EDGE('',*,*,#1954,.T.);
#1420=ORIENTED_EDGE('',*,*,#1955,.F.);
#1421=ORIENTED_EDGE('',*,*,#1747,.T.);
#1422=CARTESIAN_POINT('',(-2.035,0.0,0.0));
#1423=DIRECTION('',(1.0,0.0,0.0));
#1424=DIRECTION('',(0.0,1.0,0.0));
#1425=ORIENTED_EDGE('',*,*,#1956,.T.);
#1426=ORIENTED_EDGE('',*,*,#1957,.T.);
#1427=ORIENTED_EDGE('',*,*,#1958,.T.);
#1428=ORIENTED_EDGE('',*,*,#1959,.T.);
#1429=CARTESIAN_POINT('',(-1.715,1.7,1.525));
#1430=DIRECTION('',(0.0,1.0,2.89120579329468E-16));
#1431=DIRECTION('',(0.0,2.89120579329468E-16,-1.0));
#1432=ORIENTED_EDGE('',*,*,#1948,.F.);
#1433=ORIENTED_EDGE('',*,*,#1960,.T.);
#1434=ORIENTED_EDGE('',*,*,#1951,.T.);
#1435=ORIENTED_EDGE('',*,*,#1746,.F.);
#1436=CARTESIAN_POINT('',(-1.715,1.7,0.775));
#1437=DIRECTION('',(0.0,9.63735264431559E-17,1.0));
#1438=DIRECTION('',(0.0,-1.0,9.63735264431559E-17));
#1439=ORIENTED_EDGE('',*,*,#1955,.T.);
#1440=ORIENTED_EDGE('',*,*,#1961,.T.);
#1441=ORIENTED_EDGE('',*,*,#1949,.F.);
#1442=ORIENTED_EDGE('',*,*,#1744,.T.);
#1443=CARTESIAN_POINT('',(-1.715,3.95,1.525));
#1444=DIRECTION('',(0.0,9.63735264431559E-17,-1.0));
#1445=DIRECTION('',(-1.0,0.0,0.0));
#1446=ORIENTED_EDGE('',*,*,#1962,.T.);
#1447=ORIENTED_EDGE('',*,*,#1963,.T.);
#1448=ORIENTED_EDGE('',*,*,#1964,.T.);
#1449=ORIENTED_EDGE('',*,*,#1721,.F.);
#1450=ORIENTED_EDGE('',*,*,#1965,.T.);
#1451=ORIENTED_EDGE('',*,*,#1966,.T.);
#1452=CARTESIAN_POINT('',(-0.465,0.0,0.0));
#1453=DIRECTION('',(1.0,0.0,0.0));
#1454=DIRECTION('',(0.0,1.0,0.0));
#1455=ORIENTED_EDGE('',*,*,#1967,.F.);
#1456=ORIENTED_EDGE('',*,*,#1968,.T.);
#1457=ORIENTED_EDGE('',*,*,#1969,.T.);
#1458=ORIENTED_EDGE('',*,*,#1970,.T.);
#1459=ORIENTED_EDGE('',*,*,#1971,.F.);
#1460=ORIENTED_EDGE('',*,*,#1723,.T.);
#1461=CARTESIAN_POINT('',(-0.785,0.0,0.0));
#1462=DIRECTION('',(1.0,0.0,0.0));
#1463=DIRECTION('',(0.0,1.0,0.0));
#1464=ORIENTED_EDGE('',*,*,#1972,.T.);
#1465=ORIENTED_EDGE('',*,*,#1973,.T.);
#1466=ORIENTED_EDGE('',*,*,#1974,.T.);
#1467=ORIENTED_EDGE('',*,*,#1975,.T.);
#1468=CARTESIAN_POINT('',(-0.465,1.7,1.525));
#1469=DIRECTION('',(0.0,1.0,2.89120579329468E-16));
#1470=DIRECTION('',(0.0,2.89120579329468E-16,-1.0));
#1471=ORIENTED_EDGE('',*,*,#1964,.F.);
#1472=ORIENTED_EDGE('',*,*,#1976,.T.);
#1473=ORIENTED_EDGE('',*,*,#1967,.T.);
#1474=ORIENTED_EDGE('',*,*,#1722,.F.);
#1475=CARTESIAN_POINT('',(-0.465,1.7,0.775));
#1476=DIRECTION('',(0.0,9.63735264431559E-17,1.0));
#1477=DIRECTION('',(0.0,-1.0,9.63735264431559E-17));
#1478=ORIENTED_EDGE('',*,*,#1971,.T.);
#1479=ORIENTED_EDGE('',*,*,#1977,.T.);
#1480=ORIENTED_EDGE('',*,*,#1965,.F.);
#1481=ORIENTED_EDGE('',*,*,#1720,.T.);
#1482=CARTESIAN_POINT('',(-0.465,3.95,1.525));
#1483=DIRECTION('',(0.0,9.63735264431559E-17,-1.0));
#1484=DIRECTION('',(-1.0,0.0,0.0));
#1485=ORIENTED_EDGE('',*,*,#1978,.T.);
#1486=ORIENTED_EDGE('',*,*,#1979,.T.);
#1487=ORIENTED_EDGE('',*,*,#1980,.T.);
#1488=ORIENTED_EDGE('',*,*,#1749,.F.);
#1489=ORIENTED_EDGE('',*,*,#1981,.T.);
#1490=ORIENTED_EDGE('',*,*,#1982,.T.);
#1491=CARTESIAN_POINT('',(0.785,0.0,0.0));
#1492=DIRECTION('',(1.0,0.0,0.0));
#1493=DIRECTION('',(0.0,1.0,0.0));
#1494=ORIENTED_EDGE('',*,*,#1983,.F.);
#1495=ORIENTED_EDGE('',*,*,#1984,.T.);
#1496=ORIENTED_EDGE('',*,*,#1985,.T.);
#1497=ORIENTED_EDGE('',*,*,#1986,.T.);
#1498=ORIENTED_EDGE('',*,*,#1987,.F.);
#1499=ORIENTED_EDGE('',*,*,#1751,.T.);
#1500=CARTESIAN_POINT('',(0.465,0.0,0.0));
#1501=DIRECTION('',(1.0,0.0,0.0));
#1502=DIRECTION('',(0.0,1.0,0.0));
#1503=ORIENTED_EDGE('',*,*,#1988,.T.);
#1504=ORIENTED_EDGE('',*,*,#1989,.T.);
#1505=ORIENTED_EDGE('',*,*,#1990,.T.);
#1506=ORIENTED_EDGE('',*,*,#1991,.T.);
#1507=CARTESIAN_POINT('',(0.785,1.7,1.525));
#1508=DIRECTION('',(0.0,1.0,2.89120579329468E-16));
#1509=DIRECTION('',(0.0,2.89120579329468E-16,-1.0));
#1510=ORIENTED_EDGE('',*,*,#1980,.F.);
#1511=ORIENTED_EDGE('',*,*,#1992,.T.);
#1512=ORIENTED_EDGE('',*,*,#1983,.T.);
#1513=ORIENTED_EDGE('',*,*,#1750,.F.);
#1514=CARTESIAN_POINT('',(0.785,1.7,0.775));
#1515=DIRECTION('',(0.0,9.63735264431559E-17,1.0));
#1516=DIRECTION('',(0.0,-1.0,9.63735264431559E-17));
#1517=ORIENTED_EDGE('',*,*,#1987,.T.);
#1518=ORIENTED_EDGE('',*,*,#1993,.T.);
#1519=ORIENTED_EDGE('',*,*,#1981,.F.);
#1520=ORIENTED_EDGE('',*,*,#1748,.T.);
#1521=CARTESIAN_POINT('',(0.785,3.95,1.525));
#1522=DIRECTION('',(0.0,9.63735264431559E-17,-1.0));
#1523=DIRECTION('',(-1.0,0.0,0.0));
#1524=ORIENTED_EDGE('',*,*,#1994,.F.);
#1525=ORIENTED_EDGE('',*,*,#1946,.F.);
#1526=ORIENTED_EDGE('',*,*,#1995,.F.);
#1527=ORIENTED_EDGE('',*,*,#1958,.F.);
#1528=CARTESIAN_POINT('',(-1.715,2.1,6.07153216591883E-16));
#1529=DIRECTION('',(0.96420539280379,-0.265156483021042,-7.6662195984008E-17));
#1530=DIRECTION('',(0.0,2.89120579329468E-16,-1.0));
#1531=ORIENTED_EDGE('',*,*,#1961,.F.);
#1532=ORIENTED_EDGE('',*,*,#1954,.F.);
#1533=ORIENTED_EDGE('',*,*,#1996,.F.);
#1534=ORIENTED_EDGE('',*,*,#1959,.F.);
#1535=ORIENTED_EDGE('',*,*,#1995,.T.);
#1536=ORIENTED_EDGE('',*,*,#1950,.F.);
#1537=CARTESIAN_POINT('',(-1.715,1.7,1.325));
#1538=DIRECTION('',(0.0,0.196116135138184,-0.98058067569092));
#1539=DIRECTION('',(-1.0,0.0,0.0));
#1540=ORIENTED_EDGE('',*,*,#1994,.T.);
#1541=ORIENTED_EDGE('',*,*,#1957,.F.);
#1542=ORIENTED_EDGE('',*,*,#1997,.F.);
#1543=ORIENTED_EDGE('',*,*,#1952,.F.);
#1544=ORIENTED_EDGE('',*,*,#1960,.F.);
#1545=ORIENTED_EDGE('',*,*,#1947,.F.);
#1546=CARTESIAN_POINT('',(-1.715,2.4,0.775));
#1547=DIRECTION('',(0.0,0.209529088730874,0.977802414077409));
#1548=DIRECTION('',(1.0,-0.0,0.0));
#1549=ORIENTED_EDGE('',*,*,#1996,.T.);
#1550=ORIENTED_EDGE('',*,*,#1953,.F.);
#1551=ORIENTED_EDGE('',*,*,#1997,.T.);
#1552=ORIENTED_EDGE('',*,*,#1956,.F.);
#1553=CARTESIAN_POINT('',(-1.925,1.7,1.525));
#1554=DIRECTION('',(0.96420539280379,0.265156483021042,7.6662195984008E-17));
#1555=DIRECTION('',(0.0,2.89120579329468E-16,-1.0));
#1556=ORIENTED_EDGE('',*,*,#1998,.F.);
#1557=ORIENTED_EDGE('',*,*,#1962,.F.);
#1558=ORIENTED_EDGE('',*,*,#1999,.F.);
#1559=ORIENTED_EDGE('',*,*,#1974,.F.);
#1560=CARTESIAN_POINT('',(-0.465,2.1,6.07153216591883E-16));
#1561=DIRECTION('',(0.96420539280379,-0.265156483021042,-7.66621959840079E-17));
#1562=DIRECTION('',(0.0,2.89120579329468E-16,-1.0));
#1563=ORIENTED_EDGE('',*,*,#1977,.F.);
#1564=ORIENTED_EDGE('',*,*,#1970,.F.);
#1565=ORIENTED_EDGE('',*,*,#2000,.F.);
#1566=ORIENTED_EDGE('',*,*,#1975,.F.);
#1567=ORIENTED_EDGE('',*,*,#1999,.T.);
#1568=ORIENTED_EDGE('',*,*,#1966,.F.);
#1569=CARTESIAN_POINT('',(-0.465,1.7,1.325));
#1570=DIRECTION('',(0.0,0.196116135138184,-0.98058067569092));
#1571=DIRECTION('',(-1.0,0.0,0.0));
#1572=ORIENTED_EDGE('',*,*,#1998,.T.);
#1573=ORIENTED_EDGE('',*,*,#1973,.F.);
#1574=ORIENTED_EDGE('',*,*,#2001,.F.);
#1575=ORIENTED_EDGE('',*,*,#1968,.F.);
#1576=ORIENTED_EDGE('',*,*,#1976,.F.);
#1577=ORIENTED_EDGE('',*,*,#1963,.F.);
#1578=CARTESIAN_POINT('',(-0.465,2.4,0.775));
#1579=DIRECTION('',(0.0,0.209529088730874,0.977802414077409));
#1580=DIRECTION('',(1.0,-0.0,0.0));
#1581=ORIENTED_EDGE('',*,*,#2000,.T.);
#1582=ORIENTED_EDGE('',*,*,#1969,.F.);
#1583=ORIENTED_EDGE('',*,*,#2001,.T.);
#1584=ORIENTED_EDGE('',*,*,#1972,.F.);
#1585=CARTESIAN_POINT('',(-0.675,1.7,1.525));
#1586=DIRECTION('',(0.964205392803791,0.265156483021042,7.66621959840079E-17));
#1587=DIRECTION('',(0.0,2.89120579329468E-16,-1.0));
#1588=ORIENTED_EDGE('',*,*,#2002,.F.);
#1589=ORIENTED_EDGE('',*,*,#1978,.F.);
#1590=ORIENTED_EDGE('',*,*,#2003,.F.);
#1591=ORIENTED_EDGE('',*,*,#1990,.F.);
#1592=CARTESIAN_POINT('',(0.785,2.1,6.07153216591883E-16));
#1593=DIRECTION('',(0.96420539280379,-0.265156483021042,-7.66621959840079E-17));
#1594=DIRECTION('',(0.0,2.89120579329468E-16,-1.0));
#1595=ORIENTED_EDGE('',*,*,#1993,.F.);
#1596=ORIENTED_EDGE('',*,*,#1986,.F.);
#1597=ORIENTED_EDGE('',*,*,#2004,.F.);
#1598=ORIENTED_EDGE('',*,*,#1991,.F.);
#1599=ORIENTED_EDGE('',*,*,#2003,.T.);
#1600=ORIENTED_EDGE('',*,*,#1982,.F.);
#1601=CARTESIAN_POINT('',(0.785,1.7,1.325));
#1602=DIRECTION('',(0.0,0.196116135138184,-0.98058067569092));
#1603=DIRECTION('',(-1.0,0.0,0.0));
#1604=ORIENTED_EDGE('',*,*,#2002,.T.);
#1605=ORIENTED_EDGE('',*,*,#1989,.F.);
#1606=ORIENTED_EDGE('',*,*,#2005,.F.);
#1607=ORIENTED_EDGE('',*,*,#1984,.F.);
#1608=ORIENTED_EDGE('',*,*,#1992,.F.);
#1609=ORIENTED_EDGE('',*,*,#1979,.F.);
#1610=CARTESIAN_POINT('',(0.785,2.4,0.775));
#1611=DIRECTION('',(0.0,0.209529088730874,0.977802414077409));
#1612=DIRECTION('',(1.0,-0.0,0.0));
#1613=ORIENTED_EDGE('',*,*,#2004,.T.);
#1614=ORIENTED_EDGE('',*,*,#1985,.F.);
#1615=ORIENTED_EDGE('',*,*,#2005,.T.);
#1616=ORIENTED_EDGE('',*,*,#1988,.F.);
#1617=CARTESIAN_POINT('',(0.575,1.7,1.525));
#1618=DIRECTION('',(0.96420539280379,0.265156483021042,7.66621959840079E-17));
#1619=DIRECTION('',(0.0,2.89120579329468E-16,-1.0));
#1620=ORIENTED_EDGE('',*,*,#2006,.F.);
#1621=ORIENTED_EDGE('',*,*,#1915,.F.);
#1622=ORIENTED_EDGE('',*,*,#2007,.F.);
#1623=ORIENTED_EDGE('',*,*,#1910,.F.);
#1624=CARTESIAN_POINT('',(-1.715,6.9,0.0));
#1625=DIRECTION('',(0.992277876713668,0.124034734589208,0.0));
#1626=DIRECTION('',(0.0,0.0,-1.0));
#1627=ORIENTED_EDGE('',*,*,#2007,.T.);
#1628=ORIENTED_EDGE('',*,*,#1921,.F.);
#1629=ORIENTED_EDGE('',*,*,#2008,.F.);
#1630=ORIENTED_EDGE('',*,*,#1911,.F.);
#1631=CARTESIAN_POINT('',(-1.715,7.5,1.085));
#1632=DIRECTION('',(0.0,-0.180327868852459,0.983606557377049));
#1633=DIRECTION('',(-1.0,0.0,0.0));
#1634=ORIENTED_EDGE('',*,*,#2006,.T.);
#1635=ORIENTED_EDGE('',*,*,#1913,.F.);
#1636=ORIENTED_EDGE('',*,*,#2009,.F.);
#1637=ORIENTED_EDGE('',*,*,#1920,.F.);
#1638=CARTESIAN_POINT('',(-1.715,6.9,1.325));
#1639=DIRECTION('',(0.0,-0.180327868852459,-0.983606557377049));
#1640=DIRECTION('',(0.0,-0.983606557377049,0.180327868852459));
#1641=ORIENTED_EDGE('',*,*,#2008,.T.);
#1642=ORIENTED_EDGE('',*,*,#1918,.F.);
#1643=ORIENTED_EDGE('',*,*,#2009,.T.);
#1644=ORIENTED_EDGE('',*,*,#1912,.F.);
#1645=CARTESIAN_POINT('',(-1.96,7.5,0.975));
#1646=DIRECTION('',(0.992277876713668,-0.124034734589208,0.0));
#1647=DIRECTION('',(0.0,0.0,-1.0));
#1648=ORIENTED_EDGE('',*,*,#2010,.F.);
#1649=ORIENTED_EDGE('',*,*,#1927,.F.);
#1650=ORIENTED_EDGE('',*,*,#2011,.F.);
#1651=ORIENTED_EDGE('',*,*,#1922,.F.);
#1652=CARTESIAN_POINT('',(-0.465,6.9,0.0));
#1653=DIRECTION('',(0.992277876713668,0.124034734589208,0.0));
#1654=DIRECTION('',(0.0,0.0,-1.0));
#1655=ORIENTED_EDGE('',*,*,#2011,.T.);
#1656=ORIENTED_EDGE('',*,*,#1933,.F.);
#1657=ORIENTED_EDGE('',*,*,#2012,.F.);
#1658=ORIENTED_EDGE('',*,*,#1923,.F.);
#1659=CARTESIAN_POINT('',(-0.465,7.5,1.085));
#1660=DIRECTION('',(0.0,-0.180327868852459,0.983606557377049));
#1661=DIRECTION('',(-1.0,0.0,0.0));
#1662=ORIENTED_EDGE('',*,*,#2010,.T.);
#1663=ORIENTED_EDGE('',*,*,#1925,.F.);
#1664=ORIENTED_EDGE('',*,*,#2013,.F.);
#1665=ORIENTED_EDGE('',*,*,#1932,.F.);
#1666=CARTESIAN_POINT('',(-0.465,6.9,1.325));
#1667=DIRECTION('',(0.0,-0.180327868852459,-0.983606557377049));
#1668=DIRECTION('',(0.0,-0.983606557377049,0.180327868852459));
#1669=ORIENTED_EDGE('',*,*,#2012,.T.);
#1670=ORIENTED_EDGE('',*,*,#1930,.F.);
#1671=ORIENTED_EDGE('',*,*,#2013,.T.);
#1672=ORIENTED_EDGE('',*,*,#1924,.F.);
#1673=CARTESIAN_POINT('',(-0.71,7.5,0.975));
#1674=DIRECTION('',(0.992277876713668,-0.124034734589208,0.0));
#1675=DIRECTION('',(0.0,0.0,-1.0));
#1676=ORIENTED_EDGE('',*,*,#2014,.F.);
#1677=ORIENTED_EDGE('',*,*,#1939,.F.);
#1678=ORIENTED_EDGE('',*,*,#2015,.F.);
#1679=ORIENTED_EDGE('',*,*,#1934,.F.);
#1680=CARTESIAN_POINT('',(0.785,6.9,0.0));
#1681=DIRECTION('',(0.992277876713668,0.124034734589208,0.0));
#1682=DIRECTION('',(0.0,0.0,-1.0));
#1683=ORIENTED_EDGE('',*,*,#2015,.T.);
#1684=ORIENTED_EDGE('',*,*,#1945,.F.);
#1685=ORIENTED_EDGE('',*,*,#2016,.F.);
#1686=ORIENTED_EDGE('',*,*,#1935,.F.);
#1687=CARTESIAN_POINT('',(0.785,7.5,1.085));
#1688=DIRECTION('',(0.0,-0.180327868852459,0.983606557377049));
#1689=DIRECTION('',(-1.0,0.0,0.0));
#1690=ORIENTED_EDGE('',*,*,#2014,.T.);
#1691=ORIENTED_EDGE('',*,*,#1937,.F.);
#1692=ORIENTED_EDGE('',*,*,#2017,.F.);
#1693=ORIENTED_EDGE('',*,*,#1944,.F.);
#1694=CARTESIAN_POINT('',(0.785,6.9,1.325));
#1695=DIRECTION('',(0.0,-0.180327868852459,-0.983606557377049));
#1696=DIRECTION('',(0.0,-0.983606557377049,0.180327868852459));
#1697=ORIENTED_EDGE('',*,*,#2016,.T.);
#1698=ORIENTED_EDGE('',*,*,#1942,.F.);
#1699=ORIENTED_EDGE('',*,*,#2017,.T.);
#1700=ORIENTED_EDGE('',*,*,#1936,.F.);
#1701=CARTESIAN_POINT('',(0.54,7.5,0.975));
#1702=DIRECTION('',(0.992277876713668,-0.124034734589208,0.0));
#1703=DIRECTION('',(0.0,0.0,-1.0));
#1704=EDGE_CURVE('',#2018,#2019,#2020,.T.);
#1705=EDGE_CURVE('',#2018,#2021,#2022,.T.);
#1706=EDGE_CURVE('',#2023,#2021,#2024,.T.);
#1707=EDGE_CURVE('',#2023,#2019,#2025,.T.);
#1708=EDGE_CURVE('',#2026,#2027,#2028,.T.);
#1709=EDGE_CURVE('',#2026,#2029,#2030,.T.);
#1710=EDGE_CURVE('',#2031,#2029,#2032,.T.);
#1711=EDGE_CURVE('',#2031,#2027,#2033,.T.);
#1712=EDGE_CURVE('',#2034,#2035,#2036,.T.);
#1713=EDGE_CURVE('',#2034,#2037,#2038,.T.);
#1714=EDGE_CURVE('',#2037,#2039,#2040,.T.);
#1715=EDGE_CURVE('',#2039,#2035,#2041,.T.);
#1716=EDGE_CURVE('',#2042,#2043,#2044,.T.);
#1717=EDGE_CURVE('',#2042,#2045,#2046,.T.);
#1718=EDGE_CURVE('',#2045,#2047,#2048,.T.);
#1719=EDGE_CURVE('',#2047,#2043,#2049,.T.);
#1720=EDGE_CURVE('',#2050,#2051,#2052,.T.);
#1721=EDGE_CURVE('',#2050,#2053,#2054,.T.);
#1722=EDGE_CURVE('',#2053,#2055,#2056,.T.);
#1723=EDGE_CURVE('',#2051,#2055,#2057,.T.);
#1724=EDGE_CURVE('',#2058,#2059,#2060,.T.);
#1725=EDGE_CURVE('',#2059,#2061,#2062,.T.);
#1726=EDGE_CURVE('',#2063,#2061,#2064,.T.);
#1727=EDGE_CURVE('',#2058,#2063,#2065,.T.);
#1728=EDGE_CURVE('',#2066,#2067,#2068,.T.);
#1729=EDGE_CURVE('',#2069,#2066,#2070,.T.);
#1730=EDGE_CURVE('',#2043,#2069,#2071,.T.);
#1731=EDGE_CURVE('',#2072,#2047,#2073,.T.);
#1732=EDGE_CURVE('',#2074,#2072,#2075,.T.);
#1733=EDGE_CURVE('',#2076,#2074,#2077,.T.);
#1734=EDGE_CURVE('',#2035,#2076,#2078,.T.);
#1735=EDGE_CURVE('',#2079,#2039,#2080,.T.);
#1736=EDGE_CURVE('',#2081,#2079,#2082,.T.);
#1737=EDGE_CURVE('',#2029,#2081,#2083,.T.);
#1738=EDGE_CURVE('',#2084,#2026,#2085,.T.);
#1739=EDGE_CURVE('',#2086,#2084,#2087,.T.);
#1740=EDGE_CURVE('',#2088,#2086,#2089,.T.);
#1741=EDGE_CURVE('',#2021,#2088,#2090,.T.);
#1742=EDGE_CURVE('',#2091,#2018,#2092,.T.);
#1743=EDGE_CURVE('',#2067,#2091,#2093,.T.);
#1744=EDGE_CURVE('',#2094,#2095,#2096,.T.);
#1745=EDGE_CURVE('',#2094,#2097,#2098,.T.);
#1746=EDGE_CURVE('',#2097,#2099,#2100,.T.);
#1747=EDGE_CURVE('',#2095,#2099,#2101,.T.);
#1748=EDGE_CURVE('',#2102,#2103,#2104,.T.);
#1749=EDGE_CURVE('',#2102,#2105,#2106,.T.);
#1750=EDGE_CURVE('',#2105,#2107,#2108,.T.);
#1751=EDGE_CURVE('',#2103,#2107,#2109,.T.);
#1752=EDGE_CURVE('',#2110,#2111,#2112,.T.);
#1753=EDGE_CURVE('',#2113,#2110,#2114,.T.);
#1754=EDGE_CURVE('',#2115,#2113,#2116,.T.);
#1755=EDGE_CURVE('',#2111,#2115,#2117,.T.);
#1756=EDGE_CURVE('',#2118,#2119,#2120,.T.);
#1757=EDGE_CURVE('',#2121,#2118,#2122,.T.);
#1758=EDGE_CURVE('',#2123,#2121,#2124,.T.);
#1759=EDGE_CURVE('',#2119,#2123,#2125,.T.);
#1760=EDGE_CURVE('',#2126,#2127,#2128,.T.);
#1761=EDGE_CURVE('',#2129,#2126,#2130,.T.);
#1762=EDGE_CURVE('',#2131,#2129,#2132,.T.);
#1763=EDGE_CURVE('',#2127,#2131,#2133,.T.);
#1764=EDGE_CURVE('',#2134,#2135,#2136,.T.);
#1765=EDGE_CURVE('',#2135,#2137,#2138,.T.);
#1766=EDGE_CURVE('',#2137,#2139,#2140,.T.);
#1767=EDGE_CURVE('',#2139,#2141,#2142,.T.);
#1768=EDGE_CURVE('',#2141,#2143,#2144,.T.);
#1769=EDGE_CURVE('',#2143,#2145,#2146,.T.);
#1770=EDGE_CURVE('',#2145,#2147,#2148,.T.);
#1771=EDGE_CURVE('',#2147,#2134,#2149,.T.);
#1772=EDGE_CURVE('',#2150,#2151,#2152,.T.);
#1773=EDGE_CURVE('',#2150,#2153,#2154,.T.);
#1774=EDGE_CURVE('',#2153,#2088,#2155,.T.);
#1775=EDGE_CURVE('',#2156,#2086,#2157,.T.);
#1776=EDGE_CURVE('',#2156,#2158,#2159,.T.);
#1777=EDGE_CURVE('',#2160,#2158,#2161,.T.);
#1778=EDGE_CURVE('',#2160,#2151,#2162,.T.);
#1779=EDGE_CURVE('',#2163,#2164,#2165,.T.);
#1780=EDGE_CURVE('',#2164,#2135,#2166,.T.);
#1781=EDGE_CURVE('',#2134,#2110,#2167,.T.);
#1782=EDGE_CURVE('',#2163,#2111,#2168,.T.);
#1783=EDGE_CURVE('',#2169,#2170,#2171,.T.);
#1784=EDGE_CURVE('',#2169,#2172,#2173,.T.);
#1785=EDGE_CURVE('',#2172,#2163,#2174,.T.);
#1786=EDGE_CURVE('',#2175,#2115,#2176,.T.);
#1787=EDGE_CURVE('',#2175,#2177,#2178,.T.);
#1788=EDGE_CURVE('',#2177,#2179,#2180,.T.);
#1789=EDGE_CURVE('',#2181,#2179,#2182,.T.);
#1790=EDGE_CURVE('',#2181,#2183,#2184,.T.);
#1791=EDGE_CURVE('',#2183,#2185,#2186,.T.);
#1792=EDGE_CURVE('',#2185,#2170,#2187,.T.);
#1793=EDGE_CURVE('',#2188,#2145,#2189,.T.);
#1794=EDGE_CURVE('',#2188,#2175,#2190,.T.);
#1795=EDGE_CURVE('',#2147,#2113,#2191,.T.);
#1796=EDGE_CURVE('',#2192,#2193,#2194,.T.);
#1797=EDGE_CURVE('',#2192,#2195,#2196,.T.);
#1798=EDGE_CURVE('',#2197,#2195,#2198,.T.);
#1799=EDGE_CURVE('',#2193,#2197,#2199,.T.);
#1800=EDGE_CURVE('',#2200,#2201,#2202,.T.);
#1801=EDGE_CURVE('',#2200,#2203,#2204,.T.);
#1802=EDGE_CURVE('',#2205,#2203,#2206,.T.);
#1803=EDGE_CURVE('',#2201,#2205,#2207,.T.);
#1804=EDGE_CURVE('',#2208,#2209,#2210,.T.);
#1805=EDGE_CURVE('',#2208,#2211,#2212,.T.);
#1806=EDGE_CURVE('',#2213,#2211,#2214,.T.);
#1807=EDGE_CURVE('',#2209,#2213,#2215,.T.);
#1808=EDGE_CURVE('',#2216,#2217,#2218,.T.);
#1809=EDGE_CURVE('',#2216,#2219,#2220,.T.);
#1810=EDGE_CURVE('',#2221,#2219,#2222,.T.);
#1811=EDGE_CURVE('',#2217,#2221,#2223,.T.);
#1812=EDGE_CURVE('',#2170,#2066,#2224,.T.);
#1813=EDGE_CURVE('',#2169,#2067,#2225,.T.);
#1814=EDGE_CURVE('',#2170,#2226,#2227,.T.);
#1815=EDGE_CURVE('',#2226,#2069,#2228,.T.);
#1816=EDGE_CURVE('',#2226,#2042,#2229,.T.);
#1817=EDGE_CURVE('',#2045,#2230,#2231,.T.);
#1818=EDGE_CURVE('',#2230,#2072,#2232,.T.);
#1819=EDGE_CURVE('',#2233,#2234,#2235,.T.);
#1820=EDGE_CURVE('',#2236,#2233,#2237,.T.);
#1821=EDGE_CURVE('',#2238,#2236,#2239,.T.);
#1822=EDGE_CURVE('',#2234,#2238,#2240,.T.);
#1823=EDGE_CURVE('',#2241,#2242,#2243,.T.);
#1824=EDGE_CURVE('',#2244,#2241,#2245,.T.);
#1825=EDGE_CURVE('',#2246,#2244,#2247,.T.);
#1826=EDGE_CURVE('',#2242,#2246,#2248,.T.);
#1827=EDGE_CURVE('',#2230,#2249,#2250,.T.);
#1828=EDGE_CURVE('',#2249,#2074,#2251,.T.);
#1829=EDGE_CURVE('',#2249,#2252,#2253,.T.);
#1830=EDGE_CURVE('',#2252,#2076,#2254,.T.);
#1831=EDGE_CURVE('',#2252,#2034,#2255,.T.);
#1832=EDGE_CURVE('',#2037,#2181,#2256,.T.);
#1833=EDGE_CURVE('',#2181,#2079,#2257,.T.);
#1834=EDGE_CURVE('',#2179,#2081,#2258,.T.);
#1835=EDGE_CURVE('',#2179,#2031,#2259,.T.);
#1836=EDGE_CURVE('',#2027,#2260,#2261,.T.);
#1837=EDGE_CURVE('',#2260,#2084,#2262,.T.);
#1838=EDGE_CURVE('',#2260,#2263,#2264,.T.);
#1839=EDGE_CURVE('',#2263,#2265,#2266,.T.);
#1840=EDGE_CURVE('',#2267,#2265,#2268,.T.);
#1841=EDGE_CURVE('',#2267,#2156,#2269,.T.);
#1842=EDGE_CURVE('',#2270,#2271,#2272,.T.);
#1843=EDGE_CURVE('',#2270,#2023,#2273,.T.);
#1844=EDGE_CURVE('',#2153,#2274,#2275,.T.);
#1845=EDGE_CURVE('',#2271,#2274,#2276,.T.);
#1846=EDGE_CURVE('',#2019,#2277,#2278,.T.);
#1847=EDGE_CURVE('',#2277,#2091,#2279,.T.);
#1848=EDGE_CURVE('',#2277,#2169,#2280,.T.);
#1849=EDGE_CURVE('',#2172,#2270,#2281,.T.);
#1850=EDGE_CURVE('',#2271,#2164,#2282,.T.);
#1851=EDGE_CURVE('',#2274,#2283,#2284,.T.);
#1852=EDGE_CURVE('',#2137,#2283,#2285,.T.);
#1853=EDGE_CURVE('',#2283,#2150,#2286,.T.);
#1854=EDGE_CURVE('',#2151,#2287,#2288,.T.);
#1855=EDGE_CURVE('',#2139,#2287,#2289,.T.);
#1856=EDGE_CURVE('',#2287,#2290,#2291,.T.);
#1857=EDGE_CURVE('',#2141,#2290,#2292,.T.);
#1858=EDGE_CURVE('',#2158,#2293,#2294,.T.);
#1859=EDGE_CURVE('',#2143,#2293,#2295,.T.);
#1860=EDGE_CURVE('',#2290,#2160,#2296,.T.);
#1861=EDGE_CURVE('',#2293,#2267,#2297,.T.);
#1862=EDGE_CURVE('',#2188,#2265,#2298,.T.);
#1863=EDGE_CURVE('',#2263,#2177,#2299,.T.);
#1864=EDGE_CURVE('',#2183,#2249,#2300,.T.);
#1865=EDGE_CURVE('',#2185,#2230,#2301,.T.);
#1866=EDGE_CURVE('',#2121,#2241,#2302,.T.);
#1867=EDGE_CURVE('',#2118,#2244,#2303,.T.);
#1868=EDGE_CURVE('',#2119,#2246,#2304,.T.);
#1869=EDGE_CURVE('',#2123,#2242,#2305,.T.);
#1870=EDGE_CURVE('',#2233,#2126,#2306,.T.);
#1871=EDGE_CURVE('',#2236,#2127,#2307,.T.);
#1872=EDGE_CURVE('',#2238,#2131,#2308,.T.);
#1873=EDGE_CURVE('',#2234,#2129,#2309,.T.);
#1874=EDGE_CURVE('',#2310,#2311,#2312,.T.);
#1875=EDGE_CURVE('',#2311,#2313,#2314,.T.);
#1876=EDGE_CURVE('',#2313,#2315,#2316,.T.);
#1877=EDGE_CURVE('',#2315,#2310,#2317,.T.);
#1878=EDGE_CURVE('',#2318,#2319,#2320,.T.);
#1879=EDGE_CURVE('',#2319,#2321,#2322,.T.);
#1880=EDGE_CURVE('',#2321,#2059,#2323,.T.);
#1881=EDGE_CURVE('',#2058,#2324,#2325,.T.);
#1882=EDGE_CURVE('',#2324,#2318,#2326,.T.);
#1883=EDGE_CURVE('',#2327,#2061,#2328,.T.);
#1884=EDGE_CURVE('',#2327,#2329,#2330,.T.);
#1885=EDGE_CURVE('',#2329,#2331,#2332,.T.);
#1886=EDGE_CURVE('',#2331,#2333,#2334,.T.);
#1887=EDGE_CURVE('',#2063,#2333,#2335,.T.);
#1888=EDGE_CURVE('',#2333,#2324,#2336,.T.);
#1889=EDGE_CURVE('',#2321,#2327,#2337,.T.);
#1890=EDGE_CURVE('',#2217,#2338,#2339,.T.);
#1891=EDGE_CURVE('',#2338,#2340,#2341,.T.);
#1892=EDGE_CURVE('',#2216,#2340,#2342,.T.);
#1893=EDGE_CURVE('',#2343,#2219,#2344,.T.);
#1894=EDGE_CURVE('',#2343,#2345,#2346,.T.);
#1895=EDGE_CURVE('',#2345,#2221,#2347,.T.);
#1896=EDGE_CURVE('',#2340,#2343,#2348,.T.);
#1897=EDGE_CURVE('',#2345,#2338,#2349,.T.);
#1898=EDGE_CURVE('',#2350,#2351,#2352,.T.);
#1899=EDGE_CURVE('',#2351,#2353,#2354,.T.);
#1900=EDGE_CURVE('',#2353,#2355,#2356,.T.);
#1901=EDGE_CURVE('',#2355,#2350,#2357,.T.);
#1902=EDGE_CURVE('',#2313,#2319,#2358,.T.);
#1903=EDGE_CURVE('',#2318,#2315,#2359,.T.);
#1904=EDGE_CURVE('',#2310,#2331,#2360,.T.);
#1905=EDGE_CURVE('',#2329,#2311,#2361,.T.);
#1906=EDGE_CURVE('',#2343,#2350,#2362,.T.);
#1907=EDGE_CURVE('',#2351,#2340,#2363,.T.);
#1908=EDGE_CURVE('',#2353,#2338,#2364,.T.);
#1909=EDGE_CURVE('',#2345,#2355,#2365,.T.);
#1910=EDGE_CURVE('',#2366,#2367,#2368,.T.);
#1911=EDGE_CURVE('',#2367,#2369,#2370,.T.);
#1912=EDGE_CURVE('',#2369,#2371,#2372,.T.);
#1913=EDGE_CURVE('',#2371,#2366,#2373,.T.);
#1914=EDGE_CURVE('',#2208,#2374,#2375,.T.);
#1915=EDGE_CURVE('',#2374,#2376,#2377,.T.);
#1916=EDGE_CURVE('',#2376,#2211,#2378,.T.);
#1917=EDGE_CURVE('',#2379,#2213,#2380,.T.);
#1918=EDGE_CURVE('',#2379,#2381,#2382,.T.);
#1919=EDGE_CURVE('',#2209,#2381,#2383,.T.);
#1920=EDGE_CURVE('',#2376,#2379,#2384,.T.);
#1921=EDGE_CURVE('',#2381,#2374,#2385,.T.);
#1922=EDGE_CURVE('',#2386,#2387,#2388,.T.);
#1923=EDGE_CURVE('',#2387,#2389,#2390,.T.);
#1924=EDGE_CURVE('',#2389,#2391,#2392,.T.);
#1925=EDGE_CURVE('',#2391,#2386,#2393,.T.);
#1926=EDGE_CURVE('',#2200,#2394,#2395,.T.);
#1927=EDGE_CURVE('',#2394,#2396,#2397,.T.);
#1928=EDGE_CURVE('',#2396,#2203,#2398,.T.);
#1929=EDGE_CURVE('',#2399,#2205,#2400,.T.);
#1930=EDGE_CURVE('',#2399,#2401,#2402,.T.);
#1931=EDGE_CURVE('',#2201,#2401,#2403,.T.);
#1932=EDGE_CURVE('',#2396,#2399,#2404,.T.);
#1933=EDGE_CURVE('',#2401,#2394,#2405,.T.);
#1934=EDGE_CURVE('',#2406,#2407,#2408,.T.);
#1935=EDGE_CURVE('',#2407,#2409,#2410,.T.);
#1936=EDGE_CURVE('',#2409,#2411,#2412,.T.);
#1937=EDGE_CURVE('',#2411,#2406,#2413,.T.);
#1938=EDGE_CURVE('',#2192,#2414,#2415,.T.);
#1939=EDGE_CURVE('',#2414,#2416,#2417,.T.);
#1940=EDGE_CURVE('',#2416,#2195,#2418,.T.);
#1941=EDGE_CURVE('',#2419,#2197,#2420,.T.);
#1942=EDGE_CURVE('',#2419,#2421,#2422,.T.);
#1943=EDGE_CURVE('',#2193,#2421,#2423,.T.);
#1944=EDGE_CURVE('',#2416,#2419,#2424,.T.);
#1945=EDGE_CURVE('',#2421,#2414,#2425,.T.);
#1946=EDGE_CURVE('',#2426,#2427,#2428,.T.);
#1947=EDGE_CURVE('',#2427,#2429,#2430,.T.);
#1948=EDGE_CURVE('',#2429,#2097,#2431,.T.);
#1949=EDGE_CURVE('',#2094,#2432,#2433,.T.);
#1950=EDGE_CURVE('',#2432,#2426,#2434,.T.);
#1951=EDGE_CURVE('',#2435,#2099,#2436,.T.);
#1952=EDGE_CURVE('',#2435,#2437,#2438,.T.);
#1953=EDGE_CURVE('',#2437,#2439,#2440,.T.);
#1954=EDGE_CURVE('',#2439,#2441,#2442,.T.);
#1955=EDGE_CURVE('',#2095,#2441,#2443,.T.);
#1956=EDGE_CURVE('',#2444,#2445,#2446,.T.);
#1957=EDGE_CURVE('',#2445,#2447,#2448,.T.);
#1958=EDGE_CURVE('',#2447,#2449,#2450,.T.);
#1959=EDGE_CURVE('',#2449,#2444,#2451,.T.);
#1960=EDGE_CURVE('',#2429,#2435,#2452,.T.);
#1961=EDGE_CURVE('',#2441,#2432,#2453,.T.);
#1962=EDGE_CURVE('',#2454,#2455,#2456,.T.);
#1963=EDGE_CURVE('',#2455,#2457,#2458,.T.);
#1964=EDGE_CURVE('',#2457,#2053,#2459,.T.);
#1965=EDGE_CURVE('',#2050,#2460,#2461,.T.);
#1966=EDGE_CURVE('',#2460,#2454,#2462,.T.);
#1967=EDGE_CURVE('',#2463,#2055,#2464,.T.);
#1968=EDGE_CURVE('',#2463,#2465,#2466,.T.);
#1969=EDGE_CURVE('',#2465,#2467,#2468,.T.);
#1970=EDGE_CURVE('',#2467,#2469,#2470,.T.);
#1971=EDGE_CURVE('',#2051,#2469,#2471,.T.);
#1972=EDGE_CURVE('',#2472,#2473,#2474,.T.);
#1973=EDGE_CURVE('',#2473,#2475,#2476,.T.);
#1974=EDGE_CURVE('',#2475,#2477,#2478,.T.);
#1975=EDGE_CURVE('',#2477,#2472,#2479,.T.);
#1976=EDGE_CURVE('',#2457,#2463,#2480,.T.);
#1977=EDGE_CURVE('',#2469,#2460,#2481,.T.);
#1978=EDGE_CURVE('',#2482,#2483,#2484,.T.);
#1979=EDGE_CURVE('',#2483,#2485,#2486,.T.);
#1980=EDGE_CURVE('',#2485,#2105,#2487,.T.);
#1981=EDGE_CURVE('',#2102,#2488,#2489,.T.);
#1982=EDGE_CURVE('',#2488,#2482,#2490,.T.);
#1983=EDGE_CURVE('',#2491,#2107,#2492,.T.);
#1984=EDGE_CURVE('',#2491,#2493,#2494,.T.);
#1985=EDGE_CURVE('',#2493,#2495,#2496,.T.);
#1986=EDGE_CURVE('',#2495,#2497,#2498,.T.);
#1987=EDGE_CURVE('',#2103,#2497,#2499,.T.);
#1988=EDGE_CURVE('',#2500,#2501,#2502,.T.);
#1989=EDGE_CURVE('',#2501,#2503,#2504,.T.);
#1990=EDGE_CURVE('',#2503,#2505,#2506,.T.);
#1991=EDGE_CURVE('',#2505,#2500,#2507,.T.);
#1992=EDGE_CURVE('',#2485,#2491,#2508,.T.);
#1993=EDGE_CURVE('',#2497,#2488,#2509,.T.);
#1994=EDGE_CURVE('',#2427,#2447,#2510,.T.);
#1995=EDGE_CURVE('',#2449,#2426,#2511,.T.);
#1996=EDGE_CURVE('',#2444,#2439,#2512,.T.);
#1997=EDGE_CURVE('',#2437,#2445,#2513,.T.);
#1998=EDGE_CURVE('',#2455,#2475,#2514,.T.);
#1999=EDGE_CURVE('',#2477,#2454,#2515,.T.);
#2000=EDGE_CURVE('',#2472,#2467,#2516,.T.);
#2001=EDGE_CURVE('',#2465,#2473,#2517,.T.);
#2002=EDGE_CURVE('',#2483,#2503,#2518,.T.);
#2003=EDGE_CURVE('',#2505,#2482,#2519,.T.);
#2004=EDGE_CURVE('',#2500,#2495,#2520,.T.);
#2005=EDGE_CURVE('',#2493,#2501,#2521,.T.);
#2006=EDGE_CURVE('',#2376,#2366,#2522,.T.);
#2007=EDGE_CURVE('',#2367,#2374,#2523,.T.);
#2008=EDGE_CURVE('',#2369,#2381,#2524,.T.);
#2009=EDGE_CURVE('',#2379,#2371,#2525,.T.);
#2010=EDGE_CURVE('',#2396,#2386,#2526,.T.);
#2011=EDGE_CURVE('',#2387,#2394,#2527,.T.);
#2012=EDGE_CURVE('',#2389,#2401,#2528,.T.);
#2013=EDGE_CURVE('',#2399,#2391,#2529,.T.);
#2014=EDGE_CURVE('',#2416,#2406,#2530,.T.);
#2015=EDGE_CURVE('',#2407,#2414,#2531,.T.);
#2016=EDGE_CURVE('',#2409,#2421,#2532,.T.);
#2017=EDGE_CURVE('',#2419,#2411,#2533,.T.);
#2018=VERTEX_POINT('',#2534);
#2019=VERTEX_POINT('',#2535);
#2020=LINE('',#2536,#2537);
#2021=VERTEX_POINT('',#2538);
#2022=CIRCLE('',#2539,0.0999999999999508);
#2023=VERTEX_POINT('',#2540);
#2024=LINE('',#2541,#2542);
#2025=ELLIPSE('',#2543,0.120185042515407,0.0999999999999508);
#2026=VERTEX_POINT('',#2544);
#2027=VERTEX_POINT('',#2545);
#2028=LINE('',#2546,#2547);
#2029=VERTEX_POINT('',#2548);
#2030=CIRCLE('',#2549,0.100000000000001);
#2031=VERTEX_POINT('',#2550);
#2032=LINE('',#2551,#2552);
#2033=ELLIPSE('',#2553,0.120185042515467,0.100000000000001);
#2034=VERTEX_POINT('',#2554);
#2035=VERTEX_POINT('',#2555);
#2036=LINE('',#2556,#2557);
#2037=VERTEX_POINT('',#2558);
#2038=ELLIPSE('',#2559,0.120185042515467,0.1);
#2039=VERTEX_POINT('',#2560);
#2040=LINE('',#2561,#2562);
#2041=CIRCLE('',#2563,0.1);
#2042=VERTEX_POINT('',#2564);
#2043=VERTEX_POINT('',#2565);
#2044=LINE('',#2566,#2567);
#2045=VERTEX_POINT('',#2568);
#2046=ELLIPSE('',#2569,0.120185042515508,0.100000000000035);
#2047=VERTEX_POINT('',#2570);
#2048=LINE('',#2571,#2572);
#2049=CIRCLE('',#2573,0.100000000000035);
#2050=VERTEX_POINT('',#2574);
#2051=VERTEX_POINT('',#2575);
#2052=LINE('',#2576,#2577);
#2053=VERTEX_POINT('',#2578);
#2054=LINE('',#2579,#2580);
#2055=VERTEX_POINT('',#2581);
#2056=LINE('',#2582,#2583);
#2057=LINE('',#2584,#2585);
#2058=VERTEX_POINT('',#2586);
#2059=VERTEX_POINT('',#2587);
#2060=LINE('',#2588,#2589);
#2061=VERTEX_POINT('',#2590);
#2062=LINE('',#2591,#2592);
#2063=VERTEX_POINT('',#2593);
#2064=LINE('',#2594,#2595);
#2065=LINE('',#2596,#2597);
#2066=VERTEX_POINT('',#2598);
#2067=VERTEX_POINT('',#2599);
#2068=LINE('',#2600,#2601);
#2069=VERTEX_POINT('',#2602);
#2070=LINE('',#2603,#2604);
#2071=CIRCLE('',#2605,0.100000000000035);
#2072=VERTEX_POINT('',#2606);
#2073=LINE('',#2607,#2608);
#2074=VERTEX_POINT('',#2609);
#2075=LINE('',#2610,#2611);
#2076=VERTEX_POINT('',#2612);
#2077=LINE('',#2613,#2614);
#2078=CIRCLE('',#2615,0.1);
#2079=VERTEX_POINT('',#2616);
#2080=LINE('',#2617,#2618);
#2081=VERTEX_POINT('',#2619);
#2082=LINE('',#2620,#2621);
#2083=LINE('',#2622,#2623);
#2084=VERTEX_POINT('',#2624);
#2085=CIRCLE('',#2625,0.100000000000001);
#2086=VERTEX_POINT('',#2626);
#2087=LINE('',#2627,#2628);
#2088=VERTEX_POINT('',#2629);
#2089=LINE('',#2630,#2631);
#2090=LINE('',#2632,#2633);
#2091=VERTEX_POINT('',#2634);
#2092=CIRCLE('',#2635,0.0999999999999508);
#2093=LINE('',#2636,#2637);
#2094=VERTEX_POINT('',#2638);
#2095=VERTEX_POINT('',#2639);
#2096=LINE('',#2640,#2641);
#2097=VERTEX_POINT('',#2642);
#2098=LINE('',#2643,#2644);
#2099=VERTEX_POINT('',#2645);
#2100=LINE('',#2646,#2647);
#2101=LINE('',#2648,#2649);
#2102=VERTEX_POINT('',#2650);
#2103=VERTEX_POINT('',#2651);
#2104=LINE('',#2652,#2653);
#2105=VERTEX_POINT('',#2654);
#2106=LINE('',#2655,#2656);
#2107=VERTEX_POINT('',#2657);
#2108=LINE('',#2658,#2659);
#2109=LINE('',#2660,#2661);
#2110=VERTEX_POINT('',#2662);
#2111=VERTEX_POINT('',#2663);
#2112=LINE('',#2664,#2665);
#2113=VERTEX_POINT('',#2666);
#2114=LINE('',#2667,#2668);
#2115=VERTEX_POINT('',#2669);
#2116=LINE('',#2670,#2671);
#2117=LINE('',#2672,#2673);
#2118=VERTEX_POINT('',#2674);
#2119=VERTEX_POINT('',#2675);
#2120=LINE('',#2676,#2677);
#2121=VERTEX_POINT('',#2678);
#2122=LINE('',#2679,#2680);
#2123=VERTEX_POINT('',#2681);
#2124=LINE('',#2682,#2683);
#2125=LINE('',#2684,#2685);
#2126=VERTEX_POINT('',#2686);
#2127=VERTEX_POINT('',#2687);
#2128=LINE('',#2688,#2689);
#2129=VERTEX_POINT('',#2690);
#2130=LINE('',#2691,#2692);
#2131=VERTEX_POINT('',#2693);
#2132=LINE('',#2694,#2695);
#2133=LINE('',#2696,#2697);
#2134=VERTEX_POINT('',#2698);
#2135=VERTEX_POINT('',#2699);
#2136=LINE('',#2700,#2701);
#2137=VERTEX_POINT('',#2702);
#2138=LINE('',#2703,#2704);
#2139=VERTEX_POINT('',#2705);
#2140=LINE('',#2706,#2707);
#2141=VERTEX_POINT('',#2708);
#2142=LINE('',#2709,#2710);
#2143=VERTEX_POINT('',#2711);
#2144=LINE('',#2712,#2713);
#2145=VERTEX_POINT('',#2714);
#2146=LINE('',#2715,#2716);
#2147=VERTEX_POINT('',#2717);
#2148=LINE('',#2718,#2719);
#2149=LINE('',#2720,#2721);
#2150=VERTEX_POINT('',#2722);
#2151=VERTEX_POINT('',#2723);
#2152=LINE('',#2724,#2725);
#2153=VERTEX_POINT('',#2726);
#2154=LINE('',#2727,#2728);
#2155=LINE('',#2729,#2730);
#2156=VERTEX_POINT('',#2731);
#2157=LINE('',#2732,#2733);
#2158=VERTEX_POINT('',#2734);
#2159=LINE('',#2735,#2736);
#2160=VERTEX_POINT('',#2737);
#2161=LINE('',#2738,#2739);
#2162=LINE('',#2740,#2741);
#2163=VERTEX_POINT('',#2742);
#2164=VERTEX_POINT('',#2743);
#2165=LINE('',#2744,#2745);
#2166=LINE('',#2746,#2747);
#2167=LINE('',#2748,#2749);
#2168=LINE('',#2750,#2751);
#2169=VERTEX_POINT('',#2752);
#2170=VERTEX_POINT('',#2753);
#2171=LINE('',#2754,#2755);
#2172=VERTEX_POINT('',#2756);
#2173=LINE('',#2757,#2758);
#2174=LINE('',#2759,#2760);
#2175=VERTEX_POINT('',#2761);
#2176=LINE('',#2762,#2763);
#2177=VERTEX_POINT('',#2764);
#2178=LINE('',#2765,#2766);
#2179=VERTEX_POINT('',#2767);
#2180=LINE('',#2768,#2769);
#2181=VERTEX_POINT('',#2770);
#2182=LINE('',#2771,#2772);
#2183=VERTEX_POINT('',#2773);
#2184=LINE('',#2774,#2775);
#2185=VERTEX_POINT('',#2776);
#2186=LINE('',#2777,#2778);
#2187=LINE('',#2779,#2780);
#2188=VERTEX_POINT('',#2781);
#2189=LINE('',#2782,#2783);
#2190=LINE('',#2784,#2785);
#2191=LINE('',#2786,#2787);
#2192=VERTEX_POINT('',#2788);
#2193=VERTEX_POINT('',#2789);
#2194=LINE('',#2790,#2791);
#2195=VERTEX_POINT('',#2792);
#2196=LINE('',#2793,#2794);
#2197=VERTEX_POINT('',#2795);
#2198=LINE('',#2796,#2797);
#2199=LINE('',#2798,#2799);
#2200=VERTEX_POINT('',#2800);
#2201=VERTEX_POINT('',#2801);
#2202=LINE('',#2802,#2803);
#2203=VERTEX_POINT('',#2804);
#2204=LINE('',#2805,#2806);
#2205=VERTEX_POINT('',#2807);
#2206=LINE('',#2808,#2809);
#2207=LINE('',#2810,#2811);
#2208=VERTEX_POINT('',#2812);
#2209=VERTEX_POINT('',#2813);
#2210=LINE('',#2814,#2815);
#2211=VERTEX_POINT('',#2816);
#2212=LINE('',#2817,#2818);
#2213=VERTEX_POINT('',#2819);
#2214=LINE('',#2820,#2821);
#2215=LINE('',#2822,#2823);
#2216=VERTEX_POINT('',#2824);
#2217=VERTEX_POINT('',#2825);
#2218=LINE('',#2826,#2827);
#2219=VERTEX_POINT('',#2828);
#2220=LINE('',#2829,#2830);
#2221=VERTEX_POINT('',#2831);
#2222=LINE('',#2832,#2833);
#2223=LINE('',#2834,#2835);
#2224=LINE('',#2836,#2837);
#2225=LINE('',#2838,#2839);
#2226=VERTEX_POINT('',#2840);
#2227=LINE('',#2841,#2842);
#2228=LINE('',#2843,#2844);
#2229=ELLIPSE('',#2845,0.120185042515508,0.100000000000035);
#2230=VERTEX_POINT('',#2846);
#2231=LINE('',#2847,#2848);
#2232=LINE('',#2849,#2850);
#2233=VERTEX_POINT('',#2851);
#2234=VERTEX_POINT('',#2852);
#2235=LINE('',#2853,#2854);
#2236=VERTEX_POINT('',#2855);
#2237=LINE('',#2856,#2857);
#2238=VERTEX_POINT('',#2858);
#2239=LINE('',#2859,#2860);
#2240=LINE('',#2861,#2862);
#2241=VERTEX_POINT('',#2863);
#2242=VERTEX_POINT('',#2864);
#2243=LINE('',#2865,#2866);
#2244=VERTEX_POINT('',#2867);
#2245=LINE('',#2868,#2869);
#2246=VERTEX_POINT('',#2870);
#2247=LINE('',#2871,#2872);
#2248=LINE('',#2873,#2874);
#2249=VERTEX_POINT('',#2875);
#2250=LINE('',#2876,#2877);
#2251=LINE('',#2878,#2879);
#2252=VERTEX_POINT('',#2880);
#2253=LINE('',#2881,#2882);
#2254=LINE('',#2883,#2884);
#2255=ELLIPSE('',#2885,0.120185042515467,0.1);
#2256=LINE('',#2886,#2887);
#2257=LINE('',#2888,#2889);
#2258=LINE('',#2890,#2891);
#2259=LINE('',#2892,#2893);
#2260=VERTEX_POINT('',#2894);
#2261=ELLIPSE('',#2895,0.120185042515467,0.100000000000001);
#2262=LINE('',#2896,#2897);
#2263=VERTEX_POINT('',#2898);
#2264=LINE('',#2899,#2900);
#2265=VERTEX_POINT('',#2901);
#2266=LINE('',#2902,#2903);
#2267=VERTEX_POINT('',#2904);
#2268=LINE('',#2905,#2906);
#2269=LINE('',#2907,#2908);
#2270=VERTEX_POINT('',#2909);
#2271=VERTEX_POINT('',#2910);
#2272=LINE('',#2911,#2912);
#2273=LINE('',#2913,#2914);
#2274=VERTEX_POINT('',#2915);
#2275=LINE('',#2916,#2917);
#2276=LINE('',#2918,#2919);
#2277=VERTEX_POINT('',#2920);
#2278=ELLIPSE('',#2921,0.120185042515407,0.0999999999999508);
#2279=LINE('',#2922,#2923);
#2280=LINE('',#2924,#2925);
#2281=LINE('',#2926,#2927);
#2282=LINE('',#2928,#2929);
#2283=VERTEX_POINT('',#2930);
#2284=LINE('',#2931,#2932);
#2285=LINE('',#2933,#2934);
#2286=LINE('',#2935,#2936);
#2287=VERTEX_POINT('',#2937);
#2288=LINE('',#2938,#2939);
#2289=LINE('',#2940,#2941);
#2290=VERTEX_POINT('',#2942);
#2291=LINE('',#2943,#2944);
#2292=LINE('',#2945,#2946);
#2293=VERTEX_POINT('',#2947);
#2294=LINE('',#2948,#2949);
#2295=LINE('',#2950,#2951);
#2296=LINE('',#2952,#2953);
#2297=LINE('',#2954,#2955);
#2298=LINE('',#2956,#2957);
#2299=LINE('',#2958,#2959);
#2300=LINE('',#2960,#2961);
#2301=LINE('',#2962,#2963);
#2302=LINE('',#2964,#2965);
#2303=LINE('',#2966,#2967);
#2304=LINE('',#2968,#2969);
#2305=LINE('',#2970,#2971);
#2306=LINE('',#2972,#2973);
#2307=LINE('',#2974,#2975);
#2308=LINE('',#2976,#2977);
#2309=LINE('',#2978,#2979);
#2310=VERTEX_POINT('',#2980);
#2311=VERTEX_POINT('',#2981);
#2312=LINE('',#2982,#2983);
#2313=VERTEX_POINT('',#2984);
#2314=LINE('',#2985,#2986);
#2315=VERTEX_POINT('',#2987);
#2316=LINE('',#2988,#2989);
#2317=LINE('',#2990,#2991);
#2318=VERTEX_POINT('',#2992);
#2319=VERTEX_POINT('',#2993);
#2320=LINE('',#2994,#2995);
#2321=VERTEX_POINT('',#2996);
#2322=LINE('',#2997,#2998);
#2323=LINE('',#2999,#3000);
#2324=VERTEX_POINT('',#3001);
#2325=LINE('',#3002,#3003);
#2326=LINE('',#3004,#3005);
#2327=VERTEX_POINT('',#3006);
#2328=LINE('',#3007,#3008);
#2329=VERTEX_POINT('',#3009);
#2330=LINE('',#3010,#3011);
#2331=VERTEX_POINT('',#3012);
#2332=LINE('',#3013,#3014);
#2333=VERTEX_POINT('',#3015);
#2334=LINE('',#3016,#3017);
#2335=LINE('',#3018,#3019);
#2336=LINE('',#3020,#3021);
#2337=LINE('',#3022,#3023);
#2338=VERTEX_POINT('',#3024);
#2339=LINE('',#3025,#3026);
#2340=VERTEX_POINT('',#3027);
#2341=LINE('',#3028,#3029);
#2342=LINE('',#3030,#3031);
#2343=VERTEX_POINT('',#3032);
#2344=LINE('',#3033,#3034);
#2345=VERTEX_POINT('',#3035);
#2346=LINE('',#3036,#3037);
#2347=LINE('',#3038,#3039);
#2348=LINE('',#3040,#3041);
#2349=LINE('',#3042,#3043);
#2350=VERTEX_POINT('',#3044);
#2351=VERTEX_POINT('',#3045);
#2352=LINE('',#3046,#3047);
#2353=VERTEX_POINT('',#3048);
#2354=LINE('',#3049,#3050);
#2355=VERTEX_POINT('',#3051);
#2356=LINE('',#3052,#3053);
#2357=LINE('',#3054,#3055);
#2358=LINE('',#3056,#3057);
#2359=LINE('',#3058,#3059);
#2360=LINE('',#3060,#3061);
#2361=LINE('',#3062,#3063);
#2362=LINE('',#3064,#3065);
#2363=LINE('',#3066,#3067);
#2364=LINE('',#3068,#3069);
#2365=LINE('',#3070,#3071);
#2366=VERTEX_POINT('',#3072);
#2367=VERTEX_POINT('',#3073);
#2368=LINE('',#3074,#3075);
#2369=VERTEX_POINT('',#3076);
#2370=LINE('',#3077,#3078);
#2371=VERTEX_POINT('',#3079);
#2372=LINE('',#3080,#3081);
#2373=LINE('',#3082,#3083);
#2374=VERTEX_POINT('',#3084);
#2375=LINE('',#3085,#3086);
#2376=VERTEX_POINT('',#3087);
#2377=LINE('',#3088,#3089);
#2378=LINE('',#3090,#3091);
#2379=VERTEX_POINT('',#3092);
#2380=LINE('',#3093,#3094);
#2381=VERTEX_POINT('',#3095);
#2382=LINE('',#3096,#3097);
#2383=LINE('',#3098,#3099);
#2384=LINE('',#3100,#3101);
#2385=LINE('',#3102,#3103);
#2386=VERTEX_POINT('',#3104);
#2387=VERTEX_POINT('',#3105);
#2388=LINE('',#3106,#3107);
#2389=VERTEX_POINT('',#3108);
#2390=LINE('',#3109,#3110);
#2391=VERTEX_POINT('',#3111);
#2392=LINE('',#3112,#3113);
#2393=LINE('',#3114,#3115);
#2394=VERTEX_POINT('',#3116);
#2395=LINE('',#3117,#3118);
#2396=VERTEX_POINT('',#3119);
#2397=LINE('',#3120,#3121);
#2398=LINE('',#3122,#3123);
#2399=VERTEX_POINT('',#3124);
#2400=LINE('',#3125,#3126);
#2401=VERTEX_POINT('',#3127);
#2402=LINE('',#3128,#3129);
#2403=LINE('',#3130,#3131);
#2404=LINE('',#3132,#3133);
#2405=LINE('',#3134,#3135);
#2406=VERTEX_POINT('',#3136);
#2407=VERTEX_POINT('',#3137);
#2408=LINE('',#3138,#3139);
#2409=VERTEX_POINT('',#3140);
#2410=LINE('',#3141,#3142);
#2411=VERTEX_POINT('',#3143);
#2412=LINE('',#3144,#3145);
#2413=LINE('',#3146,#3147);
#2414=VERTEX_POINT('',#3148);
#2415=LINE('',#3149,#3150);
#2416=VERTEX_POINT('',#3151);
#2417=LINE('',#3152,#3153);
#2418=LINE('',#3154,#3155);
#2419=VERTEX_POINT('',#3156);
#2420=LINE('',#3157,#3158);
#2421=VERTEX_POINT('',#3159);
#2422=LINE('',#3160,#3161);
#2423=LINE('',#3162,#3163);
#2424=LINE('',#3164,#3165);
#2425=LINE('',#3166,#3167);
#2426=VERTEX_POINT('',#3168);
#2427=VERTEX_POINT('',#3169);
#2428=LINE('',#3170,#3171);
#2429=VERTEX_POINT('',#3172);
#2430=LINE('',#3173,#3174);
#2431=LINE('',#3175,#3176);
#2432=VERTEX_POINT('',#3177);
#2433=LINE('',#3178,#3179);
#2434=LINE('',#3180,#3181);
#2435=VERTEX_POINT('',#3182);
#2436=LINE('',#3183,#3184);
#2437=VERTEX_POINT('',#3185);
#2438=LINE('',#3186,#3187);
#2439=VERTEX_POINT('',#3188);
#2440=LINE('',#3189,#3190);
#2441=VERTEX_POINT('',#3191);
#2442=LINE('',#3192,#3193);
#2443=LINE('',#3194,#3195);
#2444=VERTEX_POINT('',#3196);
#2445=VERTEX_POINT('',#3197);
#2446=LINE('',#3198,#3199);
#2447=VERTEX_POINT('',#3200);
#2448=LINE('',#3201,#3202);
#2449=VERTEX_POINT('',#3203);
#2450=LINE('',#3204,#3205);
#2451=LINE('',#3206,#3207);
#2452=LINE('',#3208,#3209);
#2453=LINE('',#3210,#3211);
#2454=VERTEX_POINT('',#3212);
#2455=VERTEX_POINT('',#3213);
#2456=LINE('',#3214,#3215);
#2457=VERTEX_POINT('',#3216);
#2458=LINE('',#3217,#3218);
#2459=LINE('',#3219,#3220);
#2460=VERTEX_POINT('',#3221);
#2461=LINE('',#3222,#3223);
#2462=LINE('',#3224,#3225);
#2463=VERTEX_POINT('',#3226);
#2464=LINE('',#3227,#3228);
#2465=VERTEX_POINT('',#3229);
#2466=LINE('',#3230,#3231);
#2467=VERTEX_POINT('',#3232);
#2468=LINE('',#3233,#3234);
#2469=VERTEX_POINT('',#3235);
#2470=LINE('',#3236,#3237);
#2471=LINE('',#3238,#3239);
#2472=VERTEX_POINT('',#3240);
#2473=VERTEX_POINT('',#3241);
#2474=LINE('',#3242,#3243);
#2475=VERTEX_POINT('',#3244);
#2476=LINE('',#3245,#3246);
#2477=VERTEX_POINT('',#3247);
#2478=LINE('',#3248,#3249);
#2479=LINE('',#3250,#3251);
#2480=LINE('',#3252,#3253);
#2481=LINE('',#3254,#3255);
#2482=VERTEX_POINT('',#3256);
#2483=VERTEX_POINT('',#3257);
#2484=LINE('',#3258,#3259);
#2485=VERTEX_POINT('',#3260);
#2486=LINE('',#3261,#3262);
#2487=LINE('',#3263,#3264);
#2488=VERTEX_POINT('',#3265);
#2489=LINE('',#3266,#3267);
#2490=LINE('',#3268,#3269);
#2491=VERTEX_POINT('',#3270);
#2492=LINE('',#3271,#3272);
#2493=VERTEX_POINT('',#3273);
#2494=LINE('',#3274,#3275);
#2495=VERTEX_POINT('',#3276);
#2496=LINE('',#3277,#3278);
#2497=VERTEX_POINT('',#3279);
#2498=LINE('',#3280,#3281);
#2499=LINE('',#3282,#3283);
#2500=VERTEX_POINT('',#3284);
#2501=VERTEX_POINT('',#3285);
#2502=LINE('',#3286,#3287);
#2503=VERTEX_POINT('',#3288);
#2504=LINE('',#3289,#3290);
#2505=VERTEX_POINT('',#3291);
#2506=LINE('',#3292,#3293);
#2507=LINE('',#3294,#3295);
#2508=LINE('',#3296,#3297);
#2509=LINE('',#3298,#3299);
#2510=LINE('',#3300,#3301);
#2511=LINE('',#3302,#3303);
#2512=LINE('',#3304,#3305);
#2513=LINE('',#3306,#3307);
#2514=LINE('',#3308,#3309);
#2515=LINE('',#3310,#3311);
#2516=LINE('',#3312,#3313);
#2517=LINE('',#3314,#3315);
#2518=LINE('',#3316,#3317);
#2519=LINE('',#3318,#3319);
#2520=LINE('',#3320,#3321);
#2521=LINE('',#3322,#3323);
#2522=LINE('',#3324,#3325);
#2523=LINE('',#3326,#3327);
#2524=LINE('',#3328,#3329);
#2525=LINE('',#3330,#3331);
#2526=LINE('',#3332,#3333);
#2527=LINE('',#3334,#3335);
#2528=LINE('',#3336,#3337);
#2529=LINE('',#3338,#3339);
#2530=LINE('',#3340,#3341);
#2531=LINE('',#3342,#3343);
#2532=LINE('',#3344,#3345);
#2533=LINE('',#3346,#3347);
#2534=CARTESIAN_POINT('',(-2.87499999999995,3.95,1.97500000000005));
#2535=CARTESIAN_POINT('',(-2.87499999999995,1.13333333333337,1.97500000000005));
#2536=CARTESIAN_POINT('',(-2.87499999999995,3.95,1.97500000000005));
#2537=VECTOR('',#3348,1.0);
#2538=CARTESIAN_POINT('',(-2.775,3.95,2.07500000000001));
#2539=AXIS2_PLACEMENT_3D('',#3349,#3350,#3351);
#2540=CARTESIAN_POINT('',(-2.775,1.2,2.07500000000001));
#2541=CARTESIAN_POINT('',(-2.775,3.95,2.07500000000001));
#2542=VECTOR('',#3352,1.0);
#2543=AXIS2_PLACEMENT_3D('',#3353,#3354,#3355);
#2544=CARTESIAN_POINT('',(2.875,3.95,1.97500000000001));
#2545=CARTESIAN_POINT('',(2.875,1.13333333333333,1.97500000000001));
#2546=CARTESIAN_POINT('',(2.875,3.95,1.97500000000001));
#2547=VECTOR('',#3356,1.0);
#2548=CARTESIAN_POINT('',(2.90084969837962,3.95,1.97839879351851));
#2549=AXIS2_PLACEMENT_3D('',#3357,#3358,#3359);
#2550=CARTESIAN_POINT('',(2.90084969837962,1.11610020108025,1.97839879351851));
#2551=CARTESIAN_POINT('',(2.90084969837962,3.95,1.97839879351851));
#2552=VECTOR('',#3360,1.0);
#2553=AXIS2_PLACEMENT_3D('',#3361,#3362,#3363);
#2554=CARTESIAN_POINT('',(2.875,1.13333333333333,1.22500000000001));
#2555=CARTESIAN_POINT('',(2.875,3.95,1.22500000000001));
#2556=CARTESIAN_POINT('',(2.875,3.95,1.22500000000001));
#2557=VECTOR('',#3364,1.0);
#2558=CARTESIAN_POINT('',(2.90084969837962,1.11610020108025,1.22160120648152));
#2559=AXIS2_PLACEMENT_3D('',#3365,#3366,#3367);
#2560=CARTESIAN_POINT('',(2.90084969837962,3.95,1.22160120648152));
#2561=CARTESIAN_POINT('',(2.90084969837962,3.95,1.22160120648152));
#2562=VECTOR('',#3368,1.0);
#2563=AXIS2_PLACEMENT_3D('',#3369,#3370,#3371);
#2564=CARTESIAN_POINT('',(-2.87499999999995,1.13333333333337,1.22500000000003));
#2565=CARTESIAN_POINT('',(-2.87499999999995,3.95,1.22500000000003));
#2566=CARTESIAN_POINT('',(-2.87499999999995,3.95,1.22500000000003));
#2567=VECTOR('',#3372,1.0);
#2568=CARTESIAN_POINT('',(-2.77499999999992,1.2,1.125));
#2569=AXIS2_PLACEMENT_3D('',#3373,#3374,#3375);
#2570=CARTESIAN_POINT('',(-2.77499999999992,3.95,1.125));
#2571=CARTESIAN_POINT('',(-2.77499999999992,3.95,1.125));
#2572=VECTOR('',#3376,1.0);
#2573=AXIS2_PLACEMENT_3D('',#3377,#3378,#3379);
#2574=CARTESIAN_POINT('',(-0.465,3.95,1.525));
#2575=CARTESIAN_POINT('',(-0.785,3.95,1.525));
#2576=CARTESIAN_POINT('',(-0.465,3.95,1.525));
#2577=VECTOR('',#3380,1.0);
#2578=CARTESIAN_POINT('',(-0.465,3.95,0.775));
#2579=CARTESIAN_POINT('',(-0.465,3.95,1.125));
#2580=VECTOR('',#3381,1.0);
#2581=CARTESIAN_POINT('',(-0.785,3.95,0.775));
#2582=CARTESIAN_POINT('',(-0.465,3.95,0.775));
#2583=VECTOR('',#3382,1.0);
#2584=CARTESIAN_POINT('',(-0.785,3.95,1.125));
#2585=VECTOR('',#3383,1.0);
#2586=CARTESIAN_POINT('',(2.035,3.95,1.525));
#2587=CARTESIAN_POINT('',(2.035,3.95,0.775));
#2588=CARTESIAN_POINT('',(2.035,3.95,1.125));
#2589=VECTOR('',#3384,1.0);
#2590=CARTESIAN_POINT('',(1.715,3.95,0.775));
#2591=CARTESIAN_POINT('',(2.035,3.95,0.775));
#2592=VECTOR('',#3385,1.0);
#2593=CARTESIAN_POINT('',(1.715,3.95,1.525));
#2594=CARTESIAN_POINT('',(1.715,3.95,1.125));
#2595=VECTOR('',#3386,1.0);
#2596=CARTESIAN_POINT('',(2.035,3.95,1.525));
#2597=VECTOR('',#3387,1.0);
#2598=CARTESIAN_POINT('',(-3.075,3.95,1.175));
#2599=CARTESIAN_POINT('',(-3.075,3.95,2.025));
#2600=CARTESIAN_POINT('',(-3.075,3.95,2.025));
#2601=VECTOR('',#3388,1.0);
#2602=CARTESIAN_POINT('',(-2.90084969837958,3.95,1.22160120648154));
#2603=CARTESIAN_POINT('',(-3.075,3.95,1.175));
#2604=VECTOR('',#3389,1.0);
#2605=AXIS2_PLACEMENT_3D('',#3390,#3391,#3392);
#2606=CARTESIAN_POINT('',(-2.775,3.95,0.400000000000003));
#2607=CARTESIAN_POINT('',(-2.775,3.95,1.125));
#2608=VECTOR('',#3393,1.0);
#2609=CARTESIAN_POINT('',(2.775,3.95,0.400000000000012));
#2610=CARTESIAN_POINT('',(-2.775,3.95,0.400000000000003));
#2611=VECTOR('',#3394,1.0);
#2612=CARTESIAN_POINT('',(2.775,3.95,1.125));
#2613=CARTESIAN_POINT('',(2.775,3.95,0.400000000000012));
#2614=VECTOR('',#3395,1.0);
#2615=AXIS2_PLACEMENT_3D('',#3396,#3397,#3398);
#2616=CARTESIAN_POINT('',(3.075,3.95,1.17500000000001));
#2617=CARTESIAN_POINT('',(2.90084969837962,3.95,1.22160120648152));
#2618=VECTOR('',#3399,1.0);
#2619=CARTESIAN_POINT('',(3.075,3.95,2.02500000000001));
#2620=CARTESIAN_POINT('',(3.075,3.95,1.17500000000001));
#2621=VECTOR('',#3400,1.0);
#2622=CARTESIAN_POINT('',(3.075,3.95,2.02500000000001));
#2623=VECTOR('',#3401,1.0);
#2624=CARTESIAN_POINT('',(2.775,3.95,2.07500000000001));
#2625=AXIS2_PLACEMENT_3D('',#3402,#3403,#3404);
#2626=CARTESIAN_POINT('',(2.775,3.95,2.80000000000001));
#2627=CARTESIAN_POINT('',(2.775,3.95,2.07500000000002));
#2628=VECTOR('',#3405,1.0);
#2629=CARTESIAN_POINT('',(-2.775,3.95,2.8));
#2630=CARTESIAN_POINT('',(2.775,3.95,2.80000000000001));
#2631=VECTOR('',#3406,1.0);
#2632=CARTESIAN_POINT('',(-2.775,3.95,2.8));
#2633=VECTOR('',#3407,1.0);
#2634=CARTESIAN_POINT('',(-2.90084969837956,3.95,1.97839879351854));
#2635=AXIS2_PLACEMENT_3D('',#3408,#3409,#3410);
#2636=CARTESIAN_POINT('',(-2.90084969837958,3.95,1.97839879351846));
#2637=VECTOR('',#3411,1.0);
#2638=CARTESIAN_POINT('',(-1.715,3.95,1.525));
#2639=CARTESIAN_POINT('',(-2.035,3.95,1.525));
#2640=CARTESIAN_POINT('',(-1.715,3.95,1.525));
#2641=VECTOR('',#3412,1.0);
#2642=CARTESIAN_POINT('',(-1.715,3.95,0.775));
#2643=CARTESIAN_POINT('',(-1.715,3.95,1.125));
#2644=VECTOR('',#3413,1.0);
#2645=CARTESIAN_POINT('',(-2.035,3.95,0.775));
#2646=CARTESIAN_POINT('',(-1.715,3.95,0.775));
#2647=VECTOR('',#3414,1.0);
#2648=CARTESIAN_POINT('',(-2.035,3.95,1.125));
#2649=VECTOR('',#3415,1.0);
#2650=CARTESIAN_POINT('',(0.785,3.95,1.525));
#2651=CARTESIAN_POINT('',(0.465,3.95,1.525));
#2652=CARTESIAN_POINT('',(0.785,3.95,1.525));
#2653=VECTOR('',#3416,1.0);
#2654=CARTESIAN_POINT('',(0.785,3.95,0.775));
#2655=CARTESIAN_POINT('',(0.785,3.95,1.125));
#2656=VECTOR('',#3417,1.0);
#2657=CARTESIAN_POINT('',(0.465,3.95,0.775));
#2658=CARTESIAN_POINT('',(0.785,3.95,0.775));
#2659=VECTOR('',#3418,1.0);
#2660=CARTESIAN_POINT('',(0.465,3.95,1.125));
#2661=VECTOR('',#3419,1.0);
#2662=CARTESIAN_POINT('',(-3.375,5.2,0.0));
#2663=CARTESIAN_POINT('',(-3.375,1.0,0.0));
#2664=CARTESIAN_POINT('',(-3.375,5.2,0.0));
#2665=VECTOR('',#3420,1.0);
#2666=CARTESIAN_POINT('',(3.375,5.2,0.0));
#2667=CARTESIAN_POINT('',(3.375,5.2,0.0));
#2668=VECTOR('',#3421,1.0);
#2669=CARTESIAN_POINT('',(3.375,1.0,0.0));
#2670=CARTESIAN_POINT('',(3.375,1.0,0.0));
#2671=VECTOR('',#3422,1.0);
#2672=CARTESIAN_POINT('',(-3.375,1.0,0.0));
#2673=VECTOR('',#3423,1.0);
#2674=CARTESIAN_POINT('',(0.700000000000001,3.6,0.0));
#2675=CARTESIAN_POINT('',(1.8,3.6,0.0));
#2676=CARTESIAN_POINT('',(0.700000000000001,3.6,0.0));
#2677=VECTOR('',#3424,1.0);
#2678=CARTESIAN_POINT('',(0.7,2.45,0.0));
#2679=CARTESIAN_POINT('',(0.7,2.45,0.0));
#2680=VECTOR('',#3425,1.0);
#2681=CARTESIAN_POINT('',(1.8,2.45,0.0));
#2682=CARTESIAN_POINT('',(1.8,2.45,0.0));
#2683=VECTOR('',#3426,1.0);
#2684=CARTESIAN_POINT('',(1.8,3.6,0.0));
#2685=VECTOR('',#3427,1.0);
#2686=CARTESIAN_POINT('',(-1.8,2.45,0.0));
#2687=CARTESIAN_POINT('',(-1.8,3.6,0.0));
#2688=CARTESIAN_POINT('',(-1.8,2.45,0.0));
#2689=VECTOR('',#3428,1.0);
#2690=CARTESIAN_POINT('',(-0.7,2.45,0.0));
#2691=CARTESIAN_POINT('',(-0.7,2.45,0.0));
#2692=VECTOR('',#3429,1.0);
#2693=CARTESIAN_POINT('',(-0.7,3.6,0.0));
#2694=CARTESIAN_POINT('',(-0.7,3.6,0.0));
#2695=VECTOR('',#3430,1.0);
#2696=CARTESIAN_POINT('',(-1.8,3.6,0.0));
#2697=VECTOR('',#3431,1.0);
#2698=CARTESIAN_POINT('',(-3.375,5.2,3.2));
#2699=CARTESIAN_POINT('',(-3.375,2.0,3.2));
#2700=CARTESIAN_POINT('',(-3.375,5.2,3.2));
#2701=VECTOR('',#3432,1.0);
#2702=CARTESIAN_POINT('',(-2.425,2.0,3.2));
#2703=CARTESIAN_POINT('',(-3.375,2.0,3.2));
#2704=VECTOR('',#3433,1.0);
#2705=CARTESIAN_POINT('',(-2.425,2.6,3.2));
#2706=CARTESIAN_POINT('',(-2.425,2.0,3.2));
#2707=VECTOR('',#3434,1.0);
#2708=CARTESIAN_POINT('',(2.425,2.6,3.2));
#2709=CARTESIAN_POINT('',(-2.425,2.6,3.2));
#2710=VECTOR('',#3435,1.0);
#2711=CARTESIAN_POINT('',(2.425,2.0,3.2));
#2712=CARTESIAN_POINT('',(2.425,2.6,3.2));
#2713=VECTOR('',#3436,1.0);
#2714=CARTESIAN_POINT('',(3.375,2.0,3.2));
#2715=CARTESIAN_POINT('',(2.425,2.0,3.2));
#2716=VECTOR('',#3437,1.0);
#2717=CARTESIAN_POINT('',(3.375,5.2,3.2));
#2718=CARTESIAN_POINT('',(3.375,1.0,3.2));
#2719=VECTOR('',#3438,1.0);
#2720=CARTESIAN_POINT('',(3.375,5.2,3.2));
#2721=VECTOR('',#3439,1.0);
#2722=CARTESIAN_POINT('',(-2.425,2.2,2.8));
#2723=CARTESIAN_POINT('',(-2.425,2.8,2.8));
#2724=CARTESIAN_POINT('',(-2.425,2.0,2.8));
#2725=VECTOR('',#3440,1.0);
#2726=CARTESIAN_POINT('',(-2.775,2.2,2.8));
#2727=CARTESIAN_POINT('',(-2.775,2.2,2.8));
#2728=VECTOR('',#3441,1.0);
#2729=CARTESIAN_POINT('',(-2.775,3.95,2.8));
#2730=VECTOR('',#3442,1.0);
#2731=CARTESIAN_POINT('',(2.775,2.2,2.80000000000001));
#2732=CARTESIAN_POINT('',(2.775,3.95,2.80000000000001));
#2733=VECTOR('',#3443,1.0);
#2734=CARTESIAN_POINT('',(2.425,2.2,2.8));
#2735=CARTESIAN_POINT('',(2.425,2.2,2.80000000000001));
#2736=VECTOR('',#3444,1.0);
#2737=CARTESIAN_POINT('',(2.425,2.8,2.80000000000001));
#2738=CARTESIAN_POINT('',(2.425,2.6,2.8));
#2739=VECTOR('',#3445,1.0);
#2740=CARTESIAN_POINT('',(-2.425,2.8,2.8));
#2741=VECTOR('',#3446,1.0);
#2742=CARTESIAN_POINT('',(-3.375,1.0,2.8));
#2743=CARTESIAN_POINT('',(-3.375,2.0,2.8));
#2744=CARTESIAN_POINT('',(-3.375,1.0,2.8));
#2745=VECTOR('',#3447,1.0);
#2746=CARTESIAN_POINT('',(-3.375,2.0,2.8));
#2747=VECTOR('',#3448,1.0);
#2748=CARTESIAN_POINT('',(-3.375,5.2,3.2));
#2749=VECTOR('',#3449,1.0);
#2750=CARTESIAN_POINT('',(-3.375,1.0,3.2));
#2751=VECTOR('',#3450,1.0);
#2752=CARTESIAN_POINT('',(-3.075,1.0,2.025));
#2753=CARTESIAN_POINT('',(-3.075,1.0,1.175));
#2754=CARTESIAN_POINT('',(-3.075,1.0,2.025));
#2755=VECTOR('',#3451,1.0);
#2756=CARTESIAN_POINT('',(-3.075,1.0,2.8));
#2757=CARTESIAN_POINT('',(-3.075,1.0,3.2));
#2758=VECTOR('',#3452,1.0);
#2759=CARTESIAN_POINT('',(3.375,1.0,2.8));
#2760=VECTOR('',#3453,1.0);
#2761=CARTESIAN_POINT('',(3.375,1.0,2.8));
#2762=CARTESIAN_POINT('',(3.375,1.0,3.2));
#2763=VECTOR('',#3454,1.0);
#2764=CARTESIAN_POINT('',(3.075,1.0,2.8));
#2765=CARTESIAN_POINT('',(3.375,1.0,2.8));
#2766=VECTOR('',#3455,1.0);
#2767=CARTESIAN_POINT('',(3.075,1.0,2.02500000000001));
#2768=CARTESIAN_POINT('',(3.075,1.0,3.2));
#2769=VECTOR('',#3456,1.0);
#2770=CARTESIAN_POINT('',(3.075,1.0,1.17500000000001));
#2771=CARTESIAN_POINT('',(3.075,1.0,1.17500000000001));
#2772=VECTOR('',#3457,1.0);
#2773=CARTESIAN_POINT('',(3.075,1.0,0.200000000000013));
#2774=CARTESIAN_POINT('',(3.075,1.0,3.2));
#2775=VECTOR('',#3458,1.0);
#2776=CARTESIAN_POINT('',(-3.075,1.0,0.200000000000003));
#2777=CARTESIAN_POINT('',(-3.37499999999999,1.0,0.200000000000003));
#2778=VECTOR('',#3459,1.0);
#2779=CARTESIAN_POINT('',(-3.075,1.0,3.2));
#2780=VECTOR('',#3460,1.0);
#2781=CARTESIAN_POINT('',(3.375,2.0,2.8));
#2782=CARTESIAN_POINT('',(3.375,2.0,2.8));
#2783=VECTOR('',#3461,1.0);
#2784=CARTESIAN_POINT('',(3.375,2.0,2.8));
#2785=VECTOR('',#3462,1.0);
#2786=CARTESIAN_POINT('',(3.375,5.2,3.2));
#2787=VECTOR('',#3463,1.0);
#2788=CARTESIAN_POINT('',(0.785,5.2,0.975));
#2789=CARTESIAN_POINT('',(0.465,5.2,0.975));
#2790=CARTESIAN_POINT('',(3.375,5.2,0.975));
#2791=VECTOR('',#3464,1.0);
#2792=CARTESIAN_POINT('',(0.785,5.2,1.325));
#2793=CARTESIAN_POINT('',(0.785,5.2,3.2));
#2794=VECTOR('',#3465,1.0);
#2795=CARTESIAN_POINT('',(0.465,5.2,1.325));
#2796=CARTESIAN_POINT('',(3.375,5.2,1.325));
#2797=VECTOR('',#3466,1.0);
#2798=CARTESIAN_POINT('',(0.465,5.2,3.2));
#2799=VECTOR('',#3467,1.0);
#2800=CARTESIAN_POINT('',(-0.465,5.2,0.975));
#2801=CARTESIAN_POINT('',(-0.785,5.2,0.975));
#2802=CARTESIAN_POINT('',(3.375,5.2,0.975));
#2803=VECTOR('',#3468,1.0);
#2804=CARTESIAN_POINT('',(-0.465,5.2,1.325));
#2805=CARTESIAN_POINT('',(-0.465,5.2,3.2));
#2806=VECTOR('',#3469,1.0);
#2807=CARTESIAN_POINT('',(-0.785,5.2,1.325));
#2808=CARTESIAN_POINT('',(3.375,5.2,1.325));
#2809=VECTOR('',#3470,1.0);
#2810=CARTESIAN_POINT('',(-0.785,5.2,3.2));
#2811=VECTOR('',#3471,1.0);
#2812=CARTESIAN_POINT('',(-1.715,5.2,0.975));
#2813=CARTESIAN_POINT('',(-2.035,5.2,0.975));
#2814=CARTESIAN_POINT('',(3.375,5.2,0.975));
#2815=VECTOR('',#3472,1.0);
#2816=CARTESIAN_POINT('',(-1.715,5.2,1.325));
#2817=CARTESIAN_POINT('',(-1.715,5.2,3.2));
#2818=VECTOR('',#3473,1.0);
#2819=CARTESIAN_POINT('',(-2.035,5.2,1.325));
#2820=CARTESIAN_POINT('',(3.375,5.2,1.325));
#2821=VECTOR('',#3474,1.0);
#2822=CARTESIAN_POINT('',(-2.035,5.2,3.2));
#2823=VECTOR('',#3475,1.0);
#2824=CARTESIAN_POINT('',(2.035,5.2,0.975));
#2825=CARTESIAN_POINT('',(1.715,5.2,0.975));
#2826=CARTESIAN_POINT('',(3.375,5.2,0.975));
#2827=VECTOR('',#3476,1.0);
#2828=CARTESIAN_POINT('',(2.035,5.2,1.325));
#2829=CARTESIAN_POINT('',(2.035,5.2,3.2));
#2830=VECTOR('',#3477,1.0);
#2831=CARTESIAN_POINT('',(1.715,5.2,1.325));
#2832=CARTESIAN_POINT('',(3.375,5.2,1.325));
#2833=VECTOR('',#3478,1.0);
#2834=CARTESIAN_POINT('',(1.715,5.2,3.2));
#2835=VECTOR('',#3479,1.0);
#2836=CARTESIAN_POINT('',(-3.075,3.95,1.175));
#2837=VECTOR('',#3480,1.0);
#2838=CARTESIAN_POINT('',(-3.075,3.95,2.025));
#2839=VECTOR('',#3481,1.0);
#2840=CARTESIAN_POINT('',(-2.90084969837958,1.11610020108028,1.22160120648154));
#2841=CARTESIAN_POINT('',(-2.79799477020692,1.18467015319539,1.24912435000078));
#2842=VECTOR('',#3482,1.0);
#2843=CARTESIAN_POINT('',(-2.90084969837958,3.95,1.22160120648154));
#2844=VECTOR('',#3483,1.0);
#2845=AXIS2_PLACEMENT_3D('',#3484,#3485,#3486);
#2846=CARTESIAN_POINT('',(-2.775,1.2,0.400000000000003));
#2847=CARTESIAN_POINT('',(-2.775,1.2,1.125));
#2848=VECTOR('',#3487,1.0);
#2849=CARTESIAN_POINT('',(-2.775,3.95,0.400000000000003));
#2850=VECTOR('',#3488,1.0);
#2851=CARTESIAN_POINT('',(-1.8,2.45,0.400000000000005));
#2852=CARTESIAN_POINT('',(-0.7,2.45,0.40000000000001));
#2853=CARTESIAN_POINT('',(-0.699999999999994,2.45,0.400000000000011));
#2854=VECTOR('',#3489,1.0);
#2855=CARTESIAN_POINT('',(-1.8,3.6,0.40000000000001));
#2856=CARTESIAN_POINT('',(-1.8,2.45,0.400000000000009));
#2857=VECTOR('',#3490,1.0);
#2858=CARTESIAN_POINT('',(-0.7,3.6,0.400000000000011));
#2859=CARTESIAN_POINT('',(-1.79999999999999,3.6,0.400000000000009));
#2860=VECTOR('',#3491,1.0);
#2861=CARTESIAN_POINT('',(-0.7,3.6,0.400000000000011));
#2862=VECTOR('',#3492,1.0);
#2863=CARTESIAN_POINT('',(0.7,2.45,0.400000000000009));
#2864=CARTESIAN_POINT('',(1.8,2.45,0.40000000000001));
#2865=CARTESIAN_POINT('',(1.80000000000001,2.45,0.400000000000011));
#2866=VECTOR('',#3493,1.0);
#2867=CARTESIAN_POINT('',(0.700000000000001,3.6,0.40000000000001));
#2868=CARTESIAN_POINT('',(0.7,2.45,0.400000000000009));
#2869=VECTOR('',#3494,1.0);
#2870=CARTESIAN_POINT('',(1.8,3.6,0.400000000000011));
#2871=CARTESIAN_POINT('',(0.700000000000006,3.6,0.400000000000009));
#2872=VECTOR('',#3495,1.0);
#2873=CARTESIAN_POINT('',(1.8,3.6,0.400000000000011));
#2874=VECTOR('',#3496,1.0);
#2875=CARTESIAN_POINT('',(2.775,1.2,0.400000000000012));
#2876=CARTESIAN_POINT('',(-2.775,1.2,0.400000000000003));
#2877=VECTOR('',#3497,1.0);
#2878=CARTESIAN_POINT('',(2.775,3.95,0.400000000000012));
#2879=VECTOR('',#3498,1.0);
#2880=CARTESIAN_POINT('',(2.775,1.2,1.125));
#2881=CARTESIAN_POINT('',(2.775,1.2,0.400000000000012));
#2882=VECTOR('',#3499,1.0);
#2883=CARTESIAN_POINT('',(2.775,3.95,1.125));
#2884=VECTOR('',#3500,1.0);
#2885=AXIS2_PLACEMENT_3D('',#3501,#3502,#3503);
#2886=CARTESIAN_POINT('',(2.9259616120572,1.0993589252952,1.21488146230912));
#2887=VECTOR('',#3504,1.0);
#2888=CARTESIAN_POINT('',(3.075,3.95,1.17500000000001));
#2889=VECTOR('',#3505,1.0);
#2890=CARTESIAN_POINT('',(3.075,3.95,2.02500000000001));
#2891=VECTOR('',#3506,1.0);
#2892=CARTESIAN_POINT('',(2.79799477020691,1.1846701531954,1.95087564999926));
#2893=VECTOR('',#3507,1.0);
#2894=CARTESIAN_POINT('',(2.775,1.2,2.07500000000001));
#2895=AXIS2_PLACEMENT_3D('',#3508,#3509,#3510);
#2896=CARTESIAN_POINT('',(2.775,3.95,2.07500000000001));
#2897=VECTOR('',#3511,1.0);
#2898=CARTESIAN_POINT('',(2.775,1.2,2.80000000000001));
#2899=CARTESIAN_POINT('',(2.775,1.2,2.07500000000002));
#2900=VECTOR('',#3512,1.0);
#2901=CARTESIAN_POINT('',(2.775,2.0,2.8));
#2902=CARTESIAN_POINT('',(2.775,3.95,2.80000000000001));
#2903=VECTOR('',#3513,1.0);
#2904=CARTESIAN_POINT('',(2.775,2.0,3.00000000000001));
#2905=CARTESIAN_POINT('',(2.775,2.0,2.07500000000002));
#2906=VECTOR('',#3514,1.0);
#2907=CARTESIAN_POINT('',(2.775,3.4375,1.56250000000002));
#2908=VECTOR('',#3515,1.0);
#2909=CARTESIAN_POINT('',(-2.775,1.2,2.8));
#2910=CARTESIAN_POINT('',(-2.775,2.0,2.8));
#2911=CARTESIAN_POINT('',(-2.775,3.95,2.8));
#2912=VECTOR('',#3516,1.0);
#2913=CARTESIAN_POINT('',(-2.775,1.2,2.8));
#2914=VECTOR('',#3517,1.0);
#2915=CARTESIAN_POINT('',(-2.775,2.0,3.0));
#2916=CARTESIAN_POINT('',(-2.775,3.075,1.925));
#2917=VECTOR('',#3518,1.0);
#2918=CARTESIAN_POINT('',(-2.775,2.0,2.8));
#2919=VECTOR('',#3519,1.0);
#2920=CARTESIAN_POINT('',(-2.90084969837956,1.1161002010803,1.97839879351854));
#2921=AXIS2_PLACEMENT_3D('',#3520,#3521,#3522);
#2922=CARTESIAN_POINT('',(-2.90084969837956,3.95,1.97839879351854));
#2923=VECTOR('',#3523,1.0);
#2924=CARTESIAN_POINT('',(-2.92596161205727,1.09935892529516,1.98511853769089));
#2925=VECTOR('',#3524,1.0);
#2926=CARTESIAN_POINT('',(-1.40769230769231,2.11153846153846,2.8));
#2927=VECTOR('',#3525,1.0);
#2928=CARTESIAN_POINT('',(-3.375,2.0,2.8));
#2929=VECTOR('',#3526,1.0);
#2930=CARTESIAN_POINT('',(-2.425,2.0,3.0));
#2931=CARTESIAN_POINT('',(-2.425,2.0,3.0));
#2932=VECTOR('',#3527,1.0);
#2933=CARTESIAN_POINT('',(-2.425,2.0,2.8));
#2934=VECTOR('',#3528,1.0);
#2935=CARTESIAN_POINT('',(-2.425,2.1,2.9));
#2936=VECTOR('',#3529,1.0);
#2937=CARTESIAN_POINT('',(-2.425,2.6,3.0));
#2938=CARTESIAN_POINT('',(-2.425,2.6,3.0));
#2939=VECTOR('',#3530,1.0);
#2940=CARTESIAN_POINT('',(-2.425,2.6,2.8));
#2941=VECTOR('',#3531,1.0);
#2942=CARTESIAN_POINT('',(2.425,2.6,3.00000000000001));
#2943=CARTESIAN_POINT('',(2.425,2.6,3.00000000000001));
#2944=VECTOR('',#3532,1.0);
#2945=CARTESIAN_POINT('',(2.425,2.6,2.8));
#2946=VECTOR('',#3533,1.0);
#2947=CARTESIAN_POINT('',(2.425,2.0,3.00000000000001));
#2948=CARTESIAN_POINT('',(2.425,2.40000000000001,2.60000000000001));
#2949=VECTOR('',#3534,1.0);
#2950=CARTESIAN_POINT('',(2.425,2.0,2.8));
#2951=VECTOR('',#3535,1.0);
#2952=CARTESIAN_POINT('',(2.425,2.6,3.00000000000001));
#2953=VECTOR('',#3536,1.0);
#2954=CARTESIAN_POINT('',(2.775,2.0,3.00000000000001));
#2955=VECTOR('',#3537,1.0);
#2956=CARTESIAN_POINT('',(2.425,2.0,2.8));
#2957=VECTOR('',#3538,1.0);
#2958=CARTESIAN_POINT('',(1.40769230769231,2.11153846153846,2.8));
#2959=VECTOR('',#3539,1.0);
#2960=CARTESIAN_POINT('',(2.775,1.2,0.400000000000012));
#2961=VECTOR('',#3540,1.0);
#2962=CARTESIAN_POINT('',(-2.51911764705882,1.37058823529412,0.570588235294121));
#2963=VECTOR('',#3541,1.0);
#2964=CARTESIAN_POINT('',(0.7,2.45,3.96000000000012));
#2965=VECTOR('',#3542,1.0);
#2966=CARTESIAN_POINT('',(0.700000000000001,3.6,3.96000000000012));
#2967=VECTOR('',#3543,1.0);
#2968=CARTESIAN_POINT('',(1.8,3.6,3.96000000000012));
#2969=VECTOR('',#3544,1.0);
#2970=CARTESIAN_POINT('',(1.8,2.45,3.96000000000012));
#2971=VECTOR('',#3545,1.0);
#2972=CARTESIAN_POINT('',(-1.8,2.45,3.96000000000012));
#2973=VECTOR('',#3546,1.0);
#2974=CARTESIAN_POINT('',(-1.8,3.6,3.96000000000012));
#2975=VECTOR('',#3547,1.0);
#2976=CARTESIAN_POINT('',(-0.7,3.6,3.96000000000012));
#2977=VECTOR('',#3548,1.0);
#2978=CARTESIAN_POINT('',(-0.7,2.45,3.96000000000012));
#2979=VECTOR('',#3549,1.0);
#2980=CARTESIAN_POINT('',(1.825,1.7,1.325));
#2981=CARTESIAN_POINT('',(1.825,1.7,0.925));
#2982=CARTESIAN_POINT('',(1.825,1.7,1.525));
#2983=VECTOR('',#3550,1.0);
#2984=CARTESIAN_POINT('',(1.925,1.7,0.925));
#2985=CARTESIAN_POINT('',(2.035,1.7,0.925));
#2986=VECTOR('',#3551,1.0);
#2987=CARTESIAN_POINT('',(1.925,1.7,1.325));
#2988=CARTESIAN_POINT('',(1.925,1.7,1.525));
#2989=VECTOR('',#3552,1.0);
#2990=CARTESIAN_POINT('',(2.035,1.7,1.325));
#2991=VECTOR('',#3553,1.0);
#2992=CARTESIAN_POINT('',(2.035,2.1,1.405));
#2993=CARTESIAN_POINT('',(2.035,2.1,0.839285714285714));
#2994=CARTESIAN_POINT('',(2.035,2.1,0.775));
#2995=VECTOR('',#3554,1.0);
#2996=CARTESIAN_POINT('',(2.035,2.4,0.775));
#2997=CARTESIAN_POINT('',(2.035,0.264146341463415,1.23268292682927));
#2998=VECTOR('',#3555,1.0);
#2999=CARTESIAN_POINT('',(2.035,1.7,0.775));
#3000=VECTOR('',#3556,1.0);
#3001=CARTESIAN_POINT('',(2.035,2.7,1.525));
#3002=CARTESIAN_POINT('',(2.035,3.95,1.525));
#3003=VECTOR('',#3557,1.0);
#3004=CARTESIAN_POINT('',(2.035,-0.189423076923077,0.947115384615384));
#3005=VECTOR('',#3558,1.0);
#3006=CARTESIAN_POINT('',(1.715,2.4,0.775));
#3007=CARTESIAN_POINT('',(1.715,1.7,0.775));
#3008=VECTOR('',#3559,1.0);
#3009=CARTESIAN_POINT('',(1.715,2.1,0.839285714285714));
#3010=CARTESIAN_POINT('',(1.715,2.4,0.775));
#3011=VECTOR('',#3560,1.0);
#3012=CARTESIAN_POINT('',(1.715,2.1,1.405));
#3013=CARTESIAN_POINT('',(1.715,2.1,6.07153216591883E-16));
#3014=VECTOR('',#3561,1.0);
#3015=CARTESIAN_POINT('',(1.715,2.7,1.525));
#3016=CARTESIAN_POINT('',(1.715,1.7,1.325));
#3017=VECTOR('',#3562,1.0);
#3018=CARTESIAN_POINT('',(1.715,3.95,1.525));
#3019=VECTOR('',#3563,1.0);
#3020=CARTESIAN_POINT('',(2.035,2.7,1.525));
#3021=VECTOR('',#3564,1.0);
#3022=CARTESIAN_POINT('',(2.035,2.4,0.775));
#3023=VECTOR('',#3565,1.0);
#3024=CARTESIAN_POINT('',(1.715,6.9,0.975));
#3025=CARTESIAN_POINT('',(1.715,3.95,0.975));
#3026=VECTOR('',#3566,1.0);
#3027=CARTESIAN_POINT('',(2.035,6.9,0.975));
#3028=CARTESIAN_POINT('',(2.035,6.9,0.975));
#3029=VECTOR('',#3567,1.0);
#3030=CARTESIAN_POINT('',(2.035,3.95,0.975));
#3031=VECTOR('',#3568,1.0);
#3032=CARTESIAN_POINT('',(2.035,6.9,1.325));
#3033=CARTESIAN_POINT('',(2.035,7.5,1.325));
#3034=VECTOR('',#3569,1.0);
#3035=CARTESIAN_POINT('',(1.715,6.9,1.325));
#3036=CARTESIAN_POINT('',(2.035,6.9,1.325));
#3037=VECTOR('',#3570,1.0);
#3038=CARTESIAN_POINT('',(1.715,7.5,1.325));
#3039=VECTOR('',#3571,1.0);
#3040=CARTESIAN_POINT('',(2.035,6.9,1.325));
#3041=VECTOR('',#3572,1.0);
#3042=CARTESIAN_POINT('',(1.715,6.9,0.0));
#3043=VECTOR('',#3573,1.0);
#3044=CARTESIAN_POINT('',(1.96,7.5,1.215));
#3045=CARTESIAN_POINT('',(1.96,7.5,1.085));
#3046=CARTESIAN_POINT('',(1.96,7.5,0.975));
#3047=VECTOR('',#3574,1.0);
#3048=CARTESIAN_POINT('',(1.79,7.5,1.085));
#3049=CARTESIAN_POINT('',(2.035,7.5,1.085));
#3050=VECTOR('',#3575,1.0);
#3051=CARTESIAN_POINT('',(1.79,7.5,1.215));
#3052=CARTESIAN_POINT('',(1.79,7.5,0.975));
#3053=VECTOR('',#3576,1.0);
#3054=CARTESIAN_POINT('',(2.035,7.5,1.215));
#3055=VECTOR('',#3577,1.0);
#3056=CARTESIAN_POINT('',(2.11193707423034,2.37977117901944,0.779334747352978));
#3057=VECTOR('',#3578,1.0);
#3058=CARTESIAN_POINT('',(1.93245658263305,1.72711484593838,1.33042296918768));
#3059=VECTOR('',#3579,1.0);
#3060=CARTESIAN_POINT('',(1.83923529411765,1.64823529411765,1.31464705882353));
#3061=VECTOR('',#3580,1.0);
#3062=CARTESIAN_POINT('',(1.65964033481559,2.30130787339785,0.796148312843317));
#3063=VECTOR('',#3581,1.0);
#3064=CARTESIAN_POINT('',(2.035,6.9,1.325));
#3065=VECTOR('',#3582,1.0);
#3066=CARTESIAN_POINT('',(1.96111688397644,7.4910649281885,1.08336190350122));
#3067=VECTOR('',#3583,1.0);
#3068=CARTESIAN_POINT('',(1.79364848765636,7.52918790125091,1.09035111522933));
#3069=VECTOR('',#3584,1.0);
#3070=CARTESIAN_POINT('',(1.7197653716328,6.93812297306242,1.31801078827189));
#3071=VECTOR('',#3585,1.0);
#3072=CARTESIAN_POINT('',(-1.79,7.5,1.215));
#3073=CARTESIAN_POINT('',(-1.79,7.5,1.085));
#3074=CARTESIAN_POINT('',(-1.79,7.5,0.975));
#3075=VECTOR('',#3586,1.0);
#3076=CARTESIAN_POINT('',(-1.96,7.5,1.085));
#3077=CARTESIAN_POINT('',(-1.715,7.5,1.085));
#3078=VECTOR('',#3587,1.0);
#3079=CARTESIAN_POINT('',(-1.96,7.5,1.215));
#3080=CARTESIAN_POINT('',(-1.96,7.5,0.975));
#3081=VECTOR('',#3588,1.0);
#3082=CARTESIAN_POINT('',(-1.715,7.5,1.215));
#3083=VECTOR('',#3589,1.0);
#3084=CARTESIAN_POINT('',(-1.715,6.9,0.975));
#3085=CARTESIAN_POINT('',(-1.715,3.95,0.975));
#3086=VECTOR('',#3590,1.0);
#3087=CARTESIAN_POINT('',(-1.715,6.9,1.325));
#3088=CARTESIAN_POINT('',(-1.715,6.9,1.325));
#3089=VECTOR('',#3591,1.0);
#3090=CARTESIAN_POINT('',(-1.715,7.5,1.325));
#3091=VECTOR('',#3592,1.0);
#3092=CARTESIAN_POINT('',(-2.035,6.9,1.325));
#3093=CARTESIAN_POINT('',(-2.035,7.5,1.325));
#3094=VECTOR('',#3593,1.0);
#3095=CARTESIAN_POINT('',(-2.035,6.9,0.975));
#3096=CARTESIAN_POINT('',(-2.035,6.9,0.0));
#3097=VECTOR('',#3594,1.0);
#3098=CARTESIAN_POINT('',(-2.035,3.95,0.975));
#3099=VECTOR('',#3595,1.0);
#3100=CARTESIAN_POINT('',(-1.715,6.9,1.325));
#3101=VECTOR('',#3596,1.0);
#3102=CARTESIAN_POINT('',(-1.715,6.9,0.975));
#3103=VECTOR('',#3597,1.0);
#3104=CARTESIAN_POINT('',(-0.54,7.5,1.215));
#3105=CARTESIAN_POINT('',(-0.54,7.5,1.085));
#3106=CARTESIAN_POINT('',(-0.54,7.5,0.975));
#3107=VECTOR('',#3598,1.0);
#3108=CARTESIAN_POINT('',(-0.71,7.5,1.085));
#3109=CARTESIAN_POINT('',(-0.465,7.5,1.085));
#3110=VECTOR('',#3599,1.0);
#3111=CARTESIAN_POINT('',(-0.71,7.5,1.215));
#3112=CARTESIAN_POINT('',(-0.71,7.5,0.975));
#3113=VECTOR('',#3600,1.0);
#3114=CARTESIAN_POINT('',(-0.465,7.5,1.215));
#3115=VECTOR('',#3601,1.0);
#3116=CARTESIAN_POINT('',(-0.465,6.9,0.975));
#3117=CARTESIAN_POINT('',(-0.465,3.95,0.975));
#3118=VECTOR('',#3602,1.0);
#3119=CARTESIAN_POINT('',(-0.465,6.9,1.325));
#3120=CARTESIAN_POINT('',(-0.465,6.9,1.325));
#3121=VECTOR('',#3603,1.0);
#3122=CARTESIAN_POINT('',(-0.465,7.5,1.325));
#3123=VECTOR('',#3604,1.0);
#3124=CARTESIAN_POINT('',(-0.785,6.9,1.325));
#3125=CARTESIAN_POINT('',(-0.785,7.5,1.325));
#3126=VECTOR('',#3605,1.0);
#3127=CARTESIAN_POINT('',(-0.785,6.9,0.975));
#3128=CARTESIAN_POINT('',(-0.785,6.9,0.0));
#3129=VECTOR('',#3606,1.0);
#3130=CARTESIAN_POINT('',(-0.785,3.95,0.975));
#3131=VECTOR('',#3607,1.0);
#3132=CARTESIAN_POINT('',(-0.465,6.9,1.325));
#3133=VECTOR('',#3608,1.0);
#3134=CARTESIAN_POINT('',(-0.465,6.9,0.975));
#3135=VECTOR('',#3609,1.0);
#3136=CARTESIAN_POINT('',(0.71,7.5,1.215));
#3137=CARTESIAN_POINT('',(0.71,7.5,1.085));
#3138=CARTESIAN_POINT('',(0.71,7.5,0.975));
#3139=VECTOR('',#3610,1.0);
#3140=CARTESIAN_POINT('',(0.54,7.5,1.085));
#3141=CARTESIAN_POINT('',(0.785,7.5,1.085));
#3142=VECTOR('',#3611,1.0);
#3143=CARTESIAN_POINT('',(0.54,7.5,1.215));
#3144=CARTESIAN_POINT('',(0.54,7.5,0.975));
#3145=VECTOR('',#3612,1.0);
#3146=CARTESIAN_POINT('',(0.785,7.5,1.215));
#3147=VECTOR('',#3613,1.0);
#3148=CARTESIAN_POINT('',(0.785,6.9,0.975));
#3149=CARTESIAN_POINT('',(0.785,3.95,0.975));
#3150=VECTOR('',#3614,1.0);
#3151=CARTESIAN_POINT('',(0.785,6.9,1.325));
#3152=CARTESIAN_POINT('',(0.785,6.9,1.325));
#3153=VECTOR('',#3615,1.0);
#3154=CARTESIAN_POINT('',(0.785,7.5,1.325));
#3155=VECTOR('',#3616,1.0);
#3156=CARTESIAN_POINT('',(0.465,6.9,1.325));
#3157=CARTESIAN_POINT('',(0.465,7.5,1.325));
#3158=VECTOR('',#3617,1.0);
#3159=CARTESIAN_POINT('',(0.465,6.9,0.975));
#3160=CARTESIAN_POINT('',(0.465,6.9,0.0));
#3161=VECTOR('',#3618,1.0);
#3162=CARTESIAN_POINT('',(0.465,3.95,0.975));
#3163=VECTOR('',#3619,1.0);
#3164=CARTESIAN_POINT('',(0.785,6.9,1.325));
#3165=VECTOR('',#3620,1.0);
#3166=CARTESIAN_POINT('',(0.785,6.9,0.975));
#3167=VECTOR('',#3621,1.0);
#3168=CARTESIAN_POINT('',(-1.715,2.1,1.405));
#3169=CARTESIAN_POINT('',(-1.715,2.1,0.839285714285714));
#3170=CARTESIAN_POINT('',(-1.715,2.1,0.775));
#3171=VECTOR('',#3622,1.0);
#3172=CARTESIAN_POINT('',(-1.715,2.4,0.775));
#3173=CARTESIAN_POINT('',(-1.715,0.264146341463415,1.23268292682927));
#3174=VECTOR('',#3623,1.0);
#3175=CARTESIAN_POINT('',(-1.715,1.7,0.775));
#3176=VECTOR('',#3624,1.0);
#3177=CARTESIAN_POINT('',(-1.715,2.7,1.525));
#3178=CARTESIAN_POINT('',(-1.715,3.95,1.525));
#3179=VECTOR('',#3625,1.0);
#3180=CARTESIAN_POINT('',(-1.715,-0.189423076923077,0.947115384615384));
#3181=VECTOR('',#3626,1.0);
#3182=CARTESIAN_POINT('',(-2.035,2.4,0.775));
#3183=CARTESIAN_POINT('',(-2.035,1.7,0.775));
#3184=VECTOR('',#3627,1.0);
#3185=CARTESIAN_POINT('',(-2.035,2.1,0.839285714285714));
#3186=CARTESIAN_POINT('',(-2.035,2.4,0.775));
#3187=VECTOR('',#3628,1.0);
#3188=CARTESIAN_POINT('',(-2.035,2.1,1.405));
#3189=CARTESIAN_POINT('',(-2.035,2.1,6.07153216591883E-16));
#3190=VECTOR('',#3629,1.0);
#3191=CARTESIAN_POINT('',(-2.035,2.7,1.525));
#3192=CARTESIAN_POINT('',(-2.035,1.7,1.325));
#3193=VECTOR('',#3630,1.0);
#3194=CARTESIAN_POINT('',(-2.035,3.95,1.525));
#3195=VECTOR('',#3631,1.0);
#3196=CARTESIAN_POINT('',(-1.925,1.7,1.325));
#3197=CARTESIAN_POINT('',(-1.925,1.7,0.925));
#3198=CARTESIAN_POINT('',(-1.925,1.7,1.525));
#3199=VECTOR('',#3632,1.0);
#3200=CARTESIAN_POINT('',(-1.825,1.7,0.925));
#3201=CARTESIAN_POINT('',(-1.715,1.7,0.925));
#3202=VECTOR('',#3633,1.0);
#3203=CARTESIAN_POINT('',(-1.825,1.7,1.325));
#3204=CARTESIAN_POINT('',(-1.825,1.7,1.525));
#3205=VECTOR('',#3634,1.0);
#3206=CARTESIAN_POINT('',(-1.715,1.7,1.325));
#3207=VECTOR('',#3635,1.0);
#3208=CARTESIAN_POINT('',(-1.715,2.4,0.775));
#3209=VECTOR('',#3636,1.0);
#3210=CARTESIAN_POINT('',(-1.715,2.7,1.525));
#3211=VECTOR('',#3637,1.0);
#3212=CARTESIAN_POINT('',(-0.465,2.1,1.405));
#3213=CARTESIAN_POINT('',(-0.465,2.1,0.839285714285714));
#3214=CARTESIAN_POINT('',(-0.465,2.1,0.775));
#3215=VECTOR('',#3638,1.0);
#3216=CARTESIAN_POINT('',(-0.465,2.4,0.775));
#3217=CARTESIAN_POINT('',(-0.465,0.264146341463415,1.23268292682927));
#3218=VECTOR('',#3639,1.0);
#3219=CARTESIAN_POINT('',(-0.465,1.7,0.775));
#3220=VECTOR('',#3640,1.0);
#3221=CARTESIAN_POINT('',(-0.465,2.7,1.525));
#3222=CARTESIAN_POINT('',(-0.465,3.95,1.525));
#3223=VECTOR('',#3641,1.0);
#3224=CARTESIAN_POINT('',(-0.465,-0.189423076923077,0.947115384615384));
#3225=VECTOR('',#3642,1.0);
#3226=CARTESIAN_POINT('',(-0.785,2.4,0.775));
#3227=CARTESIAN_POINT('',(-0.785,1.7,0.775));
#3228=VECTOR('',#3643,1.0);
#3229=CARTESIAN_POINT('',(-0.785,2.1,0.839285714285714));
#3230=CARTESIAN_POINT('',(-0.785,2.4,0.775));
#3231=VECTOR('',#3644,1.0);
#3232=CARTESIAN_POINT('',(-0.785,2.1,1.405));
#3233=CARTESIAN_POINT('',(-0.785,2.1,6.07153216591883E-16));
#3234=VECTOR('',#3645,1.0);
#3235=CARTESIAN_POINT('',(-0.785,2.7,1.525));
#3236=CARTESIAN_POINT('',(-0.785,1.7,1.325));
#3237=VECTOR('',#3646,1.0);
#3238=CARTESIAN_POINT('',(-0.785,3.95,1.525));
#3239=VECTOR('',#3647,1.0);
#3240=CARTESIAN_POINT('',(-0.675,1.7,1.325));
#3241=CARTESIAN_POINT('',(-0.675,1.7,0.925));
#3242=CARTESIAN_POINT('',(-0.675,1.7,1.525));
#3243=VECTOR('',#3648,1.0);
#3244=CARTESIAN_POINT('',(-0.575,1.7,0.925));
#3245=CARTESIAN_POINT('',(-0.465,1.7,0.925));
#3246=VECTOR('',#3649,1.0);
#3247=CARTESIAN_POINT('',(-0.575,1.7,1.325));
#3248=CARTESIAN_POINT('',(-0.575,1.7,1.525));
#3249=VECTOR('',#3650,1.0);
#3250=CARTESIAN_POINT('',(-0.465,1.7,1.325));
#3251=VECTOR('',#3651,1.0);
#3252=CARTESIAN_POINT('',(-0.465,2.4,0.775));
#3253=VECTOR('',#3652,1.0);
#3254=CARTESIAN_POINT('',(-0.465,2.7,1.525));
#3255=VECTOR('',#3653,1.0);
#3256=CARTESIAN_POINT('',(0.785,2.1,1.405));
#3257=CARTESIAN_POINT('',(0.785,2.1,0.839285714285714));
#3258=CARTESIAN_POINT('',(0.785,2.1,0.775));
#3259=VECTOR('',#3654,1.0);
#3260=CARTESIAN_POINT('',(0.785,2.4,0.775));
#3261=CARTESIAN_POINT('',(0.785,0.264146341463415,1.23268292682927));
#3262=VECTOR('',#3655,1.0);
#3263=CARTESIAN_POINT('',(0.785,1.7,0.775));
#3264=VECTOR('',#3656,1.0);
#3265=CARTESIAN_POINT('',(0.785,2.7,1.525));
#3266=CARTESIAN_POINT('',(0.785,3.95,1.525));
#3267=VECTOR('',#3657,1.0);
#3268=CARTESIAN_POINT('',(0.785,-0.189423076923077,0.947115384615384));
#3269=VECTOR('',#3658,1.0);
#3270=CARTESIAN_POINT('',(0.465,2.4,0.775));
#3271=CARTESIAN_POINT('',(0.465,1.7,0.775));
#3272=VECTOR('',#3659,1.0);
#3273=CARTESIAN_POINT('',(0.465,2.1,0.839285714285714));
#3274=CARTESIAN_POINT('',(0.465,2.4,0.775));
#3275=VECTOR('',#3660,1.0);
#3276=CARTESIAN_POINT('',(0.465,2.1,1.405));
#3277=CARTESIAN_POINT('',(0.465,2.1,6.07153216591883E-16));
#3278=VECTOR('',#3661,1.0);
#3279=CARTESIAN_POINT('',(0.465,2.7,1.525));
#3280=CARTESIAN_POINT('',(0.465,1.7,1.325));
#3281=VECTOR('',#3662,1.0);
#3282=CARTESIAN_POINT('',(0.465,3.95,1.525));
#3283=VECTOR('',#3663,1.0);
#3284=CARTESIAN_POINT('',(0.575,1.7,1.325));
#3285=CARTESIAN_POINT('',(0.575,1.7,0.925));
#3286=CARTESIAN_POINT('',(0.575,1.7,1.525));
#3287=VECTOR('',#3664,1.0);
#3288=CARTESIAN_POINT('',(0.675,1.7,0.925));
#3289=CARTESIAN_POINT('',(0.785,1.7,0.925));
#3290=VECTOR('',#3665,1.0);
#3291=CARTESIAN_POINT('',(0.675,1.7,1.325));
#3292=CARTESIAN_POINT('',(0.675,1.7,1.525));
#3293=VECTOR('',#3666,1.0);
#3294=CARTESIAN_POINT('',(0.785,1.7,1.325));
#3295=VECTOR('',#3667,1.0);
#3296=CARTESIAN_POINT('',(0.785,2.4,0.775));
#3297=VECTOR('',#3668,1.0);
#3298=CARTESIAN_POINT('',(0.785,2.7,1.525));
#3299=VECTOR('',#3669,1.0);
#3300=CARTESIAN_POINT('',(-1.63806292576966,2.37977117901944,0.779334747352978));
#3301=VECTOR('',#3670,1.0);
#3302=CARTESIAN_POINT('',(-1.81754341736695,1.72711484593838,1.33042296918768));
#3303=VECTOR('',#3671,1.0);
#3304=CARTESIAN_POINT('',(-1.91076470588235,1.64823529411765,1.31464705882353));
#3305=VECTOR('',#3672,1.0);
#3306=CARTESIAN_POINT('',(-2.09035966518441,2.30130787339785,0.796148312843317));
#3307=VECTOR('',#3673,1.0);
#3308=CARTESIAN_POINT('',(-0.388062925769656,2.37977117901944,0.779334747352978));
#3309=VECTOR('',#3674,1.0);
#3310=CARTESIAN_POINT('',(-0.567543417366947,1.72711484593838,1.33042296918768));
#3311=VECTOR('',#3675,1.0);
#3312=CARTESIAN_POINT('',(-0.660764705882353,1.64823529411765,1.31464705882353));
#3313=VECTOR('',#3676,1.0);
#3314=CARTESIAN_POINT('',(-0.84035966518441,2.30130787339785,0.796148312843317));
#3315=VECTOR('',#3677,1.0);
#3316=CARTESIAN_POINT('',(0.861937074230344,2.37977117901944,0.779334747352978));
#3317=VECTOR('',#3678,1.0);
#3318=CARTESIAN_POINT('',(0.682456582633053,1.72711484593838,1.33042296918768));
#3319=VECTOR('',#3679,1.0);
#3320=CARTESIAN_POINT('',(0.589235294117647,1.64823529411765,1.31464705882353));
#3321=VECTOR('',#3680,1.0);
#3322=CARTESIAN_POINT('',(0.40964033481559,2.30130787339785,0.796148312843317));
#3323=VECTOR('',#3681,1.0);
#3324=CARTESIAN_POINT('',(-1.715,6.9,1.325));
#3325=VECTOR('',#3682,1.0);
#3326=CARTESIAN_POINT('',(-1.78888311602356,7.4910649281885,1.08336190350122));
#3327=VECTOR('',#3683,1.0);
#3328=CARTESIAN_POINT('',(-1.95635151234364,7.52918790125091,1.09035111522933));
#3329=VECTOR('',#3684,1.0);
#3330=CARTESIAN_POINT('',(-2.0302346283672,6.93812297306242,1.31801078827189));
#3331=VECTOR('',#3685,1.0);
#3332=CARTESIAN_POINT('',(-0.465,6.9,1.325));
#3333=VECTOR('',#3686,1.0);
#3334=CARTESIAN_POINT('',(-0.538883116023562,7.4910649281885,1.08336190350122));
#3335=VECTOR('',#3687,1.0);
#3336=CARTESIAN_POINT('',(-0.706351512343636,7.52918790125091,1.09035111522933));
#3337=VECTOR('',#3688,1.0);
#3338=CARTESIAN_POINT('',(-0.780234628367198,6.93812297306242,1.31801078827189));
#3339=VECTOR('',#3689,1.0);
#3340=CARTESIAN_POINT('',(0.785,6.9,1.325));
#3341=VECTOR('',#3690,1.0);
#3342=CARTESIAN_POINT('',(0.711116883976438,7.4910649281885,1.08336190350122));
#3343=VECTOR('',#3691,1.0);
#3344=CARTESIAN_POINT('',(0.543648487656364,7.52918790125091,1.09035111522933));
#3345=VECTOR('',#3692,1.0);
#3346=CARTESIAN_POINT('',(0.469765371632802,6.93812297306242,1.31801078827189));
#3347=VECTOR('',#3693,1.0);
#3348=DIRECTION('',(0.0,-1.0,-0.0));
#3349=CARTESIAN_POINT('',(-2.87499999999995,3.95,2.075));
#3350=DIRECTION('',(0.0,-1.0,0.0));
#3351=DIRECTION('',(1.0,0.0,0.0));
#3352=DIRECTION('',(0.0,1.0,0.0));
#3353=CARTESIAN_POINT('',(-2.87499999999995,1.13333333333337,2.075));
#3354=DIRECTION('',(-0.554700196225229,0.832050294337844,6.63621691393691E-16));
#3355=DIRECTION('',(-0.832050294337844,-0.554700196225229,9.95432537090535E-16));
#3356=DIRECTION('',(0.0,-1.0,-0.0));
#3357=CARTESIAN_POINT('',(2.875,3.95,2.07500000000001));
#3358=DIRECTION('',(0.0,-1.0,0.0));
#3359=DIRECTION('',(-1.0,0.0,0.0));
#3360=DIRECTION('',(0.0,1.0,0.0));
#3361=CARTESIAN_POINT('',(2.875,1.13333333333333,2.07500000000001));
#3362=DIRECTION('',(0.55470019622523,0.832050294337843,0.0));
#3363=DIRECTION('',(0.832050294337843,-0.55470019622523,0.0));
#3364=DIRECTION('',(-0.0,1.0,0.0));
#3365=CARTESIAN_POINT('',(2.875,1.13333333333333,1.12500000000001));
#3366=DIRECTION('',(0.55470019622523,0.832050294337843,0.0));
#3367=DIRECTION('',(0.832050294337843,-0.55470019622523,0.0));
#3368=DIRECTION('',(0.0,1.0,0.0));
#3369=CARTESIAN_POINT('',(2.875,3.95,1.12500000000001));
#3370=DIRECTION('',(0.0,-1.0,0.0));
#3371=DIRECTION('',(-1.0,0.0,0.0));
#3372=DIRECTION('',(-0.0,1.0,0.0));
#3373=CARTESIAN_POINT('',(-2.87499999999995,1.13333333333337,1.125));
#3374=DIRECTION('',(-0.554700196225229,0.832050294337844,-6.6362169139369E-16));
#3375=DIRECTION('',(-0.832050294337844,-0.554700196225229,-9.95432537090534E-16));
#3376=DIRECTION('',(0.0,1.0,0.0));
#3377=CARTESIAN_POINT('',(-2.87499999999995,3.95,1.125));
#3378=DIRECTION('',(0.0,-1.0,0.0));
#3379=DIRECTION('',(1.0,0.0,0.0));
#3380=DIRECTION('',(-1.0,0.0,0.0));
#3381=DIRECTION('',(0.0,0.0,-1.0));
#3382=DIRECTION('',(-1.0,0.0,0.0));
#3383=DIRECTION('',(0.0,0.0,-1.0));
#3384=DIRECTION('',(0.0,0.0,-1.0));
#3385=DIRECTION('',(-1.0,0.0,0.0));
#3386=DIRECTION('',(0.0,0.0,-1.0));
#3387=DIRECTION('',(-1.0,0.0,0.0));
#3388=DIRECTION('',(0.0,0.0,1.0));
#3389=DIRECTION('',(-0.966012064815026,0.0,-0.258496983796351));
#3390=CARTESIAN_POINT('',(-2.87499999999995,3.95,1.125));
#3391=DIRECTION('',(0.0,-1.0,0.0));
#3392=DIRECTION('',(1.0,0.0,0.0));
#3393=DIRECTION('',(-1.19636101791504E-15,0.0,1.0));
#3394=DIRECTION('',(-1.0,0.0,-1.60188429087948E-15));
#3395=DIRECTION('',(0.0,0.0,-1.0));
#3396=CARTESIAN_POINT('',(2.875,3.95,1.12500000000001));
#3397=DIRECTION('',(0.0,-1.0,0.0));
#3398=DIRECTION('',(-1.0,0.0,0.0));
#3399=DIRECTION('',(-0.966012064815056,0.0,0.258496983796238));
#3400=DIRECTION('',(0.0,0.0,-1.0));
#3401=DIRECTION('',(0.966012064815056,0.0,0.258496983796238));
#3402=CARTESIAN_POINT('',(2.875,3.95,2.07500000000001));
#3403=DIRECTION('',(0.0,-1.0,0.0));
#3404=DIRECTION('',(-1.0,0.0,0.0));
#3405=DIRECTION('',(0.0,0.0,-1.0));
#3406=DIRECTION('',(1.0,0.0,1.48467324520538E-15));
#3407=DIRECTION('',(1.19636101791504E-15,0.0,1.0));
#3408=CARTESIAN_POINT('',(-2.87499999999995,3.95,2.075));
#3409=DIRECTION('',(0.0,-1.0,0.0));
#3410=DIRECTION('',(1.0,0.0,0.0));
#3411=DIRECTION('',(0.966012064815026,0.0,-0.258496983796351));
#3412=DIRECTION('',(-1.0,0.0,0.0));
#3413=DIRECTION('',(0.0,0.0,-1.0));
#3414=DIRECTION('',(-1.0,0.0,0.0));
#3415=DIRECTION('',(0.0,0.0,-1.0));
#3416=DIRECTION('',(-1.0,0.0,0.0));
#3417=DIRECTION('',(0.0,0.0,-1.0));
#3418=DIRECTION('',(-1.0,0.0,0.0));
#3419=DIRECTION('',(0.0,0.0,-1.0));
#3420=DIRECTION('',(2.06514699521048E-16,-1.0,0.0));
#3421=DIRECTION('',(-1.0,0.0,0.0));
#3422=DIRECTION('',(2.06514699521048E-16,1.0,0.0));
#3423=DIRECTION('',(1.0,0.0,0.0));
#3424=DIRECTION('',(1.0,0.0,0.0));
#3425=DIRECTION('',(7.54227598250786E-16,1.0,0.0));
#3426=DIRECTION('',(-1.0,7.88510670898548E-16,0.0));
#3427=DIRECTION('',(0.0,-1.0,0.0));
#3428=DIRECTION('',(7.54227598250786E-16,1.0,0.0));
#3429=DIRECTION('',(-1.0,7.88510670898548E-16,0.0));
#3430=DIRECTION('',(0.0,-1.0,0.0));
#3431=DIRECTION('',(1.0,0.0,0.0));
#3432=DIRECTION('',(2.06514699521048E-16,-1.0,0.0));
#3433=DIRECTION('',(1.0,0.0,0.0));
#3434=DIRECTION('',(0.0,1.0,0.0));
#3435=DIRECTION('',(1.0,8.94187358750931E-17,0.0));
#3436=DIRECTION('',(0.0,-1.0,0.0));
#3437=DIRECTION('',(1.0,-9.13012355777269E-16,0.0));
#3438=DIRECTION('',(2.06514699521048E-16,1.0,0.0));
#3439=DIRECTION('',(-1.0,0.0,0.0));
#3440=DIRECTION('',(0.0,1.0,0.0));
#3441=DIRECTION('',(-1.0,0.0,-1.48467324520538E-15));
#3442=DIRECTION('',(0.0,1.0,0.0));
#3443=DIRECTION('',(0.0,1.0,0.0));
#3444=DIRECTION('',(-1.0,9.13012355777269E-16,-1.48467324520538E-15));
#3445=DIRECTION('',(0.0,-1.0,0.0));
#3446=DIRECTION('',(-1.0,-8.94187358750931E-17,-1.48467324520538E-15));
#3447=DIRECTION('',(0.0,1.0,0.0));
#3448=DIRECTION('',(0.0,0.0,1.0));
#3449=DIRECTION('',(0.0,0.0,-1.0));
#3450=DIRECTION('',(0.0,0.0,-1.0));
#3451=DIRECTION('',(0.0,0.0,-1.0));
#3452=DIRECTION('',(1.19636101791504E-15,0.0,1.0));
#3453=DIRECTION('',(-1.0,0.0,0.0));
#3454=DIRECTION('',(0.0,0.0,-1.0));
#3455=DIRECTION('',(-1.0,0.0,0.0));
#3456=DIRECTION('',(0.0,0.0,-1.0));
#3457=DIRECTION('',(0.0,0.0,1.0));
#3458=DIRECTION('',(0.0,0.0,-1.0));
#3459=DIRECTION('',(-1.0,0.0,-1.60188429087948E-15));
#3460=DIRECTION('',(-1.19636101791504E-15,0.0,1.0));
#3461=DIRECTION('',(0.0,0.0,1.0));
#3462=DIRECTION('',(0.0,-1.0,0.0));
#3463=DIRECTION('',(0.0,0.0,-1.0));
#3464=DIRECTION('',(-1.0,0.0,0.0));
#3465=DIRECTION('',(0.0,0.0,1.0));
#3466=DIRECTION('',(1.0,0.0,0.0));
#3467=DIRECTION('',(0.0,0.0,1.0));
#3468=DIRECTION('',(-1.0,0.0,0.0));
#3469=DIRECTION('',(0.0,0.0,1.0));
#3470=DIRECTION('',(1.0,0.0,0.0));
#3471=DIRECTION('',(0.0,0.0,1.0));
#3472=DIRECTION('',(-1.0,0.0,0.0));
#3473=DIRECTION('',(0.0,0.0,1.0));
#3474=DIRECTION('',(1.0,0.0,0.0));
#3475=DIRECTION('',(0.0,0.0,1.0));
#3476=DIRECTION('',(-1.0,0.0,0.0));
#3477=DIRECTION('',(0.0,0.0,1.0));
#3478=DIRECTION('',(1.0,0.0,0.0));
#3479=DIRECTION('',(0.0,0.0,1.0));
#3480=DIRECTION('',(0.0,1.0,0.0));
#3481=DIRECTION('',(0.0,1.0,0.0));
#3482=DIRECTION('',(0.812163107762275,0.541442071841517,0.217328252258857));
#3483=DIRECTION('',(0.0,1.0,0.0));
#3484=CARTESIAN_POINT('',(-2.87499999999995,1.13333333333337,1.125));
#3485=DIRECTION('',(-0.554700196225229,0.832050294337844,-6.6362169139369E-16));
#3486=DIRECTION('',(-0.832050294337844,-0.554700196225229,-9.95432537090534E-16));
#3487=DIRECTION('',(1.19636101791504E-15,0.0,-1.0));
#3488=DIRECTION('',(0.0,1.0,0.0));
#3489=DIRECTION('',(1.0,-7.88510670898548E-16,1.60188429087948E-15));
#3490=DIRECTION('',(-7.54227598250786E-16,-1.0,-1.2081853413857E-30));
#3491=DIRECTION('',(-1.0,0.0,-1.60188429087948E-15));
#3492=DIRECTION('',(0.0,1.0,0.0));
#3493=DIRECTION('',(1.0,-7.88510670898548E-16,1.60188429087948E-15));
#3494=DIRECTION('',(-7.54227598250786E-16,-1.0,-1.2081853413857E-30));
#3495=DIRECTION('',(-1.0,0.0,-1.60188429087948E-15));
#3496=DIRECTION('',(0.0,1.0,0.0));
#3497=DIRECTION('',(1.0,0.0,1.60188429087948E-15));
#3498=DIRECTION('',(0.0,1.0,0.0));
#3499=DIRECTION('',(0.0,0.0,1.0));
#3500=DIRECTION('',(0.0,1.0,0.0));
#3501=CARTESIAN_POINT('',(2.875,1.13333333333333,1.12500000000001));
#3502=DIRECTION('',(0.55470019622523,0.832050294337843,0.0));
#3503=DIRECTION('',(0.832050294337843,-0.55470019622523,0.0));
#3504=DIRECTION('',(0.812163107762292,-0.541442071841529,-0.21732825225876));
#3505=DIRECTION('',(0.0,1.0,0.0));
#3506=DIRECTION('',(0.0,1.0,0.0));
#3507=DIRECTION('',(-0.812163107762292,0.541442071841529,-0.21732825225876));
#3508=CARTESIAN_POINT('',(2.875,1.13333333333333,2.07500000000001));
#3509=DIRECTION('',(0.55470019622523,0.832050294337843,0.0));
#3510=DIRECTION('',(0.832050294337843,-0.55470019622523,0.0));
#3511=DIRECTION('',(0.0,1.0,0.0));
#3512=DIRECTION('',(0.0,0.0,1.0));
#3513=DIRECTION('',(0.0,1.0,0.0));
#3514=DIRECTION('',(0.0,0.0,-1.0));
#3515=DIRECTION('',(0.0,0.707106781186547,-0.707106781186548));
#3516=DIRECTION('',(0.0,1.0,0.0));
#3517=DIRECTION('',(-1.19636101791504E-15,0.0,-1.0));
#3518=DIRECTION('',(8.45954988514969E-16,-0.707106781186547,0.707106781186548));
#3519=DIRECTION('',(1.19636101791504E-15,0.0,1.0));
#3520=CARTESIAN_POINT('',(-2.87499999999995,1.13333333333337,2.075));
#3521=DIRECTION('',(-0.554700196225229,0.832050294337844,6.63621691393691E-16));
#3522=DIRECTION('',(-0.832050294337844,-0.554700196225229,9.95432537090535E-16));
#3523=DIRECTION('',(0.0,1.0,0.0));
#3524=DIRECTION('',(-0.812163107762275,-0.541442071841517,0.217328252258857));
#3525=DIRECTION('',(0.832050294337844,0.554700196225229,0.0));
#3526=DIRECTION('',(-1.0,0.0,0.0));
#3527=DIRECTION('',(1.0,0.0,1.48467324520538E-15));
#3528=DIRECTION('',(0.0,0.0,-1.0));
#3529=DIRECTION('',(0.0,0.707106781186547,-0.707106781186548));
#3530=DIRECTION('',(0.0,-0.707106781186548,0.707106781186547));
#3531=DIRECTION('',(0.0,0.0,-1.0));
#3532=DIRECTION('',(1.0,8.94187358750931E-17,1.48467324520538E-15));
#3533=DIRECTION('',(0.0,0.0,-1.0));
#3534=DIRECTION('',(0.0,-0.707106781186547,0.707106781186548));
#3535=DIRECTION('',(0.0,0.0,-1.0));
#3536=DIRECTION('',(0.0,0.707106781186548,-0.707106781186547));
#3537=DIRECTION('',(1.0,-9.13012355777269E-16,1.48467324520538E-15));
#3538=DIRECTION('',(-1.0,9.13012355777269E-16,0.0));
#3539=DIRECTION('',(0.832050294337843,-0.55470019622523,0.0));
#3540=DIRECTION('',(-0.727606875108999,0.485071250072667,0.485071250072665));
#3541=DIRECTION('',(0.727606875108998,0.485071250072666,0.485071250072667));
#3542=DIRECTION('',(0.0,0.0,1.0));
#3543=DIRECTION('',(0.0,0.0,1.0));
#3544=DIRECTION('',(0.0,0.0,1.0));
#3545=DIRECTION('',(0.0,0.0,1.0));
#3546=DIRECTION('',(0.0,0.0,-1.0));
#3547=DIRECTION('',(0.0,0.0,-1.0));
#3548=DIRECTION('',(0.0,0.0,-1.0));
#3549=DIRECTION('',(0.0,0.0,-1.0));
#3550=DIRECTION('',(0.0,2.89120579329468E-16,-1.0));
#3551=DIRECTION('',(1.0,0.0,0.0));
#3552=DIRECTION('',(0.0,-2.89120579329468E-16,1.0));
#3553=DIRECTION('',(-1.0,0.0,0.0));
#3554=DIRECTION('',(0.0,2.89120579329468E-16,-1.0));
#3555=DIRECTION('',(0.0,0.977802414077409,-0.209529088730874));
#3556=DIRECTION('',(0.0,1.0,-9.63735264431559E-17));
#3557=DIRECTION('',(0.0,-1.0,-9.63735264431559E-17));
#3558=DIRECTION('',(0.0,-0.98058067569092,-0.196116135138184));
#3559=DIRECTION('',(0.0,1.0,-9.63735264431559E-17));
#3560=DIRECTION('',(0.0,-0.977802414077409,0.209529088730874));
#3561=DIRECTION('',(0.0,-2.89120579329468E-16,1.0));
#3562=DIRECTION('',(0.0,0.98058067569092,0.196116135138184));
#3563=DIRECTION('',(0.0,-1.0,-9.63735264431559E-17));
#3564=DIRECTION('',(1.0,0.0,0.0));
#3565=DIRECTION('',(-1.0,0.0,0.0));
#3566=DIRECTION('',(0.0,1.0,0.0));
#3567=DIRECTION('',(1.0,0.0,0.0));
#3568=DIRECTION('',(0.0,1.0,0.0));
#3569=DIRECTION('',(0.0,-1.0,0.0));
#3570=DIRECTION('',(-1.0,0.0,0.0));
#3571=DIRECTION('',(0.0,-1.0,0.0));
#3572=DIRECTION('',(0.0,0.0,1.0));
#3573=DIRECTION('',(0.0,0.0,-1.0));
#3574=DIRECTION('',(0.0,0.0,-1.0));
#3575=DIRECTION('',(-1.0,0.0,0.0));
#3576=DIRECTION('',(0.0,0.0,1.0));
#3577=DIRECTION('',(1.0,0.0,0.0));
#3578=DIRECTION('',(0.259671722119576,0.944260807707548,-0.202341601651618));
#3579=DIRECTION('',(-0.260359587582133,-0.946762136662302,-0.189352427332461));
#3580=DIRECTION('',(-0.260359587582133,0.946762136662302,0.189352427332461));
#3581=DIRECTION('',(0.259671722119576,-0.944260807707548,0.202341601651618));
#3582=DIRECTION('',(-0.122031907108367,0.976255256866937,-0.178980130425605));
#3583=DIRECTION('',(0.122031907108367,-0.976255256866937,-0.178980130425605));
#3584=DIRECTION('',(-0.122031907108367,-0.976255256866937,-0.178980130425605));
#3585=DIRECTION('',(0.122031907108367,0.976255256866937,-0.178980130425605));
#3586=DIRECTION('',(0.0,0.0,-1.0));
#3587=DIRECTION('',(-1.0,0.0,0.0));
#3588=DIRECTION('',(0.0,0.0,1.0));
#3589=DIRECTION('',(1.0,0.0,0.0));
#3590=DIRECTION('',(0.0,1.0,0.0));
#3591=DIRECTION('',(0.0,0.0,1.0));
#3592=DIRECTION('',(0.0,-1.0,0.0));
#3593=DIRECTION('',(0.0,-1.0,0.0));
#3594=DIRECTION('',(0.0,0.0,-1.0));
#3595=DIRECTION('',(0.0,1.0,0.0));
#3596=DIRECTION('',(-1.0,0.0,0.0));
#3597=DIRECTION('',(1.0,0.0,0.0));
#3598=DIRECTION('',(0.0,0.0,-1.0));
#3599=DIRECTION('',(-1.0,0.0,0.0));
#3600=DIRECTION('',(0.0,0.0,1.0));
#3601=DIRECTION('',(1.0,0.0,0.0));
#3602=DIRECTION('',(0.0,1.0,0.0));
#3603=DIRECTION('',(0.0,0.0,1.0));
#3604=DIRECTION('',(0.0,-1.0,0.0));
#3605=DIRECTION('',(0.0,-1.0,0.0));
#3606=DIRECTION('',(0.0,0.0,-1.0));
#3607=DIRECTION('',(0.0,1.0,0.0));
#3608=DIRECTION('',(-1.0,0.0,0.0));
#3609=DIRECTION('',(1.0,0.0,0.0));
#3610=DIRECTION('',(0.0,0.0,-1.0));
#3611=DIRECTION('',(-1.0,0.0,0.0));
#3612=DIRECTION('',(0.0,0.0,1.0));
#3613=DIRECTION('',(1.0,0.0,0.0));
#3614=DIRECTION('',(0.0,1.0,0.0));
#3615=DIRECTION('',(0.0,0.0,1.0));
#3616=DIRECTION('',(0.0,-1.0,0.0));
#3617=DIRECTION('',(0.0,-1.0,0.0));
#3618=DIRECTION('',(0.0,0.0,-1.0));
#3619=DIRECTION('',(0.0,1.0,0.0));
#3620=DIRECTION('',(-1.0,0.0,0.0));
#3621=DIRECTION('',(1.0,0.0,0.0));
#3622=DIRECTION('',(0.0,2.89120579329468E-16,-1.0));
#3623=DIRECTION('',(0.0,0.977802414077409,-0.209529088730874));
#3624=DIRECTION('',(0.0,1.0,-9.63735264431559E-17));
#3625=DIRECTION('',(0.0,-1.0,-9.63735264431559E-17));
#3626=DIRECTION('',(0.0,-0.98058067569092,-0.196116135138184));
#3627=DIRECTION('',(0.0,1.0,-9.63735264431559E-17));
#3628=DIRECTION('',(0.0,-0.977802414077409,0.209529088730874));
#3629=DIRECTION('',(0.0,-2.89120579329468E-16,1.0));
#3630=DIRECTION('',(0.0,0.98058067569092,0.196116135138184));
#3631=DIRECTION('',(0.0,-1.0,-9.63735264431559E-17));
#3632=DIRECTION('',(0.0,2.89120579329468E-16,-1.0));
#3633=DIRECTION('',(1.0,0.0,0.0));
#3634=DIRECTION('',(0.0,-2.89120579329468E-16,1.0));
#3635=DIRECTION('',(-1.0,0.0,0.0));
#3636=DIRECTION('',(-1.0,0.0,0.0));
#3637=DIRECTION('',(1.0,0.0,0.0));
#3638=DIRECTION('',(0.0,2.89120579329468E-16,-1.0));
#3639=DIRECTION('',(0.0,0.977802414077409,-0.209529088730874));
#3640=DIRECTION('',(0.0,1.0,-9.63735264431559E-17));
#3641=DIRECTION('',(0.0,-1.0,-9.63735264431559E-17));
#3642=DIRECTION('',(0.0,-0.98058067569092,-0.196116135138184));
#3643=DIRECTION('',(0.0,1.0,-9.63735264431559E-17));
#3644=DIRECTION('',(0.0,-0.977802414077409,0.209529088730874));
#3645=DIRECTION('',(0.0,-2.89120579329468E-16,1.0));
#3646=DIRECTION('',(0.0,0.98058067569092,0.196116135138184));
#3647=DIRECTION('',(0.0,-1.0,-9.63735264431559E-17));
#3648=DIRECTION('',(0.0,2.89120579329468E-16,-1.0));
#3649=DIRECTION('',(1.0,0.0,0.0));
#3650=DIRECTION('',(0.0,-2.89120579329468E-16,1.0));
#3651=DIRECTION('',(-1.0,0.0,0.0));
#3652=DIRECTION('',(-1.0,0.0,0.0));
#3653=DIRECTION('',(1.0,0.0,0.0));
#3654=DIRECTION('',(0.0,2.89120579329468E-16,-1.0));
#3655=DIRECTION('',(0.0,0.977802414077409,-0.209529088730874));
#3656=DIRECTION('',(0.0,1.0,-9.63735264431559E-17));
#3657=DIRECTION('',(0.0,-1.0,-9.63735264431559E-17));
#3658=DIRECTION('',(0.0,-0.98058067569092,-0.196116135138184));
#3659=DIRECTION('',(0.0,1.0,-9.63735264431559E-17));
#3660=DIRECTION('',(0.0,-0.977802414077409,0.209529088730874));
#3661=DIRECTION('',(0.0,-2.89120579329468E-16,1.0));
#3662=DIRECTION('',(0.0,0.98058067569092,0.196116135138184));
#3663=DIRECTION('',(0.0,-1.0,-9.63735264431559E-17));
#3664=DIRECTION('',(0.0,2.89120579329468E-16,-1.0));
#3665=DIRECTION('',(1.0,0.0,0.0));
#3666=DIRECTION('',(0.0,-2.89120579329468E-16,1.0));
#3667=DIRECTION('',(-1.0,0.0,0.0));
#3668=DIRECTION('',(-1.0,0.0,0.0));
#3669=DIRECTION('',(1.0,0.0,0.0));
#3670=DIRECTION('',(-0.259671722119576,-0.944260807707548,0.202341601651618));
#3671=DIRECTION('',(0.260359587582133,0.946762136662302,0.189352427332461));
#3672=DIRECTION('',(-0.260359587582133,0.946762136662302,0.189352427332461));
#3673=DIRECTION('',(0.259671722119576,-0.944260807707548,0.202341601651618));
#3674=DIRECTION('',(-0.259671722119576,-0.944260807707548,0.202341601651618));
#3675=DIRECTION('',(0.260359587582133,0.946762136662302,0.189352427332461));
#3676=DIRECTION('',(-0.260359587582133,0.946762136662302,0.189352427332461));
#3677=DIRECTION('',(0.259671722119575,-0.944260807707549,0.202341601651618));
#3678=DIRECTION('',(-0.259671722119576,-0.944260807707548,0.202341601651618));
#3679=DIRECTION('',(0.260359587582133,0.946762136662302,0.189352427332461));
#3680=DIRECTION('',(-0.260359587582133,0.946762136662302,0.189352427332461));
#3681=DIRECTION('',(0.259671722119576,-0.944260807707548,0.202341601651618));
#3682=DIRECTION('',(-0.122031907108367,0.976255256866937,-0.178980130425605));
#3683=DIRECTION('',(0.122031907108367,-0.976255256866937,-0.178980130425605));
#3684=DIRECTION('',(-0.122031907108367,-0.976255256866937,-0.178980130425605));
#3685=DIRECTION('',(0.122031907108367,0.976255256866937,-0.178980130425605));
#3686=DIRECTION('',(-0.122031907108367,0.976255256866937,-0.178980130425605));
#3687=DIRECTION('',(0.122031907108367,-0.976255256866937,-0.178980130425605));
#3688=DIRECTION('',(-0.122031907108367,-0.976255256866937,-0.178980130425605));
#3689=DIRECTION('',(0.122031907108367,0.976255256866937,-0.178980130425605));
#3690=DIRECTION('',(-0.122031907108367,0.976255256866937,-0.178980130425605));
#3691=DIRECTION('',(0.122031907108367,-0.976255256866937,-0.178980130425605));
#3692=DIRECTION('',(-0.122031907108367,-0.976255256866937,-0.178980130425605));
#3693=DIRECTION('',(0.122031907108367,0.976255256866937,-0.178980130425605));
ENDSEC;
END-ISO-10303-21;
